"iso3","season_nMonth","Month","nb_size","nb_mean","nb_size_cum","nb_mean_cum","Ave_season_monthly_cases","Ave_season_monthly_cum_cases","Ave_cum_monthly_proportion","Ave_monthly_proportion","Year","source","date","cases","raw_cases","corrected_cases","d","rf","correction_applied","correction_reason","missing_reason","mean_low_month","season","Data_status","cum_todate_cases_season","cum_todate_cases_year","Predicted_total_seasonal_cases","Predicted_total_year_cases","estimate_formula_result_raw","pred_total_post_fill","Region","country","nb_size_cum_at_month","nb_mean_cum_at_month","percentile_cumulative","severity","severity_interpretation","z_score_cumulative","current_season_severity","current_season_percentile","current_season_interpretation","Country"
"ABW",7,1,0.523977425521591,96.375,0.85154619794028,345.749999999999,96.375,345.75,0.406575379093749,0.0908168197393885,2025,"WHO",2025-01-01,0,0,NA,19,NA,FALSE,"no_lookup_match",NA,7,"2024/2025","Observed",0,0,10,61,NA,10,"Caribbean","Aruba",0.85154619794028,345.749999999999,0.599495694041026,"Extremely Low","Rare good event - unusually low cases to date",-0.921658332091027,"Extremely Low",4.37502541124254,"Rare good event - unusually low cases to date","Aruba"
"ABW",8,2,0.486238411325166,102.875,0.944373049276483,448.625,102.875,448.625,0.520279964132316,0.113704585038567,2025,"PAHO",2025-02-01,2,2,NA,80,NA,FALSE,"no_lookup_match","current_month_missing",7,"2024/2025","Observed",2,2,10,61,NA,10,"Caribbean","Aruba",0.944373049276483,448.625,0.845575714252098,"Extremely Low","Rare good event - unusually low cases to date",-0.966439622934062,"Extremely Low",4.37502541124254,"Rare good event - unusually low cases to date","Aruba"
"ABW",9,3,0.610622827573911,142.5,1.021089726529,591.124999999999,142.5,591.125,0.690037185327113,0.169757221194798,2025,"WHO",2025-03-01,0,0,NA,17,NA,FALSE,"no_lookup_match",NA,7,"2024/2025","Observed",2,2,10,61,NA,10,"Caribbean","Aruba",1.021089726529,591.124999999999,0.459535135787154,"Extremely Low","Rare good event - unusually low cases to date",-1.00620230927945,"Extremely Low",4.37502541124254,"Rare good event - unusually low cases to date","Aruba"
"ABW",10,4,0.66356931839209,119.5,1.08012330785417,710.625,119.5,710.625,0.840622096875863,0.15058491154875,2025,"PAHO",2025-04-01,2,2,NA,71,NA,FALSE,"no_lookup_match","current_month_missing",7,"2024/2025","Observed",4,4,10,61,NA,10,"Caribbean","Aruba",1.08012330785417,710.625,0.497672860870435,"Extremely Low","Rare good event - unusually low cases to date",-1.03265530451534,"Extremely Low",4.37502541124254,"Rare good event - unusually low cases to date","Aruba"
"ABW",11,5,0.490993103610434,88,1.0915685469586,798.624999999999,88,798.625,0.943142511624407,0.102520414748544,2025,"PAHO",2025-05-01,2,2,NA,67,NA,FALSE,"no_lookup_match","current_month_missing",7,"2024/2025","Observed",6,6,10,61,NA,10,"Caribbean","Aruba",1.0915685469586,798.624999999999,0.600422568855318,"Extremely Low","Rare good event - unusually low cases to date",-1.0362243066748,"Extremely Low",4.37502541124254,"Rare good event - unusually low cases to date","Aruba"
"ABW",12,6,0.367412346316666,51.6249999999999,1.08562056007814,850.25,51.625,850.25,1,0.0568574883755931,2025,"PAHO",2025-06-01,4,4,NA,62,NA,FALSE,"no_lookup_match","current_month_missing",7,"2024/2025","Observed",10,10,10,61,NA,10,"Caribbean","Aruba",1.08562056007814,850.25,0.934338324244152,"Extremely Low","Rare good event - unusually low cases to date",-1.02902002933249,"Extremely Low",4.37502541124254,"Rare good event - unusually low cases to date","Aruba"
"ABW",1,7,NA,NA,NA,NA,21.5,21.5,0.0257203595112303,0.0257203595112303,2025,"PAHO",2025-07-01,2,2,NA,58,NA,FALSE,"no_lookup_match","current_month_missing",7,"2025/2026","Observed",2,12,17,61,NA,17,"Caribbean","Aruba",NA,NA,NA,"Unknown","Cannot determine",NA,"Extremely Low",4.37502541124254,"Rare good event - unusually low cases to date","Aruba"
"ABW",2,8,0.909660246781697,32.7500000000001,0.781271491650606,54.25,32.75,54.25,0.0699659282211139,0.0442455687098836,2025,"PAHO",2025-08-01,2,2,NA,54,NA,FALSE,"no_lookup_match","current_month_missing",7,"2025/2026","Observed",4,14,17,61,NA,17,"Caribbean","Aruba",0.781271491650606,54.25,13.1069105569425,"Low","Below average - fewer cases than typical at this point",-0.812891177110961,"Extremely Low",4.37502541124254,"Rare good event - unusually low cases to date","Aruba"
"ABW",3,9,0.858908755850253,62.375,0.838822146163144,116.625,62.375,116.625,0.152270584717755,0.0823046564966407,2025,"WHO",2025-09-01,0,0,0,11,1,TRUE,"applied_mean",NA,7,"2025/2026","Observed",4,14,17,61,NA,17,"Caribbean","Aruba",0.838822146163144,116.625,6.31595387129352,"Low","Below average - fewer cases than typical at this point",-0.881296114705453,"Extremely Low",4.37502541124254,"Rare good event - unusually low cases to date","Aruba"
"ABW",4,10,0.677947828263531,64.2500000000001,0.778968026557386,180.875,64.25,180.875,0.230735698611633,0.0784651138938783,2025,"WHO",2025-10-01,0,0,0,10,1,TRUE,"applied_mean",NA,7,"2025/2026","Observed",4,14,17,61,NA,17,"Caribbean","Aruba",0.778968026557386,180.875,5.28329445703954,"Low","Below average - fewer cases than typical at this point",-0.861220883439849,"Extremely Low",4.37502541124254,"Rare good event - unusually low cases to date","Aruba"
"ABW",5,11,0.786815441134934,38.125,0.786798549407322,219,38.125,219,0.280303323833063,0.0495676252214301,2025,"Estimates",2025-11-01,0,NA,NA,9,1,FALSE,"applied_mean",NA,7,"2025/2026","Unobserved",4,14,17,61,0.495676252214301,17,"Caribbean","Aruba",0.786798549407322,219,4.44561475265958,"Extremely Low","Rare good event - unusually low cases to date",-0.869255357867448,"Extremely Low",4.37502541124254,"Rare good event - unusually low cases to date","Aruba"
"ABW",6,12,NA,NA,0.761726645582747,249.375,30.375,249.375,0.31575855935436,0.0354552355212975,2025,"Estimates",2025-12-01,0,NA,NA,8,1,FALSE,"applied_mean",NA,7,"2025/2026","Unobserved",4,14,17,61,0.354552355212975,17,"Caribbean","Aruba",0.761726645582747,249.375,4.37502541124254,"Extremely Low","Rare good event - unusually low cases to date",-0.857461637166085,"Extremely Low",4.37502541124254,"Rare good event - unusually low cases to date","Aruba"
"ABW",7,1,0.523977425521591,96.375,0.85154619794028,345.749999999999,96.375,345.75,0.406575379093749,0.0908168197393885,2026,"Estimates",2026-01-01,2,NA,NA,7,1,FALSE,"applied_mean",NA,7,"2025/2026","Unobserved",6,2,17,NA,1.5438859355696,17,"Caribbean","Aruba",0.85154619794028,345.749999999999,3.27115017156513,"Extremely Low","Rare good event - unusually low cases to date",-0.905664261252137,"Extremely Low",2.1309531616168,"Rare good event - unusually low cases to date","Aruba"
"ABW",8,2,0.486238411325166,102.875,0.944373049276483,448.625,102.875,448.625,0.520279964132316,0.113704585038567,2026,"Estimates",2026-02-01,2,NA,NA,6,1,FALSE,"applied_mean",NA,7,"2025/2026","Unobserved",8,4,17,NA,1.93297794565564,17,"Caribbean","Aruba",0.944373049276483,448.625,2.3847579283509,"Extremely Low","Rare good event - unusually low cases to date",-0.953456387025628,"Extremely Low",2.1309531616168,"Rare good event - unusually low cases to date","Aruba"
"ABW",9,3,0.610622827573911,142.5,1.021089726529,591.124999999999,142.5,591.125,0.690037185327113,0.169757221194798,2026,"Estimates",2026-03-01,3,NA,NA,5,1,FALSE,"applied_mean",NA,7,"2025/2026","Unobserved",11,7,17,NA,2.88587276031156,17,"Caribbean","Aruba",1.021089726529,591.124999999999,1.87322173846428,"Extremely Low","Rare good event - unusually low cases to date",-0.990830663561623,"Extremely Low",2.1309531616168,"Rare good event - unusually low cases to date","Aruba"
"ABW",10,4,0.66356931839209,119.5,1.08012330785417,710.625,119.5,710.625,0.840622096875863,0.15058491154875,2026,"Estimates",2026-04-01,3,NA,NA,4,1.1875,FALSE,"applied_mean",NA,7,"2025/2026","Unobserved",14,10,17,NA,2.55994349632875,17,"Caribbean","Aruba",1.08012330785417,710.625,1.60878442205618,"Extremely Low","Rare good event - unusually low cases to date",-1.0180413960842,"Extremely Low",2.1309531616168,"Rare good event - unusually low cases to date","Aruba"
"ABW",11,5,0.490993103610434,88,1.0915685469586,798.624999999999,88,798.625,0.943142511624407,0.102520414748544,2026,"Estimates",2026-05-01,2,NA,NA,3,1,FALSE,"applied_mean",NA,7,"2025/2026","Unobserved",16,12,17,NA,1.74284705072524,17,"Caribbean","Aruba",1.0915685469586,798.624999999999,1.56406032256135,"Extremely Low","Rare good event - unusually low cases to date",-1.02315098314003,"Extremely Low",2.1309531616168,"Rare good event - unusually low cases to date","Aruba"
"ABW",12,6,0.367412346316666,51.6249999999999,1.08562056007814,850.25,51.625,850.25,1,0.0568574883755931,2026,"Estimates",2026-06-01,1,NA,NA,2,NA,FALSE,"no_lookup_match",NA,7,"2025/2026","Unobserved",17,13,17,NA,0.966577302385082,17,"Caribbean","Aruba",1.08562056007814,850.25,1.58485574761319,"Extremely Low","Rare good event - unusually low cases to date",-1.02044741379506,"Extremely Low",2.1309531616168,"Rare good event - unusually low cases to date","Aruba"
"ABW",1,7,NA,NA,NA,NA,21.5,21.5,0.0257203595112303,0.0257203595112303,2026,"Estimates",2026-07-01,0,NA,NA,1,NA,FALSE,"no_lookup_match",NA,7,"2026/2027","Unobserved",0,13,NA,NA,0.437246111690915,14,"Caribbean","Aruba",NA,NA,NA,"Unknown","Cannot determine",NA,"Extremely Low",2.1309531616168,"Rare good event - unusually low cases to date","Aruba"
"ABW",2,8,0.909660246781697,32.7500000000001,0.781271491650606,54.25,32.75,54.25,0.0699659282211139,0.0442455687098836,2026,"Estimates",2026-08-01,1,NA,NA,NA,NA,NA,NA,NA,7,"2026/2027","Unobserved",1,14,NA,NA,0.752174668068021,14,"Caribbean","Aruba",0.781271491650606,54.25,6.37350051637316,"Low","Below average - fewer cases than typical at this point",-0.861421993654899,"Extremely Low",2.1309531616168,"Rare good event - unusually low cases to date","Aruba"
"ABW",3,9,0.858908755850253,62.375,0.838822146163144,116.625,62.375,116.625,0.152270584717755,0.0823046564966407,2026,NA,2026-09-01,NA,NA,NA,NA,NA,NA,NA,NA,7,"2026/2027","Unobserved",1,14,NA,NA,NA,14,"Caribbean","Aruba",0.838822146163144,116.625,2.9027782007165,"Extremely Low","Rare good event - unusually low cases to date",-0.904771260935121,"Extremely Low",2.1309531616168,"Rare good event - unusually low cases to date","Aruba"
"ABW",4,10,0.677947828263531,64.2500000000001,0.778968026557386,180.875,64.25,180.875,0.230735698611633,0.0784651138938783,2026,NA,2026-10-01,NA,NA,NA,NA,NA,NA,NA,NA,7,"2026/2027","Unobserved",1,14,NA,NA,NA,14,"Caribbean","Aruba",0.778968026557386,180.875,2.54079502493979,"Extremely Low","Rare good event - unusually low cases to date",-0.875828163441656,"Extremely Low",2.1309531616168,"Rare good event - unusually low cases to date","Aruba"
"ABW",5,11,0.786815441134934,38.125,0.786798549407322,219,38.125,219,0.280303323833063,0.0495676252214301,2026,NA,2026-11-01,NA,NA,NA,NA,NA,NA,NA,NA,7,"2026/2027","Unobserved",1,14,NA,NA,NA,14,"Caribbean","Aruba",0.786798549407322,219,2.12213292704774,"Extremely Low","Rare good event - unusually low cases to date",-0.881384502395831,"Extremely Low",2.1309531616168,"Rare good event - unusually low cases to date","Aruba"
"ABW",6,12,NA,NA,0.761726645582747,249.375,30.375,249.375,0.31575855935436,0.0354552355212975,2026,NA,2026-12-01,NA,NA,NA,NA,NA,NA,NA,NA,7,"2026/2027","Unobserved",1,14,NA,NA,NA,14,"Caribbean","Aruba",0.761726645582747,249.375,2.1309531616168,"Extremely Low","Rare good event - unusually low cases to date",-0.867945121267963,"Extremely Low",2.1309531616168,"Rare good event - unusually low cases to date","Aruba"
"AFG",11,1,2.42958159602125,114,2.63326687694008,2028.25,114,2028.25,0.96483390415282,0.0718209415375475,2025,"WHO",2025-01-01,71,71,NA,19,NA,FALSE,"no_lookup_match",NA,3,"2024/2025","Observed",71,71,97,5895,NA,97,"South Asia","Afghanistan",2.63326687694008,2028.25,0.0484577727865066,"Extremely Low","Rare good event - unusually low cases to date",-1.56491414798687,"Extremely High",95.4745772409338,"Rare bad event - unusually high cases to date","Afghanistan"
"AFG",12,2,0.361437970830766,65.5,2.69649350158189,2093.75,65.5,2093.75,1,0.0351660958471802,2025,"WHO",2025-02-01,26,26,NA,18,NA,FALSE,"no_lookup_match",NA,3,"2024/2025","Observed",97,97,97,5895,NA,97,"South Asia","Afghanistan",2.69649350158189,2093.75,0.084498274311066,"Extremely Low","Rare good event - unusually low cases to date",-1.56501706909447,"Extremely High",95.4745772409338,"Rare bad event - unusually high cases to date","Afghanistan"
"AFG",1,3,NA,NA,NA,NA,57.75,57.75,0.0214612525568192,0.0214612525568192,2025,"WHO",2025-03-01,18,18,NA,17,NA,FALSE,"no_lookup_match",NA,3,"2025/2026","Observed",18,115,4701,5895,NA,4714,"South Asia","Afghanistan",NA,NA,NA,"Unknown","Cannot determine",NA,"Extremely High",95.4745772409338,"Rare bad event - unusually high cases to date","Afghanistan"
"AFG",2,4,NA,NA,NA,NA,49.75,107.5,0.0431327560342653,0.0216715034774461,2025,"WHO",2025-04-01,131,131,NA,16,NA,FALSE,"no_lookup_match",NA,3,"2025/2026","Observed",149,246,4701,5895,NA,4714,"South Asia","Afghanistan",NA,NA,NA,"Unknown","Cannot determine",NA,"Extremely High",95.4745772409338,"Rare bad event - unusually high cases to date","Afghanistan"
"AFG",3,5,NA,NA,NA,NA,87.75,195.25,0.0742381283907614,0.0311053723564961,2025,"WHO",2025-05-01,216,216,NA,15,NA,FALSE,"no_lookup_match",NA,3,"2025/2026","Observed",365,462,4701,5895,NA,4714,"South Asia","Afghanistan",NA,NA,NA,"Unknown","Cannot determine",NA,"Extremely High",95.4745772409338,"Rare bad event - unusually high cases to date","Afghanistan"
"AFG",4,6,1.37557979541605,58.25,0.730711972104804,253.499999999999,58.25,253.5,0.0989912587883773,0.0247531303976159,2025,"WHO",2025-06-01,166,166,NA,14,NA,FALSE,"no_lookup_match",NA,3,"2025/2026","Observed",531,628,4701,5895,NA,4714,"South Asia","Afghanistan",0.730711972104804,253.499999999999,86.265832064541,"High","Above average - more cases than typical at this point",0.934400603468578,"Extremely High",95.4745772409338,"Rare bad event - unusually high cases to date","Afghanistan"
"AFG",5,7,1.7335863671851,147,1.08673948464472,400.5,147,400.5,0.164640025286036,0.0656487664976591,2025,"WHO",2025-07-01,339,339,NA,13,NA,FALSE,"no_lookup_match",NA,3,"2025/2026","Observed",870,967,4701,5895,NA,4714,"South Asia","Afghanistan",1.08673948464472,400.5,89.0728541871196,"High","Above average - more cases than typical at this point",1.22041455294262,"Extremely High",95.4745772409338,"Rare bad event - unusually high cases to date","Afghanistan"
"AFG",6,8,0.87888346910545,194.5,1.01847098907798,594.999999999999,194.5,595,0.236569310543594,0.0719292852575574,2025,"WHO",2025-08-01,273,273,273,12,1,TRUE,"applied_mean",NA,3,"2025/2026","Observed",1143,1240,4701,5895,NA,4714,"South Asia","Afghanistan",1.01847098907798,594.999999999999,85.4410219541158,"High","Above average - more cases than typical at this point",0.928680972470958,"Extremely High",95.4745772409338,"Rare bad event - unusually high cases to date","Afghanistan"
"AFG",7,9,1.30355801275735,163,1.1224521467389,757.999999999999,163,758,0.301705938720392,0.065136628176798,2025,"WHO",2025-09-01,297,297,297,11,1,TRUE,"applied_mean",NA,3,"2025/2026","Observed",1440,1537,4701,5895,NA,4714,"South Asia","Afghanistan",1.1224521467389,757.999999999999,85.5998354789164,"High","Above average - more cases than typical at this point",0.952528044325348,"Extremely High",95.4745772409338,"Rare bad event - unusually high cases to date","Afghanistan"
"AFG",8,10,1.91981484039352,521.25,1.65832089612373,1279.25,521.25,1279.25,0.543538173478536,0.241832234758144,2025,"WHO",2025-10-01,1967,1826,1967,10,1.07738853503185,TRUE,"applied_mean",NA,3,"2025/2026","Observed",3407,3504,4701,5895,NA,4714,"South Asia","Afghanistan",1.65832089612373,1279.25,95.9358585046131,"Extremely High","Rare bad event - unusually high cases to date",2.14051437881868,"Extremely High",95.4745772409338,"Rare bad event - unusually high cases to date","Afghanistan"
"AFG",9,11,2.89658970598574,420,2.01342687561909,1699.25,420,1699.25,0.761825550043605,0.218287376565069,2025,"WHO",2025-11-01,987,1021,987,9,0.967024738933371,TRUE,"applied_mean",NA,3,"2025/2026","Observed",4394,4491,4701,5895,NA,4714,"South Asia","Afghanistan",2.01342687561909,1699.25,96.5292662655317,"Extremely High","Rare bad event - unusually high cases to date",2.24890955204109,"Extremely High",95.4745772409338,"Rare bad event - unusually high cases to date","Afghanistan"
"AFG",10,12,21.9099663312861,215,2.37633837709749,1914.25,215,1914.25,0.893012962615272,0.131187412571667,2025,"Estimates",2025-12-01,13,NA,NA,NA,NA,NA,NA,NA,3,"2025/2026","Unobserved",4407,4504,4701,5895,12.7251790194517,4714,"South Asia","Afghanistan",2.37633837709749,1914.25,95.4745772409338,"Extremely High","Rare bad event - unusually high cases to date",2.00615651247378,"Extremely High",95.4745772409338,"Rare bad event - unusually high cases to date","Afghanistan"
"AFG",11,1,2.42958159602125,114,2.63326687694008,2028.25,114,2028.25,0.96483390415282,0.0718209415375475,2026,"WHO",2026-01-01,129,128,129,7,1.0046422937923,TRUE,"applied_mean",NA,3,"2025/2026","Observed",4536,129,4701,10022,NA,4714,"South Asia","Afghanistan",2.63326687694008,2028.25,95.5308850701524,"Extremely High","Rare bad event - unusually high cases to date",2.00506499150035,"Normal",50.9821352630898,"Average - typical case load at this point","Afghanistan"
"AFG",12,2,0.361437970830766,65.5,2.69649350158189,2093.75,65.5,2093.75,1,0.0351660958471802,2026,"WHO",2026-02-01,178,173,178,6,1.02809336501408,TRUE,"applied_mean",NA,3,"2025/2026","Observed",4714,307,4701,10022,NA,4714,"South Asia","Afghanistan",2.69649350158189,2093.75,95.8084268215154,"Extremely High","Rare bad event - unusually high cases to date",2.05370525869277,"Normal",50.9821352630898,"Average - typical case load at this point","Afghanistan"
"AFG",1,3,NA,NA,NA,NA,57.75,57.75,0.0214612525568192,0.0214612525568192,2026,"WHO",2026-03-01,150,152,150,5,0.985833516362838,TRUE,"applied_mean",NA,3,"2026/2027","Observed",150,457,8157,10022,NA,7106,"South Asia","Afghanistan",NA,NA,NA,"Unknown","Cannot determine",NA,"Normal",50.9821352630898,"Average - typical case load at this point","Afghanistan"
"AFG",2,4,NA,NA,NA,NA,49.75,107.5,0.0431327560342653,0.0216715034774461,2026,"WHO",2026-04-01,247,246,247,4,1.0046422937923,TRUE,"applied_mean",NA,3,"2026/2027","Observed",397,704,8157,10022,NA,7106,"South Asia","Afghanistan",NA,NA,NA,"Unknown","Cannot determine",NA,"Normal",50.9821352630898,"Average - typical case load at this point","Afghanistan"
"AFG",3,5,NA,NA,NA,NA,87.75,195.25,0.0742381283907614,0.0311053723564961,2026,"WHO",2026-05-01,225,224,225,3,1.00510652317154,TRUE,"applied_mean",NA,3,"2026/2027","Observed",622,929,8157,10022,NA,7106,"South Asia","Afghanistan",NA,NA,NA,"Unknown","Cannot determine",NA,"Normal",50.9821352630898,"Average - typical case load at this point","Afghanistan"
"AFG",4,6,1.37557979541605,58.25,0.730711972104804,253.499999999999,58.25,253.5,0.0989912587883773,0.0247531303976159,2026,"WHO",2026-06-01,248,255,248,2,0.974137931034483,TRUE,"applied_mean",NA,3,"2026/2027","Observed",870,1177,8157,10022,NA,7106,"South Asia","Afghanistan",0.730711972104804,253.499999999999,95.3030664877422,"Extremely High","Rare bad event - unusually high cases to date",2.07588458392208,"Normal",50.9821352630898,"Average - typical case load at this point","Afghanistan"
"AFG",5,7,1.7335863671851,147,1.08673948464472,400.5,147,400.5,0.164640025286036,0.0656487664976591,2026,"WHO",2026-07-01,473,473,NA,1,NA,FALSE,"no_lookup_match",NA,3,"2026/2027","Observed",1343,1650,8157,10022,NA,7106,"South Asia","Afghanistan",1.08673948464472,400.5,96.8768265662552,"Extremely High","Rare bad event - unusually high cases to date",2.44992697795191,"Normal",50.9821352630898,"Average - typical case load at this point","Afghanistan"
"AFG",6,8,0.87888346910545,194.5,1.01847098907798,594.999999999999,194.5,595,0.236569310543594,0.0719292852575574,2026,"Estimates",2026-08-01,338,NA,NA,NA,NA,NA,NA,NA,3,"2026/2027","Unobserved",1681,1988,8157,10022,338.139569995777,7106,"South Asia","Afghanistan",1.01847098907798,594.999999999999,94.1676052598068,"High","Above average - more cases than typical at this point",1.84041521186763,"Normal",50.9821352630898,"Average - typical case load at this point","Afghanistan"
"AFG",7,9,1.30355801275735,163,1.1224521467389,757.999999999999,163,758,0.301705938720392,0.065136628176798,2026,NA,2026-09-01,NA,NA,NA,NA,NA,NA,NA,NA,3,"2026/2027","Unobserved",1681,1988,8157,10022,NA,7106,"South Asia","Afghanistan",1.1224521467389,757.999999999999,89.776903625392,"High","Above average - more cases than typical at this point",1.28912519781862,"Normal",50.9821352630898,"Average - typical case load at this point","Afghanistan"
"AFG",8,10,1.91981484039352,521.25,1.65832089612373,1279.25,521.25,1279.25,0.543538173478536,0.241832234758144,2026,NA,2026-10-01,NA,NA,NA,NA,NA,NA,NA,NA,3,"2026/2027","Unobserved",1681,1988,8157,10022,NA,7106,"South Asia","Afghanistan",1.65832089612373,1279.25,73.381826081251,"Normal","Average - typical case load at this point",0.404160099490262,"Normal",50.9821352630898,"Average - typical case load at this point","Afghanistan"
"AFG",9,11,2.89658970598574,420,2.01342687561909,1699.25,420,1699.25,0.761825550043605,0.218287376565069,2026,NA,2026-11-01,NA,NA,NA,NA,NA,NA,NA,NA,3,"2026/2027","Unobserved",1681,1988,8157,10022,NA,7106,"South Asia","Afghanistan",2.01342687561909,1699.25,58.7980947302255,"Normal","Average - typical case load at this point",-0.0152305777251127,"Normal",50.9821352630898,"Average - typical case load at this point","Afghanistan"
"AFG",10,12,21.9099663312861,215,2.37633837709749,1914.25,215,1914.25,0.893012962615272,0.131187412571667,2026,NA,2026-12-01,NA,NA,NA,NA,NA,NA,NA,NA,3,"2026/2027","Unobserved",1681,1988,8157,10022,NA,7106,"South Asia","Afghanistan",2.37633837709749,1914.25,50.9821352630898,"Normal","Average - typical case load at this point",-0.187718787096382,"Normal",50.9821352630898,"Average - typical case load at this point","Afghanistan"
"ARG",6,1,0.245545199379168,2531.5,0.291942096364893,4562.5,2531.5,4562.5,0.17122393733889,0.0357636657714788,2025,"PAHO",2025-01-01,275,275,NA,84,NA,FALSE,"no_lookup_match","current_month_missing",8,"2024/2025","Observed",275,275,17635,142219,NA,17635,"South America","Argentina",0.291942096364893,4562.5,34.0961610780123,"Normal","Average - typical case load at this point",-0.507733387313854,"Normal",69.8116580185097,"Average - typical case load at this point","Argentina"
"ARG",7,2,0.24811336229514,6903.6875,0.291498938454235,11466.1875,6903.6875,11466.1875,0.258855248862737,0.0876313115238471,2025,"PAHO",2025-02-01,1341,1341,NA,80,NA,FALSE,"no_lookup_match","current_month_missing",8,"2024/2025","Observed",1616,1616,17635,142219,NA,17635,"South America","Argentina",0.291498938454235,11466.1875,43.4779031809578,"Normal","Average - typical case load at this point",-0.463808204294609,"Normal",69.8116580185097,"Average - typical case load at this point","Argentina"
"ARG",8,3,0.243250994299564,23885.5624999999,0.272872155291271,35351.7500000001,23885.5625,35351.75,0.504352259296306,0.245497010433569,2025,"PAHO",2025-03-01,8513,8513,NA,75,NA,FALSE,"no_lookup_match","current_month_missing",8,"2024/2025","Observed",10129,10129,17635,142219,NA,17635,"South America","Argentina",0.272872155291271,35351.7500000001,54.39891828306,"Normal","Average - typical case load at this point",-0.372700051259132,"Normal",69.8116580185097,"Average - typical case load at this point","Argentina"
"ARG",9,4,0.291877839822554,16447.0625,0.287831646464827,51798.8124999999,16447.0625,51798.8125,0.787092042233217,0.282739782936911,2025,"PAHO",2025-04-01,5428,5428,NA,71,NA,FALSE,"no_lookup_match","current_month_missing",8,"2024/2025","Observed",15557,15557,17635,142219,NA,17635,"South America","Argentina",0.287831646464827,51798.8124999999,53.9195111295412,"Normal","Average - typical case load at this point",-0.375368798265562,"Normal",69.8116580185097,"Average - typical case load at this point","Argentina"
"ARG",10,5,0.402629392557247,4240.93750000001,0.300923855527079,56039.7499999999,4240.9375,56039.75,0.952089796196881,0.164997753963664,2025,"PAHO",2025-05-01,1976,1976,NA,67,NA,FALSE,"no_lookup_match","current_month_missing",8,"2024/2025","Observed",17533,17533,17635,142219,NA,17635,"South America","Argentina",0.300923855527079,56039.7499999999,53.5719700986445,"Normal","Average - typical case load at this point",-0.376936174747467,"Normal",69.8116580185097,"Average - typical case load at this point","Argentina"
"ARG",11,6,0.340397866633739,883.5625,0.30328079429528,56923.3125,883.5625,56923.3125,0.986698067703167,0.0346082715062855,2025,"PAHO",2025-06-01,86,86,NA,62,NA,FALSE,"no_lookup_match","current_month_missing",8,"2024/2025","Observed",17619,17619,17635,142219,NA,17635,"South America","Argentina",0.30328079429528,56923.3125,53.2441774868695,"Normal","Average - typical case load at this point",-0.380251851048263,"Normal",69.8116580185097,"Average - typical case load at this point","Argentina"
"ARG",12,7,0.282704838643892,315.125,0.304196707238323,57238.4374999998,315.125,57238.4375,1,0.0133019322968334,2025,"PAHO",2025-07-01,16,16,NA,58,NA,FALSE,"no_lookup_match","current_month_missing",8,"2024/2025","Observed",17635,17635,17635,142219,NA,17635,"South America","Argentina",0.304196707238323,57238.4374999998,53.1102761445345,"Normal","Average - typical case load at this point",-0.381611289208631,"Normal",69.8116580185097,"Average - typical case load at this point","Argentina"
"ARG",1,8,0.477588724378203,50.1875,0.477588724378203,50.1875,50.1875,50.1875,0.012702582639263,0.012702582639263,2025,"PAHO",2025-08-01,4,4,NA,54,NA,FALSE,"no_lookup_match","current_month_missing",8,"2025/2026","Observed",4,17639,1715,142219,NA,1715,"South America","Argentina",0.477588724378203,50.1875,25.2920308642152,"Normal","Average - typical case load at this point",-0.632993576723511,"Normal",69.8116580185097,"Average - typical case load at this point","Argentina"
"ARG",2,9,0.267109778848008,122.625,0.349820409304336,172.8125,122.625,172.8125,0.0232626453785459,0.010560062739283,2025,"PAHO",2025-09-01,1355,0,NA,49,1.07684238138651,TRUE,"applied_mean","previous_month_missing",8,"2025/2026","Observed",1359,18994,1715,142219,NA,1715,"South America","Argentina",0.349820409304336,172.8125,98.9052183844228,"Extremely High","Rare bad event - unusually high cases to date",4.05566093942226,"Normal",69.8116580185097,"Average - typical case load at this point","Argentina"
"ARG",3,10,0.394078434077229,95.6875000000001,0.36361717041247,268.5,95.6875,268.5,0.0451034627244865,0.0218408173459405,2025,"PAHO",2025-10-01,3,3,-15,45,1.07578283047567,TRUE,"applied_mean","replaced_with_uncor",8,"2025/2026","Observed",1362,18997,1715,142219,NA,1715,"South America","Argentina",0.36361717041247,268.5,96.5137084029594,"Extremely High","Rare bad event - unusually high cases to date",2.45415967176252,"Normal",69.8116580185097,"Average - typical case load at this point","Argentina"
"ARG",4,11,0.363510033248561,157.625,0.406310071174691,426.125,157.625,426.125,0.069733864662385,0.0246304019378985,2025,"PAHO",2025-11-01,27,3,27,41,1.07710805488079,TRUE,"applied_mean","not_missing",8,"2025/2026","Observed",1389,19024,1715,142219,NA,1715,"South America","Argentina",0.406310071174691,426.125,92.124591695615,"High","Above average - more cases than typical at this point",1.43964276523958,"Normal",69.8116580185097,"Average - typical case load at this point","Argentina"
"ARG",5,12,0.201330255433453,1604.875,0.277795321123873,2031,1604.875,2031,0.135460271567411,0.0657264069050261,2025,"PAHO",2025-12-01,241,3,241,36,1.09062283739784,TRUE,"applied_mean","not_missing",8,"2025/2026","Observed",1630,19265,1715,142219,NA,1715,"South America","Argentina",0.277795321123873,2031,69.8116580185097,"Normal","Average - typical case load at this point",-0.104056020719058,"Normal",69.8116580185097,"Average - typical case load at this point","Argentina"
"ARG",6,1,0.245545199379168,2531.5,0.291942096364893,4562.5,2531.5,4562.5,0.17122393733889,0.0357636657714788,2026,"PAHO",2026-01-01,7,6,7,32,1.08965044035699,TRUE,"applied_mean","not_missing",8,"2025/2026","Observed",1637,7,1715,85,NA,1715,"South America","Argentina",0.291942096364893,4562.5,56.2668153563226,"Normal","Average - typical case load at this point",-0.346442921186398,"Low",22.2797273221994,"Below average - fewer cases than typical at this point","Argentina"
"ARG",7,2,0.24811336229514,6903.6875,0.291498938454235,11466.1875,6903.6875,11466.1875,0.258855248862737,0.0876313115238471,2026,"PAHO",2026-02-01,10,8,10,28,1.17996604230208,TRUE,"applied_mean","not_missing",8,"2025/2026","Observed",1647,17,1715,85,NA,1715,"South America","Argentina",0.291498938454235,11466.1875,43.7116282642373,"Normal","Average - typical case load at this point",-0.46234853113274,"Low",22.2797273221994,"Below average - fewer cases than typical at this point","Argentina"
"ARG",8,3,0.243250994299564,23885.5624999999,0.272872155291271,35351.7500000001,23885.5625,35351.75,0.504352259296306,0.245497010433569,2026,"PAHO",2026-03-01,38,24,38,23,1.44043754799665,TRUE,"applied_mean","not_missing",8,"2025/2026","Observed",1685,55,1715,85,NA,1715,"South America","Argentina",0.272872155291271,35351.7500000001,33.8098011715864,"Normal","Average - typical case load at this point",-0.497471506902633,"Low",22.2797273221994,"Below average - fewer cases than typical at this point","Argentina"
"ARG",9,4,0.291877839822554,16447.0625,0.287831646464827,51798.8124999999,16447.0625,51798.8125,0.787092042233217,0.282739782936911,2026,"PAHO",2026-04-01,25,14,25,19,1.52994896480422,TRUE,"applied_mean","not_missing",8,"2025/2026","Observed",1710,80,1715,85,NA,1715,"South America","Argentina",0.287831646464827,51798.8124999999,29.048629368482,"Normal","Average - typical case load at this point",-0.518786894410264,"Low",22.2797273221994,"Below average - fewer cases than typical at this point","Argentina"
"ARG",10,5,0.402629392557247,4240.93750000001,0.300923855527079,56039.7499999999,4240.9375,56039.75,0.952089796196881,0.164997753963664,2026,"PAHO",2026-05-01,1,4,1,15,1.43809487326609,TRUE,"applied_mean","not_missing",8,"2025/2026","Observed",1711,81,1715,85,NA,1715,"South America","Argentina",0.300923855527079,56039.7499999999,27.1179106741441,"Normal","Average - typical case load at this point",-0.531815102645938,"Low",22.2797273221994,"Below average - fewer cases than typical at this point","Argentina"
"ARG",11,6,0.340397866633739,883.5625,0.30328079429528,56923.3125,883.5625,56923.3125,0.986698067703167,0.0346082715062855,2026,"WHO",2026-06-01,2,2,2,2,0.937377857071054,TRUE,"applied_mean",NA,8,"2025/2026","Observed",1713,83,1715,85,NA,1715,"South America","Argentina",0.30328079429528,56923.3125,26.7761672727044,"Normal","Average - typical case load at this point",-0.534135370643566,"Low",22.2797273221994,"Below average - fewer cases than typical at this point","Argentina"
"ARG",12,7,0.282704838643892,315.125,0.304196707238323,57238.4374999998,315.125,57238.4375,1,0.0133019322968334,2026,"PAHO",2026-07-01,2,2,-1,6,1.13647115139952,TRUE,"applied_mean","replaced_with_uncor",8,"2025/2026","Observed",1715,85,1715,85,NA,1715,"South America","Argentina",0.304196707238323,57238.4374999998,26.6543604361908,"Normal","Average - typical case load at this point",-0.535013420632234,"Low",22.2797273221994,"Below average - fewer cases than typical at this point","Argentina"
"ARG",1,8,0.477588724378203,50.1875,0.477588724378203,50.1875,50.1875,50.1875,0.012702582639263,0.012702582639263,2026,"Estimates",2026-08-01,22,1,0,4,1.11409122655788,TRUE,"applied_mean","not_missing",8,"2026/2027","Unobserved",22,107,NA,85,21.784929226336,1732,"South America","Argentina",0.477588724378203,50.1875,50.6866688267501,"Normal","Average - typical case load at this point",-0.386305958189856,"Low",22.2797273221994,"Below average - fewer cases than typical at this point","Argentina"
"ARG",2,9,0.267109778848008,122.625,0.349820409304336,172.8125,122.625,172.8125,0.0232626453785459,0.010560062739283,2026,NA,2026-09-01,NA,NA,NA,NA,NA,NA,NA,NA,8,"2026/2027","Unobserved",22,107,NA,85,NA,1732,"South America","Argentina",0.349820409304336,172.8125,37.7266905544395,"Normal","Average - typical case load at this point",-0.515638855936873,"Low",22.2797273221994,"Below average - fewer cases than typical at this point","Argentina"
"ARG",3,10,0.394078434077229,95.6875000000001,0.36361717041247,268.5,95.6875,268.5,0.0451034627244865,0.0218408173459405,2026,NA,2026-10-01,NA,NA,NA,NA,NA,NA,NA,NA,8,"2026/2027","Unobserved",22,107,NA,85,NA,1732,"South America","Argentina",0.36361717041247,268.5,31.4072500806482,"Normal","Average - typical case load at this point",-0.55322392234976,"Low",22.2797273221994,"Below average - fewer cases than typical at this point","Argentina"
"ARG",4,11,0.363510033248561,157.625,0.406310071174691,426.125,157.625,426.125,0.069733864662385,0.0246304019378985,2026,NA,2026-11-01,NA,NA,NA,NA,NA,NA,NA,NA,8,"2026/2027","Unobserved",22,107,NA,85,NA,1732,"South America","Argentina",0.406310071174691,426.125,23.6040837795617,"Low","Below average - fewer cases than typical at this point",-0.60422758146431,"Low",22.2797273221994,"Below average - fewer cases than typical at this point","Argentina"
"ARG",5,12,0.201330255433453,1604.875,0.277795321123873,2031,1604.875,2031,0.135460271567411,0.0657264069050261,2026,NA,2026-12-01,NA,NA,NA,NA,NA,NA,NA,NA,8,"2026/2027","Unobserved",22,107,NA,85,NA,1732,"South America","Argentina",0.277795321123873,2031,22.2797273221994,"Low","Below average - fewer cases than typical at this point",-0.521318068889243,"Low",22.2797273221994,"Below average - fewer cases than typical at this point","Argentina"
"ATG",10,1,0.322451941554713,54.125,0.721655942676433,236.25,54.125,236.25,0.774872394461789,0.193290500944214,2025,"WHO",2025-01-01,0,0,NA,19,NA,FALSE,"no_lookup_match",NA,4,"2024/2025","Observed",0,0,2,41,NA,2,"Caribbean","Antigua And Barbuda",0.721655942676433,236.25,1.52773971908406,"Extremely Low","Rare good event - unusually low cases to date",-0.848208856991332,"Low",20.69329835747,"Below average - fewer cases than typical at this point","Antigua And Barbuda"
"ATG",11,2,0.520000916038631,26.75,0.786390122492431,263,26.75,263,0.902647535299198,0.127775140837408,2025,"WHO",2025-02-01,0,0,NA,18,NA,FALSE,"no_lookup_match",NA,4,"2024/2025","Observed",0,0,2,41,NA,2,"Caribbean","Antigua And Barbuda",0.786390122492431,263,1.03248044250606,"Extremely Low","Rare good event - unusually low cases to date",-0.885463587994827,"Low",20.69329835747,"Below average - fewer cases than typical at this point","Antigua And Barbuda"
"ATG",12,3,0.711523682889816,17.25,0.828714202165833,280.25,17.25,280.25,1,0.0973524647008022,2025,"PAHO",2025-03-01,2,2,NA,75,NA,FALSE,"no_lookup_match","current_month_missing",4,"2024/2025","Observed",2,2,2,41,NA,2,"Caribbean","Antigua And Barbuda",0.828714202165833,280.25,2.06322376528971,"Extremely Low","Rare good event - unusually low cases to date",-0.902507405357862,"Low",20.69329835747,"Below average - fewer cases than typical at this point","Antigua And Barbuda"
"ATG",1,4,0.561748911178378,4.75,0.561748911178378,4.75,4.75,4.75,0.0195908681655322,0.0195908681655322,2025,"PAHO",2025-04-01,1,1,NA,71,NA,FALSE,"no_lookup_match","current_month_missing",4,"2025/2026","Observed",1,3,17,41,NA,17,"Caribbean","Antigua And Barbuda",0.561748911178378,4.75,42.5277731893314,"Normal","Average - typical case load at this point",-0.559547312022955,"Low",20.69329835747,"Below average - fewer cases than typical at this point","Antigua And Barbuda"
"ATG",2,5,0.643463803273605,9.125,0.571901497521681,13.875,9.125,13.875,0.0613131647812721,0.0417222966157399,2025,"PAHO",2025-05-01,1,1,NA,67,NA,FALSE,"no_lookup_match","current_month_missing",4,"2025/2026","Observed",2,4,17,41,NA,17,"Caribbean","Antigua And Barbuda",0.571901497521681,13.875,30.9775109771106,"Normal","Average - typical case load at this point",-0.634293678916088,"Low",20.69329835747,"Below average - fewer cases than typical at this point","Antigua And Barbuda"
"ATG",3,6,0.644892598411886,8,0.554752248927358,21.875,8,21.875,0.0951780756321448,0.0338649108508727,2025,"PAHO",2025-06-01,2,2,NA,62,NA,FALSE,"no_lookup_match","current_month_missing",4,"2025/2026","Observed",4,6,17,41,NA,17,"Caribbean","Antigua And Barbuda",0.554752248927358,21.875,33.2265372823685,"Normal","Average - typical case load at this point",-0.601048222457823,"Low",20.69329835747,"Below average - fewer cases than typical at this point","Antigua And Barbuda"
"ATG",4,7,0.585193795503316,10.25,0.528069608132216,32.125,10.25,32.125,0.137382405224205,0.04220432959206,2025,"PAHO",2025-07-01,2,2,NA,58,NA,FALSE,"no_lookup_match","current_month_missing",4,"2025/2026","Observed",6,8,17,41,NA,17,"Caribbean","Antigua And Barbuda",0.528069608132216,32.125,33.889272665902,"Normal","Average - typical case load at this point",-0.586162877574282,"Low",20.69329835747,"Below average - fewer cases than typical at this point","Antigua And Barbuda"
"ATG",5,8,0.578807252644659,19.5,0.582860090288624,51.625,19.5,51.625,0.205223769563678,0.0678413643394731,2025,"PAHO",2025-08-01,2,2,NA,54,NA,FALSE,"no_lookup_match","current_month_missing",4,"2025/2026","Observed",8,10,17,41,NA,17,"Caribbean","Antigua And Barbuda",0.582860090288624,51.625,28.0612782385173,"Normal","Average - typical case load at this point",-0.641533915666292,"Low",20.69329835747,"Below average - fewer cases than typical at this point","Antigua And Barbuda"
"ATG",6,9,0.54692395792226,22.625,0.577243476396687,74.2499999999999,22.625,74.25,0.282169747295563,0.0769459777318847,2025,"PAHO",2025-09-01,4,4,NA,49,1,TRUE,"applied_mean","previous_month_missing",4,"2025/2026","Observed",12,14,17,41,NA,17,"Caribbean","Antigua And Barbuda",0.577243476396687,74.2499999999999,28.5018088127374,"Normal","Average - typical case load at this point",-0.634513359032929,"Low",20.69329835747,"Below average - fewer cases than typical at this point","Antigua And Barbuda"
"ATG",7,10,0.503502594416806,27,0.55966295316962,101.25,27,101.25,0.364460789862643,0.0822910425670806,2025,"PAHO",2025-10-01,1,1,1,45,1,TRUE,"applied_mean","not_missing",4,"2025/2026","Observed",13,15,17,41,NA,17,"Caribbean","Antigua And Barbuda",0.55966295316962,101.25,25.8589918446228,"Normal","Average - typical case load at this point",-0.650258410580276,"Low",20.69329835747,"Below average - fewer cases than typical at this point","Antigua And Barbuda"
"ATG",8,11,0.507498786680876,33.125,0.547878161443174,134.375,33.125,134.375,0.463137438783923,0.0986766489212803,2025,"Estimates",2025-11-01,0,NA,NA,NA,NA,NA,NA,"current_month_missing",4,"2025/2026","Unobserved",13,15,17,41,0.197353297842561,17,"Caribbean","Antigua And Barbuda",0.547878161443174,134.375,22.7547445557362,"Low","Below average - fewer cases than typical at this point",-0.667220222473879,"Low",20.69329835747,"Below average - fewer cases than typical at this point","Antigua And Barbuda"
"ATG",9,12,0.435917107994736,47.75,0.519160086620314,182.125,47.75,182.125,0.581581893517575,0.118444454733652,2025,"Estimates",2025-12-01,0,NA,NA,NA,NA,NA,NA,"current_month_missing",4,"2025/2026","Unobserved",13,15,17,41,0.236888909467304,17,"Caribbean","Antigua And Barbuda",0.519160086620314,182.125,20.69329835747,"Low","Below average - fewer cases than typical at this point",-0.668145088172453,"Low",20.69329835747,"Below average - fewer cases than typical at this point","Antigua And Barbuda"
"ATG",10,1,0.322451941554713,54.125,0.721655942676433,236.25,54.125,236.25,0.774872394461789,0.193290500944214,2026,"PAHO",2026-01-01,2,2,2,32,1,TRUE,"applied_mean","previous_month_missing",4,"2025/2026","Observed",15,2,17,84,NA,17,"Caribbean","Antigua And Barbuda",0.721655942676433,236.25,12.0664774859087,"Low","Below average - fewer cases than typical at this point",-0.794354326388708,"Low",14.408567271876,"Below average - fewer cases than typical at this point","Antigua And Barbuda"
"ATG",11,2,0.520000916038631,26.75,0.786390122492431,263,26.75,263,0.902647535299198,0.127775140837408,2026,"PAHO",2026-02-01,2,2,2,28,1,TRUE,"applied_mean","not_missing",4,"2025/2026","Observed",17,4,17,84,NA,17,"Caribbean","Antigua And Barbuda",0.786390122492431,263,10.5166487219286,"Low","Below average - fewer cases than typical at this point",-0.828228299036986,"Low",14.408567271876,"Below average - fewer cases than typical at this point","Antigua And Barbuda"
"ATG",12,3,0.711523682889816,17.25,0.828714202165833,280.25,17.25,280.25,1,0.0973524647008022,2026,"WHO",2026-03-01,0,0,0,5,1,TRUE,"applied_mean",NA,4,"2025/2026","Observed",17,4,17,84,NA,17,"Caribbean","Antigua And Barbuda",0.828714202165833,280.25,9.09752132034353,"Low","Below average - fewer cases than typical at this point",-0.853854715042074,"Low",14.408567271876,"Below average - fewer cases than typical at this point","Antigua And Barbuda"
"ATG",1,4,0.561748911178378,4.75,0.561748911178378,4.75,4.75,4.75,0.0195908681655322,0.0195908681655322,2026,"WHO",2026-04-01,0,0,0,4,1,TRUE,"applied_mean",NA,4,"2026/2027","Observed",0,4,42,84,NA,29,"Caribbean","Antigua And Barbuda",0.561748911178378,4.75,28.3076768082747,"Normal","Average - typical case load at this point",-0.708759928562409,"Low",14.408567271876,"Below average - fewer cases than typical at this point","Antigua And Barbuda"
"ATG",2,5,0.643463803273605,9.125,0.571901497521681,13.875,9.125,13.875,0.0613131647812721,0.0417222966157399,2026,"WHO",2026-05-01,0,0,NA,3,NA,FALSE,"insufficient_n_rf",NA,4,"2026/2027","Observed",0,4,42,84,NA,29,"Caribbean","Antigua And Barbuda",0.571901497521681,13.875,15.7737428234172,"Low","Below average - fewer cases than typical at this point",-0.741122087996692,"Low",14.408567271876,"Below average - fewer cases than typical at this point","Antigua And Barbuda"
"ATG",3,6,0.644892598411886,8,0.554752248927358,21.875,8,21.875,0.0951780756321448,0.0338649108508727,2026,"PAHO",2026-06-01,4,4,4,13,1,TRUE,"applied_mean","not_missing",4,"2026/2027","Observed",4,8,42,84,NA,29,"Caribbean","Antigua And Barbuda",0.554752248927358,21.875,33.2265372823685,"Normal","Average - typical case load at this point",-0.601048222457823,"Low",14.408567271876,"Below average - fewer cases than typical at this point","Antigua And Barbuda"
"ATG",4,7,0.585193795503316,10.25,0.528069608132216,32.125,10.25,32.125,0.137382405224205,0.04220432959206,2026,"Estimates",2026-07-01,1,NA,NA,1,NA,FALSE,"no_lookup_match",NA,4,"2026/2027","Unobserved",5,9,42,84,0.71747360306502,29,"Caribbean","Antigua And Barbuda",0.528069608132216,32.125,31.3192692880703,"Normal","Average - typical case load at this point",-0.608599734132149,"Low",14.408567271876,"Below average - fewer cases than typical at this point","Antigua And Barbuda"
"ATG",5,8,0.578807252644659,19.5,0.582860090288624,51.625,19.5,51.625,0.205223769563678,0.0678413643394731,2026,"Estimates",2026-08-01,1,NA,NA,NA,NA,NA,NA,NA,4,"2026/2027","Unobserved",6,10,42,84,1.15330319377104,29,"Caribbean","Antigua And Barbuda",0.582860090288624,51.625,24.3413660822531,"Low","Below average - fewer cases than typical at this point",-0.670945212659589,"Low",14.408567271876,"Below average - fewer cases than typical at this point","Antigua And Barbuda"
"ATG",6,9,0.54692395792226,22.625,0.577243476396687,74.2499999999999,22.625,74.25,0.282169747295563,0.0769459777318847,2026,NA,2026-09-01,NA,NA,NA,NA,NA,NA,NA,NA,4,"2026/2027","Unobserved",6,10,42,84,NA,29,"Caribbean","Antigua And Barbuda",0.577243476396687,74.2499999999999,20.1123474465746,"Low","Below average - fewer cases than typical at this point",-0.695671273156585,"Low",14.408567271876,"Below average - fewer cases than typical at this point","Antigua And Barbuda"
"ATG",7,10,0.503502594416806,27,0.55966295316962,101.25,27,101.25,0.364460789862643,0.0822910425670806,2026,NA,2026-10-01,NA,NA,NA,NA,NA,NA,NA,NA,4,"2026/2027","Unobserved",6,10,42,84,NA,29,"Caribbean","Antigua And Barbuda",0.55966295316962,101.25,17.6304729689158,"Low","Below average - fewer cases than typical at this point",-0.701836981391176,"Low",14.408567271876,"Below average - fewer cases than typical at this point","Antigua And Barbuda"
"ATG",8,11,0.507498786680876,33.125,0.547878161443174,134.375,33.125,134.375,0.463137438783923,0.0986766489212803,2026,NA,2026-11-01,NA,NA,NA,NA,NA,NA,NA,NA,4,"2026/2027","Unobserved",6,10,42,84,NA,29,"Caribbean","Antigua And Barbuda",0.547878161443174,134.375,15.5830675275581,"Low","Below average - fewer cases than typical at this point",-0.705700482472373,"Low",14.408567271876,"Below average - fewer cases than typical at this point","Antigua And Barbuda"
"ATG",9,12,0.435917107994736,47.75,0.519160086620314,182.125,47.75,182.125,0.581581893517575,0.118444454733652,2026,NA,2026-12-01,NA,NA,NA,NA,NA,NA,NA,NA,4,"2026/2027","Unobserved",6,10,42,84,NA,29,"Caribbean","Antigua And Barbuda",0.519160086620314,182.125,14.408567271876,"Low","Below average - fewer cases than typical at this point",-0.695799282509229,"Low",14.408567271876,"Below average - fewer cases than typical at this point","Antigua And Barbuda"
"AUS",5,1,2.01165688067713,175.785714285714,NA,NA,175.785714285714,541.571428571429,0.39691716993072,0.120589712983376,2025,"WHO",2025-01-01,283,283,NA,19,NA,FALSE,"no_lookup_match",NA,9,"2024/2025","Observed",283,283,1459,6963,NA,1459,"Pacific Islands","Australia",NA,NA,NA,"Unknown","Cannot determine",NA,"Unknown",59.58382988049,"Cannot determine","Australia"
"AUS",6,2,1.90614903950397,142.142857142857,NA,NA,142.142857142857,683.714285714286,0.492283963839153,0.0953667939084325,2025,"WHO",2025-02-01,220,220,NA,18,NA,FALSE,"no_lookup_match",NA,9,"2024/2025","Observed",503,503,1459,6963,NA,1459,"Pacific Islands","Australia",NA,NA,NA,"Unknown","Cannot determine",NA,"Unknown",59.58382988049,"Cannot determine","Australia"
"AUS",7,3,2.42999350589892,141.071428571429,NA,NA,141.071428571429,824.785714285714,0.588065373751077,0.095781409911924,2025,"WHO",2025-03-01,219,219,NA,17,NA,FALSE,"no_lookup_match",NA,9,"2024/2025","Observed",722,722,1459,6963,NA,1459,"Pacific Islands","Australia",NA,NA,NA,"Unknown","Cannot determine",NA,"Unknown",59.58382988049,"Cannot determine","Australia"
"AUS",8,4,1.38128774574533,141.785714285714,2.69178016481654,966.571428571428,141.785714285714,966.571428571429,0.6769667839055,0.0889014101544239,2025,"WHO",2025-04-01,195,195,NA,16,NA,FALSE,"no_lookup_match",NA,9,"2024/2025","Observed",917,917,1459,6963,NA,1459,"Pacific Islands","Australia",2.69178016481654,966.571428571428,54.8096783105134,"Normal","Average - typical case load at this point",-0.0840259416750325,"Unknown",59.58382988049,"Cannot determine","Australia"
"AUS",9,5,1.31661560333804,130.571428571428,2.94188158359478,1097.14285714286,130.571428571429,1097.14285714286,0.764462861802982,0.0874960778974819,2025,"WHO",2025-05-01,135,135,NA,15,NA,FALSE,"no_lookup_match",NA,9,"2024/2025","Observed",1052,1052,1459,6963,NA,1459,"Pacific Islands","Australia",2.94188158359478,1097.14285714286,54.9990185748235,"Normal","Average - typical case load at this point",-0.0704785525925237,"Unknown",59.58382988049,"Cannot determine","Australia"
"AUS",10,6,1.55405215876022,105.857142857143,3.21855827943464,1203,105.857142857143,1203,0.840149268426211,0.0756864066232289,2025,"WHO",2025-06-01,120,120,NA,14,NA,FALSE,"no_lookup_match",NA,9,"2024/2025","Observed",1172,1172,1459,6963,NA,1459,"Pacific Islands","Australia",3.21855827943464,1203,55.6279798473816,"Normal","Average - typical case load at this point",-0.0461685851713169,"Unknown",59.58382988049,"Cannot determine","Australia"
"AUS",11,7,1.69632601082081,116.857142857143,3.57591663633075,1319.85714285714,116.857142857143,1319.85714285714,0.929844186792918,0.089694918366707,2025,"WHO",2025-07-01,159,159,NA,13,NA,FALSE,"no_lookup_match",NA,9,"2024/2025","Observed",1331,1331,1459,6963,NA,1459,"Pacific Islands","Australia",3.57591663633075,1319.85714285714,57.6826343385494,"Normal","Average - typical case load at this point",0.0159432113165037,"Unknown",59.58382988049,"Cannot determine","Australia"
"AUS",12,8,1.60369325797146,87.2142857142856,3.83769003479402,1407.07142857143,87.2142857142857,1407.07142857143,1,0.0701558132070818,2025,"WHO",2025-08-01,128,127,128,12,1.00523007286013,TRUE,"applied_mean",NA,9,"2024/2025","Observed",1459,1459,1459,6963,NA,1459,"Pacific Islands","Australia",3.83769003479402,1407.07142857143,59.58382988049,"Normal","Average - typical case load at this point",0.0721994235281672,"Unknown",59.58382988049,"Cannot determine","Australia"
"AUS",1,9,NA,NA,NA,NA,74.6428571428571,74.6428571428571,0.0553238072301055,0.0553238072301055,2025,"WHO",2025-09-01,86,86,86,11,1.0035336955642,TRUE,"applied_mean",NA,9,"2025/2026","Observed",86,1545,1254,6963,NA,1254,"Pacific Islands","Australia",NA,NA,NA,"Unknown","Cannot determine",NA,"Unknown",59.58382988049,"Cannot determine","Australia"
"AUS",2,10,2.57829476152192,98.9999999999999,NA,NA,99,173.642857142857,0.132571129348062,0.0772473221179562,2025,"WHO",2025-10-01,146,145,146,10,1.00766746783567,TRUE,"applied_mean",NA,9,"2025/2026","Observed",232,1691,1254,6963,NA,1254,"Pacific Islands","Australia",NA,NA,NA,"Unknown","Cannot determine",NA,"Unknown",59.58382988049,"Cannot determine","Australia"
"AUS",3,11,2.67541702144807,94.1428571428572,NA,NA,94.1428571428571,267.785714285714,0.205340881827739,0.0727697524796774,2025,"WHO",2025-11-01,119,118,119,9,1.00533855340587,TRUE,"applied_mean",NA,9,"2025/2026","Observed",351,1810,1254,6963,NA,1254,"Pacific Islands","Australia",NA,NA,NA,"Unknown","Cannot determine",NA,"Unknown",59.58382988049,"Cannot determine","Australia"
"AUS",4,12,NA,NA,NA,NA,98,365.785714285714,0.276327456947344,0.0709865751196046,2025,"WHO",2025-12-01,114,113,114,8,1.00826894398644,TRUE,"applied_mean",NA,9,"2025/2026","Observed",465,1924,1254,6963,NA,1254,"Pacific Islands","Australia",NA,NA,NA,"Unknown","Cannot determine",NA,"Unknown",59.58382988049,"Cannot determine","Australia"
"AUS",5,1,2.01165688067713,175.785714285714,NA,NA,175.785714285714,541.571428571429,0.39691716993072,0.120589712983376,2026,"WHO",2026-01-01,222,220,222,7,1.00874184868519,TRUE,"applied_mean",NA,9,"2025/2026","Observed",687,222,1254,754,NA,1254,"Pacific Islands","Australia",NA,NA,NA,"Unknown","Cannot determine",NA,"Unknown",48.0982479015585,"Cannot determine","Australia"
"AUS",6,2,1.90614903950397,142.142857142857,NA,NA,142.142857142857,683.714285714286,0.492283963839153,0.0953667939084325,2026,"WHO",2026-02-01,100,99,100,6,1.00933214198207,TRUE,"applied_mean",NA,9,"2025/2026","Observed",787,322,1254,754,NA,1254,"Pacific Islands","Australia",NA,NA,NA,"Unknown","Cannot determine",NA,"Unknown",48.0982479015585,"Cannot determine","Australia"
"AUS",7,3,2.42999350589892,141.071428571429,NA,NA,141.071428571429,824.785714285714,0.588065373751077,0.095781409911924,2026,"WHO",2026-03-01,81,79,81,5,1.02067626279258,TRUE,"applied_mean",NA,9,"2025/2026","Observed",868,403,1254,754,NA,1254,"Pacific Islands","Australia",NA,NA,NA,"Unknown","Cannot determine",NA,"Unknown",48.0982479015585,"Cannot determine","Australia"
"AUS",8,4,1.38128774574533,141.785714285714,2.69178016481654,966.571428571428,141.785714285714,966.571428571429,0.6769667839055,0.0889014101544239,2026,"WHO",2026-04-01,70,68,70,4,1.03080576359184,TRUE,"applied_mean",NA,9,"2025/2026","Observed",938,473,1254,754,NA,1254,"Pacific Islands","Australia",2.69178016481654,966.571428571428,56.2406293418646,"Normal","Average - typical case load at this point",-0.0484299375648601,"Unknown",48.0982479015585,"Cannot determine","Australia"
"AUS",9,5,1.31661560333804,130.571428571428,2.94188158359478,1097.14285714286,130.571428571429,1097.14285714286,0.764462861802982,0.0874960778974819,2026,"WHO",2026-05-01,56,53,56,3,1.0509078468718,TRUE,"applied_mean",NA,9,"2025/2026","Observed",994,529,1254,754,NA,1254,"Pacific Islands","Australia",2.94188158359478,1097.14285714286,51.2613347379715,"Normal","Average - typical case load at this point",-0.161030110670263,"Unknown",48.0982479015585,"Cannot determine","Australia"
"AUS",10,6,1.55405215876022,105.857142857143,3.21855827943464,1203,105.857142857143,1203,0.840149268426211,0.0756864066232289,2026,"WHO",2026-06-01,71,54,71,2,1.31340649013769,TRUE,"applied_mean",NA,9,"2025/2026","Observed",1065,600,1254,754,NA,1254,"Pacific Islands","Australia",3.21855827943464,1203,49.0266875872485,"Normal","Average - typical case load at this point",-0.205524669472322,"Unknown",48.0982479015585,"Cannot determine","Australia"
"AUS",11,7,1.69632601082081,116.857142857143,3.57591663633075,1319.85714285714,116.857142857143,1319.85714285714,0.929844186792918,0.089694918366707,2026,"WHO",2026-07-01,101,101,NA,1,NA,FALSE,"no_lookup_match",NA,9,"2025/2026","Observed",1166,701,1254,754,NA,1254,"Pacific Islands","Australia",3.57591663633075,1319.85714285714,48.0246387418621,"Normal","Average - typical case load at this point",-0.220138956254845,"Unknown",48.0982479015585,"Cannot determine","Australia"
"AUS",12,8,1.60369325797146,87.2142857142856,3.83769003479402,1407.07142857143,87.2142857142857,1407.07142857143,1,0.0701558132070818,2026,"Estimates",2026-08-01,88,NA,NA,NA,NA,NA,NA,NA,9,"2025/2026","Unobserved",1254,789,1254,754,87.9753897616805,1254,"Pacific Islands","Australia",3.83769003479402,1407.07142857143,48.0982479015585,"Normal","Average - typical case load at this point",-0.21282443551699,"Unknown",48.0982479015585,"Cannot determine","Australia"
"AUS",1,9,NA,NA,NA,NA,74.6428571428571,74.6428571428571,0.0553238072301055,0.0553238072301055,2026,NA,2026-09-01,NA,NA,NA,NA,NA,NA,NA,NA,9,"2026/2027","Unobserved",0,789,NA,754,NA,NA,"Pacific Islands","Australia",NA,NA,NA,"Unknown","Cannot determine",NA,"Unknown",48.0982479015585,"Cannot determine","Australia"
"AUS",2,10,2.57829476152192,98.9999999999999,NA,NA,99,173.642857142857,0.132571129348062,0.0772473221179562,2026,NA,2026-10-01,NA,NA,NA,NA,NA,NA,NA,NA,9,"2026/2027","Unobserved",0,789,NA,754,NA,NA,"Pacific Islands","Australia",NA,NA,NA,"Unknown","Cannot determine",NA,"Unknown",48.0982479015585,"Cannot determine","Australia"
"AUS",3,11,2.67541702144807,94.1428571428572,NA,NA,94.1428571428571,267.785714285714,0.205340881827739,0.0727697524796774,2026,NA,2026-11-01,NA,NA,NA,NA,NA,NA,NA,NA,9,"2026/2027","Unobserved",0,789,NA,754,NA,NA,"Pacific Islands","Australia",NA,NA,NA,"Unknown","Cannot determine",NA,"Unknown",48.0982479015585,"Cannot determine","Australia"
"AUS",4,12,NA,NA,NA,NA,98,365.785714285714,0.276327456947344,0.0709865751196046,2026,NA,2026-12-01,NA,NA,NA,NA,NA,NA,NA,NA,9,"2026/2027","Unobserved",0,789,NA,754,NA,NA,"Pacific Islands","Australia",NA,NA,NA,"Unknown","Cannot determine",NA,"Unknown",48.0982479015585,"Cannot determine","Australia"
"BFA",9,1,NA,NA,0.389603013467943,52858.8571428571,2220.42857142857,52858.8571428571,0.917818457421131,0.0453415231929268,2025,"WHO",2025-01-01,4242,4242,NA,19,NA,FALSE,"no_lookup_match",NA,5,"2024/2025","Observed",4242,4242,10941,61245,NA,10941,"Sub-Saharan Africa","Burkina Faso",0.389603013467943,52858.8571428571,28.9440938691253,"Normal","Average - typical case load at this point",-0.574088258248518,"Normal",66.8273425302374,"Average - typical case load at this point","Burkina Faso"
"BFA",10,2,0.272008701918593,1601.57142857143,0.390421230004248,54460.4285714285,1601.57142857143,54460.4285714286,0.948100450152092,0.0302819927309613,2025,"WHO",2025-02-01,2543,2543,NA,18,NA,FALSE,"no_lookup_match",NA,5,"2024/2025","Observed",6785,6785,10941,61245,NA,10941,"Sub-Saharan Africa","Burkina Faso",0.390421230004248,54460.4285714285,34.1331959288155,"Normal","Average - typical case load at this point",-0.546989144032538,"Normal",66.8273425302374,"Average - typical case load at this point","Burkina Faso"
"BFA",11,3,NA,NA,0.392444315539985,55656.8571428572,1196.42857142857,55656.8571428571,0.977900809373588,0.0298003592214959,2025,"WHO",2025-03-01,2130,2130,NA,17,NA,FALSE,"no_lookup_match",NA,5,"2024/2025","Observed",8915,8915,10941,61245,NA,10941,"Sub-Saharan Africa","Burkina Faso",0.392444315539985,55656.8571428572,37.3727036112766,"Normal","Average - typical case load at this point",-0.526107841962628,"Normal",66.8273425302374,"Average - typical case load at this point","Burkina Faso"
"BFA",12,4,NA,NA,0.392976499492712,56775.5714285715,1118.71428571429,56775.5714285714,1,0.0220991906264119,2025,"WHO",2025-04-01,2026,2026,NA,16,NA,FALSE,"no_lookup_match",NA,5,"2024/2025","Observed",10941,10941,10941,61245,NA,10941,"Sub-Saharan Africa","Burkina Faso",0.392976499492712,56775.5714285715,40.009344709573,"Normal","Average - typical case load at this point",-0.506073326701633,"Normal",66.8273425302374,"Average - typical case load at this point","Burkina Faso"
"BFA",1,5,NA,NA,NA,NA,678.714285714286,678.714285714286,0.0153610229894856,0.0153610229894856,2025,"WHO",2025-05-01,1981,1981,NA,15,NA,FALSE,"no_lookup_match",NA,5,"2025/2026","Observed",1981,12922,56277,61245,NA,56277,"Sub-Saharan Africa","Burkina Faso",NA,NA,NA,"Unknown","Cannot determine",NA,"Normal",66.8273425302374,"Average - typical case load at this point","Burkina Faso"
"BFA",2,6,NA,NA,NA,NA,590.857142857143,1269.57142857143,0.0297888162847443,0.0144277932952587,2025,"WHO",2025-06-01,1894,1894,NA,14,NA,FALSE,"no_lookup_match",NA,5,"2025/2026","Observed",3875,14816,56277,61245,NA,56277,"Sub-Saharan Africa","Burkina Faso",NA,NA,NA,"Unknown","Cannot determine",NA,"Normal",66.8273425302374,"Average - typical case load at this point","Burkina Faso"
"BFA",3,7,0.249800331622406,1053.85714285714,0.227557004356023,2323.42857142857,1053.85714285714,2323.42857142857,0.0561941579990565,0.0264053417143122,2025,"WHO",2025-07-01,3584,3584,NA,13,NA,FALSE,"no_lookup_match",NA,5,"2025/2026","Observed",7459,18400,56277,61245,NA,56277,"Sub-Saharan Africa","Burkina Faso",0.227557004356023,2323.42857142857,90.7047979723369,"High","Above average - more cases than typical at this point",1.05434631858954,"Normal",66.8273425302374,"Average - typical case load at this point","Burkina Faso"
"BFA",4,8,0.247354741670151,2768,NA,NA,2768,5091.42857142857,0.111632342425399,0.0554381844263425,2025,"WHO",2025-08-01,3123,3123,3123,12,1,TRUE,"applied_mean",NA,5,"2025/2026","Observed",10582,21523,56277,61245,NA,56277,"Sub-Saharan Africa","Burkina Faso",NA,NA,NA,"Unknown","Cannot determine",NA,"Normal",66.8273425302374,"Average - typical case load at this point","Burkina Faso"
"BFA",5,9,0.218830928105031,7827.14285714285,NA,NA,7827.14285714286,12918.5714285714,0.214921774415274,0.103289431989875,2025,"WHO",2025-09-01,6374,6374,6374,11,1,TRUE,"applied_mean",NA,5,"2025/2026","Observed",16956,27897,56277,61245,NA,56277,"Sub-Saharan Africa","Burkina Faso",NA,NA,NA,"Unknown","Cannot determine",NA,"Normal",66.8273425302374,"Average - typical case load at this point","Burkina Faso"
"BFA",6,10,0.392302476015528,20323.1428571428,0.395043108387411,33241.7142857142,20323.1428571429,33241.7142857143,0.595281193480332,0.380359419065058,2025,"WHO",2025-10-01,11453,11453,11453,10,1,TRUE,"applied_mean",NA,5,"2025/2026","Observed",28409,39350,56277,61245,NA,56277,"Sub-Saharan Africa","Burkina Faso",0.395043108387411,33241.7142857142,66.9935752071116,"Normal","Average - typical case load at this point",-0.0913749962202483,"Normal",66.8273425302374,"Average - typical case load at this point","Burkina Faso"
"BFA",7,11,0.34772500297599,12801.8571428571,0.386338293796629,46043.5714285715,12801.8571428571,46043.5714285714,0.788879205741524,0.193598012261192,2025,"WHO",2025-11-01,9011,9011,9011,9,1,TRUE,"applied_mean",NA,5,"2025/2026","Observed",37420,48361,56277,61245,NA,56277,"Sub-Saharan Africa","Burkina Faso",0.386338293796629,46043.5714285715,66.211083899129,"Normal","Average - typical case load at this point",-0.116412661593846,"Normal",66.8273425302374,"Average - typical case load at this point","Burkina Faso"
"BFA",8,12,0.393436968136925,4594.85714285715,0.387568974443802,50638.4285714285,4594.85714285714,50638.4285714286,0.872476934228204,0.0835977284866798,2025,"WHO",2025-12-01,5074,5074,5074,8,1,TRUE,"applied_mean",NA,5,"2025/2026","Observed",42494,53435,56277,61245,NA,56277,"Sub-Saharan Africa","Burkina Faso",0.387568974443802,50638.4285714285,66.8273425302374,"Normal","Average - typical case load at this point",-0.100127469081079,"Normal",66.8273425302374,"Average - typical case load at this point","Burkina Faso"
"BFA",9,1,NA,NA,0.389603013467943,52858.8571428571,2220.42857142857,52858.8571428571,0.917818457421131,0.0453415231929268,2026,"WHO",2026-01-01,4017,4017,4017,7,1,TRUE,"applied_mean",NA,5,"2025/2026","Observed",46511,4017,56277,415702,NA,56277,"Sub-Saharan Africa","Burkina Faso",0.389603013467943,52858.8571428571,67.7412854581822,"Normal","Average - typical case load at this point",-0.0749581619405167,"Normal",44.4207575103901,"Average - typical case load at this point","Burkina Faso"
"BFA",10,2,0.272008701918593,1601.57142857143,0.390421230004248,54460.4285714285,1601.57142857143,54460.4285714286,0.948100450152092,0.0302819927309613,2026,"WHO",2026-02-01,3367,3367,3367,6,1,TRUE,"applied_mean",NA,5,"2025/2026","Observed",49878,7384,56277,415702,NA,56277,"Sub-Saharan Africa","Burkina Faso",0.390421230004248,54460.4285714285,68.5430419864759,"Normal","Average - typical case load at this point",-0.0525750634442766,"Normal",44.4207575103901,"Average - typical case load at this point","Burkina Faso"
"BFA",11,3,NA,NA,0.392444315539985,55656.8571428572,1196.42857142857,55656.8571428571,0.977900809373588,0.0298003592214959,2026,"WHO",2026-03-01,3143,3143,3143,5,1,TRUE,"applied_mean",NA,5,"2025/2026","Observed",53021,10527,56277,415702,NA,56277,"Sub-Saharan Africa","Burkina Faso",0.392444315539985,55656.8571428572,69.305801289906,"Normal","Average - typical case load at this point",-0.0296681646369347,"Normal",44.4207575103901,"Average - typical case load at this point","Burkina Faso"
"BFA",12,4,NA,NA,0.392976499492712,56775.5714285715,1118.71428571429,56775.5714285714,1,0.0220991906264119,2026,"WHO",2026-04-01,3256,3256,3256,4,1,TRUE,"applied_mean",NA,5,"2025/2026","Observed",56277,13783,56277,415702,NA,56277,"Sub-Saharan Africa","Burkina Faso",0.392976499492712,56775.5714285715,70.1148635613318,"Normal","Average - typical case load at this point",-0.00550487751039102,"Normal",44.4207575103901,"Average - typical case load at this point","Burkina Faso"
"BFA",1,5,NA,NA,NA,NA,678.714285714286,678.714285714286,0.0153610229894856,0.0153610229894856,2026,"WHO",2026-05-01,2506,2506,2506,3,1,TRUE,"applied_mean",NA,5,"2026/2027","Observed",2506,16289,170427,415702,NA,113739,"Sub-Saharan Africa","Burkina Faso",NA,NA,NA,"Unknown","Cannot determine",NA,"Normal",44.4207575103901,"Average - typical case load at this point","Burkina Faso"
"BFA",2,6,NA,NA,NA,NA,590.857142857143,1269.57142857143,0.0297888162847443,0.0144277932952587,2026,"WHO",2026-06-01,2933,2804,2933,2,1.04600883567977,TRUE,"applied_mean",NA,5,"2026/2027","Observed",5439,19222,170427,415702,NA,113739,"Sub-Saharan Africa","Burkina Faso",NA,NA,NA,"Unknown","Cannot determine",NA,"Normal",44.4207575103901,"Average - typical case load at this point","Burkina Faso"
"BFA",3,7,0.249800331622406,1053.85714285714,0.227557004356023,2323.42857142857,1053.85714285714,2323.42857142857,0.0561941579990565,0.0264053417143122,2026,"WHO",2026-07-01,4138,4138,NA,1,NA,FALSE,"insufficient_n_rf",NA,5,"2026/2027","Observed",9577,23360,170427,415702,NA,113739,"Sub-Saharan Africa","Burkina Faso",0.227557004356023,2323.42857142857,93.3140493460735,"High","Above average - more cases than typical at this point",1.489177288002,"Normal",44.4207575103901,"Average - typical case load at this point","Burkina Faso"
"BFA",4,8,0.247354741670151,2768,NA,NA,2768,5091.42857142857,0.111632342425399,0.0554381844263425,2026,"Estimates",2026-08-01,3120,NA,NA,NA,NA,NA,NA,NA,5,"2026/2027","Unobserved",12697,26480,170427,415702,3119.89470496128,113739,"Sub-Saharan Africa","Burkina Faso",NA,NA,NA,"Unknown","Cannot determine",NA,"Normal",44.4207575103901,"Average - typical case load at this point","Burkina Faso"
"BFA",5,9,0.218830928105031,7827.14285714285,NA,NA,7827.14285714286,12918.5714285714,0.214921774415274,0.103289431989875,2026,NA,2026-09-01,NA,NA,NA,NA,NA,NA,NA,NA,5,"2026/2027","Unobserved",12697,26480,170427,415702,NA,113739,"Sub-Saharan Africa","Burkina Faso",NA,NA,NA,"Unknown","Cannot determine",NA,"Normal",44.4207575103901,"Average - typical case load at this point","Burkina Faso"
"BFA",6,10,0.392302476015528,20323.1428571428,0.395043108387411,33241.7142857142,20323.1428571429,33241.7142857143,0.595281193480332,0.380359419065058,2026,NA,2026-10-01,NA,NA,NA,NA,NA,NA,NA,NA,5,"2026/2027","Unobserved",12697,26480,170427,415702,NA,113739,"Sub-Saharan Africa","Burkina Faso",0.395043108387411,33241.7142857142,51.192942847099,"Normal","Average - typical case load at this point",-0.388451102055121,"Normal",44.4207575103901,"Average - typical case load at this point","Burkina Faso"
"BFA",7,11,0.34772500297599,12801.8571428571,0.386338293796629,46043.5714285715,12801.8571428571,46043.5714285714,0.788879205741524,0.193598012261192,2026,NA,2026-11-01,NA,NA,NA,NA,NA,NA,NA,NA,5,"2026/2027","Unobserved",12697,26480,170427,415702,NA,113739,"Sub-Saharan Africa","Burkina Faso",0.386338293796629,46043.5714285715,46.0412273882175,"Normal","Average - typical case load at this point",-0.450157242528035,"Normal",44.4207575103901,"Average - typical case load at this point","Burkina Faso"
"BFA",8,12,0.393436968136925,4594.85714285715,0.387568974443802,50638.4285714285,4594.85714285714,50638.4285714286,0.872476934228204,0.0835977284866798,2026,NA,2026-12-01,NA,NA,NA,NA,NA,NA,NA,NA,5,"2026/2027","Unobserved",12697,26480,170427,415702,NA,113739,"Sub-Saharan Africa","Burkina Faso",0.387568974443802,50638.4285714285,44.4207575103901,"Normal","Average - typical case load at this point",-0.466451290334215,"Normal",44.4207575103901,"Average - typical case load at this point","Burkina Faso"
"BGD",11,1,0.225692146243214,271.5,0.364658393216197,46835.25,271.5,46835.25,0.997588436176293,0.00637263591871241,2025,"SEARO",2025-01-01,1161,1161,NA,20,NA,FALSE,"no_lookup_match",NA,3,"2024/2025","Observed",1161,1161,1535,103779,NA,1535,"South Asia","Bangladesh",0.364658393216197,46835.25,20.1585519399355,"Low","Below average - fewer cases than typical at this point",-0.588897889958879,"High",85.6055243899877,"Above average - more cases than typical at this point","Bangladesh"
"BGD",12,2,0.249179908361317,91.9375,0.364736703667862,46927.1875,91.9375,46927.1875,1,0.00241156382370649,2025,"SEARO",2025-02-01,374,374,NA,19,NA,FALSE,"no_lookup_match",NA,3,"2024/2025","Observed",1535,1535,1535,103779,NA,1535,"South Asia","Bangladesh",0.364736703667862,46927.1875,22.2793527354739,"Low","Below average - fewer cases than typical at this point",-0.584177240303317,"High",85.6055243899877,"Above average - more cases than typical at this point","Bangladesh"
"BGD",1,3,0.26516583322372,57.5625,0.26516583322372,57.5625,57.5625,57.5625,0.00326666288879608,0.00326666288879608,2025,"SEARO",2025-03-01,336,336,NA,18,NA,FALSE,"no_lookup_match",NA,3,"2025/2026","Observed",336,1871,102822,103779,NA,102822,"South Asia","Bangladesh",0.26516583322372,57.5625,96.6231000088383,"Extremely High","Rare bad event - unusually high cases to date",2.48512851566037,"High",85.6055243899877,"Above average - more cases than typical at this point","Bangladesh"
"BGD",2,4,0.205421236808404,99.7499999999999,0.228963702970501,157.3125,99.75,157.3125,0.00785733171999653,0.00459066883120044,2025,"SEARO",2025-04-01,701,701,NA,17,NA,FALSE,"no_lookup_match",NA,3,"2025/2026","Observed",1037,2572,102822,103779,NA,102822,"South Asia","Bangladesh",0.228963702970501,157.3125,97.0414697762842,"Extremely High","Rare bad event - unusually high cases to date",2.67382319528805,"High",85.6055243899877,"Above average - more cases than typical at this point","Bangladesh"
"BGD",3,5,0.252914234053666,240.875,0.246357361433635,398.187499999999,240.875,398.1875,0.0162650848467494,0.00840775312675292,2025,"SEARO",2025-05-01,1773,1773,NA,16,NA,FALSE,"no_lookup_match",NA,3,"2025/2026","Observed",2810,4345,102822,103779,NA,102822,"South Asia","Bangladesh",0.246357361433635,398.187499999999,97.6159635490744,"Extremely High","Rare bad event - unusually high cases to date",3.00541454925957,"High",85.6055243899877,"Above average - more cases than typical at this point","Bangladesh"
"BGD",4,6,0.307212809154055,1107.8125,0.319284997947323,1506,1107.8125,1506,0.0437224062683749,0.0274573214216255,2025,"SEARO",2025-06-01,5951,5951,NA,15,NA,FALSE,"no_lookup_match",NA,3,"2025/2026","Observed",8761,10296,102822,103779,NA,102822,"South Asia","Bangladesh",0.319284997947323,1506,97.1287423840773,"Extremely High","Rare bad event - unusually high cases to date",2.72179661260073,"High",85.6055243899877,"Above average - more cases than typical at this point","Bangladesh"
"BGD",5,7,0.348366596192268,4820.5,0.366274020547509,6326.5,4820.5,6326.5,0.156794080422711,0.113071674154336,2025,"SEARO",2025-07-01,10684,10684,NA,14,NA,FALSE,"no_lookup_match",NA,3,"2025/2026","Observed",19445,20980,102822,103779,NA,102822,"South Asia","Bangladesh",0.366274020547509,6326.5,90.9952665865253,"High","Above average - more cases than typical at this point",1.25490587836793,"High",85.6055243899877,"Above average - more cases than typical at this point","Bangladesh"
"BGD",6,8,0.330255835206668,10632.75,0.350854771605931,16959.25,10632.75,16959.25,0.385725236923641,0.22893115650093,2025,"SEARO",2025-08-01,10496,10496,NA,13,NA,FALSE,"no_lookup_match",NA,3,"2025/2026","Observed",29941,31476,102822,103779,NA,102822,"South Asia","Bangladesh",0.350854771605931,16959.25,81.9689013523941,"High","Above average - more cases than typical at this point",0.453404473105217,"High",85.6055243899877,"Above average - more cases than typical at this point","Bangladesh"
"BGD",7,9,0.361901157424527,9672.31250000001,0.363125970822794,26631.5625,9672.3125,26631.5625,0.610987258574946,0.225262021651305,2025,"SEARO",2025-09-01,15866,15866,NA,12,NA,FALSE,"no_lookup_match",NA,3,"2025/2026","Observed",45807,47342,102822,103779,NA,102822,"South Asia","Bangladesh",0.363125970822794,26631.5625,81.4273973103641,"High","Above average - more cases than typical at this point",0.433884692424275,"High",85.6055243899877,"Above average - more cases than typical at this point","Bangladesh"
"BGD",8,10,0.34048329341038,9591.68749999999,0.36567787928508,36223.25,9591.6875,36223.25,0.799942616459103,0.188955357884157,2025,"SEARO",2025-10-01,22520,22520,NA,11,NA,FALSE,"no_lookup_match",NA,3,"2025/2026","Observed",68327,69862,102822,103779,NA,102822,"South Asia","Bangladesh",0.36567787928508,36223.25,83.0976066999434,"High","Above average - more cases than typical at this point",0.535939176073606,"High",85.6055243899877,"Above average - more cases than typical at this point","Bangladesh"
"BGD",9,11,0.260697521834677,8118.06250000002,0.364151168402771,44341.3125,8118.0625,44341.3125,0.943601670137094,0.143659053677991,2025,"SEARO",2025-11-01,24540,24540,NA,10,NA,FALSE,"no_lookup_match",NA,3,"2025/2026","Observed",92867,94402,102822,103779,NA,102822,"South Asia","Bangladesh",0.364151168402771,44341.3125,84.947425188082,"High","Above average - more cases than typical at this point",0.660392638692638,"High",85.6055243899877,"Above average - more cases than typical at this point","Bangladesh"
"BGD",10,12,0.239024885479222,2222.4375,0.364550534533789,46563.75,2222.4375,46563.75,0.991215800257581,0.047614130120487,2025,"SEARO",2025-12-01,8465,8465,NA,9,NA,FALSE,"no_lookup_match",NA,3,"2025/2026","Observed",101332,102867,102822,103779,NA,102822,"South Asia","Bangladesh",0.364550534533789,46563.75,85.6055243899877,"High","Above average - more cases than typical at this point",0.710163071130582,"High",85.6055243899877,"Above average - more cases than typical at this point","Bangladesh"
"BGD",11,1,0.225692146243214,271.5,0.364658393216197,46835.25,271.5,46835.25,0.997588436176293,0.00637263591871241,2026,"SEARO",2026-01-01,1081,1081,NA,8,NA,FALSE,"no_lookup_match",NA,3,"2025/2026","Observed",102413,1081,102822,97644,NA,102822,"South Asia","Bangladesh",0.364658393216197,46835.25,85.6872741030906,"High","Above average - more cases than typical at this point",0.716588005356675,"Normal",66.6269504297249,"Average - typical case load at this point","Bangladesh"
"BGD",12,2,0.249179908361317,91.9375,0.364736703667862,46927.1875,91.9375,46927.1875,1,0.00241156382370649,2026,"SEARO",2026-02-01,409,409,NA,7,NA,FALSE,"no_lookup_match",NA,3,"2025/2026","Observed",102822,1490,102822,97644,NA,102822,"South Asia","Bangladesh",0.364736703667862,46927.1875,85.7217674329969,"High","Above average - more cases than typical at this point",0.719341347308309,"Normal",66.6269504297249,"Average - typical case load at this point","Bangladesh"
"BGD",1,3,0.26516583322372,57.5625,0.26516583322372,57.5625,57.5625,57.5625,0.00326666288879608,0.00326666288879608,2026,"SEARO",2026-03-01,353,353,NA,6,NA,FALSE,"no_lookup_match",NA,3,"2026/2027","Observed",353,1843,88141,97644,NA,96854,"South Asia","Bangladesh",0.26516583322372,57.5625,96.9577618592949,"Extremely High","Rare bad event - unusually high cases to date",2.63685802323828,"Normal",66.6269504297249,"Average - typical case load at this point","Bangladesh"
"BGD",2,4,0.205421236808404,99.7499999999999,0.228963702970501,157.3125,99.75,157.3125,0.00785733171999653,0.00459066883120044,2026,"SEARO",2026-04-01,640,640,NA,5,NA,FALSE,"no_lookup_match",NA,3,"2026/2027","Observed",993,2483,88141,97644,NA,96854,"South Asia","Bangladesh",0.228963702970501,157.3125,96.7695396476572,"Extremely High","Rare bad event - unusually high cases to date",2.54008454310455,"Normal",66.6269504297249,"Average - typical case load at this point","Bangladesh"
"BGD",3,5,0.252914234053666,240.875,0.246357361433635,398.187499999999,240.875,398.1875,0.0162650848467494,0.00840775312675292,2026,"SEARO",2026-05-01,714,714,NA,4,NA,FALSE,"no_lookup_match",NA,3,"2026/2027","Observed",1707,3197,88141,97644,NA,96854,"South Asia","Bangladesh",0.246357361433635,398.187499999999,93.8587520369925,"High","Above average - more cases than typical at this point",1.6309410991745,"Normal",66.6269504297249,"Average - typical case load at this point","Bangladesh"
"BGD",4,6,0.307212809154055,1107.8125,0.319284997947323,1506,1107.8125,1506,0.0437224062683749,0.0274573214216255,2026,"SEARO",2026-06-01,2907,2907,NA,3,NA,FALSE,"no_lookup_match",NA,3,"2026/2027","Observed",4614,6104,88141,97644,NA,96854,"South Asia","Bangladesh",0.319284997947323,1506,90.6220142948322,"High","Above average - more cases than typical at this point",1.16600191205556,"Normal",66.6269504297249,"Average - typical case load at this point","Bangladesh"
"BGD",5,7,0.348366596192268,4820.5,0.366274020547509,6326.5,4820.5,6326.5,0.156794080422711,0.113071674154336,2026,"SEARO",2026-07-01,9206,9206,NA,2,NA,FALSE,"no_lookup_match",NA,3,"2026/2027","Observed",13820,15310,88141,97644,NA,96854,"South Asia","Bangladesh",0.366274020547509,6326.5,85.6722254129632,"High","Above average - more cases than typical at this point",0.716822594012282,"Normal",66.6269504297249,"Average - typical case load at this point","Bangladesh"
"BGD",6,8,0.330255835206668,10632.75,0.350854771605931,16959.25,10632.75,16959.25,0.385725236923641,0.22893115650093,2026,"Estimates",2026-08-01,23539,0,NA,1,NA,FALSE,"no_lookup_match",NA,3,"2026/2027","Unobserved",37359,38849,88141,97644,23539.1593737386,96854,"South Asia","Bangladesh",0.350854771605931,16959.25,85.7985149096447,"High","Above average - more cases than typical at this point",0.712487753979867,"Normal",66.6269504297249,"Average - typical case load at this point","Bangladesh"
"BGD",7,9,0.361901157424527,9672.31250000001,0.363125970822794,26631.5625,9672.3125,26631.5625,0.610987258574946,0.225262021651305,2026,"SEARO",2026-09-01,NA,0,NA,0,NA,FALSE,"no_lookup_match",NA,3,"2026/2027","Unobserved",37359,38849,88141,97644,NA,96854,"South Asia","Bangladesh",0.363125970822794,26631.5625,77.5869326654671,"High","Above average - more cases than typical at this point",0.242730885289482,"Normal",66.6269504297249,"Average - typical case load at this point","Bangladesh"
"BGD",8,10,0.34048329341038,9591.68749999999,0.36567787928508,36223.25,9591.6875,36223.25,0.799942616459103,0.188955357884157,2026,"SEARO",2026-10-01,NA,0,NA,-1,NA,FALSE,"no_lookup_match",NA,3,"2026/2027","Unobserved",37359,38849,88141,97644,NA,96854,"South Asia","Bangladesh",0.36567787928508,36223.25,71.5351755858291,"Normal","Average - typical case load at this point",0.0189601812631107,"Normal",66.6269504297249,"Average - typical case load at this point","Bangladesh"
"BGD",9,11,0.260697521834677,8118.06250000002,0.364151168402771,44341.3125,8118.0625,44341.3125,0.943601670137094,0.143659053677991,2026,"SEARO",2026-11-01,NA,0,NA,-2,NA,FALSE,"no_lookup_match",NA,3,"2026/2027","Unobserved",37359,38849,88141,97644,NA,96854,"South Asia","Bangladesh",0.364151168402771,44341.3125,67.5960052340493,"Normal","Average - typical case load at this point",-0.0950232343653368,"Normal",66.6269504297249,"Average - typical case load at this point","Bangladesh"
"BGD",10,12,0.239024885479222,2222.4375,0.364550534533789,46563.75,2222.4375,46563.75,0.991215800257581,0.047614130120487,2026,"SEARO",2026-12-01,NA,0,NA,-3,NA,FALSE,"no_lookup_match",NA,3,"2026/2027","Unobserved",37359,38849,88141,97644,NA,96854,"South Asia","Bangladesh",0.364550534533789,46563.75,66.6269504297249,"Normal","Average - typical case load at this point",-0.119355165246092,"Normal",66.6269504297249,"Average - typical case load at this point","Bangladesh"
"BHS",10,1,NA,NA,0.459939139967849,1659.5,130.75,1659.5,0.871115173674589,0.121287020109689,2025,"Estimates",2025-01-01,0,NA,NA,NA,NA,NA,NA,"current_month_missing",4,"2024/2025","Unobserved",0,0,NA,NA,0,0,"Caribbean","Bahamas",0.459939139967849,1659.5,2.31107358497722,"Extremely Low","Rare good event - unusually low cases to date",-0.678094168047668,"Low",8.22250545360599,"Below average - fewer cases than typical at this point","Bahamas"
"BHS",11,2,NA,NA,0.481899357827903,1743.5,84,1743.5,0.947897623400366,0.076782449725777,2025,"Estimates",2025-02-01,0,NA,NA,NA,NA,NA,NA,"current_month_missing",4,"2024/2025","Unobserved",0,0,NA,NA,0,0,"Caribbean","Bahamas",0.481899357827903,1743.5,1.92805701454987,"Extremely Low","Rare good event - unusually low cases to date",-0.694093796808113,"Low",8.22250545360599,"Below average - fewer cases than typical at this point","Bahamas"
"BHS",12,3,NA,NA,0.490328826683164,1800.5,57,1800.5,1,0.0521023765996344,2025,"Estimates",2025-03-01,0,NA,NA,NA,NA,NA,NA,"current_month_missing",4,"2024/2025","Unobserved",0,0,NA,NA,0,0,"Caribbean","Bahamas",0.490328826683164,1800.5,1.78634766809872,"Extremely Low","Rare good event - unusually low cases to date",-0.700139509064245,"Low",8.22250545360599,"Below average - fewer cases than typical at this point","Bahamas"
"BHS",1,4,0.201236313948293,88.4999999999999,0.201236313948293,88.4999999999999,88.5,88.5,0.0370081063553826,0.0370081063553826,2025,"Estimates",2025-04-01,0,NA,NA,NA,NA,NA,NA,"current_month_missing",4,"2025/2026","Unobserved",0,0,0,NA,0,0,"Caribbean","Bahamas",0.201236313948293,88.4999999999999,29.3688029901749,"Normal","Average - typical case load at this point",-0.448084556231516,"Low",8.22250545360599,"Below average - fewer cases than typical at this point","Bahamas"
"BHS",2,5,0.226810041528621,53.75,0.200320883193523,142.25,53.75,142.25,0.0661796368352789,0.0291715304798962,2025,"Estimates",2025-05-01,0,NA,NA,NA,NA,NA,NA,"current_month_missing",4,"2025/2026","Unobserved",0,0,0,NA,0,0,"Caribbean","Bahamas",0.200320883193523,142.25,26.8347417531857,"Normal","Average - typical case load at this point",-0.447257399920397,"Low",8.22250545360599,"Below average - fewer cases than typical at this point","Bahamas"
"BHS",3,6,0.211170872091499,77.7499999999999,0.194019890353102,220,77.75,220,0.103326805954999,0.0371471691197203,2025,"Estimates",2025-06-01,0,NA,NA,NA,NA,NA,NA,"current_month_missing",4,"2025/2026","Unobserved",0,0,0,NA,0,0,"Caribbean","Bahamas",0.194019890353102,220,25.54330789471,"Normal","Average - typical case load at this point",-0.440282787891104,"Low",8.22250545360599,"Below average - fewer cases than typical at this point","Bahamas"
"BHS",4,7,0.30007574114381,98,0.271156311153894,318,98,318,0.149473650683046,0.0461468447280473,2025,"Estimates",2025-07-01,0,NA,NA,NA,NA,NA,NA,"current_month_missing",4,"2025/2026","Unobserved",0,0,0,NA,0,0,"Caribbean","Bahamas",0.271156311153894,318,14.7117613302782,"Low","Below average - fewer cases than typical at this point",-0.520504846379722,"Low",8.22250545360599,"Below average - fewer cases than typical at this point","Bahamas"
"BHS",5,8,0.288926975462135,294.25,0.28365192642453,612.249999999999,294.25,612.25,0.281897135811992,0.132423485128946,2025,"Estimates",2025-08-01,0,NA,NA,NA,NA,NA,NA,"current_month_missing",4,"2025/2026","Unobserved",0,0,0,NA,0,0,"Caribbean","Bahamas",0.28365192642453,612.249999999999,11.3293981572243,"Low","Below average - fewer cases than typical at this point",-0.53246649938113,"Low",8.22250545360599,"Below average - fewer cases than typical at this point","Bahamas"
"BHS",6,9,0.297188448441485,463.75,0.29074293729754,1076,463.75,1076,0.512720186584791,0.230823050772799,2025,"Estimates",2025-09-01,0,NA,NA,NA,NA,NA,NA,"current_month_missing",4,"2025/2026","Unobserved",0,0,0,NA,0,0,"Caribbean","Bahamas",0.29074293729754,1076,9.17290640612432,"Low","Below average - fewer cases than typical at this point",-0.539133005562799,"Low",8.22250545360599,"Below average - fewer cases than typical at this point","Bahamas"
"BHS",7,10,0.289713480986426,213,0.291677349523262,1289,213,1289,0.625338769503406,0.112618582918615,2025,"Estimates",2025-10-01,0,NA,NA,NA,NA,NA,NA,"current_month_missing",4,"2025/2026","Unobserved",0,0,0,NA,0,0,"Caribbean","Bahamas",0.291677349523262,1289,8.64381077856254,"Low","Below average - fewer cases than typical at this point",-0.540010521336737,"Low",8.22250545360599,"Below average - fewer cases than typical at this point","Bahamas"
"BHS",8,11,0.30487299473112,135.25,0.29366115641963,1424.25,135.25,1424.25,0.699337961080078,0.0739991915766722,2025,"Estimates",2025-11-01,0,NA,NA,NA,NA,NA,NA,"current_month_missing",4,"2025/2026","Unobserved",0,0,0,NA,0,0,"Caribbean","Bahamas",0.29366115641963,1424.25,8.2720874533004,"Low","Below average - fewer cases than typical at this point",-0.541849259414869,"Low",8.22250545360599,"Below average - fewer cases than typical at this point","Bahamas"
"BHS",9,12,0.207471431755428,104.5,0.291706899810868,1528.75,104.5,1528.75,0.749828153564899,0.0504901924848211,2025,"Estimates",2025-12-01,0,NA,NA,NA,NA,NA,NA,"current_month_missing",4,"2025/2026","Unobserved",0,0,0,NA,0,0,"Caribbean","Bahamas",0.291706899810868,1528.75,8.22250545360599,"Low","Below average - fewer cases than typical at this point",-0.54004745038748,"Low",8.22250545360599,"Below average - fewer cases than typical at this point","Bahamas"
"BHS",10,1,NA,NA,0.459939139967849,1659.5,130.75,1659.5,0.871115173674589,0.121287020109689,2026,"WHO",2026-01-01,0,0,NA,7,NA,FALSE,"no_lookup_match",NA,4,"2025/2026","Observed",0,0,0,15,NA,0,"Caribbean","Bahamas",0.459939139967849,1659.5,2.31107358497722,"Extremely Low","Rare good event - unusually low cases to date",-0.678094168047668,"Low",10.6206094363462,"Below average - fewer cases than typical at this point","Bahamas"
"BHS",11,2,NA,NA,0.481899357827903,1743.5,84,1743.5,0.947897623400366,0.076782449725777,2026,"WHO",2026-02-01,0,0,NA,6,NA,FALSE,"no_lookup_match",NA,4,"2025/2026","Observed",0,0,0,15,NA,0,"Caribbean","Bahamas",0.481899357827903,1743.5,1.92805701454987,"Extremely Low","Rare good event - unusually low cases to date",-0.694093796808113,"Low",10.6206094363462,"Below average - fewer cases than typical at this point","Bahamas"
"BHS",12,3,NA,NA,0.490328826683164,1800.5,57,1800.5,1,0.0521023765996344,2026,"WHO",2026-03-01,0,0,NA,5,NA,FALSE,"no_lookup_match",NA,4,"2025/2026","Observed",0,0,0,15,NA,0,"Caribbean","Bahamas",0.490328826683164,1800.5,1.78634766809872,"Extremely Low","Rare good event - unusually low cases to date",-0.700139509064245,"Low",10.6206094363462,"Below average - fewer cases than typical at this point","Bahamas"
"BHS",1,4,0.201236313948293,88.4999999999999,0.201236313948293,88.4999999999999,88.5,88.5,0.0370081063553826,0.0370081063553826,2026,"PAHO",2026-04-01,1,1,NA,19,NA,FALSE,"no_lookup_match","current_month_missing",4,"2026/2027","Observed",1,1,15,15,NA,4,"Caribbean","Bahamas",0.201236313948293,88.4999999999999,35.265464486008,"Normal","Average - typical case load at this point",-0.443021453901216,"Low",10.6206094363462,"Below average - fewer cases than typical at this point","Bahamas"
"BHS",2,5,0.226810041528621,53.75,0.200320883193523,142.25,53.75,142.25,0.0661796368352789,0.0291715304798962,2026,"WHO",2026-05-01,0,0,NA,3,NA,FALSE,"no_lookup_match",NA,4,"2026/2027","Observed",1,1,15,15,NA,4,"Caribbean","Bahamas",0.200320883193523,142.25,32.2027415368659,"Normal","Average - typical case load at this point",-0.444113235421835,"Low",10.6206094363462,"Below average - fewer cases than typical at this point","Bahamas"
"BHS",3,6,0.211170872091499,77.7499999999999,0.194019890353102,220,77.75,220,0.103326805954999,0.0371471691197203,2026,"Estimates",2026-06-01,0,NA,NA,2,NA,FALSE,"no_lookup_match",NA,4,"2026/2027","Unobserved",1,1,15,15,0,4,"Caribbean","Bahamas",0.194019890353102,220,30.4948508833892,"Normal","Average - typical case load at this point",-0.438281502491599,"Low",10.6206094363462,"Below average - fewer cases than typical at this point","Bahamas"
"BHS",4,7,0.30007574114381,98,0.271156311153894,318,98,318,0.149473650683046,0.0461468447280473,2026,"Estimates",2026-07-01,0,NA,NA,1,NA,FALSE,"no_lookup_match",NA,4,"2026/2027","Unobserved",1,1,15,15,0,4,"Caribbean","Bahamas",0.271156311153894,318,18.6975496101949,"Low","Below average - fewer cases than typical at this point",-0.518868038686704,"Low",10.6206094363462,"Below average - fewer cases than typical at this point","Bahamas"
"BHS",5,8,0.288926975462135,294.25,0.28365192642453,612.249999999999,294.25,612.25,0.281897135811992,0.132423485128946,2026,"Estimates",2026-08-01,0,NA,NA,NA,NA,NA,NA,NA,4,"2026/2027","Unobserved",1,1,15,15,0,4,"Caribbean","Bahamas",0.28365192642453,612.249999999999,14.5415156140887,"Low","Below average - fewer cases than typical at this point",-0.531596811346208,"Low",10.6206094363462,"Below average - fewer cases than typical at this point","Bahamas"
"BHS",6,9,0.297188448441485,463.75,0.29074293729754,1076,463.75,1076,0.512720186584791,0.230823050772799,2026,NA,2026-09-01,NA,NA,NA,NA,NA,NA,NA,NA,4,"2026/2027","Unobserved",1,1,15,15,NA,4,"Caribbean","Bahamas",0.29074293729754,1076,11.8391437217013,"Low","Below average - fewer cases than typical at this point",-0.538631952583651,"Low",10.6206094363462,"Below average - fewer cases than typical at this point","Bahamas"
"BHS",7,10,0.289713480986426,213,0.291677349523262,1289,213,1289,0.625338769503406,0.112618582918615,2026,NA,2026-10-01,NA,NA,NA,NA,NA,NA,NA,NA,4,"2026/2027","Unobserved",1,1,15,15,NA,4,"Caribbean","Bahamas",0.291677349523262,1289,11.1644442225476,"Low","Below average - fewer cases than typical at this point",-0.539591583771697,"Low",10.6206094363462,"Below average - fewer cases than typical at this point","Bahamas"
"BHS",8,11,0.30487299473112,135.25,0.29366115641963,1424.25,135.25,1424.25,0.699337961080078,0.0739991915766722,2026,NA,2026-11-01,NA,NA,NA,NA,NA,NA,NA,NA,4,"2026/2027","Unobserved",1,1,15,15,NA,4,"Caribbean","Bahamas",0.29366115641963,1424.25,10.7007774576917,"Low","Below average - fewer cases than typical at this point",-0.541468814086159,"Low",10.6206094363462,"Below average - fewer cases than typical at this point","Bahamas"
"BHS",9,12,0.207471431755428,104.5,0.291706899810868,1528.75,104.5,1528.75,0.749828153564899,0.0504901924848211,2026,NA,2026-12-01,NA,NA,NA,NA,NA,NA,NA,NA,4,"2026/2027","Unobserved",1,1,15,15,NA,4,"Caribbean","Bahamas",0.291706899810868,1528.75,10.6206094363462,"Low","Below average - fewer cases than typical at this point",-0.539694189585918,"Low",10.6206094363462,"Below average - fewer cases than typical at this point","Bahamas"
"BLM",10,1,0.732078615007286,35.5,0.854773906519248,388.5,35.5,388.5,0.82112105408456,0.147124355723883,2025,"PAHO",2025-01-01,17,17,NA,84,NA,FALSE,"no_lookup_match","current_month_missing",4,"2024/2025","Observed",17,17,20,30,NA,20,"Caribbean","Saint Barthelemy",0.854773906519248,388.5,6.53498221243127,"Low","Below average - fewer cases than typical at this point",-0.883112806155114,"Low",7.82117134252114,"Below average - fewer cases than typical at this point","Saint Barthelemy"
"BLM",11,2,0.957664270100856,20,0.955606303744579,408.5,20,408.5,0.90825474266076,0.0871336885762007,2025,"PAHO",2025-02-01,1,1,NA,80,NA,FALSE,"no_lookup_match","current_month_missing",4,"2024/2025","Observed",18,18,20,30,NA,20,"Caribbean","Saint Barthelemy",0.955606303744579,408.5,5.07458297189643,"Low","Below average - fewer cases than typical at this point",-0.933385607257272,"Low",7.82117134252114,"Below average - fewer cases than typical at this point","Saint Barthelemy"
"BLM",12,3,0.663373240922112,18.7,1.05818600212906,427.2,18.7,427.2,1,0.0917452573392396,2025,"PAHO",2025-03-01,2,2,NA,75,NA,FALSE,"no_lookup_match","current_month_missing",4,"2024/2025","Observed",20,20,20,30,NA,20,"Caribbean","Saint Barthelemy",1.05818600212906,427.2,4.15709314324583,"Extremely Low","Rare good event - unusually low cases to date",-0.979310287946783,"Low",7.82117134252114,"Below average - fewer cases than typical at this point","Saint Barthelemy"
"BLM",1,4,0.575442749690389,18.5,0.575442749690389,18.5,18.5,18.5,0.0404736480338015,0.0404736480338015,2025,"WHO",2025-04-01,0,0,NA,16,NA,FALSE,"no_lookup_match",NA,4,"2025/2026","Observed",0,20,0,30,NA,6,"Caribbean","Saint Barthelemy",0.575442749690389,18.5,13.3369069525573,"Low","Below average - fewer cases than typical at this point",-0.747049900096837,"Low",7.82117134252114,"Below average - fewer cases than typical at this point","Saint Barthelemy"
"BLM",2,5,0.509634790599053,31.9,0.508963399304863,50.4,31.9,50.4,0.108955072013831,0.0684814239800297,2025,"WHO",2025-05-01,0,0,NA,15,NA,FALSE,"no_lookup_match",NA,4,"2025/2026","Observed",0,20,0,30,NA,6,"Caribbean","Saint Barthelemy",0.508963399304863,50.4,9.59441247060387,"Low","Below average - fewer cases than typical at this point",-0.709841550872927,"Low",7.82117134252114,"Below average - fewer cases than typical at this point","Saint Barthelemy"
"BLM",3,6,0.537719728805657,29.3,0.494919136558599,79.6999999999999,29.3,79.7,0.170667805504602,0.061712733490771,2025,"WHO",2025-06-01,0,0,NA,14,NA,FALSE,"no_lookup_match",NA,4,"2025/2026","Observed",0,20,0,30,NA,6,"Caribbean","Saint Barthelemy",0.494919136558599,79.6999999999999,8.0615849782475,"Low","Below average - fewer cases than typical at this point",-0.70133071129203,"Low",7.82117134252114,"Below average - fewer cases than typical at this point","Saint Barthelemy"
"BLM",4,7,0.418040223847244,26.1,0.463349829920402,105.8,26.1,105.8,0.215376397385686,0.044708591881084,2025,"Estimates",2025-07-01,1,NA,NA,NA,NA,NA,NA,"current_month_missing",4,"2025/2026","Unobserved",1,21,0,30,0.89417183762168,6,"Caribbean","Saint Barthelemy",0.463349829920402,105.8,11.7766747032294,"Low","Below average - fewer cases than typical at this point",-0.672792593055063,"Low",7.82117134252114,"Below average - fewer cases than typical at this point","Saint Barthelemy"
"BLM",5,8,0.284211937874277,44.1,0.41878894340633,149.9,44.1,149.9,0.270461110018088,0.0550847126324021,2025,"Estimates",2025-08-01,1,NA,NA,NA,NA,NA,NA,"current_month_missing",4,"2025/2026","Unobserved",2,22,0,30,1.10169425264804,6,"Caribbean","Saint Barthelemy",0.41878894340633,149.9,14.580021632251,"Low","Below average - fewer cases than typical at this point",-0.637614708900336,"Low",7.82117134252114,"Below average - fewer cases than typical at this point","Saint Barthelemy"
"BLM",6,9,0.40841611671691,39.6,0.409197877036543,189.5,39.6,189.5,0.332405643007253,0.0619445329891643,2025,"WHO",2025-09-01,0,0,0,11,1,TRUE,"applied_mean",NA,4,"2025/2026","Observed",2,22,0,30,NA,6,"Caribbean","Saint Barthelemy",0.409197877036543,189.5,13.7435453089376,"Low","Below average - fewer cases than typical at this point",-0.632252202808671,"Low",7.82117134252114,"Below average - fewer cases than typical at this point","Saint Barthelemy"
"BLM",7,10,0.36895719984558,38,0.412265141367936,227.5,38,227.5,0.397166112182603,0.0647604691753507,2025,"Estimates",2025-10-01,1,NA,NA,NA,NA,NA,NA,"current_month_missing",4,"2025/2026","Unobserved",3,23,0,30,1.29520938350701,6,"Caribbean","Saint Barthelemy",0.412265141367936,227.5,14.3176026354463,"Low","Below average - fewer cases than typical at this point",-0.633038470842379,"Low",7.82117134252114,"Below average - fewer cases than typical at this point","Saint Barthelemy"
"BLM",8,11,0.443954963750316,77.1,0.41558955590665,304.599999999999,77.1,304.6,0.542898000215774,0.14573188803317,2025,"Estimates",2025-11-01,3,NA,NA,NA,NA,NA,NA,"current_month_missing",4,"2025/2026","Unobserved",6,26,0,30,2.91463776066341,6,"Caribbean","Saint Barthelemy",0.41558955590665,304.599999999999,15.9950607204019,"Low","Below average - fewer cases than typical at this point",-0.631533143664148,"Low",7.82117134252114,"Below average - fewer cases than typical at this point","Saint Barthelemy"
"BLM",9,12,0.938567258005794,48.4,0.594440674123532,353,48.4,353,0.673996698360677,0.131098698144903,2025,"WHO",2025-12-01,0,0,0,8,1,TRUE,"applied_mean",NA,4,"2025/2026","Observed",6,26,0,30,NA,6,"Caribbean","Saint Barthelemy",0.594440674123532,353,7.82117134252114,"Low","Below average - fewer cases than typical at this point",-0.757257645802992,"Low",7.82117134252114,"Below average - fewer cases than typical at this point","Saint Barthelemy"
"BLM",10,1,0.732078615007286,35.5,0.854773906519248,388.5,35.5,388.5,0.82112105408456,0.147124355723883,2026,"WHO",2026-01-01,0,0,0,7,1,TRUE,"applied_mean",NA,4,"2025/2026","Observed",6,0,0,0,NA,6,"Caribbean","Saint Barthelemy",0.854773906519248,388.5,2.93193900493841,"Extremely Low","Rare good event - unusually low cases to date",-0.909261502972628,"Extremely Low",2.24277460734631,"Rare good event - unusually low cases to date","Saint Barthelemy"
"BLM",11,2,0.957664270100856,20,0.955606303744579,408.5,20,408.5,0.90825474266076,0.0871336885762007,2026,"WHO",2026-02-01,0,0,0,6,1,TRUE,"applied_mean",NA,4,"2025/2026","Observed",6,0,0,0,NA,6,"Caribbean","Saint Barthelemy",0.955606303744579,408.5,1.97746653659405,"Extremely Low","Rare good event - unusually low cases to date",-0.962068391603207,"Extremely Low",2.24277460734631,"Rare good event - unusually low cases to date","Saint Barthelemy"
"BLM",12,3,0.663373240922112,18.7,1.05818600212906,427.2,18.7,427.2,1,0.0917452573392396,2026,"WHO",2026-03-01,0,0,0,5,1,TRUE,"applied_mean",NA,4,"2025/2026","Observed",6,0,0,0,NA,6,"Caribbean","Saint Barthelemy",1.05818600212906,427.2,1.32686389433038,"Extremely Low","Rare good event - unusually low cases to date",-1.01298009155988,"Extremely Low",2.24277460734631,"Rare good event - unusually low cases to date","Saint Barthelemy"
"BLM",1,4,0.575442749690389,18.5,0.575442749690389,18.5,18.5,18.5,0.0404736480338015,0.0404736480338015,2026,"WHO",2026-04-01,0,0,0,4,1,TRUE,"applied_mean",NA,4,"2026/2027","Observed",0,0,0,0,NA,0,"Caribbean","Saint Barthelemy",0.575442749690389,18.5,13.3369069525573,"Low","Below average - fewer cases than typical at this point",-0.747049900096837,"Extremely Low",2.24277460734631,"Rare good event - unusually low cases to date","Saint Barthelemy"
"BLM",2,5,0.509634790599053,31.9,0.508963399304863,50.4,31.9,50.4,0.108955072013831,0.0684814239800297,2026,"WHO",2026-05-01,0,0,0,3,1,TRUE,"applied_mean",NA,4,"2026/2027","Observed",0,0,0,0,NA,0,"Caribbean","Saint Barthelemy",0.508963399304863,50.4,9.59441247060387,"Low","Below average - fewer cases than typical at this point",-0.709841550872927,"Extremely Low",2.24277460734631,"Rare good event - unusually low cases to date","Saint Barthelemy"
"BLM",3,6,0.537719728805657,29.3,0.494919136558599,79.6999999999999,29.3,79.7,0.170667805504602,0.061712733490771,2026,"Estimates",2026-06-01,0,NA,NA,2,1.54,FALSE,"applied_mean",NA,4,"2026/2027","Unobserved",0,0,0,0,0,0,"Caribbean","Saint Barthelemy",0.494919136558599,79.6999999999999,8.0615849782475,"Low","Below average - fewer cases than typical at this point",-0.70133071129203,"Extremely Low",2.24277460734631,"Rare good event - unusually low cases to date","Saint Barthelemy"
"BLM",4,7,0.418040223847244,26.1,0.463349829920402,105.8,26.1,105.8,0.215376397385686,0.044708591881084,2026,"Estimates",2026-07-01,0,NA,NA,1,NA,FALSE,"no_lookup_match",NA,4,"2026/2027","Unobserved",0,0,0,0,0,0,"Caribbean","Saint Barthelemy",0.463349829920402,105.8,8.05887731772947,"Low","Below average - fewer cases than typical at this point",-0.679212369706352,"Extremely Low",2.24277460734631,"Rare good event - unusually low cases to date","Saint Barthelemy"
"BLM",5,8,0.284211937874277,44.1,0.41878894340633,149.9,44.1,149.9,0.270461110018088,0.0550847126324021,2026,"Estimates",2026-08-01,0,NA,NA,NA,NA,NA,NA,NA,4,"2026/2027","Unobserved",0,0,0,0,0,0,"Caribbean","Saint Barthelemy",0.41878894340633,149.9,8.51111945312733,"Low","Below average - fewer cases than typical at this point",-0.64623694972387,"Extremely Low",2.24277460734631,"Rare good event - unusually low cases to date","Saint Barthelemy"
"BLM",6,9,0.40841611671691,39.6,0.409197877036543,189.5,39.6,189.5,0.332405643007253,0.0619445329891643,2026,NA,2026-09-01,NA,NA,NA,NA,NA,NA,NA,NA,4,"2026/2027","Unobserved",0,0,0,0,NA,0,"Caribbean","Saint Barthelemy",0.409197877036543,189.5,8.10639522679193,"Low","Below average - fewer cases than typical at this point",-0.638996226305297,"Extremely Low",2.24277460734631,"Rare good event - unusually low cases to date","Saint Barthelemy"
"BLM",7,10,0.36895719984558,38,0.412265141367936,227.5,38,227.5,0.397166112182603,0.0647604691753507,2026,NA,2026-10-01,NA,NA,NA,NA,NA,NA,NA,NA,4,"2026/2027","Unobserved",0,0,0,0,NA,0,"Caribbean","Saint Barthelemy",0.412265141367936,227.5,7.40159469307379,"Low","Below average - fewer cases than typical at this point",-0.641497782256754,"Extremely Low",2.24277460734631,"Rare good event - unusually low cases to date","Saint Barthelemy"
"BLM",8,11,0.443954963750316,77.1,0.41558955590665,304.599999999999,77.1,304.6,0.542898000215774,0.14573188803317,2026,NA,2026-11-01,NA,NA,NA,NA,NA,NA,NA,NA,4,"2026/2027","Unobserved",0,0,0,0,NA,0,"Caribbean","Saint Barthelemy",0.41558955590665,304.599999999999,6.44262285205125,"Low","Below average - fewer cases than typical at this point",-0.644223025988277,"Extremely Low",2.24277460734631,"Rare good event - unusually low cases to date","Saint Barthelemy"
"BLM",9,12,0.938567258005794,48.4,0.594440674123532,353,48.4,353,0.673996698360677,0.131098698144903,2026,NA,2026-12-01,NA,NA,NA,NA,NA,NA,NA,NA,4,"2026/2027","Unobserved",0,0,0,0,NA,0,"Caribbean","Saint Barthelemy",0.594440674123532,353,2.24277460734631,"Extremely Low","Rare good event - unusually low cases to date",-0.770351437949441,"Extremely Low",2.24277460734631,"Rare good event - unusually low cases to date","Saint Barthelemy"
"BLZ",11,1,1.55545465517077,257.8125,1.98136560818486,3403.6875,257.8125,3403.6875,0.940268009799503,0.082272698924677,2025,"PAHO",2025-01-01,54,54,NA,84,NA,FALSE,"country_excluded","current_month_missing",3,"2024/2025","Observed",54,54,111,3260,NA,111,"North & Central America","Belize",1.98136560818486,3403.6875,0.0553433264717664,"Extremely Low","Rare good event - unusually low cases to date",-1.3848749299367,"Normal",51.5243570690098,"Average - typical case load at this point","Belize"
"BLZ",12,2,1.86105056122938,181.25,2.05387091996187,3584.9375,181.25,3584.9375,1,0.0597319902004967,2025,"PAHO",2025-02-01,57,57,NA,80,NA,FALSE,"country_excluded","current_month_missing",3,"2024/2025","Observed",111,111,111,3260,NA,111,"North & Central America","Belize",2.05387091996187,3584.9375,0.163172721633136,"Extremely Low","Rare good event - unusually low cases to date",-1.38836166469817,"Normal",51.5243570690098,"Average - typical case load at this point","Belize"
"BLZ",1,3,1.75371951765427,200.4375,1.75371951765427,200.4375,200.4375,200.4375,0.0664253171507558,0.0664253171507558,2025,"PAHO",2025-03-01,98,98,NA,75,NA,FALSE,"country_excluded","current_month_missing",3,"2025/2026","Observed",98,209,2933,3260,NA,2933,"North & Central America","Belize",1.75371951765427,200.4375,28.4015979431519,"Normal","Average - typical case load at this point",-0.673858023994303,"Normal",51.5243570690098,"Average - typical case load at this point","Belize"
"BLZ",2,4,2.30277156145456,142.375,2.04473126625364,342.8125,142.375,342.8125,0.111202113504328,0.0447767963535721,2025,"PAHO",2025-04-01,57,57,NA,71,NA,FALSE,"country_excluded","current_month_missing",3,"2025/2026","Observed",155,266,2933,3260,NA,2933,"North & Central America","Belize",2.04473126625364,342.8125,22.7190645299301,"Low","Below average - fewer cases than typical at this point",-0.781078384711587,"Normal",51.5243570690098,"Average - typical case load at this point","Belize"
"BLZ",3,5,1.92608431815045,176.6875,2.15195909749928,519.5,176.6875,519.5,0.164985047175208,0.05378293367088,2025,"PAHO",2025-05-01,71,71,NA,67,NA,FALSE,"country_excluded","current_month_missing",3,"2025/2026","Observed",226,337,2933,3260,NA,2933,"North & Central America","Belize",2.15195909749928,519.5,20.4435288336403,"Low","Below average - fewer cases than typical at this point",-0.82706932651522,"Normal",51.5243570690098,"Average - typical case load at this point","Belize"
"BLZ",4,6,1.87676833859045,234.3125,2.18062905190732,753.8125,234.3125,753.8125,0.230554853461908,0.0655698062867003,2025,"PAHO",2025-06-01,129,129,NA,62,NA,FALSE,"country_excluded","current_month_missing",3,"2025/2026","Observed",355,466,2933,3260,NA,2933,"North & Central America","Belize",2.18062905190732,753.8125,22.7835567325746,"Low","Below average - fewer cases than typical at this point",-0.78013375105622,"Normal",51.5243570690098,"Average - typical case load at this point","Belize"
"BLZ",5,7,2.02343202967545,330.5625,2.29996172316028,1084.375,330.5625,1084.375,0.325120496174051,0.0945656427121431,2025,"PAHO",2025-07-01,298,298,NA,58,NA,FALSE,"country_excluded","current_month_missing",3,"2025/2026","Observed",653,764,2933,3260,NA,2933,"North & Central America","Belize",2.29996172316028,1084.375,31.6319831017925,"Normal","Average - typical case load at this point",-0.602664622014589,"Normal",51.5243570690098,"Average - typical case load at this point","Belize"
"BLZ",6,8,1.37037238161345,478.749999999999,2.10203107180382,1563.125,478.75,1563.125,0.449567150152658,0.124446653978607,2025,"PAHO",2025-08-01,575,575,NA,54,NA,FALSE,"country_excluded","current_month_missing",3,"2025/2026","Observed",1228,1339,2933,3260,NA,2933,"North & Central America","Belize",2.10203107180382,1563.125,46.036435218013,"Normal","Average - typical case load at this point",-0.310628191669145,"Normal",51.5243570690098,"Average - typical case load at this point","Belize"
"BLZ",7,9,1.42909492181936,492.1875,1.97303675735926,2055.3125,492.1875,2055.3125,0.575066717071935,0.125499566919276,2025,"PAHO",2025-09-01,625,625,NA,49,NA,FALSE,"country_excluded","current_month_missing",3,"2025/2026","Observed",1853,1964,2933,3260,NA,2933,"North & Central America","Belize",1.97303675735926,2055.3125,53.9307567970411,"Normal","Average - typical case load at this point",-0.138198741002278,"Normal",51.5243570690098,"Average - typical case load at this point","Belize"
"BLZ",8,10,1.48591105035712,483.375,1.94212113334599,2538.6875,483.375,2538.6875,0.702758691153731,0.127691974081796,2025,"PAHO",2025-10-01,412,412,NA,45,NA,FALSE,"country_excluded","current_month_missing",3,"2025/2026","Observed",2265,2376,2933,3260,NA,2933,"North & Central America","Belize",1.94212113334599,2538.6875,53.4984438988274,"Normal","Average - typical case load at this point",-0.150181977540043,"Normal",51.5243570690098,"Average - typical case load at this point","Belize"
"BLZ",9,11,1.3202315504269,369.75,1.88508134486543,2908.4375,369.75,2908.4375,0.795522578884503,0.0927638877307715,2025,"PAHO",2025-11-01,221,221,NA,41,NA,FALSE,"country_excluded","current_month_missing",3,"2025/2026","Observed",2486,2597,2933,3260,NA,2933,"North & Central America","Belize",1.88508134486543,2908.4375,51.5257471780971,"Normal","Average - typical case load at this point",-0.199354975506834,"Normal",51.5243570690098,"Average - typical case load at this point","Belize"
"BLZ",10,12,0.964008581715831,237.4375,1.87366350380751,3145.875,237.4375,3145.875,0.857995310874826,0.0624727319903238,2025,"PAHO",2025-12-01,200,200,NA,36,NA,FALSE,"country_excluded","current_month_missing",3,"2025/2026","Observed",2686,2797,2933,3260,NA,2933,"North & Central America","Belize",1.87366350380751,3145.875,51.5243570690098,"Normal","Average - typical case load at this point",-0.200039078105384,"Normal",51.5243570690098,"Average - typical case load at this point","Belize"
"BLZ",11,1,1.55545465517077,257.8125,1.98136560818486,3403.6875,257.8125,3403.6875,0.940268009799503,0.082272698924677,2026,"PAHO",2026-01-01,177,177,NA,32,NA,FALSE,"country_excluded","current_month_missing",3,"2025/2026","Observed",2863,177,2933,2851,NA,2933,"North & Central America","Belize",1.98136560818486,3403.6875,50.2253772728255,"Normal","Average - typical case load at this point",-0.223538632687423,"Low",15.9322363709826,"Below average - fewer cases than typical at this point","Belize"
"BLZ",12,2,1.86105056122938,181.25,2.05387091996187,3584.9375,181.25,3584.9375,1,0.0597319902004967,2026,"PAHO",2026-02-01,70,70,NA,28,NA,FALSE,"country_excluded","current_month_missing",3,"2025/2026","Observed",2933,247,2933,2851,NA,2933,"North & Central America","Belize",2.05387091996187,3584.9375,48.4088500660734,"Normal","Average - typical case load at this point",-0.260547299074656,"Low",15.9322363709826,"Below average - fewer cases than typical at this point","Belize"
"BLZ",1,3,1.75371951765427,200.4375,1.75371951765427,200.4375,200.4375,200.4375,0.0664253171507558,0.0664253171507558,2026,"PAHO",2026-03-01,59,59,NA,23,NA,FALSE,"country_excluded","current_month_missing",3,"2026/2027","Observed",59,306,629,2851,NA,2362,"North & Central America","Belize",1.75371951765427,200.4375,14.4948252043829,"Low","Below average - fewer cases than typical at this point",-0.930409217998235,"Low",15.9322363709826,"Below average - fewer cases than typical at this point","Belize"
"BLZ",2,4,2.30277156145456,142.375,2.04473126625364,342.8125,142.375,342.8125,0.111202113504328,0.0447767963535721,2026,"PAHO",2026-04-01,11,11,NA,22,NA,FALSE,"country_excluded","current_month_missing",3,"2026/2027","Observed",70,317,629,2851,NA,2362,"North & Central America","Belize",2.04473126625364,342.8125,6.30714718594441,"Low","Below average - fewer cases than typical at this point",-1.13457808627823,"Low",15.9322363709826,"Below average - fewer cases than typical at this point","Belize"
"BLZ",3,5,1.92608431815045,176.6875,2.15195909749928,519.5,176.6875,519.5,0.164985047175208,0.05378293367088,2026,"Estimates",2026-05-01,158,NA,NA,3,0.920845877249764,FALSE,"applied_mean",NA,3,"2026/2027","Unobserved",228,475,629,2851,157.745344456691,2362,"North & Central America","Belize",2.15195909749928,519.5,20.723828217624,"Low","Below average - fewer cases than typical at this point",-0.821433419690585,"Low",15.9322363709826,"Below average - fewer cases than typical at this point","Belize"
"BLZ",4,6,1.87676833859045,234.3125,2.18062905190732,753.8125,234.3125,753.8125,0.230554853461908,0.0655698062867003,2026,"Estimates",2026-06-01,192,NA,NA,2,1.29777727393187,FALSE,"applied_mean",NA,3,"2026/2027","Unobserved",420,667,629,2851,192.316241838892,2362,"North & Central America","Belize",2.18062905190732,753.8125,29.1989833011222,"Normal","Average - typical case load at this point",-0.652984542296078,"Low",15.9322363709826,"Below average - fewer cases than typical at this point","Belize"
"BLZ",5,7,2.02343202967545,330.5625,2.29996172316028,1084.375,330.5625,1084.375,0.325120496174051,0.0945656427121431,2026,"Estimates",2026-07-01,277,NA,NA,1,NA,FALSE,"insufficient_n_rf",NA,3,"2026/2027","Unobserved",697,944,629,2851,277.361030074716,2362,"North & Central America","Belize",2.29996172316028,1084.375,34.6744481729716,"Normal","Average - typical case load at this point",-0.541193179838659,"Low",15.9322363709826,"Below average - fewer cases than typical at this point","Belize"
"BLZ",6,8,1.37037238161345,478.749999999999,2.10203107180382,1563.125,478.75,1563.125,0.449567150152658,0.124446653978607,2026,"Estimates",2026-08-01,365,NA,NA,NA,NA,NA,NA,NA,3,"2026/2027","Unobserved",1062,1309,629,2851,365.002036119255,2362,"North & Central America","Belize",2.10203107180382,1563.125,38.6964568278235,"Normal","Average - typical case load at this point",-0.464494002387767,"Low",15.9322363709826,"Below average - fewer cases than typical at this point","Belize"
"BLZ",7,9,1.42909492181936,492.1875,1.97303675735926,2055.3125,492.1875,2055.3125,0.575066717071935,0.125499566919276,2026,NA,2026-09-01,NA,NA,NA,NA,NA,NA,NA,NA,3,"2026/2027","Unobserved",1062,1309,629,2851,NA,2362,"North & Central America","Belize",1.97303675735926,2055.3125,27.9358372562231,"Normal","Average - typical case load at this point",-0.678527213700716,"Low",15.9322363709826,"Below average - fewer cases than typical at this point","Belize"
"BLZ",8,10,1.48591105035712,483.375,1.94212113334599,2538.6875,483.375,2538.6875,0.702758691153731,0.127691974081796,2026,NA,2026-10-01,NA,NA,NA,NA,NA,NA,NA,NA,3,"2026/2027","Unobserved",1062,1309,629,2851,NA,2362,"North & Central America","Belize",1.94212113334599,2538.6875,21.0291780444321,"Low","Below average - fewer cases than typical at this point",-0.810310478040331,"Low",15.9322363709826,"Below average - fewer cases than typical at this point","Belize"
"BLZ",9,11,1.3202315504269,369.75,1.88508134486543,2908.4375,369.75,2908.4375,0.795522578884503,0.0927638877307715,2026,NA,2026-11-01,NA,NA,NA,NA,NA,NA,NA,NA,3,"2026/2027","Unobserved",1062,1309,629,2851,NA,2362,"North & Central America","Belize",1.88508134486543,2908.4375,17.7664096037999,"Low","Below average - fewer cases than typical at this point",-0.871363225536086,"Low",15.9322363709826,"Below average - fewer cases than typical at this point","Belize"
"BLZ",10,12,0.964008581715831,237.4375,1.87366350380751,3145.875,237.4375,3145.875,0.857995310874826,0.0624727319903238,2026,NA,2026-12-01,NA,NA,NA,NA,NA,NA,NA,NA,3,"2026/2027","Unobserved",1062,1309,629,2851,NA,2362,"North & Central America","Belize",1.87366350380751,3145.875,15.9322363709826,"Low","Below average - fewer cases than typical at this point",-0.906455958438398,"Low",15.9322363709826,"Below average - fewer cases than typical at this point","Belize"
"BOL",6,1,0.952690872808259,7042.5,1.8433010542869,13631.8125,7042.5,13631.8125,0.320640981044294,0.124905588368126,2025,"PAHO",2025-01-01,4204,4204,NA,84,NA,FALSE,"no_lookup_match","current_month_missing",8,"2024/2025","Observed",4204,4204,29022,194283,NA,29022,"South America","Bolivia",1.8433010542869,13631.8125,14.1854839115081,"Low","Below average - fewer cases than typical at this point",-0.938914633314038,"High",77.8129956953404,"Above average - more cases than typical at this point","Bolivia"
"BOL",7,2,0.847549061135647,10061.5,1.37974478611395,23693.3125,10061.5,23693.3125,0.484700784605029,0.164059803560736,2025,"PAHO",2025-02-01,3443,3443,NA,80,NA,FALSE,"no_lookup_match","current_month_missing",8,"2024/2025","Observed",7647,7647,29022,194283,NA,29022,"South America","Bolivia",1.37974478611395,23693.3125,20.7888322781487,"Low","Below average - fewer cases than typical at this point",-0.795492701005541,"High",77.8129956953404,"Above average - more cases than typical at this point","Bolivia"
"BOL",8,3,1.20948046630221,10052.375,1.40457681907808,33745.6875,10052.375,33745.6875,0.674426448867091,0.189725664262061,2025,"PAHO",2025-03-01,5848,5848,NA,75,NA,FALSE,"no_lookup_match","current_month_missing",8,"2024/2025","Observed",13495,13495,29022,194283,NA,29022,"South America","Bolivia",1.40457681907808,33745.6875,26.0112783061316,"Normal","Average - typical case load at this point",-0.711189279980789,"High",77.8129956953404,"Above average - more cases than typical at this point","Bolivia"
"BOL",9,4,1.64610034009654,7454.81249999998,1.53649458891562,41200.5,7454.8125,41200.5,0.838953826541861,0.16452737767477,2025,"PAHO",2025-04-01,4561,4561,NA,71,NA,FALSE,"no_lookup_match","current_month_missing",8,"2024/2025","Observed",18056,18056,29022,194283,NA,29022,"South America","Bolivia",1.53649458891562,41200.5,26.9672474583815,"Normal","Average - typical case load at this point",-0.696310166318765,"High",77.8129956953404,"Above average - more cases than typical at this point","Bolivia"
"BOL",10,5,1.92120746310337,3825.1875,1.65329137297639,45025.6875,3825.1875,45025.6875,0.937391750805534,0.0984379242636739,2025,"PAHO",2025-05-01,5762,5762,NA,67,NA,FALSE,"no_lookup_match","current_month_missing",8,"2024/2025","Observed",23818,23818,29022,194283,NA,29022,"South America","Bolivia",1.65329137297639,45025.6875,32.0031597734883,"Normal","Average - typical case load at this point",-0.605619275133678,"High",77.8129956953404,"Above average - more cases than typical at this point","Bolivia"
"BOL",11,6,1.72492049198854,1388,1.70607933576808,46413.6874999998,1388,46413.6875,0.97632419913071,0.0389324483251758,2025,"PAHO",2025-06-01,4063,4063,NA,62,NA,FALSE,"no_lookup_match","current_month_missing",8,"2024/2025","Observed",27881,27881,29022,194283,NA,29022,"South America","Bolivia",1.70607933576808,46413.6874999998,36.4296385995378,"Normal","Average - typical case load at this point",-0.521535599694812,"High",77.8129956953404,"Above average - more cases than typical at this point","Bolivia"
"BOL",12,7,3.37270771785161,686.437499999999,1.75394915097955,47100.1249999999,686.4375,47100.125,1,0.0236758008692897,2025,"PAHO",2025-07-01,1141,1141,NA,58,NA,FALSE,"no_lookup_match","current_month_missing",8,"2024/2025","Observed",29022,29022,29022,194283,NA,29022,"South America","Bolivia",1.75394915097955,47100.1249999999,37.0368285519198,"Normal","Average - typical case load at this point",-0.508313610423059,"High",77.8129956953404,"Above average - more cases than typical at this point","Bolivia"
"BOL",1,8,3.45776508840942,546.312499999999,3.45776508840942,546.312499999999,546.3125,546.3125,0.0168605194351579,0.0168605194351579,2025,"PAHO",2025-08-01,841,841,NA,54,NA,FALSE,"no_lookup_match","current_month_missing",8,"2025/2026","Observed",841,29863,76644,194283,NA,76644,"South America","Bolivia",3.45776508840942,546.312499999999,85.0071783642157,"High","Above average - more cases than typical at this point",0.999880882270699,"High",77.8129956953404,"Above average - more cases than typical at this point","Bolivia"
"BOL",2,9,2.64905636807521,596.312500000001,3.11481868578897,1142.625,596.3125,1142.625,0.0341855828591353,0.0173250634239774,2025,"PAHO",2025-09-01,1167,1167,NA,49,1,TRUE,"applied_mean","previous_month_missing",8,"2025/2026","Observed",2008,31030,76644,194283,NA,76644,"South America","Bolivia",3.11481868578897,1142.625,89.9362968197071,"High","Above average - more cases than typical at this point",1.33482971483101,"High",77.8129956953404,"Above average - more cases than typical at this point","Bolivia"
"BOL",3,10,3.19931242740219,948.5625,3.26686152332733,2091.1875,948.5625,2091.1875,0.0627664368938003,0.028580854034665,2025,"PAHO",2025-10-01,1060,1060,1060,45,1,TRUE,"applied_mean","not_missing",8,"2025/2026","Observed",3068,32090,76644,194283,NA,76644,"South America","Bolivia",3.26686152332733,2091.1875,82.1032242605212,"High","Above average - more cases than typical at this point",0.843615661280334,"High",77.8129956953404,"Above average - more cases than typical at this point","Bolivia"
"BOL",4,11,3.10591585086453,1629.5,3.58376556079554,3720.6875,1629.5,3720.6875,0.114289247309316,0.0515228104155155,2025,"PAHO",2025-11-01,1833,1833,1833,41,1,TRUE,"applied_mean","not_missing",8,"2025/2026","Observed",4901,33923,76644,194283,NA,76644,"South America","Bolivia",3.58376556079554,3720.6875,76.4128186553175,"High","Above average - more cases than typical at this point",0.600253293441473,"High",77.8129956953404,"Above average - more cases than typical at this point","Bolivia"
"BOL",5,12,2.01383959223686,2868.625,3.10116856637757,6589.3125,2868.625,6589.3125,0.195735392676168,0.0814461453668523,2025,"PAHO",2025-12-01,4105,4105,4105,36,1,TRUE,"applied_mean","not_missing",8,"2025/2026","Observed",9006,38028,76644,194283,NA,76644,"South America","Bolivia",3.10116856637757,6589.3125,77.8129956953404,"High","Above average - more cases than typical at this point",0.645715043584756,"High",77.8129956953404,"Above average - more cases than typical at this point","Bolivia"
"BOL",6,1,0.952690872808259,7042.5,1.8433010542869,13631.8125,7042.5,13631.8125,0.320640981044294,0.124905588368126,2026,"PAHO",2026-01-01,11646,11329,11646,32,1.02795228384303,TRUE,"applied_mean","not_missing",8,"2025/2026","Observed",20652,11646,76644,4039615,NA,76644,"South America","Bolivia",1.8433010542869,13631.8125,80.0985835378546,"High","Above average - more cases than typical at this point",0.699139569476834,"Extremely Low",0.118162431712907,"Rare good event - unusually low cases to date","Bolivia"
"BOL",7,2,0.847549061135647,10061.5,1.37974478611395,23693.3125,10061.5,23693.3125,0.484700784605029,0.164059803560736,2026,"PAHO",2026-02-01,21822,19820,21822,28,1.07445150269714,TRUE,"applied_mean","not_missing",8,"2025/2026","Observed",42474,33468,76644,4039615,NA,76644,"South America","Bolivia",1.37974478611395,23693.3125,84.9011981023213,"High","Above average - more cases than typical at this point",0.931048789316297,"Extremely Low",0.118162431712907,"Rare good event - unusually low cases to date","Bolivia"
"BOL",8,3,1.20948046630221,10052.375,1.40457681907808,33745.6875,10052.375,33745.6875,0.674426448867091,0.189725664262061,2026,"PAHO",2026-03-01,18882,14868,18882,23,1.13763346701648,TRUE,"applied_mean","not_missing",8,"2025/2026","Observed",61356,52350,76644,4039615,NA,76644,"South America","Bolivia",1.40457681907808,33745.6875,85.4688693302126,"High","Above average - more cases than typical at this point",0.969653907647311,"Extremely Low",0.118162431712907,"Rare good event - unusually low cases to date","Bolivia"
"BOL",9,4,1.64610034009654,7454.81249999998,1.53649458891562,41200.5,7454.8125,41200.5,0.838953826541861,0.16452737767477,2026,"PAHO",2026-04-01,8874,8065,8874,19,1.13206408050193,TRUE,"applied_mean","not_missing",8,"2025/2026","Observed",70230,61224,76644,4039615,NA,76644,"South America","Bolivia",1.53649458891562,41200.5,83.7692449897949,"High","Above average - more cases than typical at this point",0.873362395953706,"Extremely Low",0.118162431712907,"Rare good event - unusually low cases to date","Bolivia"
"BOL",10,5,1.92120746310337,3825.1875,1.65329137297639,45025.6875,3825.1875,45025.6875,0.937391750805534,0.0984379242636739,2026,"PAHO",2026-05-01,2741,2436,2741,15,1.13176913814536,TRUE,"applied_mean","not_missing",8,"2025/2026","Observed",72971,63965,76644,4039615,NA,76644,"South America","Bolivia",1.65329137297639,45025.6875,82.2864950586508,"High","Above average - more cases than typical at this point",0.798022882015501,"Extremely Low",0.118162431712907,"Rare good event - unusually low cases to date","Bolivia"
"BOL",11,6,1.72492049198854,1388,1.70607933576808,46413.6874999998,1388,46413.6875,0.97632419913071,0.0389324483251758,2026,"PAHO",2026-06-01,2245,1124,2245,10,1.14863921202249,TRUE,"applied_mean","not_missing",8,"2025/2026","Observed",75216,66210,76644,4039615,NA,76644,"South America","Bolivia",1.70607933576808,46413.6874999998,82.4576786336423,"High","Above average - more cases than typical at this point",0.810537129182436,"Extremely Low",0.118162431712907,"Rare good event - unusually low cases to date","Bolivia"
"BOL",12,7,3.37270771785161,686.437499999999,1.75394915097955,47100.1249999999,686.4375,47100.125,1,0.0236758008692897,2026,"PAHO",2026-07-01,1428,668,1428,6,1.15996879530479,TRUE,"applied_mean","not_missing",8,"2025/2026","Observed",76644,67638,76644,4039615,NA,76644,"South America","Bolivia",1.75394915097955,47100.1249999999,82.7774494031287,"High","Above average - more cases than typical at this point",0.830703060584968,"Extremely Low",0.118162431712907,"Rare good event - unusually low cases to date","Bolivia"
"BOL",1,8,3.45776508840942,546.312499999999,3.45776508840942,546.312499999999,546.3125,546.3125,0.0168605194351579,0.0168605194351579,2026,"PAHO",2026-08-01,472,318,472,4,1.16173580414781,TRUE,"applied_mean","not_missing",8,"2026/2027","Observed",472,68110,27994,4039615,NA,27994,"South America","Bolivia",3.45776508840942,546.312499999999,46.7993192565086,"Normal","Average - typical case load at this point",-0.252143874659563,"Extremely Low",0.118162431712907,"Rare good event - unusually low cases to date","Bolivia"
"BOL",2,9,2.64905636807521,596.312500000001,3.11481868578897,1142.625,596.3125,1142.625,0.0341855828591353,0.0173250634239774,2026,NA,2026-09-01,NA,NA,NA,NA,NA,NA,NA,NA,8,"2026/2027","Unobserved",472,68110,27994,4039615,NA,27994,"South America","Bolivia",3.11481868578897,1142.625,12.3913466670515,"Low","Below average - fewer cases than typical at this point",-1.03443036545838,"Extremely Low",0.118162431712907,"Rare good event - unusually low cases to date","Bolivia"
"BOL",3,10,3.19931242740219,948.5625,3.26686152332733,2091.1875,948.5625,2091.1875,0.0627664368938003,0.028580854034665,2026,NA,2026-10-01,NA,NA,NA,NA,NA,NA,NA,NA,8,"2026/2027","Unobserved",472,68110,27994,4039615,NA,27994,"South America","Bolivia",3.26686152332733,2091.1875,2.53005038346235,"Extremely Low","Rare good event - unusually low cases to date",-1.39839727025334,"Extremely Low",0.118162431712907,"Rare good event - unusually low cases to date","Bolivia"
"BOL",4,11,3.10591585086453,1629.5,3.58376556079554,3720.6875,1629.5,3720.6875,0.114289247309316,0.0515228104155155,2026,NA,2026-11-01,NA,NA,NA,NA,NA,NA,NA,NA,8,"2026/2027","Unobserved",472,68110,27994,4039615,NA,27994,"South America","Bolivia",3.58376556079554,3720.6875,0.323402753698788,"Extremely Low","Rare good event - unusually low cases to date",-1.65213481280351,"Extremely Low",0.118162431712907,"Rare good event - unusually low cases to date","Bolivia"
"BOL",5,12,2.01383959223686,2868.625,3.10116856637757,6589.3125,2868.625,6589.3125,0.195735392676168,0.0814461453668523,2026,NA,2026-12-01,NA,NA,NA,NA,NA,NA,NA,NA,8,"2026/2027","Unobserved",472,68110,27994,4039615,NA,27994,"South America","Bolivia",3.10116856637757,6589.3125,0.118162431712907,"Extremely Low","Rare good event - unusually low cases to date",-1.63448551273554,"Extremely Low",0.118162431712907,"Rare good event - unusually low cases to date","Bolivia"
"BRA",4,1,1.30286451277511,193657.599999999,1.5836663585477,314251.066666665,193657.6,314251.066666667,0.164608857556506,0.0931373539664424,2025,"PAHO",2025-01-01,462699,462699,NA,84,NA,FALSE,"no_lookup_match","current_month_missing",10,"2024/2025","Observed",462699,462699,3497291,53765302,NA,3497291,"South America","Brazil",1.5836663585477,314251.066666665,78.2171011313859,"High","Above average - more cases than typical at this point",0.594467541356891,"Extremely High",97.8171655923369,"Rare bad event - unusually high cases to date","Brazil"
"BRA",5,2,1.05327564308929,311281.933333333,1.3155110775595,625532.999999999,311281.933333333,625533,0.295988133583217,0.131379276026711,2025,"PAHO",2025-02-01,569042,569042,NA,80,NA,FALSE,"no_lookup_match","current_month_missing",10,"2024/2025","Observed",1031741,1031741,3497291,53765302,NA,3497291,"South America","Brazil",1.3155110775595,625532.999999999,81.8037011329605,"High","Above average - more cases than typical at this point",0.744809220691094,"Extremely High",97.8171655923369,"Rare bad event - unusually high cases to date","Brazil"
"BRA",6,3,1.04760744790662,485655.733333336,1.23372170671969,1111188.73333333,485655.733333333,1111188.73333333,0.494905518028655,0.198917384445437,2025,"PAHO",2025-03-01,870968,870968,NA,75,NA,FALSE,"no_lookup_match","current_month_missing",10,"2024/2025","Observed",1902709,1902709,3497291,53765302,NA,3497291,"South America","Brazil",1.23372170671969,1111188.73333333,82.80009675196,"High","Above average - more cases than typical at this point",0.79119324721456,"Extremely High",97.8171655923369,"Rare bad event - unusually high cases to date","Brazil"
"BRA",7,4,1.33414069594112,458810.400000001,1.29842085942787,1569999.13333334,458810.4,1569999.13333333,0.705967240497771,0.211061722469116,2025,"PAHO",2025-04-01,614836,614836,NA,71,NA,FALSE,"no_lookup_match","current_month_missing",10,"2024/2025","Observed",2517545,2517545,3497291,53765302,NA,3497291,"South America","Brazil",1.29842085942787,1569999.13333334,80.7425187026533,"High","Above average - more cases than typical at this point",0.687714832463632,"Extremely High",97.8171655923369,"Rare bad event - unusually high cases to date","Brazil"
"BRA",8,5,1.3447183617819,311111.933333331,1.34531666219716,1881111.06666666,311111.933333333,1881111.06666667,0.854728157762516,0.148760917264745,2025,"PAHO",2025-05-01,466447,466447,NA,67,NA,FALSE,"no_lookup_match","current_month_missing",10,"2024/2025","Observed",2983992,2983992,3497291,53765302,NA,3497291,"South America","Brazil",1.34531666219716,1881111.06666666,80.4926015202824,"High","Above average - more cases than typical at this point",0.680027217836244,"Extremely High",97.8171655923369,"Rare bad event - unusually high cases to date","Brazil"
"BRA",9,6,1.43989837318353,127718.066666667,1.36958183459215,2008829.13333334,127718.066666667,2008829.13333333,0.919105434246914,0.0643772764843988,2025,"PAHO",2025-06-01,209348,209348,NA,62,NA,FALSE,"no_lookup_match","current_month_missing",10,"2024/2025","Observed",3193340,3193340,3497291,53765302,NA,3497291,"South America","Brazil",1.36958183459215,2008829.13333334,80.644480927015,"High","Above average - more cases than typical at this point",0.690064834776629,"Extremely High",97.8171655923369,"Rare bad event - unusually high cases to date","Brazil"
"BRA",10,7,2.01645431270184,60127.8666666667,1.39509964689923,2068957,60127.8666666667,2068957,0.953936739939629,0.0348313056927144,2025,"PAHO",2025-07-01,89048,89048,NA,58,NA,FALSE,"no_lookup_match","current_month_missing",10,"2024/2025","Observed",3282388,3282388,3497291,53765302,NA,3497291,"South America","Brazil",1.39509964689923,2068957,80.6486365524976,"High","Above average - more cases than typical at this point",0.692733338780289,"Extremely High",97.8171655923369,"Rare bad event - unusually high cases to date","Brazil"
"BRA",11,8,2.18964252132517,40514.2666666666,1.41407409328839,2109471.26666667,40514.2666666667,2109471.26666667,0.978167150444859,0.02423041050523,2025,"PAHO",2025-08-01,84833,84833,NA,54,NA,FALSE,"no_lookup_match","current_month_missing",10,"2024/2025","Observed",3367221,3367221,3497291,53765302,NA,3497291,"South America","Brazil",1.41407409328839,2109471.26666667,80.9358785089566,"High","Above average - more cases than typical at this point",0.709016851017621,"Extremely High",97.8171655923369,"Rare bad event - unusually high cases to date","Brazil"
"BRA",12,9,1.62424710479274,39177.5333333333,1.42644287497947,2148648.8,39177.5333333333,2148648.8,1,0.0218328495551413,2025,"PAHO",2025-09-01,130070,129908,NA,49,1.00004618418542,TRUE,"applied_mean","previous_month_missing",10,"2024/2025","Observed",3497291,3497291,3497291,53765302,NA,3497291,"South America","Brazil",1.42644287497947,2148648.8,81.6985962531727,"High","Above average - more cases than typical at this point",0.749649676022898,"Extremely High",97.8171655923369,"Rare bad event - unusually high cases to date","Brazil"
"BRA",1,10,1.85166489418117,34391,1.85166489418117,34391,34391,34391,0.0211845816103336,0.0211845816103336,2025,"PAHO",2025-10-01,108102,108107,108102,45,1.00004357990073,TRUE,"applied_mean","not_missing",10,"2025/2026","Observed",108102,3605393,1698002,53765302,NA,1698002,"South America","Brazil",1.85166489418117,34391,98.3933871735546,"Extremely High","Rare bad event - unusually high cases to date",2.91646657965675,"Extremely High",97.8171655923369,"Rare bad event - unusually high cases to date","Brazil"
"BRA",2,11,1.88178706077312,42456.6666666665,1.93376187250559,76847.6666666664,42456.6666666667,76847.6666666667,0.0461694780765328,0.0249848964661992,2025,"PAHO",2025-11-01,111439,111429,111439,41,1.00004484268771,TRUE,"applied_mean","not_missing",10,"2025/2026","Observed",219541,3716832,1698002,53765302,NA,1698002,"South America","Brazil",1.93376187250559,76847.6666666664,97.6415950379946,"Extremely High","Rare bad event - unusually high cases to date",2.5820760544288,"Extremely High",97.8171655923369,"Rare bad event - unusually high cases to date","Brazil"
"BRA",3,12,1.85586747754403,43745.7999999998,2.00276596526429,120593.466666666,43745.8,120593.466666667,0.0714715035900638,0.025302025513531,2025,"PAHO",2025-12-01,125855,125800,125855,36,1.00005781881657,TRUE,"applied_mean","not_missing",10,"2025/2026","Observed",345396,3842687,1698002,53765302,NA,1698002,"South America","Brazil",2.00276596526429,120593.466666666,97.8171655923369,"Extremely High","Rare bad event - unusually high cases to date",2.63808579929062,"Extremely High",97.8171655923369,"Rare bad event - unusually high cases to date","Brazil"
"BRA",4,1,1.30286451277511,193657.599999999,1.5836663585477,314251.066666665,193657.6,314251.066666667,0.164608857556506,0.0931373539664424,2026,"PAHO",2026-01-01,166163,166779,166163,32,0.996308049520852,TRUE,"applied_mean","not_missing",10,"2025/2026","Observed",511559,166163,1698002,1344897,NA,1698002,"South America","Brazil",1.5836663585477,314251.066666665,82.2268525326643,"High","Above average - more cases than typical at this point",0.790129976114245,"Extremely Low",2.67533353693961e-08,"Rare good event - unusually low cases to date","Brazil"
"BRA",5,2,1.05327564308929,311281.933333333,1.3155110775595,625532.999999999,311281.933333333,625533,0.295988133583217,0.131379276026711,2026,"PAHO",2026-02-01,181623,183257,181623,28,0.993572060567943,TRUE,"applied_mean","not_missing",10,"2025/2026","Observed",693182,347786,1698002,1344897,NA,1698002,"South America","Brazil",1.3155110775595,625532.999999999,65.9645276762825,"Normal","Average - typical case load at this point",0.124038913488982,"Extremely Low",2.67533353693961e-08,"Rare good event - unusually low cases to date","Brazil"
"BRA",6,3,1.04760744790662,485655.733333336,1.23372170671969,1111188.73333333,485655.733333333,1111188.73333333,0.494905518028655,0.198917384445437,2026,"PAHO",2026-03-01,279906,281400,279906,23,0.994071011590689,TRUE,"applied_mean","not_missing",10,"2025/2026","Observed",973088,627692,1698002,1344897,NA,1698002,"South America","Brazil",1.23372170671969,1111188.73333333,56.4447783245948,"Normal","Average - typical case load at this point",-0.138043676517411,"Extremely Low",2.67533353693961e-08,"Rare good event - unusually low cases to date","Brazil"
"BRA",7,4,1.33414069594112,458810.400000001,1.29842085942787,1569999.13333334,458810.4,1569999.13333333,0.705967240497771,0.211061722469116,2026,"PAHO",2026-04-01,216150,209376,216150,19,1.00360365077485,TRUE,"applied_mean","not_missing",10,"2025/2026","Observed",1189238,843842,1698002,1344897,NA,1698002,"South America","Brazil",1.29842085942787,1569999.13333334,49.9617249605928,"Normal","Average - typical case load at this point",-0.276350821876487,"Extremely Low",2.67533353693961e-08,"Rare good event - unusually low cases to date","Brazil"
"BRA",8,5,1.3447183617819,311111.933333331,1.34531666219716,1881111.06666666,311111.933333333,1881111.06666667,0.854728157762516,0.148760917264745,2026,"PAHO",2026-05-01,175904,160426,175904,15,1.01848473468585,TRUE,"applied_mean","not_missing",10,"2025/2026","Observed",1365142,1019746,1698002,1344897,NA,1698002,"South America","Brazil",1.34531666219716,1881111.06666666,47.7673880930382,"Normal","Average - typical case load at this point",-0.318142238468494,"Extremely Low",2.67533353693961e-08,"Rare good event - unusually low cases to date","Brazil"
"BRA",9,6,1.43989837318353,127718.066666667,1.36958183459215,2008829.13333334,127718.066666667,2008829.13333333,0.919105434246914,0.0643772764843988,2026,"PAHO",2026-06-01,154645,131559,154645,10,1.0367177443129,TRUE,"applied_mean","not_missing",10,"2025/2026","Observed",1519787,1174391,1698002,1344897,NA,1698002,"South America","Brazil",1.36958183459215,2008829.13333334,49.2663069316918,"Normal","Average - typical case load at this point",-0.28490306710918,"Extremely Low",2.67533353693961e-08,"Rare good event - unusually low cases to date","Brazil"
"BRA",10,7,2.01645431270184,60127.8666666667,1.39509964689923,2068957,60127.8666666667,2068957,0.953936739939629,0.0348313056927144,2026,"PAHO",2026-07-01,93038,74646,93038,6,1.04967995279928,TRUE,"applied_mean","not_missing",10,"2025/2026","Observed",1612825,1267429,1698002,1344897,NA,1698002,"South America","Brazil",1.39509964689923,2068957,50.3142550010933,"Normal","Average - typical case load at this point",-0.260400338613838,"Extremely Low",2.67533353693961e-08,"Rare good event - unusually low cases to date","Brazil"
"BRA",11,8,2.18964252132517,40514.2666666666,1.41407409328839,2109471.26666667,40514.2666666667,2109471.26666667,0.978167150444859,0.02423041050523,2026,"PAHO",2026-08-01,48105,35776,48105,3,1.05816718283121,TRUE,"applied_mean","not_missing",10,"2025/2026","Observed",1660930,1315534,1698002,1344897,NA,1698002,"South America","Brazil",1.41407409328839,2109471.26666667,50.5899381234511,"Normal","Average - typical case load at this point",-0.252851030705939,"Extremely Low",2.67533353693961e-08,"Rare good event - unusually low cases to date","Brazil"
"BRA",12,9,1.62424710479274,39177.5333333333,1.42644287497947,2148648.8,39177.5333333333,2148648.8,1,0.0218328495551413,2026,NA,2026-09-01,NA,NA,NA,NA,NA,NA,NA,NA,10,"2025/2026","Unobserved",1660930,1315534,1698002,1344897,NA,1698002,"South America","Brazil",1.42644287497947,2148648.8,49.69724107596,"Normal","Average - typical case load at this point",-0.271100993584716,"Extremely Low",2.67533353693961e-08,"Rare good event - unusually low cases to date","Brazil"
"BRA",1,10,1.85166489418117,34391,1.85166489418117,34391,34391,34391,0.0211845816103336,0.0211845816103336,2026,NA,2026-10-01,NA,NA,NA,NA,NA,NA,NA,NA,10,"2026/2027","Unobserved",0,1315534,NA,1344897,NA,NA,"South America","Brazil",1.85166489418117,34391,1.24571015579651e-06,"Extremely Low","Rare good event - unusually low cases to date",-1.36072230930221,"Extremely Low",2.67533353693961e-08,"Rare good event - unusually low cases to date","Brazil"
"BRA",2,11,1.88178706077312,42456.6666666665,1.93376187250559,76847.6666666664,42456.6666666667,76847.6666666667,0.0461694780765328,0.0249848964661992,2026,NA,2026-11-01,NA,NA,NA,NA,NA,NA,NA,NA,10,"2026/2027","Unobserved",0,1315534,NA,1344897,NA,NA,"South America","Brazil",1.93376187250559,76847.6666666664,1.2769318301927e-07,"Extremely Low","Rare good event - unusually low cases to date",-1.39058017150106,"Extremely Low",2.67533353693961e-08,"Rare good event - unusually low cases to date","Brazil"
"BRA",3,12,1.85586747754403,43745.7999999998,2.00276596526429,120593.466666666,43745.8,120593.466666667,0.0714715035900638,0.025302025513531,2026,NA,2026-12-01,NA,NA,NA,NA,NA,NA,NA,NA,10,"2026/2027","Unobserved",0,1315534,NA,1344897,NA,NA,"South America","Brazil",2.00276596526429,120593.466666666,2.67533353693961e-08,"Extremely Low","Rare good event - unusually low cases to date",-1.41517938958825,"Extremely Low",2.67533353693961e-08,"Rare good event - unusually low cases to date","Brazil"
"BRB",10,1,0.733426621033197,127.0625,1.03365207218015,884.9375,127.0625,884.9375,0.844899855072249,0.135815973695141,2025,"PAHO",2025-01-01,28,28,NA,84,NA,FALSE,"no_lookup_match","current_month_missing",4,"2024/2025","Observed",28,28,56,251,NA,56,"Caribbean","Barbados",1.03365207218015,884.9375,2.92812890839729,"Extremely Low","Rare good event - unusually low cases to date",-0.983943696599379,"Low",16.1620934882386,"Below average - fewer cases than typical at this point","Barbados"
"BRB",11,2,0.658421994491794,86.25,1.06799736595525,971.187500000001,86.25,971.1875,0.938839295416676,0.0939394403444269,2025,"PAHO",2025-02-01,16,16,NA,80,NA,FALSE,"no_lookup_match","current_month_missing",4,"2024/2025","Observed",44,44,56,251,NA,56,"Caribbean","Barbados",1.06799736595525,971.187500000001,3.81610247770481,"Extremely Low","Rare good event - unusually low cases to date",-0.986077190597388,"Low",16.1620934882386,"Below average - fewer cases than typical at this point","Barbados"
"BRB",12,3,0.801421199640976,58.75,1.07757640265898,1029.9375,58.75,1029.9375,1,0.0611607045833241,2025,"PAHO",2025-03-01,12,12,NA,75,NA,FALSE,"no_lookup_match","current_month_missing",4,"2024/2025","Observed",56,56,56,251,NA,56,"Caribbean","Barbados",1.07757640265898,1029.9375,4.48897305007533,"Extremely Low","Rare good event - unusually low cases to date",-0.981108821645133,"Low",16.1620934882386,"Below average - fewer cases than typical at this point","Barbados"
"BRB",1,4,1.06036597849468,39.9375,1.06036597849468,39.9375,39.9375,39.9375,0.0608729577306085,0.0608729577306085,2025,"PAHO",2025-04-01,18,18,NA,71,NA,FALSE,"no_lookup_match","current_month_missing",4,"2025/2026","Observed",18,74,144,251,NA,144,"Caribbean","Barbados",1.06036597849468,39.9375,36.3856714639649,"Normal","Average - typical case load at this point",-0.558269578745486,"Low",16.1620934882386,"Below average - fewer cases than typical at this point","Barbados"
"BRB",2,5,1.01928308938098,41.25,1.06629294168815,81.1875,41.25,81.1875,0.111646665037,0.0507737073063911,2025,"PAHO",2025-05-01,10,10,NA,67,NA,FALSE,"no_lookup_match","current_month_missing",4,"2025/2026","Observed",28,84,144,251,NA,144,"Caribbean","Barbados",1.06629294168815,81.1875,28.5335332666301,"Normal","Average - typical case load at this point",-0.67208668833484,"Low",16.1620934882386,"Below average - fewer cases than typical at this point","Barbados"
"BRB",3,6,0.870753275426241,44.1875,1.03664429827413,125.375,44.1875,125.375,0.170958628227061,0.0593119631900609,2025,"PAHO",2025-06-01,11,11,NA,62,NA,FALSE,"no_lookup_match","current_month_missing",4,"2025/2026","Observed",39,95,144,251,NA,144,"Caribbean","Barbados",1.03664429827413,125.375,26.4486659838896,"Normal","Average - typical case load at this point",-0.698560345478082,"Low",16.1620934882386,"Below average - fewer cases than typical at this point","Barbados"
"BRB",4,7,0.802085379238947,45.8749999999999,0.99112573501566,171.25,45.875,171.25,0.233571957089051,0.0626133288619901,2025,"PAHO",2025-07-01,13,13,NA,58,NA,FALSE,"no_lookup_match","current_month_missing",4,"2025/2026","Observed",52,108,144,251,NA,144,"Caribbean","Barbados",0.99112573501566,171.25,26.7454225446537,"Normal","Average - typical case load at this point",-0.691256210911662,"Low",16.1620934882386,"Below average - fewer cases than typical at this point","Barbados"
"BRB",5,8,0.804667517856509,70.1875000000001,1.01579253609429,241.4375,70.1875,241.4375,0.305159314017498,0.0715873569284476,2025,"PAHO",2025-08-01,11,11,NA,54,NA,FALSE,"no_lookup_match","current_month_missing",4,"2025/2026","Observed",63,119,144,251,NA,144,"Caribbean","Barbados",1.01579253609429,241.4375,22.9014185312162,"Low","Below average - fewer cases than typical at this point",-0.743313863267437,"Low",16.1620934882386,"Below average - fewer cases than typical at this point","Barbados"
"BRB",6,9,0.637107865157304,155.9375,0.900422922175635,397.375,155.9375,397.375,0.426825237660131,0.121665923642633,2025,"PAHO",2025-09-01,17,17,NA,49,1,TRUE,"applied_mean","previous_month_missing",4,"2025/2026","Observed",80,136,144,251,NA,144,"Caribbean","Barbados",0.900422922175635,397.375,20.7087321332336,"Low","Below average - fewer cases than typical at this point",-0.757014086410055,"Low",16.1620934882386,"Below average - fewer cases than typical at this point","Barbados"
"BRB",7,10,0.749784510806585,140.625,0.931159003309323,538,140.625,538,0.540594732385582,0.113769494725451,2025,"PAHO",2025-10-01,12,12,12,45,1,TRUE,"applied_mean","not_missing",4,"2025/2026","Observed",92,148,144,251,NA,144,"Caribbean","Barbados",0.931159003309323,538,17.3625860541974,"Low","Below average - fewer cases than typical at this point",-0.799261690885538,"Low",16.1620934882386,"Below average - fewer cases than typical at this point","Barbados"
"BRB",8,11,0.543802870536973,117.625,0.956191498438886,655.625,117.625,655.625,0.63363684621726,0.0930421138316781,2025,"PAHO",2025-11-01,24,24,24,41,1,TRUE,"applied_mean","not_missing",4,"2025/2026","Observed",116,172,144,251,NA,144,"Caribbean","Barbados",0.956191498438886,655.625,17.2763323836351,"Low","Below average - fewer cases than typical at this point",-0.804252702746928,"Low",16.1620934882386,"Below average - fewer cases than typical at this point","Barbados"
"BRB",9,12,0.46801490281154,102.25,0.944074137248543,757.875,102.25,757.875,0.709083881377108,0.0754470351598481,2025,"PAHO",2025-12-01,6,6,6,36,1,TRUE,"applied_mean","not_missing",4,"2025/2026","Observed",122,178,144,251,NA,144,"Caribbean","Barbados",0.944074137248543,757.875,16.1620934882386,"Low","Below average - fewer cases than typical at this point",-0.814717210532424,"Low",16.1620934882386,"Below average - fewer cases than typical at this point","Barbados"
"BRB",10,1,0.733426621033197,127.0625,1.03365207218015,884.9375,127.0625,884.9375,0.844899855072249,0.135815973695141,2026,"PAHO",2026-01-01,12,12,12,32,0.997919437907159,TRUE,"applied_mean","not_missing",4,"2025/2026","Observed",134,12,144,257,NA,144,"Caribbean","Barbados",1.03365207218015,884.9375,13.4868247862213,"Low","Below average - fewer cases than typical at this point",-0.862233499718586,"Low",7.08057328197663,"Below average - fewer cases than typical at this point","Barbados"
"BRB",11,2,0.658421994491794,86.25,1.06799736595525,971.187500000001,86.25,971.1875,0.938839295416676,0.0939394403444269,2026,"PAHO",2026-02-01,8,10,8,28,0.904639046214473,TRUE,"applied_mean","not_missing",4,"2025/2026","Observed",142,20,144,257,NA,144,"Caribbean","Barbados",1.06799736595525,971.187500000001,12.4131985637972,"Low","Below average - fewer cases than typical at this point",-0.881852786495149,"Low",7.08057328197663,"Below average - fewer cases than typical at this point","Barbados"
"BRB",12,3,0.801421199640976,58.75,1.07757640265898,1029.9375,58.75,1029.9375,1,0.0611607045833241,2026,"PAHO",2026-03-01,2,7,2,23,0.749543571449078,TRUE,"applied_mean","not_missing",4,"2025/2026","Observed",144,22,144,257,NA,144,"Caribbean","Barbados",1.07757640265898,1029.9375,11.7089722525125,"Low","Below average - fewer cases than typical at this point",-0.892460857782183,"Low",7.08057328197663,"Below average - fewer cases than typical at this point","Barbados"
"BRB",1,4,1.06036597849468,39.9375,1.06036597849468,39.9375,39.9375,39.9375,0.0608729577306085,0.0608729577306085,2026,"PAHO",2026-04-01,8,9,8,19,0.80260191000001,TRUE,"applied_mean","not_missing",4,"2026/2027","Observed",8,30,163,257,NA,157,"Caribbean","Barbados",1.06036597849468,39.9375,18.7400652306101,"Low","Below average - fewer cases than typical at this point",-0.812751438002688,"Low",7.08057328197663,"Below average - fewer cases than typical at this point","Barbados"
"BRB",2,5,1.01928308938098,41.25,1.06629294168815,81.1875,41.25,81.1875,0.111646665037,0.0507737073063911,2026,"PAHO",2026-05-01,9,10,9,15,0.813037119473403,TRUE,"applied_mean","not_missing",4,"2026/2027","Observed",17,39,163,257,NA,157,"Caribbean","Barbados",1.06629294168815,81.1875,18.4256966072103,"Low","Below average - fewer cases than typical at this point",-0.811084640328885,"Low",7.08057328197663,"Below average - fewer cases than typical at this point","Barbados"
"BRB",3,6,0.870753275426241,44.1875,1.03664429827413,125.375,44.1875,125.375,0.170958628227061,0.0593119631900609,2026,"PAHO",2026-06-01,15,18,15,10,0.811234755033984,TRUE,"applied_mean","not_missing",4,"2026/2027","Observed",32,54,163,257,NA,157,"Caribbean","Barbados",1.03664429827413,125.375,22.2823907755122,"Low","Below average - fewer cases than typical at this point",-0.755173050755611,"Low",7.08057328197663,"Below average - fewer cases than typical at this point","Barbados"
"BRB",4,7,0.802085379238947,45.8749999999999,0.99112573501566,171.25,45.875,171.25,0.233571957089051,0.0626133288619901,2026,"WHO",2026-07-01,6,6,NA,1,NA,FALSE,"insufficient_n_rf",NA,4,"2026/2027","Observed",38,60,163,257,NA,157,"Caribbean","Barbados",0.99112573501566,171.25,20.5067102675437,"Low","Below average - fewer cases than typical at this point",-0.77240997990758,"Low",7.08057328197663,"Below average - fewer cases than typical at this point","Barbados"
"BRB",5,8,0.804667517856509,70.1875000000001,1.01579253609429,241.4375,70.1875,241.4375,0.305159314017498,0.0715873569284476,2026,"Estimates",2026-08-01,10,NA,NA,NA,NA,NA,NA,NA,4,"2026/2027","Unobserved",48,70,163,257,10.3085793976965,157,"Caribbean","Barbados",1.01579253609429,241.4375,18.0014755583375,"Low","Below average - fewer cases than typical at this point",-0.805799091703229,"Low",7.08057328197663,"Below average - fewer cases than typical at this point","Barbados"
"BRB",6,9,0.637107865157304,155.9375,0.900422922175635,397.375,155.9375,397.375,0.426825237660131,0.121665923642633,2026,NA,2026-09-01,NA,NA,NA,NA,NA,NA,NA,NA,4,"2026/2027","Unobserved",48,70,163,257,NA,157,"Caribbean","Barbados",0.900422922175635,397.375,13.6129337933571,"Low","Below average - fewer cases than typical at this point",-0.833341619344665,"Low",7.08057328197663,"Below average - fewer cases than typical at this point","Barbados"
"BRB",7,10,0.749784510806585,140.625,0.931159003309323,538,140.625,538,0.540594732385582,0.113769494725451,2026,NA,2026-10-01,NA,NA,NA,NA,NA,NA,NA,NA,4,"2026/2027","Unobserved",48,70,163,257,NA,157,"Caribbean","Barbados",0.931159003309323,538,9.90694528520362,"Low","Below average - fewer cases than typical at this point",-0.878112620031196,"Low",7.08057328197663,"Below average - fewer cases than typical at this point","Barbados"
"BRB",8,11,0.543802870536973,117.625,0.956191498438886,655.625,117.625,655.625,0.63363684621726,0.0930421138316781,2026,NA,2026-11-01,NA,NA,NA,NA,NA,NA,NA,NA,4,"2026/2027","Unobserved",48,70,163,257,NA,157,"Caribbean","Barbados",0.956191498438886,655.625,7.87973826562227,"Low","Below average - fewer cases than typical at this point",-0.905599348633963,"Low",7.08057328197663,"Below average - fewer cases than typical at this point","Barbados"
"BRB",9,12,0.46801490281154,102.25,0.944074137248543,757.875,102.25,757.875,0.709083881377108,0.0754470351598481,2026,NA,2026-12-01,NA,NA,NA,NA,NA,NA,NA,NA,4,"2026/2027","Unobserved",48,70,163,257,NA,157,"Caribbean","Barbados",0.944074137248543,757.875,7.08057328197663,"Low","Below average - fewer cases than typical at this point",-0.909529985966903,"Low",7.08057328197663,"Below average - fewer cases than typical at this point","Barbados"
"BTN",11,1,0.490289572847277,53.9166666666667,0.839484225821795,829.75,53.9166666666667,829.75,0.931876231864121,0.139751990810161,2025,"SEARO",2025-01-01,2,2,NA,20,NA,FALSE,"no_lookup_match",NA,3,"2024/2025","Observed",2,2,4,106,NA,4,"South Asia","Bhutan",0.839484225821795,829.75,0.797876560737725,"Extremely Low","Rare good event - unusually low cases to date",-0.913563237085142,"Low",21.684940053128,"Below average - fewer cases than typical at this point","Bhutan"
"BTN",12,2,0.359263013898183,25.0833333333333,0.895917758624633,854.833333333335,25.0833333333333,854.833333333333,1,0.0681237681358792,2025,"WHO",2025-02-01,2,2,NA,18,NA,FALSE,"no_lookup_match",NA,3,"2024/2025","Observed",4,4,4,106,NA,4,"South Asia","Bhutan",0.895917758624633,854.833333333335,0.931285616277495,"Extremely Low","Rare good event - unusually low cases to date",-0.94160695022321,"Low",21.684940053128,"Below average - fewer cases than typical at this point","Bhutan"
"BTN",1,3,0.484507625888462,44.1666666666666,0.484507625888462,44.1666666666666,44.1666666666667,44.1666666666667,0.0392408591092375,0.0392408591092375,2025,"SEARO",2025-03-01,1,1,NA,18,NA,FALSE,"no_lookup_match",NA,3,"2025/2026","Observed",1,5,89,106,NA,89,"South Asia","Bhutan",0.484507625888462,44.1666666666666,16.5276378691344,"Low","Below average - fewer cases than typical at this point",-0.676604789826214,"Low",21.684940053128,"Below average - fewer cases than typical at this point","Bhutan"
"BTN",2,4,0.529442804738165,46.1666666666667,0.486866105509857,90.3333333333334,46.1666666666667,90.3333333333333,0.0848861527894889,0.0456452936802514,2025,"WHO",2025-04-01,11,11,NA,16,NA,FALSE,"no_lookup_match",NA,3,"2025/2026","Observed",12,16,89,106,NA,89,"South Asia","Bhutan",0.486866105509857,90.3333333333334,29.9330073155022,"Normal","Average - typical case load at this point",-0.603442834036706,"Low",21.684940053128,"Below average - fewer cases than typical at this point","Bhutan"
"BTN",3,5,0.529157014391836,36,0.483753732082067,126.333333333333,36,126.333333333333,0.121647141565723,0.0367609887762338,2025,"SEARO",2025-05-01,1,1,NA,16,NA,FALSE,"no_lookup_match",NA,3,"2025/2026","Observed",13,17,89,106,NA,89,"South Asia","Bhutan",0.483753732082067,126.333333333333,26.684652108005,"Normal","Average - typical case load at this point",-0.622761795750007,"Low",21.684940053128,"Below average - fewer cases than typical at this point","Bhutan"
"BTN",4,6,0.547399974207734,48.75,0.483500592933381,175.083333333333,48.75,175.083333333333,0.169844257329162,0.0481971157634392,2025,"WHO",2025-06-01,12,12,NA,14,NA,FALSE,"no_lookup_match",NA,3,"2025/2026","Observed",25,29,89,106,NA,89,"South Asia","Bhutan",0.483500592933381,175.083333333333,30.7092802488737,"Normal","Average - typical case load at this point",-0.595233451890286,"Low",21.684940053128,"Below average - fewer cases than typical at this point","Bhutan"
"BTN",5,7,0.57171565622069,65.7499999999999,0.487620355663511,240.833333333333,65.75,240.833333333333,0.243426164597135,0.0735819072679735,2025,"SEARO",2025-07-01,3,3,NA,14,NA,FALSE,"no_lookup_match",NA,3,"2025/2026","Observed",28,32,89,106,NA,89,"South Asia","Bhutan",0.487620355663511,240.833333333333,27.6660411253004,"Normal","Average - typical case load at this point",-0.616488167601396,"Low",21.684940053128,"Below average - fewer cases than typical at this point","Bhutan"
"BTN",6,8,0.618046337122336,122.833333333334,0.552392485655321,363.666666666667,122.833333333333,363.666666666667,0.377653561082698,0.134227396485562,2025,"SEARO",2025-08-01,22,22,NA,13,NA,FALSE,"no_lookup_match",NA,3,"2025/2026","Observed",50,54,89,106,NA,89,"South Asia","Bhutan",0.552392485655321,363.666666666667,26.5706526354776,"Normal","Average - typical case load at this point",-0.640559044605597,"Low",21.684940053128,"Below average - fewer cases than typical at this point","Bhutan"
"BTN",7,9,0.58938246066074,116,0.564776328374267,479.666666666667,116,479.666666666667,0.495600042061512,0.117946480978815,2025,"SEARO",2025-09-01,5,5,NA,12,NA,FALSE,"no_lookup_match",NA,3,"2025/2026","Observed",55,59,89,106,NA,89,"South Asia","Bhutan",0.564776328374267,479.666666666667,23.5700135128407,"Low","Below average - fewer cases than typical at this point",-0.664953613731907,"Low",21.684940053128,"Below average - fewer cases than typical at this point","Bhutan"
"BTN",8,10,0.604485132024352,111.75,0.57323300438178,591.416666666666,111.75,591.416666666667,0.61216298718843,0.116562945126918,2025,"SEARO",2025-10-01,1,1,NA,11,NA,FALSE,"no_lookup_match",NA,3,"2025/2026","Observed",56,60,89,106,NA,89,"South Asia","Bhutan",0.57323300438178,591.416666666666,20.8728621375114,"Low","Below average - fewer cases than typical at this point",-0.685099343768846,"Low",21.684940053128,"Below average - fewer cases than typical at this point","Bhutan"
"BTN",9,11,0.568476406316693,103.416666666666,0.573850628853509,694.833333333334,103.416666666667,694.833333333333,0.712978417369517,0.100815430181087,2025,"WHO",2025-11-01,18,18,NA,9,NA,FALSE,"no_lookup_match",NA,3,"2025/2026","Observed",74,78,89,106,NA,89,"South Asia","Bhutan",0.573850628853509,694.833333333334,22.2057169699554,"Low","Below average - fewer cases than typical at this point",-0.676572823070706,"Low",21.684940053128,"Below average - fewer cases than typical at this point","Bhutan"
"BTN",10,12,0.565910185933475,81.0000000000001,0.576623494347269,775.833333333334,81,775.833333333333,0.79212424105396,0.0791458236844424,2025,"WHO",2025-12-01,6,6,NA,8,NA,FALSE,"no_lookup_match",NA,3,"2025/2026","Observed",80,84,89,106,NA,89,"South Asia","Bhutan",0.576623494347269,775.833333333334,21.684940053128,"Low","Below average - fewer cases than typical at this point",-0.680803266233071,"Low",21.684940053128,"Below average - fewer cases than typical at this point","Bhutan"
"BTN",11,1,0.490289572847277,53.9166666666667,0.839484225821795,829.75,53.9166666666667,829.75,0.931876231864121,0.139751990810161,2026,"WHO",2026-01-01,5,5,NA,7,NA,FALSE,"no_lookup_match",NA,3,"2025/2026","Observed",85,5,89,136,NA,89,"South Asia","Bhutan",0.839484225821795,829.75,13.1194698289493,"Low","Below average - fewer cases than typical at this point",-0.821958587519371,"Low",13.9412634606838,"Below average - fewer cases than typical at this point","Bhutan"
"BTN",12,2,0.359263013898183,25.0833333333333,0.895917758624633,854.833333333335,25.0833333333333,854.833333333333,1,0.0681237681358792,2026,"WHO",2026-02-01,4,4,NA,6,NA,FALSE,"no_lookup_match",NA,3,"2025/2026","Observed",89,9,89,136,NA,89,"South Asia","Bhutan",0.895917758624633,854.833333333335,12.0036212439266,"Low","Below average - fewer cases than typical at this point",-0.847538479192096,"Low",13.9412634606838,"Below average - fewer cases than typical at this point","Bhutan"
"BTN",1,3,0.484507625888462,44.1666666666666,0.484507625888462,44.1666666666666,44.1666666666667,44.1666666666667,0.0392408591092375,0.0392408591092375,2026,"WHO",2026-03-01,1,1,NA,5,NA,FALSE,"no_lookup_match",NA,3,"2026/2027","Observed",1,10,99,136,NA,95,"South Asia","Bhutan",0.484507625888462,44.1666666666666,16.5276378691344,"Low","Below average - fewer cases than typical at this point",-0.676604789826214,"Low",13.9412634606838,"Below average - fewer cases than typical at this point","Bhutan"
"BTN",2,4,0.529442804738165,46.1666666666667,0.486866105509857,90.3333333333334,46.1666666666667,90.3333333333333,0.0848861527894889,0.0456452936802514,2026,"WHO",2026-04-01,4,4,NA,4,NA,FALSE,"no_lookup_match",NA,3,"2026/2027","Observed",5,14,99,136,NA,95,"South Asia","Bhutan",0.486866105509857,90.3333333333334,20.5626661727336,"Low","Below average - fewer cases than typical at this point",-0.657367512822965,"Low",13.9412634606838,"Below average - fewer cases than typical at this point","Bhutan"
"BTN",3,5,0.529157014391836,36,0.483753732082067,126.333333333333,36,126.333333333333,0.121647141565723,0.0367609887762338,2026,"WHO",2026-05-01,11,11,NA,3,NA,FALSE,"no_lookup_match",NA,3,"2026/2027","Observed",16,25,99,136,NA,95,"South Asia","Bhutan",0.483753732082067,126.333333333333,29.2508043975622,"Normal","Average - typical case load at this point",-0.606276924686036,"Low",13.9412634606838,"Below average - fewer cases than typical at this point","Bhutan"
"BTN",4,6,0.547399974207734,48.75,0.483500592933381,175.083333333333,48.75,175.083333333333,0.169844257329162,0.0481971157634392,2026,"WHO",2026-06-01,7,7,NA,2,NA,FALSE,"no_lookup_match",NA,3,"2026/2027","Observed",23,32,99,136,NA,95,"South Asia","Bhutan",0.483500592933381,175.083333333333,29.5838450066594,"Normal","Average - typical case load at this point",-0.60316549122697,"Low",13.9412634606838,"Below average - fewer cases than typical at this point","Bhutan"
"BTN",5,7,0.57171565622069,65.7499999999999,0.487620355663511,240.833333333333,65.75,240.833333333333,0.243426164597135,0.0735819072679735,2026,"SEARO",2026-07-01,1,1,NA,2,NA,FALSE,"no_lookup_match",NA,3,"2026/2027","Observed",24,33,99,136,NA,95,"South Asia","Bhutan",0.487620355663511,240.833333333333,25.7840794182787,"Normal","Average - typical case load at this point",-0.628074476154594,"Low",13.9412634606838,"Below average - fewer cases than typical at this point","Bhutan"
"BTN",6,8,0.618046337122336,122.833333333334,0.552392485655321,363.666666666667,122.833333333333,363.666666666667,0.377653561082698,0.134227396485562,2026,"Estimates",2026-08-01,12,0,NA,1,NA,FALSE,"no_lookup_match",NA,3,"2026/2027","Unobserved",36,45,99,136,11.9462382872151,95,"South Asia","Bhutan",0.552392485655321,363.666666666667,22.3999556021077,"Low","Below average - fewer cases than typical at this point",-0.66914935265388,"Low",13.9412634606838,"Below average - fewer cases than typical at this point","Bhutan"
"BTN",7,9,0.58938246066074,116,0.564776328374267,479.666666666667,116,479.666666666667,0.495600042061512,0.117946480978815,2026,"SEARO",2026-09-01,NA,0,NA,0,NA,FALSE,"no_lookup_match",NA,3,"2026/2027","Unobserved",36,45,99,136,NA,95,"South Asia","Bhutan",0.564776328374267,479.666666666667,18.7791604582756,"Low","Below average - fewer cases than typical at this point",-0.694704285617871,"Low",13.9412634606838,"Below average - fewer cases than typical at this point","Bhutan"
"BTN",8,10,0.604485132024352,111.75,0.57323300438178,591.416666666666,111.75,591.416666666667,0.61216298718843,0.116562945126918,2026,"SEARO",2026-10-01,NA,0,NA,-1,NA,FALSE,"no_lookup_match",NA,3,"2026/2027","Unobserved",36,45,99,136,NA,95,"South Asia","Bhutan",0.57323300438178,591.416666666666,16.3881612772457,"Low","Below average - fewer cases than typical at this point",-0.710690603302624,"Low",13.9412634606838,"Below average - fewer cases than typical at this point","Bhutan"
"BTN",9,11,0.568476406316693,103.416666666666,0.573850628853509,694.833333333334,103.416666666667,694.833333333333,0.712978417369517,0.100815430181087,2026,"SEARO",2026-11-01,NA,0,NA,-2,NA,FALSE,"no_lookup_match",NA,3,"2026/2027","Unobserved",36,45,99,136,NA,95,"South Asia","Bhutan",0.573850628853509,694.833333333334,14.9471409779053,"Low","Below average - fewer cases than typical at this point",-0.717984528751275,"Low",13.9412634606838,"Below average - fewer cases than typical at this point","Bhutan"
"BTN",10,12,0.565910185933475,81.0000000000001,0.576623494347269,775.833333333334,81,775.833333333333,0.79212424105396,0.0791458236844424,2026,"SEARO",2026-12-01,NA,0,NA,-3,NA,FALSE,"no_lookup_match",NA,3,"2026/2027","Unobserved",36,45,99,136,NA,95,"South Asia","Bhutan",0.576623494347269,775.833333333334,13.9412634606838,"Low","Below average - fewer cases than typical at this point",-0.723852861990085,"Low",13.9412634606838,"Below average - fewer cases than typical at this point","Bhutan"
"CHL",10,1,NA,NA,NA,NA,1.33333333333333,27.6666666666667,0.732807807807808,0.0358608608608609,2025,"WHO",2025-01-01,0,0,NA,19,NA,FALSE,"no_lookup_match",NA,4,"2024/2025","Observed",0,0,0,0,NA,0,"South America","Chile",NA,NA,NA,"Unknown","Cannot determine",NA,"Unknown",NA,"Cannot determine","Chile"
"CHL",11,2,NA,NA,NA,NA,2.33333333333333,30,0.79527027027027,0.0624624624624625,2025,"WHO",2025-02-01,0,0,NA,18,NA,FALSE,"no_lookup_match",NA,4,"2024/2025","Observed",0,0,0,0,NA,0,"South America","Chile",NA,NA,NA,"Unknown","Cannot determine",NA,"Unknown",NA,"Cannot determine","Chile"
"CHL",12,3,NA,NA,NA,NA,7.66666666666667,37.6666666666667,1,0.20472972972973,2025,"WHO",2025-03-01,0,0,NA,17,NA,FALSE,"no_lookup_match",NA,4,"2024/2025","Observed",0,0,0,0,NA,0,"South America","Chile",NA,NA,NA,"Unknown","Cannot determine",NA,"Unknown",NA,"Cannot determine","Chile"
"CHL",1,4,NA,NA,NA,NA,13,13,0.343968968968969,0.343968968968969,2025,"WHO",2025-04-01,0,0,NA,16,NA,FALSE,"no_lookup_match",NA,4,"2025/2026","Observed",0,0,17,0,NA,17,"South America","Chile",NA,NA,NA,"Unknown","Cannot determine",NA,"Unknown",NA,"Cannot determine","Chile"
"CHL",2,5,NA,NA,NA,NA,5.66666666666667,18.6666666666667,0.493393393393393,0.149424424424424,2025,"WHO",2025-05-01,0,0,NA,15,NA,FALSE,"no_lookup_match",NA,4,"2025/2026","Observed",0,0,17,0,NA,17,"South America","Chile",NA,NA,NA,"Unknown","Cannot determine",NA,"Unknown",NA,"Cannot determine","Chile"
"CHL",3,6,NA,NA,NA,NA,1.66666666666667,20.3333333333333,0.537337337337337,0.0439439439439439,2025,"WHO",2025-06-01,0,0,NA,14,NA,FALSE,"no_lookup_match",NA,4,"2025/2026","Observed",0,0,17,0,NA,17,"South America","Chile",NA,NA,NA,"Unknown","Cannot determine",NA,"Unknown",NA,"Cannot determine","Chile"
"CHL",4,7,NA,NA,NA,NA,1,21.3333333333333,0.563938938938939,0.0266016016016016,2025,"WHO",2025-07-01,0,0,NA,13,NA,FALSE,"no_lookup_match",NA,4,"2025/2026","Observed",0,0,17,0,NA,17,"South America","Chile",NA,NA,NA,"Unknown","Cannot determine",NA,"Unknown",NA,"Cannot determine","Chile"
"CHL",5,8,NA,NA,NA,NA,1,22.3333333333333,0.590540540540541,0.0266016016016016,2025,"WHO",2025-08-01,0,0,0,12,1,TRUE,"applied_mean",NA,4,"2025/2026","Observed",0,0,17,0,NA,17,"South America","Chile",NA,NA,NA,"Unknown","Cannot determine",NA,"Unknown",NA,"Cannot determine","Chile"
"CHL",6,9,NA,NA,NA,NA,1,23.3333333333333,0.617142142142142,0.0266016016016016,2025,"WHO",2025-09-01,0,0,0,11,1,TRUE,"applied_mean",NA,4,"2025/2026","Observed",0,0,17,0,NA,17,"South America","Chile",NA,NA,NA,"Unknown","Cannot determine",NA,"Unknown",NA,"Cannot determine","Chile"
"CHL",7,10,NA,NA,NA,NA,1,24.3333333333333,0.643743743743744,0.0266016016016016,2025,"WHO",2025-10-01,0,0,0,10,1,TRUE,"applied_mean",NA,4,"2025/2026","Observed",0,0,17,0,NA,17,"South America","Chile",NA,NA,NA,"Unknown","Cannot determine",NA,"Unknown",NA,"Cannot determine","Chile"
"CHL",8,11,NA,NA,NA,NA,1,25.3333333333333,0.670345345345345,0.0266016016016016,2025,"WHO",2025-11-01,0,0,0,9,1,TRUE,"applied_mean",NA,4,"2025/2026","Observed",0,0,17,0,NA,17,"South America","Chile",NA,NA,NA,"Unknown","Cannot determine",NA,"Unknown",NA,"Cannot determine","Chile"
"CHL",9,12,NA,NA,NA,NA,1,26.3333333333333,0.696946946946947,0.0266016016016016,2025,"WHO",2025-12-01,0,0,0,8,1,TRUE,"applied_mean",NA,4,"2025/2026","Observed",0,0,17,0,NA,17,"South America","Chile",NA,NA,NA,"Unknown","Cannot determine",NA,"Unknown",NA,"Cannot determine","Chile"
"CHL",10,1,NA,NA,NA,NA,1.33333333333333,27.6666666666667,0.732807807807808,0.0358608608608609,2026,"WHO",2026-01-01,0,0,0,7,1,TRUE,"applied_mean",NA,4,"2025/2026","Observed",0,0,17,57,NA,17,"South America","Chile",NA,NA,NA,"Unknown","Cannot determine",NA,"Unknown",NA,"Cannot determine","Chile"
"CHL",11,2,NA,NA,NA,NA,2.33333333333333,30,0.79527027027027,0.0624624624624625,2026,"PAHO",2026-02-01,6,6,NA,28,NA,FALSE,"no_lookup_match","current_month_missing",4,"2025/2026","Observed",6,6,17,57,NA,17,"South America","Chile",NA,NA,NA,"Unknown","Cannot determine",NA,"Unknown",NA,"Cannot determine","Chile"
"CHL",12,3,NA,NA,NA,NA,7.66666666666667,37.6666666666667,1,0.20472972972973,2026,"PAHO",2026-03-01,11,11,NA,23,NA,FALSE,"insufficient_n_rf","current_month_missing",4,"2025/2026","Observed",17,17,17,57,NA,17,"South America","Chile",NA,NA,NA,"Unknown","Cannot determine",NA,"Unknown",NA,"Cannot determine","Chile"
"CHL",1,4,NA,NA,NA,NA,13,13,0.343968968968969,0.343968968968969,2026,"PAHO",2026-04-01,5,5,NA,19,1,TRUE,"applied_mean","previous_month_missing",4,"2026/2027","Observed",5,22,27,57,NA,25,"South America","Chile",NA,NA,NA,"Unknown","Cannot determine",NA,"Unknown",NA,"Cannot determine","Chile"
"CHL",2,5,NA,NA,NA,NA,5.66666666666667,18.6666666666667,0.493393393393393,0.149424424424424,2026,"PAHO",2026-05-01,10,5,10,15,1.1799849257885,TRUE,"applied_mean","not_missing",4,"2026/2027","Observed",15,32,27,57,NA,25,"South America","Chile",NA,NA,NA,"Unknown","Cannot determine",NA,"Unknown",NA,"Cannot determine","Chile"
"CHL",3,6,NA,NA,NA,NA,1.66666666666667,20.3333333333333,0.537337337337337,0.0439439439439439,2026,"WHO",2026-06-01,0,0,NA,2,NA,FALSE,"insufficient_n_rf",NA,4,"2026/2027","Observed",15,32,27,57,NA,25,"South America","Chile",NA,NA,NA,"Unknown","Cannot determine",NA,"Unknown",NA,"Cannot determine","Chile"
"CHL",4,7,NA,NA,NA,NA,1,21.3333333333333,0.563938938938939,0.0266016016016016,2026,"WHO",2026-07-01,0,0,NA,1,NA,FALSE,"no_lookup_match",NA,4,"2026/2027","Observed",15,32,27,57,NA,25,"South America","Chile",NA,NA,NA,"Unknown","Cannot determine",NA,"Unknown",NA,"Cannot determine","Chile"
"CHL",5,8,NA,NA,NA,NA,1,22.3333333333333,0.590540540540541,0.0266016016016016,2026,"Estimates",2026-08-01,0,NA,NA,NA,NA,NA,NA,NA,4,"2026/2027","Unobserved",15,32,27,57,0.452227227227227,25,"South America","Chile",NA,NA,NA,"Unknown","Cannot determine",NA,"Unknown",NA,"Cannot determine","Chile"
"CHL",6,9,NA,NA,NA,NA,1,23.3333333333333,0.617142142142142,0.0266016016016016,2026,NA,2026-09-01,NA,NA,NA,NA,NA,NA,NA,NA,4,"2026/2027","Unobserved",15,32,27,57,NA,25,"South America","Chile",NA,NA,NA,"Unknown","Cannot determine",NA,"Unknown",NA,"Cannot determine","Chile"
"CHL",7,10,NA,NA,NA,NA,1,24.3333333333333,0.643743743743744,0.0266016016016016,2026,NA,2026-10-01,NA,NA,NA,NA,NA,NA,NA,NA,4,"2026/2027","Unobserved",15,32,27,57,NA,25,"South America","Chile",NA,NA,NA,"Unknown","Cannot determine",NA,"Unknown",NA,"Cannot determine","Chile"
"CHL",8,11,NA,NA,NA,NA,1,25.3333333333333,0.670345345345345,0.0266016016016016,2026,NA,2026-11-01,NA,NA,NA,NA,NA,NA,NA,NA,4,"2026/2027","Unobserved",15,32,27,57,NA,25,"South America","Chile",NA,NA,NA,"Unknown","Cannot determine",NA,"Unknown",NA,"Cannot determine","Chile"
"CHL",9,12,NA,NA,NA,NA,1,26.3333333333333,0.696946946946947,0.0266016016016016,2026,NA,2026-12-01,NA,NA,NA,NA,NA,NA,NA,NA,4,"2026/2027","Unobserved",15,32,27,57,NA,25,"South America","Chile",NA,NA,NA,"Unknown","Cannot determine",NA,"Unknown",NA,"Cannot determine","Chile"
"CHN",11,1,0.105410778722125,26.6428571428571,0.560331523266158,10532.8571428572,26.6428571428571,10532.8571428571,0.994747589399826,0.00909702217851037,2025,"WHO",2025-01-01,49,49,NA,19,NA,FALSE,"no_lookup_match",NA,3,"2024/2025","Observed",49,49,100,10153,NA,100,"East & Southeast Asia","China",0.560331523266158,10532.8571428572,4.03977310898922,"Extremely Low","Rare good event - unusually low cases to date",-0.74505078541205,"Normal",65.8780278621417,"Average - typical case load at this point","China"
"CHN",12,2,NA,NA,0.561820187032821,10553,20.1428571428571,10553,1,0.00525241060017391,2025,"WHO",2025-02-01,51,51,NA,18,NA,FALSE,"no_lookup_match",NA,3,"2024/2025","Observed",100,100,100,10153,NA,100,"East & Southeast Asia","China",0.561820187032821,10553,5.94720960142235,"Low","Below average - fewer cases than typical at this point",-0.742424204126107,"Normal",65.8780278621417,"Average - typical case load at this point","China"
"CHN",1,3,NA,NA,NA,NA,11.8571428571429,11.8571428571429,0.000816984016948811,0.000816984016948811,2025,"WHO",2025-03-01,38,38,NA,17,NA,FALSE,"no_lookup_match",NA,3,"2025/2026","Observed",38,138,10094,10153,NA,10094,"East & Southeast Asia","China",NA,NA,NA,"Unknown","Cannot determine",NA,"Normal",65.8780278621417,"Average - typical case load at this point","China"
"CHN",2,4,NA,NA,NA,NA,20.7142857142857,32.5714285714286,0.00216854145357609,0.00135155743662728,2025,"WHO",2025-04-01,74,74,NA,16,NA,FALSE,"no_lookup_match",NA,3,"2025/2026","Observed",112,212,10094,10153,NA,10094,"East & Southeast Asia","China",NA,NA,NA,"Unknown","Cannot determine",NA,"Normal",65.8780278621417,"Average - typical case load at this point","China"
"CHN",3,5,NA,NA,NA,NA,42,74.5714285714286,0.00495877720722345,0.00279023575364735,2025,"WHO",2025-05-01,126,126,NA,15,NA,FALSE,"no_lookup_match",NA,3,"2025/2026","Observed",238,338,10094,10153,NA,10094,"East & Southeast Asia","China",NA,NA,NA,"Unknown","Cannot determine",NA,"Normal",65.8780278621417,"Average - typical case load at this point","China"
"CHN",4,6,0.138224275890739,99.5000000000001,0.125926422320827,174.071428571428,99.5,174.071428571429,0.0132560079660453,0.00829723075882187,2025,"WHO",2025-06-01,225,225,NA,14,NA,FALSE,"no_lookup_match",NA,3,"2025/2026","Observed",463,563,10094,10153,NA,10094,"East & Southeast Asia","China",0.125926422320827,174.071428571428,89.3815644585226,"High","Above average - more cases than typical at this point",0.588795385556813,"Normal",65.8780278621417,"Average - typical case load at this point","China"
"CHN",5,7,NA,NA,NA,NA,339.857142857143,513.928571428571,0.0451333339091701,0.0318773259431248,2025,"WHO",2025-07-01,694,694,NA,13,NA,FALSE,"no_lookup_match",NA,3,"2025/2026","Observed",1157,1257,10094,10153,NA,10094,"East & Southeast Asia","China",NA,NA,NA,"Unknown","Cannot determine",NA,"Normal",65.8780278621417,"Average - typical case load at this point","China"
"CHN",6,8,0.318490622825604,1089.35714285714,0.297704282056973,1603.28571428572,1089.35714285714,1603.28571428571,0.173866901081231,0.128733567172061,2025,"WHO",2025-08-01,1702,1702,1702,12,1,TRUE,"applied_mean",NA,3,"2025/2026","Observed",2859,2959,10094,10153,NA,10094,"East & Southeast Asia","China",0.297704282056973,1603.28571428572,82.5079619536055,"High","Above average - more cases than typical at this point",0.427299255238398,"Normal",65.8780278621417,"Average - typical case load at this point","China"
"CHN",7,9,0.399789293774069,3144.21428571429,0.402566305374287,4747.5,3144.21428571429,4747.5,0.467127790801999,0.293260889720768,2025,"WHO",2025-09-01,2321,2321,2321,11,1,TRUE,"applied_mean",NA,3,"2025/2026","Observed",5180,5280,10094,10153,NA,10094,"East & Southeast Asia","China",0.402566305374287,4747.5,71.9239418108432,"Normal","Average - typical case load at this point",0.0577991480429996,"Normal",65.8780278621417,"Average - typical case load at this point","China"
"CHN",8,10,0.487451607398329,4488.35714285713,0.539324214950402,9235.85714285716,4488.35714285714,9235.85714285714,0.834125828543446,0.366998037741447,2025,"WHO",2025-10-01,3727,3727,3727,10,1,TRUE,"applied_mean",NA,3,"2025/2026","Observed",8907,9007,10094,10153,NA,10094,"East & Southeast Asia","China",0.539324214950402,9235.85714285716,66.7388754098804,"Normal","Average - typical case load at this point",-0.0261482333878656,"Normal",65.8780278621417,"Average - typical case load at this point","China"
"CHN",9,11,0.615320904668652,1137.64285714286,0.554736447302942,10373.5,1137.64285714286,10373.5,0.967678306541275,0.13355247799783,2025,"WHO",2025-11-01,849,849,849,9,1,TRUE,"applied_mean",NA,3,"2025/2026","Observed",9756,9856,10094,10153,NA,10094,"East & Southeast Asia","China",0.554736447302942,10373.5,65.8499010240732,"Normal","Average - typical case load at this point",-0.0443346607059142,"Normal",65.8780278621417,"Average - typical case load at this point","China"
"CHN",10,12,0.518159280663563,132.714285714286,0.557256022362152,10506.2142857143,132.714285714286,10506.2142857143,0.985650567221316,0.0179722606800403,2025,"WHO",2025-12-01,151,151,151,8,1,TRUE,"applied_mean",NA,3,"2025/2026","Observed",9907,10007,10094,10153,NA,10094,"East & Southeast Asia","China",0.557256022362152,10506.2142857143,65.8780278621417,"Normal","Average - typical case load at this point",-0.0425747172393256,"Normal",65.8780278621417,"Average - typical case load at this point","China"
"CHN",11,1,0.105410778722125,26.6428571428571,0.560331523266158,10532.8571428572,26.6428571428571,10532.8571428571,0.994747589399826,0.00909702217851037,2026,"WHO",2026-01-01,93,93,93,7,1,TRUE,"applied_mean",NA,3,"2025/2026","Observed",10000,93,10094,44601,NA,10094,"East & Southeast Asia","China",0.560331523266158,10532.8571428572,66.0062007856114,"Normal","Average - typical case load at this point",-0.0378682795261714,"Normal",38.9719306453306,"Average - typical case load at this point","China"
"CHN",12,2,NA,NA,0.561820187032821,10553,20.1428571428571,10553,1,0.00525241060017391,2026,"WHO",2026-02-01,94,94,94,6,1,TRUE,"applied_mean",NA,3,"2025/2026","Observed",10094,187,10094,44601,NA,10094,"East & Southeast Asia","China",0.561820187032821,10553,66.1767660182189,"Normal","Average - typical case load at this point",-0.0326004696923237,"Normal",38.9719306453306,"Average - typical case load at this point","China"
"CHN",1,3,NA,NA,NA,NA,11.8571428571429,11.8571428571429,0.000816984016948811,0.000816984016948811,2026,"WHO",2026-03-01,92,92,92,5,1,TRUE,"applied_mean",NA,3,"2026/2027","Observed",92,279,40458,44601,NA,17974,"East & Southeast Asia","China",NA,NA,NA,"Unknown","Cannot determine",NA,"Normal",38.9719306453306,"Average - typical case load at this point","China"
"CHN",2,4,NA,NA,NA,NA,20.7142857142857,32.5714285714286,0.00216854145357609,0.00135155743662728,2026,"WHO",2026-04-01,137,137,137,4,1,TRUE,"applied_mean",NA,3,"2026/2027","Observed",229,416,40458,44601,NA,17974,"East & Southeast Asia","China",NA,NA,NA,"Unknown","Cannot determine",NA,"Normal",38.9719306453306,"Average - typical case load at this point","China"
"CHN",3,5,NA,NA,NA,NA,42,74.5714285714286,0.00495877720722345,0.00279023575364735,2026,"WHO",2026-05-01,222,222,222,3,1,TRUE,"applied_mean",NA,3,"2026/2027","Observed",451,638,40458,44601,NA,17974,"East & Southeast Asia","China",NA,NA,NA,"Unknown","Cannot determine",NA,"Normal",38.9719306453306,"Average - typical case load at this point","China"
"CHN",4,6,0.138224275890739,99.5000000000001,0.125926422320827,174.071428571428,99.5,174.071428571429,0.0132560079660453,0.00829723075882187,2026,"WHO",2026-06-01,255,255,NA,2,NA,FALSE,"insufficient_n_rf",NA,3,"2026/2027","Observed",706,893,40458,44601,NA,17974,"East & Southeast Asia","China",0.125926422320827,174.071428571428,92.7085961294044,"High","Above average - more cases than typical at this point",1.0839948668088,"Normal",38.9719306453306,"Average - typical case load at this point","China"
"CHN",5,7,NA,NA,NA,NA,339.857142857143,513.928571428571,0.0451333339091701,0.0318773259431248,2026,"WHO",2026-07-01,1120,1120,NA,1,NA,FALSE,"no_lookup_match",NA,3,"2026/2027","Observed",1826,2013,40458,44601,NA,17974,"East & Southeast Asia","China",NA,NA,NA,"Unknown","Cannot determine",NA,"Normal",38.9719306453306,"Average - typical case load at this point","China"
"CHN",6,8,0.318490622825604,1089.35714285714,0.297704282056973,1603.28571428572,1089.35714285714,1603.28571428571,0.173866901081231,0.128733567172061,2026,"Estimates",2026-08-01,1299,NA,NA,NA,NA,NA,NA,NA,3,"2026/2027","Unobserved",3125,3312,40458,44601,1299.43662703478,17974,"East & Southeast Asia","China",0.297704282056973,1603.28571428572,83.9285267750865,"High","Above average - more cases than typical at this point",0.517814751626783,"Normal",38.9719306453306,"Average - typical case load at this point","China"
"CHN",7,9,0.399789293774069,3144.21428571429,0.402566305374287,4747.5,3144.21428571429,4747.5,0.467127790801999,0.293260889720768,2026,NA,2026-09-01,NA,NA,NA,NA,NA,NA,NA,NA,3,"2026/2027","Unobserved",3125,3312,40458,44601,NA,17974,"East & Southeast Asia","China",0.402566305374287,4747.5,61.3886412641588,"Normal","Average - typical case load at this point",-0.216830329941654,"Normal",38.9719306453306,"Average - typical case load at this point","China"
"CHN",8,10,0.487451607398329,4488.35714285713,0.539324214950402,9235.85714285716,4488.35714285714,9235.85714285714,0.834125828543446,0.366998037741447,2026,NA,2026-10-01,NA,NA,NA,NA,NA,NA,NA,NA,3,"2026/2027","Unobserved",3125,3312,40458,44601,NA,17974,"East & Southeast Asia","China",0.539324214950402,9235.85714285716,42.2669242645324,"Normal","Average - typical case load at this point",-0.485889153518372,"Normal",38.9719306453306,"Average - typical case load at this point","China"
"CHN",9,11,0.615320904668652,1137.64285714286,0.554736447302942,10373.5,1137.64285714286,10373.5,0.967678306541275,0.13355247799783,2026,NA,2026-11-01,NA,NA,NA,NA,NA,NA,NA,NA,3,"2026/2027","Unobserved",3125,3312,40458,44601,NA,17974,"East & Southeast Asia","China",0.554736447302942,10373.5,39.3239680388206,"Normal","Average - typical case load at this point",-0.520420709517134,"Normal",38.9719306453306,"Average - typical case load at this point","China"
"CHN",10,12,0.518159280663563,132.714285714286,0.557256022362152,10506.2142857143,132.714285714286,10506.2142857143,0.985650567221316,0.0179722606800403,2026,NA,2026-12-01,NA,NA,NA,NA,NA,NA,NA,NA,3,"2026/2027","Unobserved",3125,3312,40458,44601,NA,17974,"East & Southeast Asia","China",0.557256022362152,10506.2142857143,38.9719306453306,"Normal","Average - typical case load at this point",-0.524441954387922,"Normal",38.9719306453306,"Average - typical case load at this point","China"
"CIV",12,1,3.02048303722008,78.75,0.675275575967817,2630.25,78.75,2630.25,1,0.27289999526653,2025,"WHO",2025-01-01,23,23,NA,19,NA,FALSE,"no_lookup_match",NA,2,"2024/2025","Observed",23,23,23,545,NA,23,"Sub-Saharan Africa","Cote D'ivoire",0.675275575967817,2630.25,3.53256496907113,"Extremely Low","Rare good event - unusually low cases to date",-0.814461248785252,"Normal",34.3404631369831,"Average - typical case load at this point","Cote D'ivoire"
"CIV",1,2,NA,NA,NA,NA,43.25,43.25,0.0118846019433057,0.0118846019433057,2025,"WHO",2025-02-01,5,5,NA,18,NA,FALSE,"no_lookup_match",NA,2,"2025/2026","Observed",5,28,433,545,NA,433,"Sub-Saharan Africa","Cote D'ivoire",NA,NA,NA,"Unknown","Cannot determine",NA,"Normal",34.3404631369831,"Average - typical case load at this point","Cote D'ivoire"
"CIV",2,3,NA,NA,NA,NA,30.75,74,0.0265132503715897,0.0146286484282839,2025,"WHO",2025-03-01,15,15,NA,17,NA,FALSE,"no_lookup_match",NA,2,"2025/2026","Observed",20,43,433,545,NA,433,"Sub-Saharan Africa","Cote D'ivoire",NA,NA,NA,"Unknown","Cannot determine",NA,"Normal",34.3404631369831,"Average - typical case load at this point","Cote D'ivoire"
"CIV",3,4,NA,NA,NA,NA,20,94,0.0388023177148786,0.0122890673432889,2025,"WHO",2025-04-01,15,15,NA,16,NA,FALSE,"no_lookup_match",NA,2,"2025/2026","Observed",35,58,433,545,NA,433,"Sub-Saharan Africa","Cote D'ivoire",NA,NA,NA,"Unknown","Cannot determine",NA,"Normal",34.3404631369831,"Average - typical case load at this point","Cote D'ivoire"
"CIV",4,5,0.715917861102301,49.75,NA,NA,49.75,143.75,0.065226052677137,0.0264237349622584,2025,"WHO",2025-05-01,28,28,NA,15,NA,FALSE,"no_lookup_match",NA,2,"2025/2026","Observed",63,86,433,545,NA,433,"Sub-Saharan Africa","Cote D'ivoire",NA,NA,NA,"Unknown","Cannot determine",NA,"Normal",34.3404631369831,"Average - typical case load at this point","Cote D'ivoire"
"CIV",5,6,0.334029646723253,460.999999999999,0.401840194736288,604.75,461,604.75,0.188060705551662,0.122834652874525,2025,"WHO",2025-06-01,78,78,NA,14,NA,FALSE,"no_lookup_match",NA,2,"2025/2026","Observed",141,164,433,545,NA,433,"Sub-Saharan Africa","Cote D'ivoire",0.401840194736288,604.75,42.465314202425,"Normal","Average - typical case load at this point",-0.485948776238338,"Normal",34.3404631369831,"Average - typical case load at this point","Cote D'ivoire"
"CIV",6,7,0.388569111910422,748,0.39972843810702,1352.75,748,1352.75,0.391491705297309,0.203430999745647,2025,"WHO",2025-07-01,106,106,NA,13,NA,FALSE,"no_lookup_match",NA,2,"2025/2026","Observed",247,270,433,545,NA,433,"Sub-Saharan Africa","Cote D'ivoire",0.39972843810702,1352.75,38.8180704210565,"Normal","Average - typical case load at this point",-0.516722975861323,"Normal",34.3404631369831,"Average - typical case load at this point","Cote D'ivoire"
"CIV",7,8,NA,NA,0.391854860532015,2212,859.25,2212,0.599771765861741,0.208280060564432,2025,"WHO",2025-08-01,39,39,39,12,1,TRUE,"applied_mean",NA,2,"2025/2026","Observed",286,309,433,545,NA,433,"Sub-Saharan Africa","Cote D'ivoire",0.391854860532015,2212,34.5449519285415,"Normal","Average - typical case load at this point",-0.544998510158957,"Normal",34.3404631369831,"Average - typical case load at this point","Cote D'ivoire"
"CIV",8,9,0.415852490612493,221.75,0.396335623393084,2433.75,221.75,2433.75,0.665758200017591,0.0659864341558508,2025,"WHO",2025-09-01,28,28,28,11,0.999384236453202,TRUE,"applied_mean",NA,2,"2025/2026","Observed",314,337,433,545,NA,433,"Sub-Saharan Africa","Cote D'ivoire",0.396335623393084,2433.75,34.2109091990306,"Normal","Average - typical case load at this point",-0.548283118862084,"Normal",34.3404631369831,"Average - typical case load at this point","Cote D'ivoire"
"CIV",9,10,NA,NA,0.400973895185058,2495.75,62,2495.75,0.680553977272594,0.0147957772550026,2025,"WHO",2025-10-01,0,0,0,10,0.999384236453202,TRUE,"applied_mean",NA,2,"2025/2026","Observed",314,337,433,545,NA,433,"Sub-Saharan Africa","Cote D'ivoire",0.400973895185058,2495.75,33.5725656824525,"Normal","Average - typical case load at this point",-0.553512037221901,"Normal",34.3404631369831,"Average - typical case load at this point","Cote D'ivoire"
"CIV",10,11,NA,NA,0.408957168068285,2531.50000000001,35.75,2531.5,0.699959147147088,0.0194051698744943,2025,"WHO",2025-11-01,19,19,19,9,1.00112639673195,TRUE,"applied_mean",NA,2,"2025/2026","Observed",333,356,433,545,NA,433,"Sub-Saharan Africa","Cote D'ivoire",0.408957168068285,2531.50000000001,33.6292097209742,"Normal","Average - typical case load at this point",-0.555331583473281,"Normal",34.3404631369831,"Average - typical case load at this point","Cote D'ivoire"
"CIV",11,12,1.14715093755554,20,0.420145531036968,2551.5,20,2551.5,0.72710000473347,0.0271408575863822,2025,"WHO",2025-12-01,40,40,40,8,1.00361622324726,TRUE,"applied_mean",NA,2,"2025/2026","Observed",373,396,433,545,NA,433,"Sub-Saharan Africa","Cote D'ivoire",0.420145531036968,2551.5,34.3404631369831,"Normal","Average - typical case load at this point",-0.553383380423643,"Normal",34.3404631369831,"Average - typical case load at this point","Cote D'ivoire"
"CIV",12,1,3.02048303722008,78.75,0.675275575967817,2630.25,78.75,2630.25,1,0.27289999526653,2026,"WHO",2026-01-01,60,59,60,7,1.00886161642369,TRUE,"applied_mean",NA,2,"2025/2026","Observed",433,60,433,983,NA,433,"Sub-Saharan Africa","Cote D'ivoire",0.675275575967817,2630.25,24.0317363606021,"Low","Below average - fewer cases than typical at this point",-0.686384113105147,"Normal",35.8400354220773,"Average - typical case load at this point","Cote D'ivoire"
"CIV",1,2,NA,NA,NA,NA,43.25,43.25,0.0118846019433057,0.0118846019433057,2026,"WHO",2026-02-01,36,36,36,6,1.01152497702382,TRUE,"applied_mean",NA,2,"2026/2027","Observed",36,96,830,983,NA,692,"Sub-Saharan Africa","Cote D'ivoire",NA,NA,NA,"Unknown","Cannot determine",NA,"Normal",35.8400354220773,"Average - typical case load at this point","Cote D'ivoire"
"CIV",2,3,NA,NA,NA,NA,30.75,74,0.0265132503715897,0.0146286484282839,2026,"WHO",2026-03-01,51,50,51,5,1.0159892385597,TRUE,"applied_mean",NA,2,"2026/2027","Observed",87,147,830,983,NA,692,"Sub-Saharan Africa","Cote D'ivoire",NA,NA,NA,"Unknown","Cannot determine",NA,"Normal",35.8400354220773,"Average - typical case load at this point","Cote D'ivoire"
"CIV",3,4,NA,NA,NA,NA,20,94,0.0388023177148786,0.0122890673432889,2026,"WHO",2026-04-01,25,24,25,4,1.03278876155935,TRUE,"applied_mean",NA,2,"2026/2027","Observed",112,172,830,983,NA,692,"Sub-Saharan Africa","Cote D'ivoire",NA,NA,NA,"Unknown","Cannot determine",NA,"Normal",35.8400354220773,"Average - typical case load at this point","Cote D'ivoire"
"CIV",4,5,0.715917861102301,49.75,NA,NA,49.75,143.75,0.065226052677137,0.0264237349622584,2026,"WHO",2026-05-01,22,21,22,3,1.0306142357001,TRUE,"applied_mean",NA,2,"2026/2027","Observed",134,194,830,983,NA,692,"Sub-Saharan Africa","Cote D'ivoire",NA,NA,NA,"Unknown","Cannot determine",NA,"Normal",35.8400354220773,"Average - typical case load at this point","Cote D'ivoire"
"CIV",5,6,0.334029646723253,460.999999999999,0.401840194736288,604.75,461,604.75,0.188060705551662,0.122834652874525,2026,"WHO",2026-06-01,91,75,91,2,1.20891364827028,TRUE,"applied_mean",NA,2,"2026/2027","Observed",225,285,830,983,NA,692,"Sub-Saharan Africa","Cote D'ivoire",0.401840194736288,604.75,50.4164149490218,"Normal","Average - typical case load at this point",-0.397927865825356,"Normal",35.8400354220773,"Average - typical case load at this point","Cote D'ivoire"
"CIV",6,7,0.388569111910422,748,0.39972843810702,1352.75,748,1352.75,0.391491705297309,0.203430999745647,2026,"WHO",2026-07-01,100,100,NA,1,NA,FALSE,"insufficient_n_rf",NA,2,"2026/2027","Observed",325,385,830,983,NA,692,"Sub-Saharan Africa","Cote D'ivoire",0.39972843810702,1352.75,43.0300148567209,"Normal","Average - typical case load at this point",-0.480273152558421,"Normal",35.8400354220773,"Average - typical case load at this point","Cote D'ivoire"
"CIV",7,8,NA,NA,0.391854860532015,2212,859.25,2212,0.599771765861741,0.208280060564432,2026,"Estimates",2026-08-01,90,NA,NA,NA,NA,NA,NA,NA,2,"2026/2027","Unobserved",415,475,830,983,90.185266224399,692,"Sub-Saharan Africa","Cote D'ivoire",0.391854860532015,2212,39.7072589148167,"Normal","Average - typical case load at this point",-0.508495494681021,"Normal",35.8400354220773,"Average - typical case load at this point","Cote D'ivoire"
"CIV",8,9,0.415852490612493,221.75,0.396335623393084,2433.75,221.75,2433.75,0.665758200017591,0.0659864341558508,2026,NA,2026-09-01,NA,NA,NA,NA,NA,NA,NA,NA,2,"2026/2027","Unobserved",415,475,830,983,NA,692,"Sub-Saharan Africa","Cote D'ivoire",0.396335623393084,2433.75,38.0262571225294,"Normal","Average - typical case load at this point",-0.522159002808271,"Normal",35.8400354220773,"Average - typical case load at this point","Cote D'ivoire"
"CIV",9,10,NA,NA,0.400973895185058,2495.75,62,2495.75,0.680553977272594,0.0147957772550026,2026,NA,2026-10-01,NA,NA,NA,NA,NA,NA,NA,NA,2,"2026/2027","Unobserved",415,475,830,983,NA,692,"Sub-Saharan Africa","Cote D'ivoire",0.400973895185058,2495.75,37.3657371429242,"Normal","Average - typical case load at this point",-0.527888241755229,"Normal",35.8400354220773,"Average - typical case load at this point","Cote D'ivoire"
"CIV",10,11,NA,NA,0.408957168068285,2531.50000000001,35.75,2531.5,0.699959147147088,0.0194051698744943,2026,NA,2026-11-01,NA,NA,NA,NA,NA,NA,NA,NA,2,"2026/2027","Unobserved",415,475,830,983,NA,692,"Sub-Saharan Africa","Cote D'ivoire",0.408957168068285,2531.50000000001,36.6522180216585,"Normal","Average - typical case load at this point",-0.534618738422197,"Normal",35.8400354220773,"Average - typical case load at this point","Cote D'ivoire"
"CIV",11,12,1.14715093755554,20,0.420145531036968,2551.5,20,2551.5,0.72710000473347,0.0271408575863822,2026,NA,2026-12-01,NA,NA,NA,NA,NA,NA,NA,NA,2,"2026/2027","Unobserved",415,475,830,983,NA,692,"Sub-Saharan Africa","Cote D'ivoire",0.420145531036968,2551.5,35.8400354220773,"Normal","Average - typical case load at this point",-0.542714524799226,"Normal",35.8400354220773,"Average - typical case load at this point","Cote D'ivoire"
"COK",2,1,1.18294787005715,11,0.884896326497715,18.25,11,18.25,0.0425589547695185,0.0277331719568565,2025,"WHO",2025-01-01,0,0,NA,19,NA,FALSE,"no_lookup_match",NA,12,"2024/2025","Observed",0,0,222,15783,NA,222,"Pacific Islands","Cook Islands",0.884896326497715,18.25,6.5875216246393,"Low","Below average - fewer cases than typical at this point",-0.918680659980212,"High",80.7156678863204,"Above average - more cases than typical at this point","Cook Islands"
"COK",3,2,1.98253823541444,49.5,1.6704291732299,67.7500000000001,49.5,67.75,0.187934644775056,0.145375690005538,2025,"WHO",2025-02-01,1,1,NA,18,NA,FALSE,"no_lookup_match",NA,12,"2024/2025","Observed",1,1,222,15783,NA,222,"Pacific Islands","Cook Islands",1.6704291732299,67.7500000000001,0.520162295447102,"Extremely Low","Rare good event - unusually low cases to date",-1.25796050503673,"High",80.7156678863204,"Above average - more cases than typical at this point","Cook Islands"
"COK",4,3,2.26154089536198,97.7500000000001,2.02150588475645,165.5,97.75,165.5,0.47307731980162,0.285142675026564,2025,"WHO",2025-03-01,0,0,NA,17,NA,FALSE,"no_lookup_match",NA,12,"2024/2025","Observed",1,1,222,15783,NA,222,"Pacific Islands","Cook Islands",2.02150588475645,165.5,0.0396876216947791,"Extremely Low","Rare good event - unusually low cases to date",-1.40465323599597,"High",80.7156678863204,"Above average - more cases than typical at this point","Cook Islands"
"COK",5,4,1.47496550300667,63.5,1.85178276525826,229,63.5,229,0.638354077975277,0.165276758173657,2025,"WHO",2025-04-01,1,1,NA,16,NA,FALSE,"no_lookup_match",NA,12,"2024/2025","Observed",2,2,222,15783,NA,222,"Pacific Islands","Cook Islands",1.85178276525826,229,0.0715076846391599,"Extremely Low","Rare good event - unusually low cases to date",-1.34349643549282,"High",80.7156678863204,"Above average - more cases than typical at this point","Cook Islands"
"COK",6,5,1.66200784795682,47.75,1.8177234216786,276.750000000001,47.75,276.75,0.76522050418818,0.126866426212903,2025,"WHO",2025-05-01,12,12,NA,15,NA,FALSE,"no_lookup_match",NA,12,"2024/2025","Observed",14,14,222,15783,NA,222,"Pacific Islands","Cook Islands",1.8177234216786,276.750000000001,0.850775010228688,"Extremely Low","Rare good event - unusually low cases to date",-1.27584352548184,"High",80.7156678863204,"Above average - more cases than typical at this point","Cook Islands"
"COK",7,6,1.55903835248796,28,1.80079083543773,304.75,28,304.75,0.837926004824992,0.072705500636812,2025,"WHO",2025-06-01,23,23,NA,14,NA,FALSE,"no_lookup_match",NA,12,"2024/2025","Observed",37,37,222,15783,NA,222,"Pacific Islands","Cook Islands",1.80079083543773,304.75,3.55212682000992,"Extremely Low","Rare good event - unusually low cases to date",-1.17554169556938,"High",80.7156678863204,"Above average - more cases than typical at this point","Cook Islands"
"COK",8,7,1.2516798650501,23.25,1.75910847100032,328,23.25,328,0.893705388328994,0.0557793835040019,2025,"WHO",2025-07-01,34,34,NA,13,NA,FALSE,"no_lookup_match",NA,12,"2024/2025","Observed",71,71,222,15783,NA,222,"Pacific Islands","Cook Islands",1.75910847100032,328,9.1245851307802,"Low","Below average - fewer cases than typical at this point",-1.03643987033252,"High",80.7156678863204,"Above average - more cases than typical at this point","Cook Islands"
"COK",9,8,1.26261721072541,13.5,1.738198857091,341.5,13.5,341.5,0.926081970762362,0.0323765824333679,2025,"WHO",2025-08-01,18,18,NA,12,NA,FALSE,"no_lookup_match",NA,12,"2024/2025","Observed",89,89,222,15783,NA,222,"Pacific Islands","Cook Islands",1.738198857091,341.5,12.1906319444248,"Low","Below average - fewer cases than typical at this point",-0.972339550467245,"High",80.7156678863204,"Above average - more cases than typical at this point","Cook Islands"
"COK",10,9,1.64910031759899,10.5,1.81829631170351,352,10.5,352,0.965890066449376,0.0398080956870141,2025,"WHO",2025-09-01,40,40,NA,11,NA,FALSE,"no_lookup_match",NA,12,"2024/2025","Observed",129,129,222,15783,NA,222,"Pacific Islands","Cook Islands",1.81829631170351,352,18.7345541896693,"Low","Below average - fewer cases than typical at this point",-0.852070867082647,"High",80.7156678863204,"Above average - more cases than typical at this point","Cook Islands"
"COK",11,10,0.949312975288052,5,1.84428883888876,357.000000000001,5,357,0.983430784520025,0.0175407180706488,2025,"WHO",2025-10-01,34,34,NA,10,NA,FALSE,"no_lookup_match",NA,12,"2024/2025","Observed",163,163,222,15783,NA,222,"Pacific Islands","Cook Islands",1.84428883888876,357.000000000001,24.9697607160295,"Low","Below average - fewer cases than typical at this point",-0.736086870897114,"High",80.7156678863204,"Above average - more cases than typical at this point","Cook Islands"
"COK",12,11,1.23281444059531,4.25,1.87423777804644,361.249999999999,4.25,361.25,1,0.0165692154799752,2025,"WHO",2025-11-01,59,59,NA,9,NA,FALSE,"no_lookup_match",NA,12,"2024/2025","Observed",222,222,222,15783,NA,222,"Pacific Islands","Cook Islands",1.87423777804644,361.249999999999,36.0115552093882,"Normal","Average - typical case load at this point",-0.526351664482422,"High",80.7156678863204,"Above average - more cases than typical at this point","Cook Islands"
"COK",1,12,0.612381906859764,7.24999999999999,0.612381906859764,7.24999999999999,7.25,7.25,0.014825782812662,0.014825782812662,2025,"WHO",2025-12-01,12,12,NA,8,NA,FALSE,"no_lookup_match",NA,12,"2025/2026","Observed",12,234,1288,15783,NA,1288,"Pacific Islands","Cook Islands",0.612381906859764,7.24999999999999,80.7156678863204,"High","Above average - more cases than typical at this point",0.492332736395846,"High",80.7156678863204,"Above average - more cases than typical at this point","Cook Islands"
"COK",2,1,1.18294787005715,11,0.884896326497715,18.25,11,18.25,0.0425589547695185,0.0277331719568565,2026,"WHO",2026-01-01,496,496,NA,7,NA,FALSE,"no_lookup_match",NA,12,"2025/2026","Observed",508,496,1288,1274,NA,1288,"Pacific Islands","Cook Islands",0.884896326497715,18.25,99.9999999978145,"Extremely High","Rare bad event - unusually high cases to date",24.6533618205649,"Low",20.9486090513296,"Below average - fewer cases than typical at this point","Cook Islands"
"COK",3,2,1.98253823541444,49.5,1.6704291732299,67.7500000000001,49.5,67.75,0.187934644775056,0.145375690005538,2026,"WHO",2026-02-01,470,470,NA,6,NA,FALSE,"no_lookup_match",NA,12,"2025/2026","Observed",978,966,1288,1274,NA,1288,"Pacific Islands","Cook Islands",1.6704291732299,67.7500000000001,99.9999999582965,"Extremely High","Rare bad event - unusually high cases to date",17.1544352016431,"Low",20.9486090513296,"Below average - fewer cases than typical at this point","Cook Islands"
"COK",4,3,2.26154089536198,97.7500000000001,2.02150588475645,165.5,97.75,165.5,0.47307731980162,0.285142675026564,2026,"WHO",2026-03-01,164,164,NA,5,NA,FALSE,"no_lookup_match",NA,12,"2025/2026","Observed",1142,1130,1288,1274,NA,1288,"Pacific Islands","Cook Islands",2.02150588475645,165.5,99.9985389156376,"Extremely High","Rare bad event - unusually high cases to date",8.33826069878459,"Low",20.9486090513296,"Below average - fewer cases than typical at this point","Cook Islands"
"COK",5,4,1.47496550300667,63.5,1.85178276525826,229,63.5,229,0.638354077975277,0.165276758173657,2026,"WHO",2026-04-01,9,9,NA,4,NA,FALSE,"no_lookup_match",NA,12,"2025/2026","Observed",1151,1139,1288,1274,NA,1288,"Pacific Islands","Cook Islands",1.85178276525826,229,99.9283940050597,"Extremely High","Rare bad event - unusually high cases to date",5.45684455297082,"Low",20.9486090513296,"Below average - fewer cases than typical at this point","Cook Islands"
"COK",6,5,1.66200784795682,47.75,1.8177234216786,276.750000000001,47.75,276.75,0.76522050418818,0.126866426212903,2026,"WHO",2026-05-01,0,0,NA,3,NA,FALSE,"insufficient_n_rf",NA,12,"2025/2026","Observed",1151,1139,1288,1274,NA,1288,"Pacific Islands","Cook Islands",1.8177234216786,276.750000000001,99.673723649023,"Extremely High","Rare bad event - unusually high cases to date",4.2451235096194,"Low",20.9486090513296,"Below average - fewer cases than typical at this point","Cook Islands"
"COK",7,6,1.55903835248796,28,1.80079083543773,304.75,28,304.75,0.837926004824992,0.072705500636812,2026,"WHO",2026-06-01,0,0,NA,2,NA,FALSE,"no_lookup_match",NA,12,"2025/2026","Observed",1151,1139,1288,1274,NA,1288,"Pacific Islands","Cook Islands",1.80079083543773,304.75,99.3755659899455,"Extremely High","Rare bad event - unusually high cases to date",3.71541422922722,"Low",20.9486090513296,"Below average - fewer cases than typical at this point","Cook Islands"
"COK",8,7,1.2516798650501,23.25,1.75910847100032,328,23.25,328,0.893705388328994,0.0557793835040019,2026,"WHO",2026-07-01,0,0,NA,1,NA,FALSE,"insufficient_n_rf",NA,12,"2025/2026","Observed",1151,1139,1288,1274,NA,1288,"Pacific Islands","Cook Islands",1.75910847100032,328,98.9833374973885,"Extremely High","Rare bad event - unusually high cases to date",3.31902728904147,"Low",20.9486090513296,"Below average - fewer cases than typical at this point","Cook Islands"
"COK",9,8,1.26261721072541,13.5,1.738198857091,341.5,13.5,341.5,0.926081970762362,0.0323765824333679,2026,"Estimates",2026-08-01,42,NA,NA,NA,NA,NA,NA,NA,12,"2025/2026","Unobserved",1193,1181,1288,1274,41.7010381741779,1288,"Pacific Islands","Cook Islands",1.738198857091,341.5,98.9274433607769,"Extremely High","Rare bad event - unusually high cases to date",3.27899852365489,"Low",20.9486090513296,"Below average - fewer cases than typical at this point","Cook Islands"
"COK",10,9,1.64910031759899,10.5,1.81829631170351,352,10.5,352,0.965890066449376,0.0398080956870141,2026,NA,2026-09-01,NA,NA,NA,NA,NA,NA,NA,NA,12,"2025/2026","Unobserved",1193,1181,1288,1274,NA,1288,"Pacific Islands","Cook Islands",1.81829631170351,352,98.8660075309238,"Extremely High","Rare bad event - unusually high cases to date",3.21341524312334,"Low",20.9486090513296,"Below average - fewer cases than typical at this point","Cook Islands"
"COK",11,10,0.949312975288052,5,1.84428883888876,357.000000000001,5,357,0.983430784520025,0.0175407180706488,2026,NA,2026-10-01,NA,NA,NA,NA,NA,NA,NA,NA,12,"2025/2026","Unobserved",1193,1181,1288,1274,NA,1288,"Pacific Islands","Cook Islands",1.84428883888876,357.000000000001,98.8164718464828,"Extremely High","Rare bad event - unusually high cases to date",3.17200321685559,"Low",20.9486090513296,"Below average - fewer cases than typical at this point","Cook Islands"
"COK",12,11,1.23281444059531,4.25,1.87423777804644,361.249999999999,4.25,361.25,1,0.0165692154799752,2026,NA,2026-11-01,NA,NA,NA,NA,NA,NA,NA,NA,12,"2025/2026","Unobserved",1193,1181,1288,1274,NA,1288,"Pacific Islands","Cook Islands",1.87423777804644,361.249999999999,98.7851004948992,"Extremely High","Rare bad event - unusually high cases to date",3.1439353460198,"Low",20.9486090513296,"Below average - fewer cases than typical at this point","Cook Islands"
"COK",1,12,0.612381906859764,7.24999999999999,0.612381906859764,7.24999999999999,7.25,7.25,0.014825782812662,0.014825782812662,2026,NA,2026-12-01,NA,NA,NA,NA,NA,NA,NA,NA,12,"2026/2027","Unobserved",0,1181,NA,1274,NA,NA,"Pacific Islands","Cook Islands",0.612381906859764,7.24999999999999,20.9486090513296,"Low","Below average - fewer cases than typical at this point",-0.751455229235763,"Low",20.9486090513296,"Below average - fewer cases than typical at this point","Cook Islands"
"COL",12,1,2.41479181014426,9960.5625,2.87120595534445,102813.8125,9960.5625,102813.8125,1,0.105176907998615,2025,"PAHO",2025-01-01,19794,19794,NA,84,NA,FALSE,"no_lookup_match","current_month_missing",2,"2024/2025","Observed",19794,19794,19794,139825,NA,19794,"South America","Colombia",2.87120595534445,102813.8125,2.38011504509795,"Extremely Low","Rare good event - unusually low cases to date",-1.36822144604493,"Normal",66.0498098123307,"Average - typical case load at this point","Colombia"
"COL",1,2,1.8611318726909,8925.0625,1.8611318726909,8925.0625,8925.0625,8925.0625,0.0867544896193062,0.0867544896193062,2025,"PAHO",2025-02-01,14705,14705,NA,80,NA,FALSE,"no_lookup_match","current_month_missing",2,"2025/2026","Observed",14705,34499,116862,139825,NA,116862,"South America","Colombia",1.8611318726909,8925.0625,83.6234353760863,"High","Above average - more cases than typical at this point",0.883395480128495,"Normal",66.0498098123307,"Average - typical case load at this point","Colombia"
"COL",2,3,1.50470941621698,9758.375,1.67816405850618,18683.4375,9758.375,18683.4375,0.173328112939929,0.0865736233206226,2025,"PAHO",2025-03-01,16984,16984,NA,75,NA,FALSE,"no_lookup_match","current_month_missing",2,"2025/2026","Observed",31689,51483,116862,139825,NA,116862,"South America","Colombia",1.67816405850618,18683.4375,84.1017580173548,"High","Above average - more cases than typical at this point",0.901716592453365,"Normal",66.0498098123307,"Average - typical case load at this point","Colombia"
"COL",3,4,1.72069327545389,9445.99999999997,1.7252783213059,28129.4375,9446,28129.4375,0.258575076729329,0.0852469637894003,2025,"PAHO",2025-04-01,13301,13301,NA,71,NA,FALSE,"no_lookup_match","current_month_missing",2,"2025/2026","Observed",44990,64784,116862,139825,NA,116862,"South America","Colombia",1.7252783213059,28129.4375,81.9992586097006,"High","Above average - more cases than typical at this point",0.787276478726477,"Normal",66.0498098123307,"Average - typical case load at this point","Colombia"
"COL",4,5,1.89239387123688,10349.1875,1.80323589274484,38478.625,10349.1875,38478.625,0.353439110687293,0.0948640339579639,2025,"PAHO",2025-05-01,11614,11614,NA,67,NA,FALSE,"no_lookup_match","current_month_missing",2,"2025/2026","Observed",56604,76398,116862,139825,NA,116862,"South America","Colombia",1.80323589274484,38478.625,78.7133487273702,"High","Above average - more cases than typical at this point",0.632533529530023,"Normal",66.0498098123307,"Average - typical case load at this point","Colombia"
"COL",5,6,1.59889817380443,9795.62499999997,1.80562217491271,48274.2500000001,9795.625,48274.25,0.438250827962426,0.084811717275133,2025,"PAHO",2025-06-01,11049,11049,NA,62,NA,FALSE,"no_lookup_match","current_month_missing",2,"2025/2026","Observed",67653,87447,116862,139825,NA,116862,"South America","Colombia",1.80562217491271,48274.2500000001,76.5476634778407,"High","Above average - more cases than typical at this point",0.539405714125319,"Normal",66.0498098123307,"Average - typical case load at this point","Colombia"
"COL",6,7,2.40558312617766,8740.12500000001,1.93599359323945,57014.3750000001,8740.125,57014.375,0.522148525870288,0.0838976979078624,2025,"PAHO",2025-07-01,7429,7429,NA,58,NA,FALSE,"no_lookup_match","current_month_missing",2,"2025/2026","Observed",75082,94876,116862,139825,NA,116862,"South America","Colombia",1.93599359323945,57014.3750000001,73.8192880145051,"Normal","Average - typical case load at this point",0.440921508598193,"Normal",66.0498098123307,"Average - typical case load at this point","Colombia"
"COL",7,8,2.76133915497604,7105.3125,2.05330306421239,64119.6875000001,7105.3125,64119.6875,0.591677519348872,0.0695289934785837,2025,"PAHO",2025-08-01,5159,5159,NA,54,NA,FALSE,"no_lookup_match","current_month_missing",2,"2025/2026","Observed",80241,100035,116862,139825,NA,116862,"South America","Colombia",2.05330306421239,64119.6875000001,71.3719498216731,"Normal","Average - typical case load at this point",0.360270393188881,"Normal",66.0498098123307,"Average - typical case load at this point","Colombia"
"COL",8,9,2.65447318207147,7134.62500000001,2.18504198400765,71254.3125,7134.625,71254.3125,0.662427889026725,0.0707503696778532,2025,"PAHO",2025-09-01,6506,6506,NA,49,1,TRUE,"applied_mean","previous_month_missing",2,"2025/2026","Observed",86747,106541,116862,139825,NA,116862,"South America","Colombia",2.18504198400765,71254.3125,70.0026332704804,"Normal","Average - typical case load at this point",0.321394796414799,"Normal",66.0498098123307,"Average - typical case load at this point","Colombia"
"COL",9,10,3.76901135280955,7077.93749999999,2.38320855014998,78332.2499999998,7077.9375,78332.25,0.738474361152643,0.0760464721259176,2025,"PAHO",2025-10-01,4615,4615,4615,45,1,TRUE,"applied_mean","not_missing",2,"2025/2026","Observed",91362,111156,116862,139825,NA,116862,"South America","Colombia",2.38320855014998,78332.2499999998,67.6789166849539,"Normal","Average - typical case load at this point",0.256785146893649,"Normal",66.0498098123307,"Average - typical case load at this point","Colombia"
"COL",10,11,3.04125342505869,7498.1875,2.56940991517742,85830.4374999999,7498.1875,85830.4375,0.818984888778513,0.0805105276258704,2025,"PAHO",2025-11-01,6554,6554,6554,41,1,TRUE,"applied_mean","not_missing",2,"2025/2026","Observed",97916,117710,116862,139825,NA,116862,"South America","Colombia",2.56940991517742,85830.4374999999,66.3926573895995,"Normal","Average - typical case load at this point",0.225702172732375,"Normal",66.0498098123307,"Average - typical case load at this point","Colombia"
"COL",11,12,3.05262861454672,7022.81249999999,2.72364845963094,92853.2500000002,7022.8125,92853.25,0.894823092001385,0.075838203222872,2025,"PAHO",2025-12-01,7409,7409,7409,36,1,TRUE,"applied_mean","not_missing",2,"2025/2026","Observed",105325,125119,116862,139825,NA,116862,"South America","Colombia",2.72364845963094,92853.2500000002,66.0498098123307,"Normal","Average - typical case load at this point",0.221666183666765,"Normal",66.0498098123307,"Average - typical case load at this point","Colombia"
"COL",12,1,2.41479181014426,9960.5625,2.87120595534445,102813.8125,9960.5625,102813.8125,1,0.105176907998615,2026,"PAHO",2026-01-01,11537,11537,11537,32,1,TRUE,"applied_mean","not_missing",2,"2025/2026","Observed",116862,11537,116862,122611,NA,116862,"South America","Colombia",2.87120595534445,102813.8125,66.1944848332719,"Normal","Average - typical case load at this point",0.231523425996173,"Normal",33.0608339683434,"Average - typical case load at this point","Colombia"
"COL",1,2,1.8611318726909,8925.0625,1.8611318726909,8925.0625,8925.0625,8925.0625,0.0867544896193062,0.0867544896193062,2026,"PAHO",2026-02-01,9292,9292,9292,28,1,TRUE,"applied_mean","not_missing",2,"2026/2027","Observed",9292,20829,103112,122611,NA,103112,"South America","Colombia",1.8611318726909,8925.0625,61.8402250317684,"Normal","Average - typical case load at this point",0.0560820820276427,"Normal",33.0608339683434,"Average - typical case load at this point","Colombia"
"COL",2,3,1.50470941621698,9758.375,1.67816405850618,18683.4375,9758.375,18683.4375,0.173328112939929,0.0865736233206226,2026,"PAHO",2026-03-01,10803,10803,10803,23,1,TRUE,"applied_mean","not_missing",2,"2026/2027","Observed",20095,31632,103112,122611,NA,103112,"South America","Colombia",1.67816405850618,18683.4375,63.8325747351714,"Normal","Average - typical case load at this point",0.0978680720295597,"Normal",33.0608339683434,"Average - typical case load at this point","Colombia"
"COL",3,4,1.72069327545389,9445.99999999997,1.7252783213059,28129.4375,9446,28129.4375,0.258575076729329,0.0852469637894003,2026,"PAHO",2026-04-01,7763,7763,7763,19,1,TRUE,"applied_mean","not_missing",2,"2026/2027","Observed",27858,39395,103112,122611,NA,103112,"South America","Colombia",1.7252783213059,28129.4375,59.630303115036,"Normal","Average - typical case load at this point",-0.0126743315470258,"Normal",33.0608339683434,"Average - typical case load at this point","Colombia"
"COL",4,5,1.89239387123688,10349.1875,1.80323589274484,38478.625,10349.1875,38478.625,0.353439110687293,0.0948640339579639,2026,"PAHO",2026-05-01,8948,8948,8948,15,1,TRUE,"applied_mean","not_missing",2,"2026/2027","Observed",36806,48343,103112,122611,NA,103112,"South America","Colombia",1.80323589274484,38478.625,57.6226107770287,"Normal","Average - typical case load at this point",-0.058370731354807,"Normal",33.0608339683434,"Average - typical case load at this point","Colombia"
"COL",5,6,1.59889817380443,9795.62499999997,1.80562217491271,48274.2500000001,9795.625,48274.25,0.438250827962426,0.084811717275133,2026,"PAHO",2026-06-01,10919,10919,10919,10,1,TRUE,"applied_mean","not_missing",2,"2026/2027","Observed",47725,59262,103112,122611,NA,103112,"South America","Colombia",1.80562217491271,48274.2500000001,59.3029203252797,"Normal","Average - typical case load at this point",-0.0152883229559894,"Normal",33.0608339683434,"Average - typical case load at this point","Colombia"
"COL",6,7,2.40558312617766,8740.12500000001,1.93599359323945,57014.3750000001,8740.125,57014.375,0.522148525870288,0.0838976979078624,2026,"PAHO",2026-07-01,9108,9108,9108,6,1,TRUE,"applied_mean","not_missing",2,"2026/2027","Observed",56833,68370,103112,122611,NA,103112,"South America","Colombia",1.93599359323945,57014.3750000001,59.3833900386318,"Normal","Average - typical case load at this point",-0.00442626734958429,"Normal",33.0608339683434,"Average - typical case load at this point","Colombia"
"COL",7,8,2.76133915497604,7105.3125,2.05330306421239,64119.6875000001,7105.3125,64119.6875,0.591677519348872,0.0695289934785837,2026,"PAHO",2026-08-01,4176,4176,4176,4,1,TRUE,"applied_mean","not_missing",2,"2026/2027","Observed",61009,72546,103112,122611,NA,103112,"South America","Colombia",2.05330306421239,64119.6875000001,56.549590776703,"Normal","Average - typical case load at this point",-0.0695159658193318,"Normal",33.0608339683434,"Average - typical case load at this point","Colombia"
"COL",8,9,2.65447318207147,7134.62500000001,2.18504198400765,71254.3125,7134.625,71254.3125,0.662427889026725,0.0707503696778532,2026,NA,2026-09-01,NA,NA,NA,NA,NA,NA,NA,NA,2,"2026/2027","Unobserved",61009,72546,103112,122611,NA,103112,"South America","Colombia",2.18504198400765,71254.3125,50.2555653872461,"Normal","Average - typical case load at this point",-0.212538342695127,"Normal",33.0608339683434,"Average - typical case load at this point","Colombia"
"COL",9,10,3.76901135280955,7077.93749999999,2.38320855014998,78332.2499999998,7077.9375,78332.25,0.738474361152643,0.0760464721259176,2026,NA,2026-10-01,NA,NA,NA,NA,NA,NA,NA,NA,2,"2026/2027","Unobserved",61009,72546,103112,122611,NA,103112,"South America","Colombia",2.38320855014998,78332.2499999998,44.0884103883278,"Normal","Average - typical case load at this point",-0.341399742583342,"Normal",33.0608339683434,"Average - typical case load at this point","Colombia"
"COL",10,11,3.04125342505869,7498.1875,2.56940991517742,85830.4374999999,7498.1875,85830.4375,0.818984888778513,0.0805105276258704,2026,NA,2026-11-01,NA,NA,NA,NA,NA,NA,NA,NA,2,"2026/2027","Unobserved",61009,72546,103112,122611,NA,103112,"South America","Colombia",2.56940991517742,85830.4374999999,38.095551723837,"Normal","Average - typical case load at this point",-0.463549162406858,"Normal",33.0608339683434,"Average - typical case load at this point","Colombia"
"COL",11,12,3.05262861454672,7022.81249999999,2.72364845963094,92853.2500000002,7022.8125,92853.25,0.894823092001385,0.075838203222872,2026,NA,2026-12-01,NA,NA,NA,NA,NA,NA,NA,NA,2,"2026/2027","Unobserved",61009,72546,103112,122611,NA,103112,"South America","Colombia",2.72364845963094,92853.2500000002,33.0608339683434,"Normal","Average - typical case load at this point",-0.565982590192281,"Normal",33.0608339683434,"Average - typical case load at this point","Colombia"
"CRI",11,1,0.941249341409632,1514.6875,1.70535892430034,19940.625,1514.6875,19940.625,0.960261221631464,0.0680930203559414,2025,"PAHO",2025-01-01,544,544,NA,84,NA,FALSE,"no_lookup_match","current_month_missing",3,"2024/2025","Observed",544,544,804,6746,NA,804,"North & Central America","Costa Rica",1.70535892430034,19940.625,0.335955270900118,"Extremely Low","Rare good event - unusually low cases to date",-1.27021352388337,"Low",13.7584704589829,"Below average - fewer cases than typical at this point","Costa Rica"
"CRI",12,2,1.1349911461181,794.625000000001,1.71481919762716,20735.25,794.625,20735.25,1,0.0397387783685365,2025,"PAHO",2025-02-01,260,260,NA,80,NA,FALSE,"no_lookup_match","current_month_missing",3,"2024/2025","Observed",804,804,804,6746,NA,804,"North & Central America","Costa Rica",1.71481919762716,20735.25,0.589225193329778,"Extremely Low","Rare good event - unusually low cases to date",-1.2586833044199,"Low",13.7584704589829,"Below average - fewer cases than typical at this point","Costa Rica"
"CRI",1,3,1.48121602848919,714.75,1.48121602848919,714.75,714.75,714.75,0.03717969192493,0.03717969192493,2025,"PAHO",2025-03-01,286,286,NA,75,NA,FALSE,"no_lookup_match","current_month_missing",3,"2025/2026","Observed",286,1090,5619,6746,NA,5619,"North & Central America","Costa Rica",1.48121602848919,714.75,25.0559172750713,"Normal","Average - typical case load at this point",-0.729305736981482,"Low",13.7584704589829,"Below average - fewer cases than typical at this point","Costa Rica"
"CRI",2,4,1.88506123914004,643.624999999999,1.70216847783084,1358.375,643.625,1358.375,0.073660156651974,0.036480464727044,2025,"PAHO",2025-04-01,165,165,NA,71,NA,FALSE,"no_lookup_match","current_month_missing",3,"2025/2026","Observed",451,1255,5619,6746,NA,5619,"North & Central America","Costa Rica",1.70216847783084,1358.375,17.3695607144759,"Low","Below average - fewer cases than typical at this point",-0.870956502840965,"Low",13.7584704589829,"Below average - fewer cases than typical at this point","Costa Rica"
"CRI",3,5,1.66198153341619,1105.375,1.73985897719786,2463.75,1105.375,2463.75,0.133471671766214,0.0598115151142397,2025,"PAHO",2025-05-01,185,185,NA,67,NA,FALSE,"no_lookup_match","current_month_missing",3,"2025/2026","Observed",636,1440,5619,6746,NA,5619,"North & Central America","Costa Rica",1.73985897719786,2463.75,11.8150358218102,"Low","Below average - fewer cases than typical at this point",-0.978191507061536,"Low",13.7584704589829,"Below average - fewer cases than typical at this point","Costa Rica"
"CRI",4,6,1.56437431103059,1819.625,1.70660848522439,4283.375,1819.625,4283.375,0.228774316996723,0.0953026452305091,2025,"PAHO",2025-06-01,326,326,NA,62,NA,FALSE,"no_lookup_match","current_month_missing",3,"2025/2026","Observed",962,1766,5619,6746,NA,5619,"North & Central America","Costa Rica",1.70660848522439,4283.375,9.90722230437771,"Low","Below average - fewer cases than typical at this point",-1.01277335087566,"Low",13.7584704589829,"Below average - fewer cases than typical at this point","Costa Rica"
"CRI",5,7,1.78133543240783,2547.6875,1.77229406361172,6831.06249999999,2547.6875,6831.0625,0.360915485913205,0.132141168916482,2025,"PAHO",2025-07-01,492,492,NA,58,NA,FALSE,"no_lookup_match","current_month_missing",3,"2025/2026","Observed",1454,2258,5619,6746,NA,5619,"North & Central America","Costa Rica",1.77229406361172,6831.06249999999,8.570453330362,"Low","Below average - fewer cases than typical at this point",-1.04777585488609,"Low",13.7584704589829,"Below average - fewer cases than typical at this point","Costa Rica"
"CRI",6,8,1.67632549742118,2702.0625,1.81228585691512,9533.12499999998,2702.0625,9533.125,0.492169553405053,0.131254067491848,2025,"PAHO",2025-08-01,664,664,NA,54,NA,FALSE,"no_lookup_match","current_month_missing",3,"2025/2026","Observed",2118,2922,5619,6746,NA,5619,"North & Central America","Costa Rica",1.81228585691512,9533.12499999998,8.80939673456695,"Low","Below average - fewer cases than typical at this point",-1.04702068781048,"Low",13.7584704589829,"Below average - fewer cases than typical at this point","Costa Rica"
"CRI",7,9,1.43014525159802,2491.8125,1.79561796691811,12024.9375,2491.8125,12024.9375,0.608009554929691,0.115840001524638,2025,"PAHO",2025-09-01,876,876,NA,49,1,TRUE,"applied_mean","previous_month_missing",3,"2025/2026","Observed",2994,3798,5619,6746,NA,5619,"North & Central America","Costa Rica",1.79561796691811,12024.9375,10.6570722881118,"Low","Below average - fewer cases than typical at this point",-1.00629324422943,"Low",13.7584704589829,"Below average - fewer cases than typical at this point","Costa Rica"
"CRI",8,10,1.34591271397665,2543.25,1.79480348724452,14568.1875,2543.25,14568.1875,0.725412821558729,0.117403266629038,2025,"PAHO",2025-10-01,740,740,740,45,1,TRUE,"applied_mean","not_missing",3,"2025/2026","Observed",3734,4538,5619,6746,NA,5619,"North & Central America","Costa Rica",1.79480348724452,14568.1875,11.1427753039983,"Low","Below average - fewer cases than typical at this point",-0.996259616166283,"Low",13.7584704589829,"Below average - fewer cases than typical at this point","Costa Rica"
"CRI",9,11,1.10539887858876,2402.4375,1.74307572221233,16970.6249999999,2402.4375,16970.625,0.828570295886362,0.103157474327633,2025,"PAHO",2025-11-01,780,780,780,41,1,TRUE,"applied_mean","not_missing",3,"2025/2026","Observed",4514,5318,5619,6746,NA,5619,"North & Central America","Costa Rica",1.74307572221233,16970.6249999999,12.2842340425064,"Low","Below average - fewer cases than typical at this point",-0.969032578604148,"Low",13.7584704589829,"Below average - fewer cases than typical at this point","Costa Rica"
"CRI",10,12,1.04673238953899,1455.3125,1.7127495749842,18425.9375,1455.3125,18425.9375,0.892168201275522,0.06359790538916,2025,"PAHO",2025-12-01,701,701,701,37,1,TRUE,"applied_mean","not_missing",3,"2025/2026","Observed",5215,6019,5619,6746,NA,5619,"North & Central America","Costa Rica",1.7127495749842,18425.9375,13.7584704589829,"Low","Below average - fewer cases than typical at this point",-0.938276404279308,"Low",13.7584704589829,"Below average - fewer cases than typical at this point","Costa Rica"
"CRI",11,1,0.941249341409632,1514.6875,1.70535892430034,19940.625,1514.6875,19940.625,0.960261221631464,0.0680930203559414,2026,"PAHO",2026-01-01,251,248,251,32,1.01091393609018,TRUE,"applied_mean","not_missing",3,"2025/2026","Observed",5466,251,5619,6467,NA,5619,"North & Central America","Costa Rica",1.70535892430034,19940.625,13.2216989948879,"Low","Below average - fewer cases than typical at this point",-0.947889874044601,"Low",5.37379711075746,"Below average - fewer cases than typical at this point","Costa Rica"
"CRI",12,2,1.1349911461181,794.625000000001,1.71481919762716,20735.25,794.625,20735.25,1,0.0397387783685365,2026,"PAHO",2026-02-01,153,151,153,28,1.01307517877177,TRUE,"applied_mean","not_missing",3,"2025/2026","Observed",5619,404,5619,6467,NA,5619,"North & Central America","Costa Rica",1.71481919762716,20735.25,12.9091382589581,"Low","Below average - fewer cases than typical at this point",-0.954610047058628,"Low",5.37379711075746,"Below average - fewer cases than typical at this point","Costa Rica"
"CRI",1,3,1.48121602848919,714.75,1.48121602848919,714.75,714.75,714.75,0.03717969192493,0.03717969192493,2026,"PAHO",2026-03-01,147,153,147,23,0.998767037955435,TRUE,"applied_mean","not_missing",3,"2026/2027","Observed",147,551,5646,6467,NA,5646,"North & Central America","Costa Rica",1.48121602848919,714.75,11.0670197196111,"Low","Below average - fewer cases than typical at this point",-0.965745381157402,"Low",5.37379711075746,"Below average - fewer cases than typical at this point","Costa Rica"
"CRI",2,4,1.88506123914004,643.624999999999,1.70216847783084,1358.375,643.625,1358.375,0.073660156651974,0.036480464727044,2026,"PAHO",2026-04-01,146,153,146,19,0.988770070385388,TRUE,"applied_mean","not_missing",3,"2026/2027","Observed",293,697,5646,6467,NA,5646,"North & Central America","Costa Rica",1.70216847783084,1358.375,9.41209723855852,"Low","Below average - fewer cases than typical at this point",-1.02261499844518,"Low",5.37379711075746,"Below average - fewer cases than typical at this point","Costa Rica"
"CRI",3,5,1.66198153341619,1105.375,1.73985897719786,2463.75,1105.375,2463.75,0.133471671766214,0.0598115151142397,2026,"PAHO",2026-05-01,260,272,260,15,0.979423053047149,TRUE,"applied_mean","not_missing",3,"2026/2027","Observed",553,957,5646,6467,NA,5646,"North & Central America","Costa Rica",1.73985897719786,2463.75,9.60493194195225,"Low","Below average - fewer cases than typical at this point",-1.02261218553841,"Low",5.37379711075746,"Below average - fewer cases than typical at this point","Costa Rica"
"CRI",4,6,1.56437431103059,1819.625,1.70660848522439,4283.375,1819.625,4283.375,0.228774316996723,0.0953026452305091,2026,"PAHO",2026-06-01,790,842,790,10,0.960306730281872,TRUE,"applied_mean","not_missing",3,"2026/2027","Observed",1343,1747,5646,6467,NA,5646,"North & Central America","Costa Rica",1.70660848522439,4283.375,15.971093849891,"Low","Below average - fewer cases than typical at this point",-0.896596572678793,"Low",5.37379711075746,"Below average - fewer cases than typical at this point","Costa Rica"
"CRI",5,7,1.78133543240783,2547.6875,1.77229406361172,6831.06249999999,2547.6875,6831.0625,0.360915485913205,0.132141168916482,2026,"PAHO",2026-07-01,1218,1360,1218,6,0.932541770573874,TRUE,"applied_mean","not_missing",3,"2026/2027","Observed",2561,2965,5646,6467,NA,5646,"North & Central America","Costa Rica",1.77229406361172,6831.06249999999,19.6224965547379,"Low","Below average - fewer cases than typical at this point",-0.832065535104813,"Low",5.37379711075746,"Below average - fewer cases than typical at this point","Costa Rica"
"CRI",6,8,1.67632549742118,2702.0625,1.81228585691512,9533.12499999998,2702.0625,9533.125,0.492169553405053,0.131254067491848,2026,"PAHO",2026-08-01,218,258,218,5,0.926080187432602,TRUE,"applied_mean","not_missing",3,"2026/2027","Observed",2779,3183,5646,6467,NA,5646,"North & Central America","Costa Rica",1.81228585691512,9533.12499999998,13.3354345996965,"Low","Below average - fewer cases than typical at this point",-0.953687038729347,"Low",5.37379711075746,"Below average - fewer cases than typical at this point","Costa Rica"
"CRI",7,9,1.43014525159802,2491.8125,1.79561796691811,12024.9375,2491.8125,12024.9375,0.608009554929691,0.115840001524638,2026,NA,2026-09-01,NA,NA,NA,NA,NA,NA,NA,NA,3,"2026/2027","Unobserved",2779,3183,5646,6467,NA,5646,"North & Central America","Costa Rica",1.79561796691811,12024.9375,9.50902970490088,"Low","Below average - fewer cases than typical at this point",-1.03025011997011,"Low",5.37379711075746,"Below average - fewer cases than typical at this point","Costa Rica"
"CRI",8,10,1.34591271397665,2543.25,1.79480348724452,14568.1875,2543.25,14568.1875,0.725412821558729,0.117403266629038,2026,NA,2026-10-01,NA,NA,NA,NA,NA,NA,NA,NA,3,"2026/2027","Unobserved",2779,3183,5646,6467,NA,5646,"North & Central America","Costa Rica",1.79480348724452,14568.1875,7.05323574439523,"Low","Below average - fewer cases than typical at this point",-1.0840768090512,"Low",5.37379711075746,"Below average - fewer cases than typical at this point","Costa Rica"
"CRI",9,11,1.10539887858876,2402.4375,1.74307572221233,16970.6249999999,2402.4375,16970.625,0.828570295886362,0.103157474327633,2026,NA,2026-11-01,NA,NA,NA,NA,NA,NA,NA,NA,3,"2026/2027","Unobserved",2779,3183,5646,6467,NA,5646,"North & Central America","Costa Rica",1.74307572221233,16970.6249999999,5.8832585812503,"Low","Below average - fewer cases than typical at this point",-1.10400264665053,"Low",5.37379711075746,"Below average - fewer cases than typical at this point","Costa Rica"
"CRI",10,12,1.04673238953899,1455.3125,1.7127495749842,18425.9375,1455.3125,18425.9375,0.892168201275522,0.06359790538916,2026,NA,2026-12-01,NA,NA,NA,NA,NA,NA,NA,NA,3,"2026/2027","Unobserved",2779,3183,5646,6467,NA,5646,"North & Central America","Costa Rica",1.7127495749842,18425.9375,5.37379711075746,"Low","Below average - fewer cases than typical at this point",-1.11128769290469,"Low",5.37379711075746,"Below average - fewer cases than typical at this point","Costa Rica"
"CUB",10,1,8.50144749667908,156.375,11.2804978133241,1755.25,156.375,1755.25,0.906197201831166,0.0887380012384306,2025,"Estimates",2025-01-01,2815,NA,NA,NA,NA,NA,NA,"current_month_missing",4,"2024/2025","Unobserved",2815,2815,NA,37546,2815.03561328673,5791,"Caribbean","Cuba",11.2804978133241,1755.25,96.5085300422203,"Extremely High","Rare bad event - unusually high cases to date",2.0213312832123,"Extremely High",100,"Rare bad event - unusually high cases to date","Cuba"
"CUB",11,2,9.33692275869888,84.4999999999999,12.787193399588,1839.75,84.5,1839.75,0.95400436190835,0.047807160077184,2025,"Estimates",2025-02-01,1517,NA,NA,NA,NA,NA,NA,"current_month_missing",4,"2024/2025","Unobserved",4332,4332,NA,37546,1516.58653912851,5791,"Caribbean","Cuba",12.787193399588,1839.75,99.9867015130895,"Extremely High","Rare bad event - unusually high cases to date",4.8274340312125,"Extremely High",100,"Rare bad event - unusually high cases to date","Cuba"
"CUB",12,3,10.2445724033175,80.375,14.4440726014646,1920.125,80.375,1920.125,1,0.0459956380916502,2025,"Estimates",2025-03-01,1459,NA,NA,NA,NA,NA,NA,"current_month_missing",4,"2024/2025","Unobserved",5791,5791,NA,37546,1459.11962718142,5791,"Caribbean","Cuba",14.4440726014646,1920.125,99.999989898722,"Extremely High","Rare bad event - unusually high cases to date",7.63303242224251,"Extremely High",100,"Rare bad event - unusually high cases to date","Cuba"
"CUB",1,4,8.6627247119521,65.6250000000001,8.6627247119521,65.6250000000001,65.625,65.625,0.0335140316808718,0.0335140316808718,2025,"Estimates",2025-04-01,1063,NA,NA,NA,NA,NA,NA,"current_month_missing",4,"2025/2026","Unobserved",1063,6854,31723,37546,1063.16562701229,44431,"Caribbean","Cuba",8.6627247119521,65.6250000000001,100,"Extremely High","Rare bad event - unusually high cases to date",42.0428887033078,"Extremely High",100,"Rare bad event - unusually high cases to date","Cuba"
"CUB",2,5,10.8912210315538,91.1250000000001,9.65560373747308,156.75,91.125,156.75,0.0805386824822676,0.0470246508013958,2025,"Estimates",2025-05-01,1492,NA,NA,NA,NA,NA,NA,"current_month_missing",4,"2025/2026","Unobserved",2555,8346,31723,37546,1491.76299737268,44431,"Caribbean","Cuba",9.65560373747308,156.75,100,"Extremely High","Rare bad event - unusually high cases to date",46.1420007489754,"Extremely High",100,"Rare bad event - unusually high cases to date","Cuba"
"CUB",3,6,10.8607030158404,116.125,9.88474938582362,272.875,116.125,272.875,0.140521325379363,0.0599826428970958,2025,"Estimates",2025-06-01,1903,NA,NA,NA,NA,NA,NA,"current_month_missing",4,"2025/2026","Unobserved",4458,10249,31723,37546,1902.82938062457,44431,"Caribbean","Cuba",9.88474938582362,272.875,100,"Extremely High","Rare bad event - unusually high cases to date",47.3696959259869,"Extremely High",100,"Rare bad event - unusually high cases to date","Cuba"
"CUB",4,7,10.3555702551622,138.125,10.0608124081576,411,138.125,411,0.211507212383336,0.0709858870039726,2025,"WHO",2025-07-01,3945,3945,NA,13,NA,FALSE,"no_lookup_match",NA,4,"2025/2026","Observed",8403,14194,31723,37546,NA,44431,"Caribbean","Cuba",10.0608124081576,411,100,"Extremely High","Rare bad event - unusually high cases to date",60.9366644172411,"Extremely High",100,"Rare bad event - unusually high cases to date","Cuba"
"CUB",5,8,9.22502203448196,220.625,9.83578195430579,631.625,220.625,631.625,0.324833981105274,0.113326768721938,2025,"Estimates",2025-08-01,3595,NA,NA,NA,NA,NA,NA,"current_month_missing",4,"2025/2026","Unobserved",11998,17789,31723,37546,3595.06508416604,44431,"Caribbean","Cuba",9.83578195430579,631.625,100,"Extremely High","Rare bad event - unusually high cases to date",56.0030546739873,"Extremely High",100,"Rare bad event - unusually high cases to date","Cuba"
"CUB",6,9,7.95955148012344,279.125,9.16899812230577,910.750000000001,279.125,910.75,0.467023056778792,0.142189075673518,2025,"WHO",2025-09-01,2574,2574,NA,11,NA,FALSE,"no_lookup_match",NA,4,"2025/2026","Observed",14572,20363,31723,37546,NA,44431,"Caribbean","Cuba",9.16899812230577,910.750000000001,100,"Extremely High","Rare bad event - unusually high cases to date",45.1936061901849,"Extremely High",100,"Rare bad event - unusually high cases to date","Cuba"
"CUB",7,10,8.16640917070223,288,8.88741856029652,1198.75,288,1198.75,0.61375633375631,0.146733276977519,2025,"Estimates",2025-10-01,4655,NA,NA,NA,NA,NA,NA,"current_month_missing",4,"2025/2026","Unobserved",19227,25018,31723,37546,4654.81974555782,44431,"Caribbean","Cuba",8.88741856029652,1198.75,100,"Extremely High","Rare bad event - unusually high cases to date",44.6692641478774,"Extremely High",100,"Rare bad event - unusually high cases to date","Cuba"
"CUB",8,11,7.99820402785534,235,8.72625326647459,1433.75,235,1433.75,0.733235214313839,0.119478880557529,2025,"WHO",2025-11-01,19476,19476,NA,9,NA,FALSE,"insufficient_n_rf",NA,4,"2025/2026","Observed",38703,44494,31723,37546,NA,44431,"Caribbean","Cuba",8.72625326647459,1433.75,100,"Extremely High","Rare bad event - unusually high cases to date",76.5549907493484,"Extremely High",100,"Rare bad event - unusually high cases to date","Cuba"
"CUB",9,12,7.66700590058534,165.125,8.59543690868722,1598.875,165.125,1598.875,0.817459200592735,0.0842239862788961,2025,"PAHO",2025-12-01,4697,4697,NA,36,NA,FALSE,"no_lookup_match","current_month_missing",4,"2025/2026","Observed",43400,49191,31723,37546,NA,44431,"Caribbean","Cuba",8.59543690868722,1598.875,100,"Extremely High","Rare bad event - unusually high cases to date",76.4439633105196,"Extremely High",100,"Rare bad event - unusually high cases to date","Cuba"
"CUB",10,1,8.50144749667908,156.375,11.2804978133241,1755.25,156.375,1755.25,0.906197201831166,0.0887380012384306,2026,"PAHO",2026-01-01,713,713,NA,32,NA,FALSE,"no_lookup_match","current_month_missing",4,"2025/2026","Observed",44113,713,31723,12425,NA,44431,"Caribbean","Cuba",11.2804978133241,1755.25,100,"Extremely High","Rare bad event - unusually high cases to date",80.7917387699798,"Extremely High",99.9999978881041,"Rare bad event - unusually high cases to date","Cuba"
"CUB",11,2,9.33692275869888,84.4999999999999,12.787193399588,1839.75,84.5,1839.75,0.95400436190835,0.047807160077184,2026,"PAHO",2026-02-01,169,169,NA,28,NA,FALSE,"no_lookup_match","current_month_missing",4,"2025/2026","Observed",44282,882,31723,12425,NA,44431,"Caribbean","Cuba",12.787193399588,1839.75,100,"Extremely High","Rare bad event - unusually high cases to date",82.2097149207458,"Extremely High",99.9999978881041,"Rare bad event - unusually high cases to date","Cuba"
"CUB",12,3,10.2445724033175,80.375,14.4440726014646,1920.125,80.375,1920.125,1,0.0459956380916502,2026,"PAHO",2026-03-01,149,149,NA,23,NA,FALSE,"no_lookup_match","current_month_missing",4,"2025/2026","Observed",44431,1031,31723,12425,NA,44431,"Caribbean","Cuba",14.4440726014646,1920.125,100,"Extremely High","Rare bad event - unusually high cases to date",83.827787560409,"Extremely High",99.9999978881041,"Rare bad event - unusually high cases to date","Cuba"
"CUB",1,4,8.6627247119521,65.6250000000001,8.6627247119521,65.6250000000001,65.625,65.625,0.0335140316808718,0.0335140316808718,2026,"PAHO",2026-04-01,153,153,NA,19,NA,FALSE,"no_lookup_match","current_month_missing",4,"2026/2027","Observed",153,1184,5088,12425,NA,20201,"Caribbean","Cuba",8.6627247119521,65.6250000000001,99.7993567992334,"Extremely High","Rare bad event - unusually high cases to date",3.68316571044142,"Extremely High",99.9999978881041,"Rare bad event - unusually high cases to date","Cuba"
"CUB",2,5,10.8912210315538,91.1250000000001,9.65560373747308,156.75,91.125,156.75,0.0805386824822676,0.0470246508013958,2026,"PAHO",2026-05-01,264,264,NA,15,NA,FALSE,"no_lookup_match","current_month_missing",4,"2026/2027","Observed",417,1448,5088,12425,NA,20201,"Caribbean","Cuba",9.65560373747308,156.75,99.9868636353893,"Extremely High","Rare bad event - unusually high cases to date",5.00717427078947,"Extremely High",99.9999978881041,"Rare bad event - unusually high cases to date","Cuba"
"CUB",3,6,10.8607030158404,116.125,9.88474938582362,272.875,116.125,272.875,0.140521325379363,0.0599826428970958,2026,"PAHO",2026-06-01,298,298,NA,12,NA,FALSE,"no_lookup_match","current_month_missing",4,"2026/2027","Observed",715,1746,5088,12425,NA,20201,"Caribbean","Cuba",9.88474938582362,272.875,99.9871275912423,"Extremely High","Rare bad event - unusually high cases to date",5.0042296971481,"Extremely High",99.9999978881041,"Rare bad event - unusually high cases to date","Cuba"
"CUB",4,7,10.3555702551622,138.125,10.0608124081576,411,138.125,411,0.211507212383336,0.0709858870039726,2026,"Estimates",2026-07-01,2252,NA,NA,1,NA,FALSE,"no_lookup_match",NA,4,"2026/2027","Unobserved",2967,3998,5088,12425,2251.88529342702,20201,"Caribbean","Cuba",10.0608124081576,411,100,"Extremely High","Rare bad event - unusually high cases to date",19.4887530343429,"Extremely High",99.9999978881041,"Rare bad event - unusually high cases to date","Cuba"
"CUB",5,8,9.22502203448196,220.625,9.83578195430579,631.625,220.625,631.625,0.324833981105274,0.113326768721938,2026,"Estimates",2026-08-01,3595,NA,NA,NA,NA,NA,NA,NA,4,"2026/2027","Unobserved",6562,7593,5088,12425,3595.06508416604,20201,"Caribbean","Cuba",9.83578195430579,631.625,100,"Extremely High","Rare bad event - unusually high cases to date",29.2194402667735,"Extremely High",99.9999978881041,"Rare bad event - unusually high cases to date","Cuba"
"CUB",6,9,7.95955148012344,279.125,9.16899812230577,910.750000000001,279.125,910.75,0.467023056778792,0.142189075673518,2026,NA,2026-09-01,NA,NA,NA,NA,NA,NA,NA,NA,4,"2026/2027","Unobserved",6562,7593,5088,12425,NA,20201,"Caribbean","Cuba",9.16899812230577,910.750000000001,100,"Extremely High","Rare bad event - unusually high cases to date",18.6952414297581,"Extremely High",99.9999978881041,"Rare bad event - unusually high cases to date","Cuba"
"CUB",7,10,8.16640917070223,288,8.88741856029652,1198.75,288,1198.75,0.61375633375631,0.146733276977519,2026,NA,2026-10-01,NA,NA,NA,NA,NA,NA,NA,NA,4,"2026/2027","Unobserved",6562,7593,5088,12425,NA,20201,"Caribbean","Cuba",8.88741856029652,1198.75,99.9999999999363,"Extremely High","Rare bad event - unusually high cases to date",13.2887235833264,"Extremely High",99.9999978881041,"Rare bad event - unusually high cases to date","Cuba"
"CUB",8,11,7.99820402785534,235,8.72625326647459,1433.75,235,1433.75,0.733235214313839,0.119478880557529,2026,NA,2026-11-01,NA,NA,NA,NA,NA,NA,NA,NA,4,"2026/2027","Unobserved",6562,7593,5088,12425,NA,20201,"Caribbean","Cuba",8.72625326647459,1433.75,99.9999999372783,"Extremely High","Rare bad event - unusually high cases to date",10.5339691920376,"Extremely High",99.9999978881041,"Rare bad event - unusually high cases to date","Cuba"
"CUB",9,12,7.66700590058534,165.125,8.59543690868722,1598.875,165.125,1598.875,0.817459200592735,0.0842239862788961,2026,NA,2026-12-01,NA,NA,NA,NA,NA,NA,NA,NA,4,"2026/2027","Unobserved",6562,7593,5088,12425,NA,20201,"Caribbean","Cuba",8.59543690868722,1598.875,99.9999978881041,"Extremely High","Rare bad event - unusually high cases to date",9.07633336197345,"Extremely High",99.9999978881041,"Rare bad event - unusually high cases to date","Cuba"
"CYM",10,1,6.1588210820071,14.8571428571429,6.36417623604554,77.7142857142858,14.8571428571429,77.7142857142857,0.883056388397694,0.215354651974454,2025,"WHO",2025-01-01,0,0,NA,19,NA,FALSE,"no_lookup_match",NA,4,"2024/2025","Observed",0,0,0,0,NA,0,"Caribbean","Cayman Islands",6.36417623604554,77.7142857142858,7.34723602667185e-06,"Extremely Low","Rare good event - unusually low cases to date",-2.42537641110728,"Extremely Low",0.010938500235421,"Rare good event - unusually low cases to date","Cayman Islands"
"CYM",11,2,1.24370560802386,8.71428571428572,6.21178256811383,86.4285714285714,8.71428571428571,86.4285714285714,0.97582891634331,0.0927725279456153,2025,"WHO",2025-02-01,0,0,NA,18,NA,FALSE,"no_lookup_match",NA,4,"2024/2025","Observed",0,0,0,0,NA,0,"Caribbean","Cayman Islands",6.21178256811383,86.4285714285714,5.12804247168766e-06,"Extremely Low","Rare good event - unusually low cases to date",-2.40733587106907,"Extremely Low",0.010938500235421,"Rare good event - unusually low cases to date","Cayman Islands"
"CYM",12,3,1.81147413988399,1.85714285714286,6.49162917604275,88.2857142857143,1.85714285714286,88.2857142857143,1,0.0241710836566903,2025,"WHO",2025-03-01,0,0,NA,17,NA,FALSE,"no_lookup_match",NA,4,"2024/2025","Observed",0,0,0,0,NA,0,"Caribbean","Cayman Islands",6.49162917604275,88.2857142857143,2.76354278796276e-06,"Extremely Low","Rare good event - unusually low cases to date",-2.45906383909457,"Extremely Low",0.010938500235421,"Rare good event - unusually low cases to date","Cayman Islands"
"CYM",1,4,7.23138959703475,1.42857142857143,7.23138959703475,1.42857142857143,1.42857142857143,1.42857142857143,0.0160328280300273,0.0160328280300273,2025,"WHO",2025-04-01,0,0,NA,16,NA,FALSE,"no_lookup_match",NA,4,"2025/2026","Observed",0,0,0,0,NA,0,"Caribbean","Cayman Islands",7.23138959703475,1.42857142857143,27.1534052034072,"Normal","Average - typical case load at this point",-1.09220432341285,"Extremely Low",0.010938500235421,"Rare good event - unusually low cases to date","Cayman Islands"
"CYM",2,5,NA,NA,1.60631263314262,2.85714285714286,1.42857142857143,2.85714285714286,0.0318501661373775,0.0158173381073502,2025,"WHO",2025-05-01,0,0,NA,15,NA,FALSE,"no_lookup_match",NA,4,"2025/2026","Observed",0,0,0,0,NA,0,"Caribbean","Cayman Islands",1.60631263314262,2.85714285714286,19.3665553032764,"Low","Below average - fewer cases than typical at this point",-1.01401740890785,"Extremely Low",0.010938500235421,"Rare good event - unusually low cases to date","Cayman Islands"
"CYM",3,6,NA,NA,1.80799421383996,4.71428571428571,1.85714285714286,4.71428571428571,0.0551920516366295,0.023341885499252,2025,"WHO",2025-06-01,0,0,NA,14,NA,FALSE,"no_lookup_match",NA,4,"2025/2026","Observed",0,0,0,0,NA,0,"Caribbean","Cayman Islands",1.80799421383996,4.71428571428571,9.83062859283629,"Low","Below average - fewer cases than typical at this point",-1.14315929237731,"Extremely Low",0.010938500235421,"Rare good event - unusually low cases to date","Cayman Islands"
"CYM",4,7,3.04406979681329,6.57142857142857,4.24722815040544,11.2857142857143,6.57142857142857,11.2857142857143,0.122924579433727,0.0677325277970978,2025,"WHO",2025-07-01,0,0,NA,13,NA,FALSE,"no_lookup_match",NA,4,"2025/2026","Observed",0,0,0,0,NA,0,"Caribbean","Cayman Islands",4.24722815040544,11.2857142857143,0.405677908585545,"Extremely Low","Rare good event - unusually low cases to date",-1.75667109242532,"Extremely Low",0.010938500235421,"Rare good event - unusually low cases to date","Cayman Islands"
"CYM",5,8,4.18666362989453,2.57142857142857,4.22128807308867,13.8571428571429,2.57142857142857,13.8571428571429,0.15367846131232,0.0307538818785928,2025,"WHO",2025-08-01,0,0,0,12,1,TRUE,"applied_mean",NA,4,"2025/2026","Observed",0,0,0,0,NA,0,"Caribbean","Cayman Islands",4.22128807308867,13.8571428571429,0.215449686167923,"Extremely Low","Rare good event - unusually low cases to date",-1.79878383184472,"Extremely Low",0.010938500235421,"Rare good event - unusually low cases to date","Cayman Islands"
"CYM",6,9,5.75641231846993,6.71428571428572,3.79543318963803,20.5714285714286,6.71428571428571,20.5714285714286,0.226482744280628,0.072804282968308,2025,"WHO",2025-09-01,0,0,0,11,1,TRUE,"applied_mean",NA,4,"2025/2026","Observed",0,0,0,0,NA,0,"Caribbean","Cayman Islands",3.79543318963803,20.5714285714286,0.0861078072509865,"Extremely Low","Rare good event - unusually low cases to date",-1.79004150874664,"Extremely Low",0.010938500235421,"Rare good event - unusually low cases to date","Cayman Islands"
"CYM",7,10,1.95214138106504,20.2857142857143,2.6732472875372,40.8571428571428,20.2857142857143,40.8571428571429,0.426987235735436,0.200504491454808,2025,"WHO",2025-10-01,0,0,0,10,1,TRUE,"applied_mean",NA,4,"2025/2026","Observed",0,0,0,0,NA,0,"Caribbean","Cayman Islands",2.6732472875372,40.8571428571428,0.0576346213336343,"Extremely Low","Rare good event - unusually low cases to date",-1.58400768461999,"Extremely Low",0.010938500235421,"Rare good event - unusually low cases to date","Cayman Islands"
"CYM",8,11,3.18623332975788,17,2.69289239620182,57.8571428571429,17,57.8571428571429,0.606582038568439,0.179594802833003,2025,"WHO",2025-11-01,0,0,0,9,1,TRUE,"applied_mean",NA,4,"2025/2026","Observed",0,0,0,0,NA,0,"Caribbean","Cayman Islands",2.69289239620182,57.8571428571429,0.0228818511461801,"Extremely Low","Rare good event - unusually low cases to date",-1.60409760887657,"Extremely Low",0.010938500235421,"Rare good event - unusually low cases to date","Cayman Islands"
"CYM",9,12,2.11385089495028,5,2.93193458798849,62.8571428571429,5,62.8571428571429,0.66770173642324,0.0611196978548015,2025,"WHO",2025-12-01,0,0,0,8,1,TRUE,"applied_mean",NA,4,"2025/2026","Observed",0,0,0,0,NA,0,"Caribbean","Cayman Islands",2.93193458798849,62.8571428571429,0.010938500235421,"Extremely Low","Rare good event - unusually low cases to date",-1.67369977789141,"Extremely Low",0.010938500235421,"Rare good event - unusually low cases to date","Cayman Islands"
"CYM",10,1,6.1588210820071,14.8571428571429,6.36417623604554,77.7142857142858,14.8571428571429,77.7142857142857,0.883056388397694,0.215354651974454,2026,"WHO",2026-01-01,0,0,0,7,1,TRUE,"applied_mean",NA,4,"2025/2026","Observed",0,0,0,0,NA,0,"Caribbean","Cayman Islands",6.36417623604554,77.7142857142858,7.34723602667185e-06,"Extremely Low","Rare good event - unusually low cases to date",-2.42537641110728,"Extremely Low",0.010938500235421,"Rare good event - unusually low cases to date","Cayman Islands"
"CYM",11,2,1.24370560802386,8.71428571428572,6.21178256811383,86.4285714285714,8.71428571428571,86.4285714285714,0.97582891634331,0.0927725279456153,2026,"WHO",2026-02-01,0,0,0,6,1,TRUE,"applied_mean",NA,4,"2025/2026","Observed",0,0,0,0,NA,0,"Caribbean","Cayman Islands",6.21178256811383,86.4285714285714,5.12804247168766e-06,"Extremely Low","Rare good event - unusually low cases to date",-2.40733587106907,"Extremely Low",0.010938500235421,"Rare good event - unusually low cases to date","Cayman Islands"
"CYM",12,3,1.81147413988399,1.85714285714286,6.49162917604275,88.2857142857143,1.85714285714286,88.2857142857143,1,0.0241710836566903,2026,"WHO",2026-03-01,0,0,0,5,1,TRUE,"applied_mean",NA,4,"2025/2026","Observed",0,0,0,0,NA,0,"Caribbean","Cayman Islands",6.49162917604275,88.2857142857143,2.76354278796276e-06,"Extremely Low","Rare good event - unusually low cases to date",-2.45906383909457,"Extremely Low",0.010938500235421,"Rare good event - unusually low cases to date","Cayman Islands"
"CYM",1,4,7.23138959703475,1.42857142857143,7.23138959703475,1.42857142857143,1.42857142857143,1.42857142857143,0.0160328280300273,0.0160328280300273,2026,"WHO",2026-04-01,0,0,0,4,1,TRUE,"applied_mean",NA,4,"2026/2027","Observed",0,0,0,0,NA,0,"Caribbean","Cayman Islands",7.23138959703475,1.42857142857143,27.1534052034072,"Normal","Average - typical case load at this point",-1.09220432341285,"Extremely Low",0.010938500235421,"Rare good event - unusually low cases to date","Cayman Islands"
"CYM",2,5,NA,NA,1.60631263314262,2.85714285714286,1.42857142857143,2.85714285714286,0.0318501661373775,0.0158173381073502,2026,"WHO",2026-05-01,0,0,NA,3,NA,FALSE,"insufficient_n_rf",NA,4,"2026/2027","Observed",0,0,0,0,NA,0,"Caribbean","Cayman Islands",1.60631263314262,2.85714285714286,19.3665553032764,"Low","Below average - fewer cases than typical at this point",-1.01401740890785,"Extremely Low",0.010938500235421,"Rare good event - unusually low cases to date","Cayman Islands"
"CYM",3,6,NA,NA,1.80799421383996,4.71428571428571,1.85714285714286,4.71428571428571,0.0551920516366295,0.023341885499252,2026,"WHO",2026-06-01,0,0,NA,2,NA,FALSE,"no_lookup_match",NA,4,"2026/2027","Observed",0,0,0,0,NA,0,"Caribbean","Cayman Islands",1.80799421383996,4.71428571428571,9.83062859283629,"Low","Below average - fewer cases than typical at this point",-1.14315929237731,"Extremely Low",0.010938500235421,"Rare good event - unusually low cases to date","Cayman Islands"
"CYM",4,7,3.04406979681329,6.57142857142857,4.24722815040544,11.2857142857143,6.57142857142857,11.2857142857143,0.122924579433727,0.0677325277970978,2026,"WHO",2026-07-01,0,0,NA,1,NA,FALSE,"no_lookup_match",NA,4,"2026/2027","Observed",0,0,0,0,NA,0,"Caribbean","Cayman Islands",4.24722815040544,11.2857142857143,0.405677908585545,"Extremely Low","Rare good event - unusually low cases to date",-1.75667109242532,"Extremely Low",0.010938500235421,"Rare good event - unusually low cases to date","Cayman Islands"
"CYM",5,8,4.18666362989453,2.57142857142857,4.22128807308867,13.8571428571429,2.57142857142857,13.8571428571429,0.15367846131232,0.0307538818785928,2026,"Estimates",2026-08-01,0,NA,NA,NA,NA,NA,NA,NA,4,"2026/2027","Unobserved",0,0,0,0,0,0,"Caribbean","Cayman Islands",4.22128807308867,13.8571428571429,0.215449686167923,"Extremely Low","Rare good event - unusually low cases to date",-1.79878383184472,"Extremely Low",0.010938500235421,"Rare good event - unusually low cases to date","Cayman Islands"
"CYM",6,9,5.75641231846993,6.71428571428572,3.79543318963803,20.5714285714286,6.71428571428571,20.5714285714286,0.226482744280628,0.072804282968308,2026,NA,2026-09-01,NA,NA,NA,NA,NA,NA,NA,NA,4,"2026/2027","Unobserved",0,0,0,0,NA,0,"Caribbean","Cayman Islands",3.79543318963803,20.5714285714286,0.0861078072509865,"Extremely Low","Rare good event - unusually low cases to date",-1.79004150874664,"Extremely Low",0.010938500235421,"Rare good event - unusually low cases to date","Cayman Islands"
"CYM",7,10,1.95214138106504,20.2857142857143,2.6732472875372,40.8571428571428,20.2857142857143,40.8571428571429,0.426987235735436,0.200504491454808,2026,NA,2026-10-01,NA,NA,NA,NA,NA,NA,NA,NA,4,"2026/2027","Unobserved",0,0,0,0,NA,0,"Caribbean","Cayman Islands",2.6732472875372,40.8571428571428,0.0576346213336343,"Extremely Low","Rare good event - unusually low cases to date",-1.58400768461999,"Extremely Low",0.010938500235421,"Rare good event - unusually low cases to date","Cayman Islands"
"CYM",8,11,3.18623332975788,17,2.69289239620182,57.8571428571429,17,57.8571428571429,0.606582038568439,0.179594802833003,2026,NA,2026-11-01,NA,NA,NA,NA,NA,NA,NA,NA,4,"2026/2027","Unobserved",0,0,0,0,NA,0,"Caribbean","Cayman Islands",2.69289239620182,57.8571428571429,0.0228818511461801,"Extremely Low","Rare good event - unusually low cases to date",-1.60409760887657,"Extremely Low",0.010938500235421,"Rare good event - unusually low cases to date","Cayman Islands"
"CYM",9,12,2.11385089495028,5,2.93193458798849,62.8571428571429,5,62.8571428571429,0.66770173642324,0.0611196978548015,2026,NA,2026-12-01,NA,NA,NA,NA,NA,NA,NA,NA,4,"2026/2027","Unobserved",0,0,0,0,NA,0,"Caribbean","Cayman Islands",2.93193458798849,62.8571428571429,0.010938500235421,"Extremely Low","Rare good event - unusually low cases to date",-1.67369977789141,"Extremely Low",0.010938500235421,"Rare good event - unusually low cases to date","Cayman Islands"
"DOM",11,1,0.867141934428965,777.249999999999,1.23311824582974,8907.31250000001,777.25,8907.3125,0.942601047644631,0.0761005250169011,2025,"PAHO",2025-01-01,201,201,NA,84,NA,FALSE,"no_lookup_match","current_month_missing",3,"2024/2025","Observed",201,201,367,2321,NA,367,"Caribbean","Dominican Republic",1.23311824582974,8907.31250000001,1.06657783096657,"Extremely Low","Rare good event - unusually low cases to date",-1.08532514431545,"Low",13.8904940785692,"Below average - fewer cases than typical at this point","Dominican Republic"
"DOM",12,2,1.31716228823389,432.5625,1.26479081546161,9339.87499999999,432.5625,9339.875,1,0.0573989523553694,2025,"PAHO",2025-02-01,166,166,NA,80,NA,FALSE,"no_lookup_match","current_month_missing",3,"2024/2025","Observed",367,367,367,2321,NA,367,"Caribbean","Dominican Republic",1.26479081546161,9339.87499999999,1.91786452185679,"Extremely Low","Rare good event - unusually low cases to date",-1.08036498886049,"Low",13.8904940785692,"Below average - fewer cases than typical at this point","Dominican Republic"
"DOM",1,3,1.57090929670601,460.375000000001,1.57090929670601,460.375000000001,460.375,460.375,0.0848153118399859,0.0848153118399859,2025,"PAHO",2025-03-01,239,239,NA,75,NA,FALSE,"no_lookup_match","current_month_missing",3,"2025/2026","Observed",239,606,1861,2321,NA,1861,"Caribbean","Dominican Republic",1.57090929670601,460.375000000001,32.3779638535284,"Normal","Average - typical case load at this point",-0.601662162608894,"Low",13.8904940785692,"Below average - fewer cases than typical at this point","Dominican Republic"
"DOM",2,4,1.90550549033842,372.375,1.84120310630431,832.749999999999,372.375,832.75,0.147324913437771,0.0625096015977854,2025,"PAHO",2025-04-01,126,126,NA,71,NA,FALSE,"no_lookup_match","current_month_missing",3,"2025/2026","Observed",365,732,1861,2321,NA,1861,"Caribbean","Dominican Republic",1.84120310630431,832.749999999999,23.5567056566019,"Low","Below average - fewer cases than typical at this point",-0.761325582695204,"Low",13.8904940785692,"Below average - fewer cases than typical at this point","Dominican Republic"
"DOM",3,5,2.10166464065858,410.499999999999,2.04467454130992,1243.25,410.5,1243.25,0.211730643203128,0.0644057297653564,2025,"PAHO",2025-05-01,166,166,NA,67,NA,FALSE,"no_lookup_match","current_month_missing",3,"2025/2026","Observed",531,898,1861,2321,NA,1861,"Caribbean","Dominican Republic",2.04467454130992,1243.25,20.7294040919141,"Low","Below average - fewer cases than typical at this point",-0.818519920304899,"Low",13.8904940785692,"Below average - fewer cases than typical at this point","Dominican Republic"
"DOM",4,6,1.44693069920596,518.062499999999,1.93754300516391,1761.3125,518.0625,1761.3125,0.283064171683959,0.0713335284808316,2025,"PAHO",2025-06-01,178,178,NA,62,NA,FALSE,"no_lookup_match","current_month_missing",3,"2025/2026","Observed",709,1076,1861,2321,NA,1861,"Caribbean","Dominican Republic",1.93754300516391,1761.3125,19.945464123818,"Low","Below average - fewer cases than typical at this point",-0.831180305872475,"Low",13.8904940785692,"Below average - fewer cases than typical at this point","Dominican Republic"
"DOM",5,7,1.11858823023686,693.562500000001,1.83813143351877,2454.875,693.5625,2454.875,0.35805229761995,0.0749881259359907,2025,"PAHO",2025-07-01,139,139,NA,58,NA,FALSE,"no_lookup_match","current_month_missing",3,"2025/2026","Observed",848,1215,1861,2321,NA,1861,"Caribbean","Dominican Republic",1.83813143351877,2454.875,16.8466654906762,"Low","Below average - fewer cases than typical at this point",-0.887112011769685,"Low",13.8904940785692,"Below average - fewer cases than typical at this point","Dominican Republic"
"DOM",6,8,0.930508703501028,909.062499999998,1.68495595092402,3363.9375,909.0625,3363.9375,0.442758892474785,0.0847065948548353,2025,"PAHO",2025-08-01,117,117,NA,54,NA,FALSE,"no_lookup_match","current_month_missing",3,"2025/2026","Observed",965,1332,1861,2321,NA,1861,"Caribbean","Dominican Republic",1.68495595092402,3363.9375,14.3408689150621,"Low","Below average - fewer cases than typical at this point",-0.925457654332959,"Low",13.8904940785692,"Below average - fewer cases than typical at this point","Dominican Republic"
"DOM",7,9,0.73340796507248,1325.4375,1.42811671452996,4689.375,1325.4375,4689.375,0.550640477791891,0.107881585317106,2025,"PAHO",2025-09-01,168,168,NA,49,1,TRUE,"applied_mean","previous_month_missing",3,"2025/2026","Observed",1133,1500,1861,2321,NA,1861,"Caribbean","Dominican Republic",1.42811671452996,4689.375,14.1903468042651,"Low","Below average - fewer cases than typical at this point",-0.906167152161758,"Low",13.8904940785692,"Below average - fewer cases than typical at this point","Dominican Republic"
"DOM",8,10,0.718224205060224,1602,1.25505319954734,6291.37499999999,1602,6291.375,0.681629699958025,0.130989222166134,2025,"PAHO",2025-10-01,172,172,172,45,1,TRUE,"applied_mean","not_missing",3,"2025/2026","Observed",1305,1672,1861,2321,NA,1861,"Caribbean","Dominican Republic",1.25505319954734,6291.37499999999,14.1101323807767,"Low","Below average - fewer cases than typical at this point",-0.887824484571177,"Low",13.8904940785692,"Below average - fewer cases than typical at this point","Dominican Republic"
"DOM",9,11,1.01819205329019,985.687500000001,1.27378305298554,7277.06250000002,985.6875,7277.0625,0.787554110033882,0.105924410075856,2025,"PAHO",2025-11-01,196,196,196,41,1,TRUE,"applied_mean","not_missing",3,"2025/2026","Observed",1501,1868,1861,2321,NA,1861,"Caribbean","Dominican Republic",1.27378305298554,7277.06250000002,13.737941322305,"Low","Below average - fewer cases than typical at this point",-0.895747296149406,"Low",13.8904940785692,"Below average - fewer cases than typical at this point","Dominican Republic"
"DOM",10,12,0.884070975331393,853,1.24337487720571,8130.0625,853,8130.0625,0.866500522627729,0.0789464125938477,2025,"PAHO",2025-12-01,143,143,143,37,1,TRUE,"applied_mean","not_missing",3,"2025/2026","Observed",1644,2011,1861,2321,NA,1861,"Caribbean","Dominican Republic",1.24337487720571,8130.0625,13.8904940785692,"Low","Below average - fewer cases than typical at this point",-0.889518699023603,"Low",13.8904940785692,"Below average - fewer cases than typical at this point","Dominican Republic"
"DOM",11,1,0.867141934428965,777.249999999999,1.23311824582974,8907.31250000001,777.25,8907.3125,0.942601047644631,0.0761005250169011,2026,"PAHO",2026-01-01,132,132,132,32,1,TRUE,"applied_mean","not_missing",3,"2025/2026","Observed",1776,132,1861,2396,NA,1861,"Caribbean","Dominican Republic",1.23311824582974,8907.31250000001,13.832692073208,"Low","Below average - fewer cases than typical at this point",-0.888986326670573,"Low",6.07841512506695,"Below average - fewer cases than typical at this point","Dominican Republic"
"DOM",12,2,1.31716228823389,432.5625,1.26479081546161,9339.87499999999,432.5625,9339.875,1,0.0573989523553694,2026,"PAHO",2026-02-01,85,85,85,28,1,TRUE,"applied_mean","not_missing",3,"2025/2026","Observed",1861,217,1861,2396,NA,1861,"Caribbean","Dominican Republic",1.26479081546161,9339.87499999999,13.340744997094,"Low","Below average - fewer cases than typical at this point",-0.900482254134156,"Low",6.07841512506695,"Below average - fewer cases than typical at this point","Dominican Republic"
"DOM",1,3,1.57090929670601,460.375000000001,1.57090929670601,460.375000000001,460.375,460.375,0.0848153118399859,0.0848153118399859,2026,"PAHO",2026-03-01,103,103,103,23,1,TRUE,"applied_mean","not_missing",3,"2026/2027","Observed",103,320,1790,2396,NA,1805,"Caribbean","Dominican Republic",1.57090929670601,460.375000000001,11.3674568177616,"Low","Below average - fewer cases than typical at this point",-0.971288606944566,"Low",6.07841512506695,"Below average - fewer cases than typical at this point","Dominican Republic"
"DOM",2,4,1.90550549033842,372.375,1.84120310630431,832.749999999999,372.375,832.75,0.147324913437771,0.0625096015977854,2026,"PAHO",2026-04-01,93,93,93,19,1,TRUE,"applied_mean","not_missing",3,"2026/2027","Observed",196,413,1790,2396,NA,1805,"Caribbean","Dominican Republic",1.84120310630431,832.749999999999,9.47167702638076,"Low","Below average - fewer cases than typical at this point",-1.03639564891752,"Low",6.07841512506695,"Below average - fewer cases than typical at this point","Dominican Republic"
"DOM",3,5,2.10166464065858,410.499999999999,2.04467454130992,1243.25,410.5,1243.25,0.211730643203128,0.0644057297653564,2026,"PAHO",2026-05-01,135,135,135,15,1,TRUE,"applied_mean","not_missing",3,"2026/2027","Observed",331,548,1790,2396,NA,1805,"Caribbean","Dominican Republic",2.04467454130992,1243.25,9.73828016187313,"Low","Below average - fewer cases than typical at this point",-1.04836054376714,"Low",6.07841512506695,"Below average - fewer cases than typical at this point","Dominican Republic"
"DOM",4,6,1.44693069920596,518.062499999999,1.93754300516391,1761.3125,518.0625,1761.3125,0.283064171683959,0.0713335284808316,2026,"PAHO",2026-06-01,165,165,165,10,1,TRUE,"applied_mean","not_missing",3,"2026/2027","Observed",496,713,1790,2396,NA,1805,"Caribbean","Dominican Republic",1.93754300516391,1761.3125,11.5618948606074,"Low","Below average - fewer cases than typical at this point",-0.999420638616634,"Low",6.07841512506695,"Below average - fewer cases than typical at this point","Dominican Republic"
"DOM",5,7,1.11858823023686,693.562500000001,1.83813143351877,2454.875,693.5625,2454.875,0.35805229761995,0.0749881259359907,2026,"PAHO",2026-07-01,145,145,145,6,1,TRUE,"applied_mean","not_missing",3,"2026/2027","Observed",641,858,1790,2396,NA,1805,"Caribbean","Dominican Republic",1.83813143351877,2454.875,11.0870731903437,"Low","Below average - fewer cases than typical at this point",-1.00139108539789,"Low",6.07841512506695,"Below average - fewer cases than typical at this point","Dominican Republic"
"DOM",6,8,0.930508703501028,909.062499999998,1.68495595092402,3363.9375,909.0625,3363.9375,0.442758892474785,0.0847065948548353,2026,"Estimates",2026-08-01,158,NA,NA,NA,NA,NA,NA,NA,3,"2026/2027","Unobserved",799,1016,1790,2396,157.638973024848,1805,"Caribbean","Dominican Republic",1.68495595092402,3363.9375,10.9716797523883,"Low","Below average - fewer cases than typical at this point",-0.989496826099323,"Low",6.07841512506695,"Below average - fewer cases than typical at this point","Dominican Republic"
"DOM",7,9,0.73340796507248,1325.4375,1.42811671452996,4689.375,1325.4375,4689.375,0.550640477791891,0.107881585317106,2026,NA,2026-09-01,NA,NA,NA,NA,NA,NA,NA,NA,3,"2026/2027","Unobserved",799,1016,1790,2396,NA,1805,"Caribbean","Dominican Republic",1.42811671452996,4689.375,9.13478421468654,"Low","Below average - fewer cases than typical at this point",-0.991270615329176,"Low",6.07841512506695,"Below average - fewer cases than typical at this point","Dominican Republic"
"DOM",8,10,0.718224205060224,1602,1.25505319954734,6291.37499999999,1602,6291.375,0.681629699958025,0.130989222166134,2026,NA,2026-10-01,NA,NA,NA,NA,NA,NA,NA,NA,3,"2026/2027","Unobserved",799,1016,1790,2396,NA,1805,"Caribbean","Dominican Republic",1.25505319954734,6291.37499999999,8.05594872783888,"Low","Below average - fewer cases than typical at this point",-0.977917826767264,"Low",6.07841512506695,"Below average - fewer cases than typical at this point","Dominican Republic"
"DOM",9,11,1.01819205329019,985.687500000001,1.27378305298554,7277.06250000002,985.6875,7277.0625,0.787554110033882,0.105924410075856,2026,NA,2026-11-01,NA,NA,NA,NA,NA,NA,NA,NA,3,"2026/2027","Unobserved",799,1016,1790,2396,NA,1805,"Caribbean","Dominican Republic",1.27378305298554,7277.06250000002,6.58512505508457,"Low","Below average - fewer cases than typical at this point",-1.0046129121113,"Low",6.07841512506695,"Below average - fewer cases than typical at this point","Dominican Republic"
"DOM",10,12,0.884070975331393,853,1.24337487720571,8130.0625,853,8130.0625,0.866500522627729,0.0789464125938477,2026,NA,2026-12-01,NA,NA,NA,NA,NA,NA,NA,NA,3,"2026/2027","Unobserved",799,1016,1790,2396,NA,1805,"Caribbean","Dominican Republic",1.24337487720571,8130.0625,6.07841512506695,"Low","Below average - fewer cases than typical at this point",-1.00540461604567,"Low",6.07841512506695,"Below average - fewer cases than typical at this point","Dominican Republic"
"ECU",3,1,2.40554923794322,1520.26666666667,2.19938562385211,3449.06666666667,1520.26666666667,3449.06666666667,0.181795941151241,0.0806565017865964,2025,"PAHO",2025-01-01,4513,4513,NA,84,NA,FALSE,"no_lookup_match","current_month_missing",11,"2024/2025","Observed",4513,4513,35853,375027,NA,35853,"South America","Ecuador",2.19938562385211,3449.06666666667,73.863270315321,"Normal","Average - typical case load at this point",0.457325157290353,"Normal",63.9900926563255,"Average - typical case load at this point","Ecuador"
"ECU",4,2,2.19842779847096,1799.46666666667,2.33912206395077,5248.53333333333,1799.46666666667,5248.53333333333,0.272082895458071,0.0902869543068297,2025,"PAHO",2025-02-01,4122,4122,NA,80,NA,FALSE,"no_lookup_match","current_month_missing",11,"2024/2025","Observed",8635,8635,35853,375027,NA,35853,"South America","Ecuador",2.33912206395077,5248.53333333333,85.0939078360342,"High","Above average - more cases than typical at this point",0.986594144032175,"Normal",63.9900926563255,"Average - typical case load at this point","Ecuador"
"ECU",5,3,1.88112125485409,2649.86666666667,2.39403142387154,7898.40000000001,2649.86666666667,7898.4,0.39514883283666,0.123065937378589,2025,"PAHO",2025-03-01,5770,5770,NA,75,NA,FALSE,"no_lookup_match","current_month_missing",11,"2024/2025","Observed",14405,14405,35853,375027,NA,35853,"South America","Ecuador",2.39403142387154,7898.40000000001,89.2253583907761,"High","Above average - more cases than typical at this point",1.27442446527307,"Normal",63.9900926563255,"Average - typical case load at this point","Ecuador"
"ECU",6,4,1.63039159944401,2776.33333333334,2.29908712647823,10674.7333333333,2776.33333333333,10674.7333333333,0.51828597620176,0.123137143365101,2025,"PAHO",2025-04-01,4985,4985,NA,71,NA,FALSE,"no_lookup_match","current_month_missing",11,"2024/2025","Observed",19390,19390,35853,375027,NA,35853,"South America","Ecuador",2.29908712647823,10674.7333333333,88.7769664207007,"High","Above average - more cases than typical at this point",1.23781173821331,"Normal",63.9900926563255,"Average - typical case load at this point","Ecuador"
"ECU",7,5,1.33297965656592,3288.53333333333,2.1007358132893,13963.2666666667,3288.53333333333,13963.2666666667,0.656307290725207,0.138021314523446,2025,"PAHO",2025-05-01,5324,5324,NA,67,NA,FALSE,"no_lookup_match","current_month_missing",11,"2024/2025","Observed",24714,24714,35853,375027,NA,35853,"South America","Ecuador",2.1007358132893,13963.2666666667,87.1772262265952,"High","Above average - more cases than typical at this point",1.11584561297011,"Normal",63.9900926563255,"Average - typical case load at this point","Ecuador"
"ECU",8,6,1.64266055464281,2530.46666666667,2.08270303911408,16493.7333333333,2530.46666666667,16493.7333333333,0.769621921937917,0.113314631212711,2025,"PAHO",2025-06-01,4741,4741,NA,62,NA,FALSE,"no_lookup_match","current_month_missing",11,"2024/2025","Observed",29455,29455,35853,375027,NA,35853,"South America","Ecuador",2.08270303911408,16493.7333333333,87.439715754354,"High","Above average - more cases than typical at this point",1.13400438690627,"Normal",63.9900926563255,"Average - typical case load at this point","Ecuador"
"ECU",9,7,2.1967992235977,1821.73333333333,2.14699137042469,18315.4666666667,1821.73333333333,18315.4666666667,0.858260279097651,0.0886383571597332,2025,"PAHO",2025-07-01,2452,2452,NA,58,NA,FALSE,"no_lookup_match","current_month_missing",11,"2024/2025","Observed",31907,31907,35853,375027,NA,35853,"South America","Ecuador",2.14699137042469,18315.4666666667,86.7459676409688,"High","Above average - more cases than typical at this point",1.08727690237545,"Normal",63.9900926563255,"Average - typical case load at this point","Ecuador"
"ECU",10,8,2.0776091230734,1097.93333333333,2.19082680003436,19413.3999999999,1097.93333333333,19413.4,0.912815840382549,0.0545555612848986,2025,"PAHO",2025-08-01,1415,1415,NA,54,NA,FALSE,"no_lookup_match","current_month_missing",11,"2024/2025","Observed",33322,33322,35853,375027,NA,35853,"South America","Ecuador",2.19082680003436,19413.3999999999,86.326295426918,"High","Above average - more cases than typical at this point",1.06037952399196,"Normal",63.9900926563255,"Average - typical case load at this point","Ecuador"
"ECU",11,9,1.86273082292475,886.333333333336,2.22624977568018,20299.7333333333,886.333333333333,20299.7333333333,0.957420144484682,0.044604304102133,2025,"PAHO",2025-09-01,1506,1433,NA,49,1.00211267364667,TRUE,"applied_mean","previous_month_missing",11,"2024/2025","Observed",34828,34828,35853,375027,NA,35853,"South America","Ecuador",2.22624977568018,20299.7333333333,86.4252951497302,"High","Above average - more cases than typical at this point",1.06779184873638,"Normal",63.9900926563255,"Average - typical case load at this point","Ecuador"
"ECU",12,10,1.61784546745764,856.066666666667,2.24884537398243,21155.8,856.066666666667,21155.8,1,0.0425798555153178,2025,"PAHO",2025-10-01,1025,1020,1025,45,1.00218103164855,TRUE,"applied_mean","not_missing",11,"2024/2025","Observed",35853,35853,35853,375027,NA,35853,"South America","Ecuador",2.24884537398243,21155.8,86.0165067994806,"High","Above average - more cases than typical at this point",1.04174606266389,"Normal",63.9900926563255,"Average - typical case load at this point","Ecuador"
"ECU",1,11,1.75016272776288,791.600000000003,1.75016272776288,791.600000000003,791.6,791.6,0.0411484295815449,0.0411484295815449,2025,"PAHO",2025-11-01,954,948,954,41,1.00228574282389,TRUE,"applied_mean","not_missing",11,"2025/2026","Observed",954,36807,35171,375027,NA,35171,"South America","Ecuador",1.75016272776288,791.600000000003,69.354823241373,"Normal","Average - typical case load at this point",0.271106474798253,"Normal",63.9900926563255,"Average - typical case load at this point","Ecuador"
"ECU",2,12,1.41080360737768,1137.2,1.63059651838895,1928.8,1137.2,1928.8,0.101139439364645,0.0599910097830999,2025,"PAHO",2025-12-01,1123,1117,1123,36,1.00238468448859,TRUE,"applied_mean","not_missing",11,"2025/2026","Observed",2077,37930,35171,375027,NA,35171,"South America","Ecuador",1.63059651838895,1928.8,63.9900926563255,"Normal","Average - typical case load at this point",0.0980732944260522,"Normal",63.9900926563255,"Average - typical case load at this point","Ecuador"
"ECU",3,1,2.40554923794322,1520.26666666667,2.19938562385211,3449.06666666667,1520.26666666667,3449.06666666667,0.181795941151241,0.0806565017865964,2026,"PAHO",2026-01-01,1788,1784,1788,32,1.00235331060193,TRUE,"applied_mean","not_missing",11,"2025/2026","Observed",3865,1788,35171,32896,NA,35171,"South America","Ecuador",2.19938562385211,3449.06666666667,65.4271090675242,"Normal","Average - typical case load at this point",0.17878636859042,"Extremely Low",0.000974260722783562,"Rare good event - unusually low cases to date","Ecuador"
"ECU",4,2,2.19842779847096,1799.46666666667,2.33912206395077,5248.53333333333,1799.46666666667,5248.53333333333,0.272082895458071,0.0902869543068297,2026,"PAHO",2026-02-01,2116,2112,2116,28,1.0020703481719,TRUE,"applied_mean","not_missing",11,"2025/2026","Observed",5981,3904,35171,32896,NA,35171,"South America","Ecuador",2.33912206395077,5248.53333333333,66.3394962705151,"Normal","Average - typical case load at this point",0.213392717295934,"Extremely Low",0.000974260722783562,"Rare good event - unusually low cases to date","Ecuador"
"ECU",5,3,1.88112125485409,2649.86666666667,2.39403142387154,7898.40000000001,2649.86666666667,7898.4,0.39514883283666,0.123065937378589,2026,"PAHO",2026-03-01,4064,4063,4064,23,1.00108627836613,TRUE,"applied_mean","not_missing",11,"2025/2026","Observed",10045,7968,35171,32896,NA,35171,"South America","Ecuador",2.39403142387154,7898.40000000001,72.587796258358,"Normal","Average - typical case load at this point",0.420446862747849,"Extremely Low",0.000974260722783562,"Rare good event - unusually low cases to date","Ecuador"
"ECU",6,4,1.63039159944401,2776.33333333334,2.29908712647823,10674.7333333333,2776.33333333333,10674.7333333333,0.51828597620176,0.123137143365101,2026,"PAHO",2026-04-01,4120,4119,4120,19,1.0008541906951,TRUE,"applied_mean","not_missing",11,"2025/2026","Observed",14165,12088,35171,32896,NA,35171,"South America","Ecuador",2.29908712647823,10674.7333333333,74.7495482497627,"Normal","Average - typical case load at this point",0.495715531690901,"Extremely Low",0.000974260722783562,"Rare good event - unusually low cases to date","Ecuador"
"ECU",7,5,1.33297965656592,3288.53333333333,2.1007358132893,13963.2666666667,3288.53333333333,13963.2666666667,0.656307290725207,0.138021314523446,2026,"PAHO",2026-05-01,4451,4449,4451,15,1.00071765327251,TRUE,"applied_mean","not_missing",11,"2025/2026","Observed",18616,16539,35171,32896,NA,35171,"South America","Ecuador",2.1007358132893,13963.2666666667,74.6757933522086,"Normal","Average - typical case load at this point",0.482918877935752,"Extremely Low",0.000974260722783562,"Rare good event - unusually low cases to date","Ecuador"
"ECU",8,6,1.64266055464281,2530.46666666667,2.08270303911408,16493.7333333333,2530.46666666667,16493.7333333333,0.769621921937917,0.113314631212711,2026,"PAHO",2026-06-01,5669,5667,5669,10,1.00064505202091,TRUE,"applied_mean","not_missing",11,"2025/2026","Observed",24285,22208,35171,32896,NA,35171,"South America","Ecuador",2.08270303911408,16493.7333333333,79.4523565044668,"High","Above average - more cases than typical at this point",0.681671846338828,"Extremely Low",0.000974260722783562,"Rare good event - unusually low cases to date","Ecuador"
"ECU",9,7,2.1967992235977,1821.73333333333,2.14699137042469,18315.4666666667,1821.73333333333,18315.4666666667,0.858260279097651,0.0886383571597332,2026,"PAHO",2026-07-01,5222,5219,5222,6,1.00063352971245,TRUE,"applied_mean","not_missing",11,"2025/2026","Observed",29507,27430,35171,32896,NA,35171,"South America","Ecuador",2.14699137042469,18315.4666666667,83.6230503429634,"High","Above average - more cases than typical at this point",0.895284983457711,"Extremely Low",0.000974260722783562,"Rare good event - unusually low cases to date","Ecuador"
"ECU",10,8,2.0776091230734,1097.93333333333,2.19082680003436,19413.3999999999,1097.93333333333,19413.4,0.912815840382549,0.0545555612848986,2026,"PAHO",2026-08-01,2598,2596,2598,4,1.00063077279599,TRUE,"applied_mean","not_missing",11,"2025/2026","Observed",32105,30028,35171,32896,NA,35171,"South America","Ecuador",2.19082680003436,19413.3999999999,84.846752455239,"High","Above average - more cases than typical at this point",0.96759650624048,"Extremely Low",0.000974260722783562,"Rare good event - unusually low cases to date","Ecuador"
"ECU",11,9,1.86273082292475,886.333333333336,2.22624977568018,20299.7333333333,886.333333333333,20299.7333333333,0.957420144484682,0.044604304102133,2026,NA,2026-09-01,NA,NA,NA,NA,NA,NA,NA,NA,11,"2025/2026","Unobserved",32105,30028,35171,32896,NA,35171,"South America","Ecuador",2.22624977568018,20299.7333333333,83.0696100939771,"High","Above average - more cases than typical at this point",0.867658049514458,"Extremely Low",0.000974260722783562,"Rare good event - unusually low cases to date","Ecuador"
"ECU",12,10,1.61784546745764,856.066666666667,2.24884537398243,21155.8,856.066666666667,21155.8,1,0.0425798555153178,2026,NA,2026-10-01,NA,NA,NA,NA,NA,NA,NA,NA,11,"2025/2026","Unobserved",32105,30028,35171,32896,NA,35171,"South America","Ecuador",2.24884537398243,21155.8,81.2827532065179,"High","Above average - more cases than typical at this point",0.776085648240445,"Extremely Low",0.000974260722783562,"Rare good event - unusually low cases to date","Ecuador"
"ECU",1,11,1.75016272776288,791.600000000003,1.75016272776288,791.600000000003,791.6,791.6,0.0411484295815449,0.0411484295815449,2026,NA,2026-11-01,NA,NA,NA,NA,NA,NA,NA,NA,11,"2026/2027","Unobserved",0,30028,NA,32896,NA,NA,"South America","Ecuador",1.75016272776288,791.600000000003,0.00224332080623353,"Extremely Low","Rare good event - unusually low cases to date",-1.32147712715702,"Extremely Low",0.000974260722783562,"Rare good event - unusually low cases to date","Ecuador"
"ECU",2,12,1.41080360737768,1137.2,1.63059651838895,1928.8,1137.2,1928.8,0.101139439364645,0.0599910097830999,2026,NA,2026-12-01,NA,NA,NA,NA,NA,NA,NA,NA,11,"2026/2027","Unobserved",0,30028,NA,32896,NA,NA,"South America","Ecuador",1.63059651838895,1928.8,0.000974260722783562,"Extremely Low","Rare good event - unusually low cases to date",-1.2764087064033,"Extremely Low",0.000974260722783562,"Rare good event - unusually low cases to date","Ecuador"
"ERI",7,1,33.9703483507425,1100.2,37.4151700761438,7702.40000000002,1100.2,7702.4,0.619008773695149,0.091823267716685,2025,"Estimates",2025-01-01,7,NA,NA,NA,NA,NA,NA,NA,7,"2024/2025","Unobserved",7,7,75,8191,6.88674507875138,89,"Sub-Saharan Africa","Eritrea",37.4151700761438,7702.40000000002,9.08067531358291e-78,"Extremely Low","Rare good event - unusually low cases to date",-6.09644600523764,"Extremely Low",2.49840947053448,"Rare good event - unusually low cases to date","Eritrea"
"ERI",8,2,7.28224711025048,1195.8,31.2333197097245,8898.2,1195.8,8898.2,0.712138728452886,0.0931299547577366,2025,"WHO",2025-02-01,18,18,NA,18,NA,FALSE,"no_lookup_match",NA,7,"2024/2025","Observed",25,25,75,8191,NA,89,"Sub-Saharan Africa","Eritrea",31.2333197097245,8898.2,1.12957695392127e-59,"Extremely Low","Rare good event - unusually low cases to date",-5.56322100584009,"Extremely Low",2.49840947053448,"Rare good event - unusually low cases to date","Eritrea"
"ERI",9,3,10.046492726815,1060.4,29.3847638487492,9958.59999999996,1060.4,9958.6,0.795184718770663,0.0830459903177777,2025,"Estimates",2025-03-01,6,NA,NA,NA,NA,NA,NA,NA,7,"2024/2025","Unobserved",31,31,75,8191,6.22844927383332,89,"Sub-Saharan Africa","Eritrea",29.3847638487492,9958.59999999996,5.70726123837857e-56,"Extremely Low","Rare good event - unusually low cases to date",-5.39594224813835,"Extremely Low",2.49840947053448,"Rare good event - unusually low cases to date","Eritrea"
"ERI",10,4,8.75138487992655,1053,29.3984907903773,11011.6,1053,11011.6,0.878441710600229,0.0832569918295657,2025,"WHO",2025-04-01,48,48,NA,16,NA,FALSE,"no_lookup_match",NA,7,"2024/2025","Observed",79,79,75,8191,NA,89,"Sub-Saharan Africa","Eritrea",29.3984907903773,11011.6,4.65801333077133e-48,"Extremely Low","Rare good event - unusually low cases to date",-5.3759669192947,"Extremely Low",2.49840947053448,"Rare good event - unusually low cases to date","Eritrea"
"ERI",11,5,14.2637128214286,759.599999999999,30.5199657927008,11771.2,759.6,11771.2,0.939285389138662,0.0608436785384335,2025,"Estimates",2025-05-01,5,NA,NA,NA,NA,NA,NA,NA,7,"2024/2025","Unobserved",84,84,75,8191,4.56327589038251,89,"Sub-Saharan Africa","Eritrea",30.5199657927008,11771.2,5.02434438939174e-50,"Extremely Low","Rare good event - unusually low cases to date",-5.4779678024152,"Extremely Low",2.49840947053448,"Rare good event - unusually low cases to date","Eritrea"
"ERI",12,6,12.2677696383633,750.999999999999,32.3450538963736,12522.2,751,12522.2,1,0.0607146108613376,2025,"Estimates",2025-06-01,5,NA,NA,NA,NA,NA,NA,NA,7,"2024/2025","Unobserved",89,89,75,8191,4.55359581460032,89,"Sub-Saharan Africa","Eritrea",32.3450538963736,12522.2,4.26098758277957e-53,"Extremely Low","Rare good event - unusually low cases to date",-5.63957077880193,"Extremely Low",2.49840947053448,"Rare good event - unusually low cases to date","Eritrea"
"ERI",1,7,18.9968432683147,677.200000000001,18.9968432683147,677.200000000001,677.2,677.2,0.0547915505294059,0.0547915505294059,2025,"WHO",2025-07-01,9,9,NA,13,NA,FALSE,"no_lookup_match",NA,7,"2025/2026","Observed",9,98,4292,8191,NA,5447,"Sub-Saharan Africa","Eritrea",18.9968432683147,677.200000000001,1.05708511242563e-21,"Extremely Low","Rare good event - unusually low cases to date",-4.2415314497982,"Extremely Low",2.49840947053448,"Rare good event - unusually low cases to date","Eritrea"
"ERI",2,8,8.09125185902833,731.600000000001,26.6377453433278,1408.8,731.6,1408.8,0.112791980293847,0.0580004297644415,2025,"Estimates",2025-08-01,4,NA,NA,NA,NA,NA,NA,NA,7,"2025/2026","Unobserved",13,102,4292,8191,4.35003223233312,5447,"Sub-Saharan Africa","Eritrea",26.6377453433278,1408.8,6.22819508510582e-35,"Extremely Low","Rare good event - unusually low cases to date",-5.06588203946384,"Extremely Low",2.49840947053448,"Rare good event - unusually low cases to date","Eritrea"
"ERI",3,9,4.66188424799327,1151.4,13.577182821813,2560.2,1151.4,2560.2,0.203443627949377,0.0906516476555292,2025,"WHO",2025-09-01,3493,3493,3493,11,1,TRUE,"applied_mean",NA,7,"2025/2026","Observed",3506,3595,4292,8191,NA,5447,"Sub-Saharan Africa","Eritrea",13.577182821813,2560.2,90.4606010494037,"High","Above average - more cases than typical at this point",1.35763092739897,"Extremely Low",2.49840947053448,"Rare good event - unusually low cases to date","Eritrea"
"ERI",4,10,10.8405220350353,1336.8,12.5075741625719,3896.99999999999,1336.8,3897,0.308948090159424,0.105504462210048,2025,"WHO",2025-10-01,39,39,39,10,1,TRUE,"applied_mean",NA,7,"2025/2026","Observed",3545,3634,4292,8191,NA,5447,"Sub-Saharan Africa","Eritrea",12.5075741625719,3896.99999999999,40.7713488505181,"Normal","Average - typical case load at this point",-0.318935582401647,"Extremely Low",2.49840947053448,"Rare good event - unusually low cases to date","Eritrea"
"ERI",5,11,20.2232810653399,1532.2,15.6244526673451,5429.2,1532.2,5429.2,0.430942495038626,0.121994404879201,2025,"WHO",2025-11-01,465,465,465,9,1,TRUE,"applied_mean",NA,7,"2025/2026","Observed",4010,4099,4292,8191,NA,5447,"Sub-Saharan Africa","Eritrea",15.6244526673451,5429.2,14.6528702509274,"Low","Below average - fewer cases than typical at this point",-1.03177772470999,"Extremely Low",2.49840947053448,"Rare good event - unusually low cases to date","Eritrea"
"ERI",6,12,137.73540255611,1173,24.7247499925156,6602.19999999999,1173,6602.2,0.527185505978464,0.0962430109398384,2025,"WHO",2025-12-01,246,246,246,8,1,TRUE,"applied_mean",NA,7,"2025/2026","Observed",4256,4345,4292,8191,NA,5447,"Sub-Saharan Africa","Eritrea",24.7247499925156,6602.19999999999,2.49840947053448,"Extremely Low","Rare good event - unusually low cases to date",-1.76372401040072,"Extremely Low",2.49840947053448,"Rare good event - unusually low cases to date","Eritrea"
"ERI",7,1,33.9703483507425,1100.2,37.4151700761438,7702.40000000002,1100.2,7702.4,0.619008773695149,0.091823267716685,2026,"Estimates",2026-01-01,394,NA,NA,NA,NA,NA,NA,NA,7,"2025/2026","Unobserved",4650,394,4292,40,394.105465040012,5447,"Sub-Saharan Africa","Eritrea",37.4151700761438,7702.40000000002,0.269859346868678,"Extremely Low","Rare good event - unusually low cases to date",-2.41817082755769,"Extremely Low",1.17031367497185e-17,"Rare good event - unusually low cases to date","Eritrea"
"ERI",8,2,7.28224711025048,1195.8,31.2333197097245,8898.2,1195.8,8898.2,0.712138728452886,0.0931299547577366,2026,"Estimates",2026-02-01,400,NA,NA,NA,NA,NA,NA,NA,7,"2025/2026","Unobserved",5050,794,4292,40,399.713765820205,5447,"Sub-Saharan Africa","Eritrea",31.2333197097245,8898.2,0.236977142687793,"Extremely Low","Rare good event - unusually low cases to date",-2.4127019648688,"Extremely Low",1.17031367497185e-17,"Rare good event - unusually low cases to date","Eritrea"
"ERI",9,3,10.046492726815,1060.4,29.3847638487492,9958.59999999996,1060.4,9958.6,0.795184718770663,0.0830459903177777,2026,"WHO",2026-03-01,25,24,25,5,1.03341103341103,TRUE,"applied_mean",NA,7,"2025/2026","Observed",5075,819,4292,40,NA,5447,"Sub-Saharan Africa","Eritrea",29.3847638487492,9958.59999999996,0.0652845362499116,"Extremely Low","Rare good event - unusually low cases to date",-2.65438006799311,"Extremely Low",1.17031367497185e-17,"Rare good event - unusually low cases to date","Eritrea"
"ERI",10,4,8.75138487992655,1053,29.3984907903773,11011.6,1053,11011.6,0.878441710600229,0.0832569918295657,2026,"Estimates",2026-04-01,357,NA,NA,NA,NA,NA,NA,NA,7,"2025/2026","Unobserved",5432,1176,4292,40,357.339008932496,5447,"Sub-Saharan Africa","Eritrea",29.3984907903773,11011.6,0.0392967260980856,"Extremely Low","Rare good event - unusually low cases to date",-2.74369729276629,"Extremely Low",1.17031367497185e-17,"Rare good event - unusually low cases to date","Eritrea"
"ERI",11,5,14.2637128214286,759.599999999999,30.5199657927008,11771.2,759.6,11771.2,0.939285389138662,0.0608436785384335,2026,"WHO",2026-05-01,0,0,0,3,1,TRUE,"applied_median",NA,7,"2025/2026","Observed",5432,1176,4292,40,NA,5447,"Sub-Saharan Africa","Eritrea",30.5199657927008,11771.2,0.010149427517646,"Extremely Low","Rare good event - unusually low cases to date",-2.97127913384475,"Extremely Low",1.17031367497185e-17,"Rare good event - unusually low cases to date","Eritrea"
"ERI",12,6,12.2677696383633,750.999999999999,32.3450538963736,12522.2,751,12522.2,1,0.0607146108613376,2026,"WHO",2026-06-01,15,15,15,2,1,TRUE,"applied_median",NA,7,"2025/2026","Observed",5447,1191,4292,40,NA,5447,"Sub-Saharan Africa","Eritrea",32.3450538963736,12522.2,0.00216158409507109,"Extremely Low","Rare good event - unusually low cases to date",-3.2092374589148,"Extremely Low",1.17031367497185e-17,"Rare good event - unusually low cases to date","Eritrea"
"ERI",1,7,18.9968432683147,677.200000000001,18.9968432683147,677.200000000001,677.2,677.2,0.0547915505294059,0.0547915505294059,2026,"Estimates",2026-07-01,235,NA,NA,NA,NA,NA,NA,NA,7,"2026/2027","Unobserved",235,1426,NA,40,235.16533487221,4291,"Sub-Saharan Africa","Eritrea",18.9968432683147,677.200000000001,0.0086445201467382,"Extremely Low","Rare good event - unusually low cases to date",-2.80695182146178,"Extremely Low",1.17031367497185e-17,"Rare good event - unusually low cases to date","Eritrea"
"ERI",2,8,8.09125185902833,731.600000000001,26.6377453433278,1408.8,731.6,1408.8,0.112791980293847,0.0580004297644415,2026,"Estimates",2026-08-01,249,NA,NA,NA,NA,NA,NA,NA,7,"2026/2027","Unobserved",484,1675,NA,40,248.937844548983,4291,"Sub-Saharan Africa","Eritrea",26.6377453433278,1408.8,0.000273332474342572,"Extremely Low","Rare good event - unusually low cases to date",-3.35644627460679,"Extremely Low",1.17031367497185e-17,"Rare good event - unusually low cases to date","Eritrea"
"ERI",3,9,4.66188424799327,1151.4,13.577182821813,2560.2,1151.4,2560.2,0.203443627949377,0.0906516476555292,2026,NA,2026-09-01,NA,NA,NA,NA,NA,NA,NA,NA,7,"2026/2027","Unobserved",484,1675,NA,40,NA,4291,"Sub-Saharan Africa","Eritrea",13.577182821813,2560.2,0.000136167711932196,"Extremely Low","Rare good event - unusually low cases to date",-2.98024247353111,"Extremely Low",1.17031367497185e-17,"Rare good event - unusually low cases to date","Eritrea"
"ERI",4,10,10.8405220350353,1336.8,12.5075741625719,3896.99999999999,1336.8,3897,0.308948090159424,0.105504462210048,2026,NA,2026-10-01,NA,NA,NA,NA,NA,NA,NA,NA,7,"2026/2027","Unobserved",484,1675,NA,40,NA,4291,"Sub-Saharan Africa","Eritrea",12.5075741625719,3896.99999999999,3.86986161877724e-06,"Extremely Low","Rare good event - unusually low cases to date",-3.09240665550237,"Extremely Low",1.17031367497185e-17,"Rare good event - unusually low cases to date","Eritrea"
"ERI",5,11,20.2232810653399,1532.2,15.6244526673451,5429.2,1532.2,5429.2,0.430942495038626,0.121994404879201,2026,NA,2026-11-01,NA,NA,NA,NA,NA,NA,NA,NA,7,"2026/2027","Unobserved",484,1675,NA,40,NA,4291,"Sub-Saharan Africa","Eritrea",15.6244526673451,5429.2,8.18174797158206e-10,"Extremely Low","Rare good event - unusually low cases to date",-3.59522773691928,"Extremely Low",1.17031367497185e-17,"Rare good event - unusually low cases to date","Eritrea"
"ERI",6,12,137.73540255611,1173,24.7247499925156,6602.19999999999,1173,6602.2,0.527185505978464,0.0962430109398384,2026,NA,2026-12-01,NA,NA,NA,NA,NA,NA,NA,NA,7,"2026/2027","Unobserved",484,1675,NA,40,NA,4291,"Sub-Saharan Africa","Eritrea",24.7247499925156,6602.19999999999,1.17031367497185e-17,"Extremely Low","Rare good event - unusually low cases to date",-4.59927382168345,"Extremely Low",1.17031367497185e-17,"Rare good event - unusually low cases to date","Eritrea"
"ETH",9,1,NA,NA,1.28991905658818,12866.3333333333,181.333333333333,12866.3333333333,0.896414032065017,0.00771828162335729,2025,"Estimates",2025-01-01,15,NA,NA,NA,NA,NA,NA,NA,5,"2024/2025","Unobserved",15,15,1879,4359,14.5026511702883,1894,"Sub-Saharan Africa","Ethiopia",1.28991905658818,12866.3333333333,0.0216366707540037,"Extremely Low","Rare good event - unusually low cases to date",-1.13436508301682,"Low",9.62800328814959,"Below average - fewer cases than typical at this point","Ethiopia"
"ETH",10,2,1.68992533819481,79.3333333333333,1.3018083111342,12945.6666666667,79.3333333333333,12945.6666666667,0.90477643104411,0.00836239897909264,2025,"WHO",2025-02-01,114,114,NA,18,NA,FALSE,"no_lookup_match",NA,5,"2024/2025","Observed",129,129,1879,4359,NA,1894,"Sub-Saharan Africa","Ethiopia",1.3018083111342,12945.6666666667,0.300503211627597,"Extremely Low","Rare good event - unusually low cases to date",-1.12954192173754,"Low",9.62800328814959,"Below average - fewer cases than typical at this point","Ethiopia"
"ETH",11,3,2.02818462551704,75.6666666666667,1.31678445234279,13021.3333333333,75.6666666666667,13021.3333333333,0.913737268419925,0.00896083737581514,2025,"WHO",2025-03-01,140,140,NA,17,NA,FALSE,"no_lookup_match",NA,5,"2024/2025","Observed",269,269,1879,4359,NA,1894,"Sub-Saharan Africa","Ethiopia",1.31678445234279,13021.3333333333,0.729536597947035,"Extremely Low","Rare good event - unusually low cases to date",-1.12374969471819,"Low",9.62800328814959,"Below average - fewer cases than typical at this point","Ethiopia"
"ETH",12,4,0.734757736639571,285,1.58231446223275,13306.3333333333,285,13306.3333333333,1,0.0862627315800751,2025,"WHO",2025-04-01,1625,1625,NA,16,NA,FALSE,"no_lookup_match",NA,5,"2024/2025","Observed",1894,1894,1879,4359,NA,1894,"Sub-Saharan Africa","Ethiopia",1.58231446223275,13306.3333333333,5.85245011685915,"Low","Below average - fewer cases than typical at this point",-1.078789294037,"Low",9.62800328814959,"Below average - fewer cases than typical at this point","Ethiopia"
"ETH",1,5,NA,NA,NA,NA,1021.66666666667,1021.66666666667,0.0765203027654343,0.0765203027654343,2025,"WHO",2025-05-01,344,344,NA,15,NA,FALSE,"no_lookup_match",NA,5,"2025/2026","Observed",344,2238,2988,4359,NA,2988,"Sub-Saharan Africa","Ethiopia",NA,NA,NA,"Unknown","Cannot determine",NA,"Low",9.62800328814959,"Below average - fewer cases than typical at this point","Ethiopia"
"ETH",2,6,NA,NA,NA,NA,1411.66666666667,2433.33333333333,0.140337821007442,0.0638175182420077,2025,"WHO",2025-06-01,80,80,NA,14,NA,FALSE,"no_lookup_match",NA,5,"2025/2026","Observed",424,2318,2988,4359,NA,2988,"Sub-Saharan Africa","Ethiopia",NA,NA,NA,"Unknown","Cannot determine",NA,"Low",9.62800328814959,"Below average - fewer cases than typical at this point","Ethiopia"
"ETH",3,7,NA,NA,NA,NA,424.666666666667,2858,0.16737457641268,0.027036755405238,2025,"WHO",2025-07-01,98,98,NA,13,NA,FALSE,"no_lookup_match",NA,5,"2025/2026","Observed",522,2416,2988,4359,NA,2988,"Sub-Saharan Africa","Ethiopia",NA,NA,NA,"Unknown","Cannot determine",NA,"Low",9.62800328814959,"Below average - fewer cases than typical at this point","Ethiopia"
"ETH",4,8,NA,NA,NA,NA,273.666666666667,3131.66666666667,0.181494739603019,0.0141201631903392,2025,"WHO",2025-08-01,32,32,32,12,1,TRUE,"applied_mean",NA,5,"2025/2026","Observed",554,2448,2988,4359,NA,2988,"Sub-Saharan Africa","Ethiopia",NA,NA,NA,"Unknown","Cannot determine",NA,"Low",9.62800328814959,"Below average - fewer cases than typical at this point","Ethiopia"
"ETH",5,9,1.47707433267256,349.666666666666,0.609200478047963,3481.33333333333,349.666666666667,3481.33333333333,0.207204268779467,0.0257095291764473,2025,"WHO",2025-09-01,62,62,62,11,1,TRUE,"applied_mean",NA,5,"2025/2026","Observed",616,2510,2988,4359,NA,2988,"Sub-Saharan Africa","Ethiopia",0.609200478047963,3481.33333333333,27.6592290461043,"Normal","Average - typical case load at this point",-0.642349907628567,"Low",9.62800328814959,"Below average - fewer cases than typical at this point","Ethiopia"
"ETH",6,10,1.07222642671486,4536.66666666666,1.11060143948672,8018.00000000002,4536.66666666667,8018,0.523917559261916,0.316713290482449,2025,"WHO",2025-10-01,438,438,438,10,1,TRUE,"applied_mean",NA,5,"2025/2026","Observed",1054,2948,2988,4359,NA,2988,"Sub-Saharan Africa","Ethiopia",1.11060143948672,8018.00000000002,10.4076102403271,"Low","Below average - fewer cases than typical at this point",-0.915254242816524,"Low",9.62800328814959,"Below average - fewer cases than typical at this point","Ethiopia"
"ETH",7,11,1.62883037095117,3606,1.26059895873984,11624,3606,11624,0.802936185862009,0.279018626600093,2025,"WHO",2025-11-01,686,686,686,9,1,TRUE,"applied_mean",NA,5,"2025/2026","Observed",1740,3634,2988,4359,NA,2988,"Sub-Saharan Africa","Ethiopia",1.26059895873984,11624,9.66816349682128,"Low","Below average - fewer cases than typical at this point",-0.954645345799563,"Low",9.62800328814959,"Below average - fewer cases than typical at this point","Ethiopia"
"ETH",8,12,1.92467298669724,1061,1.30708532212596,12685,1061,12685,0.88869575044166,0.085759564579651,2025,"WHO",2025-12-01,255,255,255,8,1,TRUE,"applied_mean",NA,5,"2025/2026","Observed",1995,3889,2988,4359,NA,2988,"Sub-Saharan Africa","Ethiopia",1.30708532212596,12685,9.62800328814959,"Low","Below average - fewer cases than typical at this point",-0.963422597027973,"Low",9.62800328814959,"Below average - fewer cases than typical at this point","Ethiopia"
"ETH",9,1,NA,NA,1.28991905658818,12866.3333333333,181.333333333333,12866.3333333333,0.896414032065017,0.00771828162335729,2026,"WHO",2026-01-01,0,0,0,7,1,TRUE,"applied_mean",NA,5,"2025/2026","Observed",1995,0,2988,17870,NA,2988,"Sub-Saharan Africa","Ethiopia",1.28991905658818,12866.3333333333,9.68396638957198,"Low","Below average - fewer cases than typical at this point",-0.959593889544808,"Low",9.88738653103267,"Below average - fewer cases than typical at this point","Ethiopia"
"ETH",10,2,1.68992533819481,79.3333333333333,1.3018083111342,12945.6666666667,79.3333333333333,12945.6666666667,0.90477643104411,0.00836239897909264,2026,"WHO",2026-02-01,46,46,46,6,1,TRUE,"applied_mean",NA,5,"2025/2026","Observed",2041,46,2988,17870,NA,2988,"Sub-Saharan Africa","Ethiopia",1.3018083111342,12945.6666666667,9.72307327188163,"Low","Below average - fewer cases than typical at this point",-0.961036005922543,"Low",9.88738653103267,"Below average - fewer cases than typical at this point","Ethiopia"
"ETH",11,3,2.02818462551704,75.6666666666667,1.31678445234279,13021.3333333333,75.6666666666667,13021.3333333333,0.913737268419925,0.00896083737581514,2026,"WHO",2026-03-01,53,53,53,5,1,TRUE,"applied_mean",NA,5,"2025/2026","Observed",2094,99,2988,17870,NA,2988,"Sub-Saharan Africa","Ethiopia",1.31678445234279,13021.3333333333,9.76373451901966,"Low","Below average - fewer cases than typical at this point",-0.962928679516216,"Low",9.88738653103267,"Below average - fewer cases than typical at this point","Ethiopia"
"ETH",12,4,0.734757736639571,285,1.58231446223275,13306.3333333333,285,13306.3333333333,1,0.0862627315800751,2026,"WHO",2026-04-01,894,705,894,4,1.26849894291755,TRUE,"applied_mean",NA,5,"2025/2026","Observed",2988,993,2988,17870,NA,2988,"Sub-Saharan Africa","Ethiopia",1.58231446223275,13306.3333333333,11.1416557769237,"Low","Below average - fewer cases than typical at this point",-0.975375254751152,"Low",9.88738653103267,"Below average - fewer cases than typical at this point","Ethiopia"
"ETH",1,5,NA,NA,NA,NA,1021.66666666667,1021.66666666667,0.0765203027654343,0.0765203027654343,2026,"WHO",2026-05-01,1055,801,1055,3,1.31695736434109,TRUE,"applied_mean",NA,5,"2026/2027","Observed",1055,2048,11937,17870,NA,11240,"Sub-Saharan Africa","Ethiopia",NA,NA,NA,"Unknown","Cannot determine",NA,"Low",9.88738653103267,"Below average - fewer cases than typical at this point","Ethiopia"
"ETH",2,6,NA,NA,NA,NA,1411.66666666667,2433.33333333333,0.140337821007442,0.0638175182420077,2026,"WHO",2026-06-01,615,390,615,2,1.5760327313413,TRUE,"applied_mean",NA,5,"2026/2027","Observed",1670,2663,11937,17870,NA,11240,"Sub-Saharan Africa","Ethiopia",NA,NA,NA,"Unknown","Cannot determine",NA,"Low",9.88738653103267,"Below average - fewer cases than typical at this point","Ethiopia"
"ETH",3,7,NA,NA,NA,NA,424.666666666667,2858,0.16737457641268,0.027036755405238,2026,"WHO",2026-07-01,328,328,NA,1,NA,FALSE,"insufficient_n_rf",NA,5,"2026/2027","Observed",1998,2991,11937,17870,NA,11240,"Sub-Saharan Africa","Ethiopia",NA,NA,NA,"Unknown","Cannot determine",NA,"Low",9.88738653103267,"Below average - fewer cases than typical at this point","Ethiopia"
"ETH",4,8,NA,NA,NA,NA,273.666666666667,3131.66666666667,0.181494739603019,0.0141201631903392,2026,"Estimates",2026-08-01,42,NA,NA,NA,NA,NA,NA,NA,5,"2026/2027","Unobserved",2040,3033,11937,17870,42.1910476127336,11240,"Sub-Saharan Africa","Ethiopia",NA,NA,NA,"Unknown","Cannot determine",NA,"Low",9.88738653103267,"Below average - fewer cases than typical at this point","Ethiopia"
"ETH",5,9,1.47707433267256,349.666666666666,0.609200478047963,3481.33333333333,349.666666666667,3481.33333333333,0.207204268779467,0.0257095291764473,2026,NA,2026-09-01,NA,NA,NA,NA,NA,NA,NA,NA,5,"2026/2027","Unobserved",2040,3033,11937,17870,NA,11240,"Sub-Saharan Africa","Ethiopia",0.609200478047963,3481.33333333333,52.4414728246607,"Normal","Average - typical case load at this point",-0.323117845577702,"Low",9.88738653103267,"Below average - fewer cases than typical at this point","Ethiopia"
"ETH",6,10,1.07222642671486,4536.66666666666,1.11060143948672,8018.00000000002,4536.66666666667,8018,0.523917559261916,0.316713290482449,2026,NA,2026-10-01,NA,NA,NA,NA,NA,NA,NA,NA,5,"2026/2027","Unobserved",2040,3033,11937,17870,NA,11240,"Sub-Saharan Africa","Ethiopia",1.11060143948672,8018.00000000002,20.2040908007879,"Low","Below average - fewer cases than typical at this point",-0.785667700108729,"Low",9.88738653103267,"Below average - fewer cases than typical at this point","Ethiopia"
"ETH",7,11,1.62883037095117,3606,1.26059895873984,11624,3606,11624,0.802936185862009,0.279018626600093,2026,NA,2026-11-01,NA,NA,NA,NA,NA,NA,NA,NA,5,"2026/2027","Unobserved",2040,3033,11937,17870,NA,11240,"Sub-Saharan Africa","Ethiopia",1.26059895873984,11624,11.606909829693,"Low","Below average - fewer cases than typical at this point",-0.925669869905201,"Low",9.88738653103267,"Below average - fewer cases than typical at this point","Ethiopia"
"ETH",8,12,1.92467298669724,1061,1.30708532212596,12685,1061,12685,0.88869575044166,0.085759564579651,2026,NA,2026-12-01,NA,NA,NA,NA,NA,NA,NA,NA,5,"2026/2027","Unobserved",2040,3033,11937,17870,NA,11240,"Sub-Saharan Africa","Ethiopia",1.30708532212596,12685,9.88738653103267,"Low","Below average - fewer cases than typical at this point",-0.959367029500727,"Low",9.88738653103267,"Below average - fewer cases than typical at this point","Ethiopia"
"FJI",3,1,0.736944811519677,948.400000000001,0.907927441851649,1647.2,948.4,1647.2,0.242880956482891,0.108763363816202,2025,"WHO",2025-01-01,1629,1629,NA,19,NA,FALSE,"no_lookup_match",NA,11,"2024/2025","Observed",1629,1629,24176,190229,NA,24176,"Pacific Islands","Fiji",0.907927441851649,1647.2,63.4655583258831,"Normal","Average - typical case load at this point",-0.0105252148151941,"High",83.4440863427499,"Above average - more cases than typical at this point","Fiji"
"FJI",4,2,0.735632638590614,1324.06666666667,0.91299998862261,2971.26666666667,1324.06666666667,2971.26666666667,0.392245379034751,0.14936442255186,2025,"WHO",2025-02-01,3394,3394,NA,18,NA,FALSE,"no_lookup_match",NA,11,"2024/2025","Observed",5023,5023,24176,190229,NA,24176,"Pacific Islands","Fiji",0.91299998862261,2971.26666666667,81.2836035676695,"High","Above average - more cases than typical at this point",0.659702235140951,"High",83.4440863427499,"Above average - more cases than typical at this point","Fiji"
"FJI",5,3,0.721140155726716,1423.8,0.888449195253699,4395.06666666667,1423.8,4395.06666666667,0.541080880854135,0.148835501819384,2025,"WHO",2025-03-01,4509,4509,NA,17,NA,FALSE,"no_lookup_match",NA,11,"2024/2025","Observed",9532,9532,24176,190229,NA,24176,"Pacific Islands","Fiji",0.888449195253699,4395.06666666667,87.9512091047567,"High","Above average - more cases than typical at this point",1.10156688146193,"High",83.4440863427499,"Above average - more cases than typical at this point","Fiji"
"FJI",6,4,0.731840971724535,1225.06666666667,0.88425758753033,5620.13333333333,1225.06666666667,5620.13333333333,0.667567872316446,0.126486991462311,2025,"WHO",2025-04-01,4703,4703,NA,16,NA,FALSE,"no_lookup_match",NA,11,"2024/2025","Observed",14235,14235,24176,190229,NA,24176,"Pacific Islands","Fiji",0.88425758753033,5620.13333333333,91.3650211941899,"High","Above average - more cases than typical at this point",1.44130925723356,"High",83.4440863427499,"Above average - more cases than typical at this point","Fiji"
"FJI",7,5,0.725905643219619,880.333333333335,0.915492148664588,6500.46666666667,880.333333333333,6500.46666666667,0.762306092467149,0.0947382201507034,2025,"WHO",2025-05-01,3696,3696,NA,15,NA,FALSE,"no_lookup_match",NA,11,"2024/2025","Observed",17931,17931,24176,190229,NA,24176,"Pacific Islands","Fiji",0.915492148664588,6500.46666666667,93.1689737176576,"High","Above average - more cases than typical at this point",1.6823590593516,"High",83.4440863427499,"Above average - more cases than typical at this point","Fiji"
"FJI",8,6,0.820401821620188,676.399999999999,0.92958374051653,7176.86666666667,676.4,7176.86666666667,0.840999693954708,0.0786936014875589,2025,"WHO",2025-06-01,1894,1894,NA,14,NA,FALSE,"no_lookup_match",NA,11,"2024/2025","Observed",19825,19825,24176,190229,NA,24176,"Pacific Islands","Fiji",0.92958374051653,7176.86666666667,93.2784267704872,"High","Above average - more cases than typical at this point",1.69905599716275,"High",83.4440863427499,"Above average - more cases than typical at this point","Fiji"
"FJI",9,7,0.84993172939279,470.066666666667,0.937217029683564,7646.93333333335,470.066666666667,7646.93333333333,0.897703790487581,0.0567040965328724,2025,"WHO",2025-07-01,1502,1502,NA,13,NA,FALSE,"no_lookup_match",NA,11,"2024/2025","Observed",21327,21327,24176,190229,NA,24176,"Pacific Islands","Fiji",0.937217029683564,7646.93333333335,93.4911575621851,"High","Above average - more cases than typical at this point",1.7317866336032,"High",83.4440863427499,"Above average - more cases than typical at this point","Fiji"
"FJI",10,8,0.803789977738723,338.8,0.942657580266681,7985.73333333333,338.8,7985.73333333333,0.939638187620009,0.0419343971324277,2025,"WHO",2025-08-01,822,822,822,12,1,TRUE,"applied_mean",NA,11,"2024/2025","Observed",22149,22149,24176,190229,NA,24176,"Pacific Islands","Fiji",0.942657580266681,7985.73333333333,93.4268830977164,"High","Above average - more cases than typical at this point",1.72186849314043,"High",83.4440863427499,"Above average - more cases than typical at this point","Fiji"
"FJI",11,9,0.782256346120421,264.333333333333,0.944406455706117,8250.06666666669,264.333333333333,8250.06666666667,0.971305010926734,0.0316668233067255,2025,"WHO",2025-09-01,741,741,741,11,1,TRUE,"applied_mean",NA,11,"2024/2025","Observed",22890,22890,24176,190229,NA,24176,"Pacific Islands","Fiji",0.944406455706117,8250.06666666669,93.4431503706701,"High","Above average - more cases than typical at this point",1.72439302955779,"High",83.4440863427499,"Above average - more cases than typical at this point","Fiji"
"FJI",12,10,0.664333763461099,264.800000000001,0.941316715569387,8514.86666666665,264.8,8514.86666666667,1,0.028694989073266,2025,"WHO",2025-10-01,1286,1286,1286,10,1,TRUE,"applied_mean",NA,11,"2024/2025","Observed",24176,24176,24176,190229,NA,24176,"Pacific Islands","Fiji",0.941316715569387,8514.86666666665,93.8201905558076,"High","Above average - more cases than typical at this point",1.78438768124331,"High",83.4440863427499,"Above average - more cases than typical at this point","Fiji"
"FJI",1,11,0.527209668679448,324.6,0.527209668679448,324.6,324.6,324.6,0.0612735366983323,0.0612735366983323,2025,"WHO",2025-11-01,819,819,819,9,1,TRUE,"applied_mean",NA,11,"2025/2026","Observed",819,24995,6132,190229,NA,6132,"Pacific Islands","Fiji",0.527209668679448,324.6,88.95645685665,"High","Above average - more cases than typical at this point",1.10501768614889,"High",83.4440863427499,"Above average - more cases than typical at this point","Fiji"
"FJI",2,12,0.548542453333408,374.2,0.54909702824471,698.800000000002,374.2,698.8,0.134117592666689,0.0728440559683566,2025,"WHO",2025-12-01,518,518,518,8,1,TRUE,"applied_mean",NA,11,"2025/2026","Observed",1337,25513,6132,190229,NA,6132,"Pacific Islands","Fiji",0.54909702824471,698.800000000002,83.4440863427499,"High","Above average - more cases than typical at this point",0.676484560533586,"High",83.4440863427499,"Above average - more cases than typical at this point","Fiji"
"FJI",3,1,0.736944811519677,948.400000000001,0.907927441851649,1647.2,948.4,1647.2,0.242880956482891,0.108763363816202,2026,"WHO",2026-01-01,533,533,533,7,1,TRUE,"applied_mean",NA,11,"2025/2026","Observed",1870,533,6132,4643,NA,6132,"Pacific Islands","Fiji",0.907927441851649,1647.2,68.2507103360724,"Normal","Average - typical case load at this point",0.128847135210182,"Extremely Low",1.97255471700063,"Rare good event - unusually low cases to date","Fiji"
"FJI",4,2,0.735632638590614,1324.06666666667,0.91299998862261,2971.26666666667,1324.06666666667,2971.26666666667,0.392245379034751,0.14936442255186,2026,"WHO",2026-02-01,831,831,831,6,1,TRUE,"applied_mean",NA,11,"2025/2026","Observed",2701,1364,6132,4643,NA,6132,"Pacific Islands","Fiji",0.91299998862261,2971.26666666667,60.4878948499975,"Normal","Average - typical case load at this point",-0.0868999500019966,"Extremely Low",1.97255471700063,"Rare good event - unusually low cases to date","Fiji"
"FJI",5,3,0.721140155726716,1423.8,0.888449195253699,4395.06666666667,1423.8,4395.06666666667,0.541080880854135,0.148835501819384,2026,"WHO",2026-03-01,921,921,921,5,1,TRUE,"applied_mean",NA,11,"2025/2026","Observed",3622,2285,6132,4643,NA,6132,"Pacific Islands","Fiji",0.888449195253699,4395.06666666667,57.3822770684286,"Normal","Average - typical case load at this point",-0.165776852044445,"Extremely Low",1.97255471700063,"Rare good event - unusually low cases to date","Fiji"
"FJI",6,4,0.731840971724535,1225.06666666667,0.88425758753033,5620.13333333333,1225.06666666667,5620.13333333333,0.667567872316446,0.126486991462311,2026,"WHO",2026-04-01,735,735,735,4,1.00013658403333,TRUE,"applied_mean",NA,11,"2025/2026","Observed",4357,3020,6132,4643,NA,6132,"Pacific Islands","Fiji",0.88425758753033,5620.13333333333,55.3811293466532,"Normal","Average - typical case load at this point",-0.211328374181099,"Extremely Low",1.97255471700063,"Rare good event - unusually low cases to date","Fiji"
"FJI",7,5,0.725905643219619,880.333333333335,0.915492148664588,6500.46666666667,880.333333333333,6500.46666666667,0.762306092467149,0.0947382201507034,2026,"WHO",2026-05-01,348,347,348,3,1.00148853825543,TRUE,"applied_mean",NA,11,"2025/2026","Observed",4705,3368,6132,4643,NA,6132,"Pacific Islands","Fiji",0.915492148664588,6500.46666666667,52.6572336149276,"Normal","Average - typical case load at this point",-0.264258851651468,"Extremely Low",1.97255471700063,"Rare good event - unusually low cases to date","Fiji"
"FJI",8,6,0.820401821620188,676.399999999999,0.92958374051653,7176.86666666667,676.4,7176.86666666667,0.840999693954708,0.0786936014875589,2026,"WHO",2026-06-01,413,399,413,2,1.03559494364332,TRUE,"applied_mean",NA,11,"2025/2026","Observed",5118,3781,6132,4643,NA,6132,"Pacific Islands","Fiji",0.92958374051653,7176.86666666667,51.9587615112831,"Normal","Average - typical case load at this point",-0.276572808426947,"Extremely Low",1.97255471700063,"Rare good event - unusually low cases to date","Fiji"
"FJI",9,7,0.84993172939279,470.066666666667,0.937217029683564,7646.93333333335,470.066666666667,7646.93333333333,0.897703790487581,0.0567040965328724,2026,"WHO",2026-07-01,387,387,NA,1,NA,FALSE,"insufficient_n_rf",NA,11,"2025/2026","Observed",5505,4168,6132,4643,NA,6132,"Pacific Islands","Fiji",0.937217029683564,7646.93333333335,52.1699333884617,"Normal","Average - typical case load at this point",-0.271151567248882,"Extremely Low",1.97255471700063,"Rare good event - unusually low cases to date","Fiji"
"FJI",10,8,0.803789977738723,338.8,0.942657580266681,7985.73333333333,338.8,7985.73333333333,0.939638187620009,0.0419343971324277,2026,"Estimates",2026-08-01,257,NA,NA,NA,NA,NA,NA,NA,11,"2025/2026","Unobserved",5762,4425,6132,4643,257.141723216046,6132,"Pacific Islands","Fiji",0.942657580266681,7985.73333333333,52.1715476610775,"Normal","Average - typical case load at this point",-0.270345567440619,"Extremely Low",1.97255471700063,"Rare good event - unusually low cases to date","Fiji"
"FJI",11,9,0.782256346120421,264.333333333333,0.944406455706117,8250.06666666669,264.333333333333,8250.06666666667,0.971305010926734,0.0316668233067255,2026,NA,2026-09-01,NA,NA,NA,NA,NA,NA,NA,NA,11,"2025/2026","Unobserved",5762,4425,6132,4643,NA,6132,"Pacific Islands","Fiji",0.944406455706117,8250.06666666669,51.0446489456896,"Normal","Average - typical case load at this point",-0.293061772850183,"Extremely Low",1.97255471700063,"Rare good event - unusually low cases to date","Fiji"
"FJI",12,10,0.664333763461099,264.800000000001,0.941316715569387,8514.86666666665,264.8,8514.86666666667,1,0.028694989073266,2026,NA,2026-10-01,NA,NA,NA,NA,NA,NA,NA,NA,11,"2025/2026","Unobserved",5762,4425,6132,4643,NA,6132,"Pacific Islands","Fiji",0.941316715569387,8514.86666666665,50.0308582482287,"Normal","Average - typical case load at this point",-0.313654271600521,"Extremely Low",1.97255471700063,"Rare good event - unusually low cases to date","Fiji"
"FJI",1,11,0.527209668679448,324.6,0.527209668679448,324.6,324.6,324.6,0.0612735366983323,0.0612735366983323,2026,NA,2026-11-01,NA,NA,NA,NA,NA,NA,NA,NA,11,"2026/2027","Unobserved",0,4425,NA,4643,NA,NA,"Pacific Islands","Fiji",0.527209668679448,324.6,3.38102316094237,"Extremely Low","Rare good event - unusually low cases to date",-0.725503116755519,"Extremely Low",1.97255471700063,"Rare good event - unusually low cases to date","Fiji"
"FJI",2,12,0.548542453333408,374.2,0.54909702824471,698.800000000002,374.2,698.8,0.134117592666689,0.0728440559683566,2026,NA,2026-12-01,NA,NA,NA,NA,NA,NA,NA,NA,11,"2026/2027","Unobserved",0,4425,NA,4643,NA,NA,"Pacific Islands","Fiji",0.54909702824471,698.800000000002,1.97255471700063,"Extremely Low","Rare good event - unusually low cases to date",-0.740719854122331,"Extremely Low",1.97255471700063,"Rare good event - unusually low cases to date","Fiji"
"FSM",10,1,0.996980028758582,12.8888888888889,0.39149847360029,905.22222222222,12.8888888888889,905.222222222222,0.866265318880588,0.0742119383016475,2025,"WHO",2025-01-01,5,5,NA,19,NA,FALSE,"no_lookup_match",NA,4,"2024/2025","Observed",5,5,15,56,NA,15,"Pacific Islands","Micronesia (Federated States Of)",0.39149847360029,905.22222222222,10.7235149557048,"Low","Below average - fewer cases than typical at this point",-0.622107827346542,"Low",22.3791520173902,"Below average - fewer cases than typical at this point","Micronesia (Federated States Of)"
"FSM",11,2,0.75427423905537,11.6666666666667,0.411287524527851,916.88888888889,11.6666666666667,916.888888888889,0.944740974766711,0.0784756558861236,2025,"WHO",2025-02-01,9,9,NA,18,NA,FALSE,"no_lookup_match",NA,4,"2024/2025","Observed",14,14,15,56,NA,15,"Pacific Islands","Micronesia (Federated States Of)",0.411287524527851,916.88888888889,14.2720083695928,"Low","Below average - fewer cases than typical at this point",-0.631383143877527,"Low",22.3791520173902,"Below average - fewer cases than typical at this point","Micronesia (Federated States Of)"
"FSM",12,3,0.698267493402203,7.22222222222222,0.423405446095546,924.111111111113,7.22222222222222,924.111111111111,1,0.0552590252332888,2025,"WHO",2025-03-01,1,1,NA,17,NA,FALSE,"no_lookup_match",NA,4,"2024/2025","Observed",15,15,15,56,NA,15,"Pacific Islands","Micronesia (Federated States Of)",0.423405446095546,924.111111111113,13.9397502441954,"Low","Below average - fewer cases than typical at this point",-0.639987548897126,"Low",22.3791520173902,"Below average - fewer cases than typical at this point","Micronesia (Federated States Of)"
"FSM",1,4,0.800828471523357,7.11111111111111,0.800828471523357,7.11111111111111,7.11111111111111,7.11111111111111,0.0272043460874416,0.0272043460874416,2025,"WHO",2025-04-01,3,3,NA,16,NA,FALSE,"no_lookup_match",NA,4,"2025/2026","Observed",3,18,58,56,NA,58,"Pacific Islands","Micronesia (Federated States Of)",0.800828471523357,7.11111111111111,44.5807380601714,"Normal","Average - typical case load at this point",-0.490477120832595,"Low",22.3791520173902,"Below average - fewer cases than typical at this point","Micronesia (Federated States Of)"
"FSM",2,5,0.498803528313092,16.7777777777778,0.631652546079204,23.8888888888889,16.7777777777778,23.8888888888889,0.0765016501334349,0.0492973040459933,2025,"WHO",2025-05-01,1,1,NA,15,NA,FALSE,"no_lookup_match",NA,4,"2025/2026","Observed",4,19,58,56,NA,58,"Pacific Islands","Micronesia (Federated States Of)",0.631652546079204,23.8888888888889,28.6750749591703,"Normal","Average - typical case load at this point",-0.653110467090296,"Low",22.3791520173902,"Below average - fewer cases than typical at this point","Micronesia (Federated States Of)"
"FSM",3,6,0.621255450507988,33.4444444444445,0.641769840782123,57.3333333333333,33.4444444444444,57.3333333333333,0.177999812920663,0.101498162787228,2025,"WHO",2025-06-01,2,2,NA,14,NA,FALSE,"no_lookup_match",NA,4,"2025/2026","Observed",6,21,58,56,NA,58,"Pacific Islands","Micronesia (Federated States Of)",0.641769840782123,57.3333333333333,20.6599375670986,"Low","Below average - fewer cases than typical at this point",-0.713287735962726,"Low",22.3791520173902,"Below average - fewer cases than typical at this point","Micronesia (Federated States Of)"
"FSM",4,7,0.757793483908387,19.3333333333333,0.707731934034767,76.6666666666666,19.3333333333333,76.6666666666667,0.234233352889978,0.0562335399693148,2025,"WHO",2025-07-01,6,6,NA,13,NA,FALSE,"no_lookup_match",NA,4,"2025/2026","Observed",12,27,58,56,NA,58,"Pacific Islands","Micronesia (Federated States Of)",0.707731934034767,76.6666666666666,23.0879389962384,"Low","Below average - fewer cases than typical at this point",-0.70633859540299,"Low",22.3791520173902,"Below average - fewer cases than typical at this point","Micronesia (Federated States Of)"
"FSM",5,8,0.489924331408061,62.8888888888889,0.653850186716002,139.555555555556,62.8888888888889,139.555555555556,0.331370003845595,0.0971366509556176,2025,"WHO",2025-08-01,4,4,4,12,1,TRUE,"applied_mean",NA,4,"2025/2026","Observed",16,31,58,56,NA,58,"Pacific Islands","Micronesia (Federated States Of)",0.653850186716002,139.555555555556,20.4184961270259,"Low","Below average - fewer cases than typical at this point",-0.714231934899626,"Low",22.3791520173902,"Below average - fewer cases than typical at this point","Micronesia (Federated States Of)"
"FSM",6,9,0.291070626585396,280.444444444445,0.423806108410535,420.000000000001,280.444444444444,420,0.496126199785756,0.16475619594016,2025,"WHO",2025-09-01,2,2,2,11,1,TRUE,"applied_mean",NA,4,"2025/2026","Observed",18,33,58,56,NA,58,"Pacific Islands","Micronesia (Federated States Of)",0.423806108410535,420.000000000001,20.8603851944817,"Low","Below average - fewer cases than typical at this point",-0.622789617855311,"Low",22.3791520173902,"Below average - fewer cases than typical at this point","Micronesia (Federated States Of)"
"FSM",7,10,0.314013122561841,214.444444444445,0.389836491994207,634.444444444444,214.444444444444,634.444444444444,0.636923266099541,0.140797066313785,2025,"WHO",2025-10-01,6,6,6,10,1,TRUE,"applied_mean",NA,4,"2025/2026","Observed",24,39,58,56,NA,58,"Pacific Islands","Micronesia (Federated States Of)",0.389836491994207,634.444444444444,21.912524284139,"Low","Below average - fewer cases than typical at this point",-0.600565535916617,"Low",22.3791520173902,"Below average - fewer cases than typical at this point","Micronesia (Federated States Of)"
"FSM",8,11,0.271578903133234,173.333333333333,0.368937486983719,807.77777777778,173.333333333333,807.777777777778,0.731948641276682,0.0950253751771409,2025,"WHO",2025-11-01,1,1,1,9,1,TRUE,"applied_mean",NA,4,"2025/2026","Observed",25,40,58,56,NA,58,"Pacific Islands","Micronesia (Federated States Of)",0.368937486983719,807.77777777778,21.7374217719879,"Low","Below average - fewer cases than typical at this point",-0.5884693175186,"Low",22.3791520173902,"Below average - fewer cases than typical at this point","Micronesia (Federated States Of)"
"FSM",9,12,0.307979077973569,84.5555555555554,0.365151680523993,892.333333333334,84.5555555555556,892.333333333333,0.79205338057894,0.0601047393022581,2025,"WHO",2025-12-01,4,4,4,8,1,TRUE,"applied_mean",NA,4,"2025/2026","Observed",29,44,58,56,NA,58,"Pacific Islands","Micronesia (Federated States Of)",0.365151680523993,892.333333333334,22.3791520173902,"Low","Below average - fewer cases than typical at this point",-0.584519769175064,"Low",22.3791520173902,"Below average - fewer cases than typical at this point","Micronesia (Federated States Of)"
"FSM",10,1,0.996980028758582,12.8888888888889,0.39149847360029,905.22222222222,12.8888888888889,905.222222222222,0.866265318880588,0.0742119383016475,2026,"WHO",2026-01-01,7,7,7,7,1,TRUE,"applied_mean",NA,4,"2025/2026","Observed",36,7,58,315,NA,58,"Pacific Islands","Micronesia (Federated States Of)",0.39149847360029,905.22222222222,22.1448098958768,"Low","Below average - fewer cases than typical at this point",-0.60068495844631,"Low",24.1595477485961,"Below average - fewer cases than typical at this point","Micronesia (Federated States Of)"
"FSM",11,2,0.75427423905537,11.6666666666667,0.411287524527851,916.88888888889,11.6666666666667,916.888888888889,0.944740974766711,0.0784756558861236,2026,"WHO",2026-02-01,10,10,10,6,1,TRUE,"applied_mean",NA,4,"2025/2026","Observed",46,17,58,315,NA,58,"Pacific Islands","Micronesia (Federated States Of)",0.411287524527851,916.88888888889,22.8596474108603,"Low","Below average - fewer cases than typical at this point",-0.60900579395915,"Low",24.1595477485961,"Below average - fewer cases than typical at this point","Micronesia (Federated States Of)"
"FSM",12,3,0.698267493402203,7.22222222222222,0.423405446095546,924.111111111113,7.22222222222222,924.111111111111,1,0.0552590252332888,2026,"WHO",2026-03-01,12,12,12,5,1,TRUE,"applied_mean",NA,4,"2025/2026","Observed",58,29,58,315,NA,58,"Pacific Islands","Micronesia (Federated States Of)",0.423405446095546,924.111111111113,24.2158413272353,"Low","Below average - fewer cases than typical at this point",-0.609716810517367,"Low",24.1595477485961,"Below average - fewer cases than typical at this point","Micronesia (Federated States Of)"
"FSM",1,4,0.800828471523357,7.11111111111111,0.800828471523357,7.11111111111111,7.11111111111111,7.11111111111111,0.0272043460874416,0.0272043460874416,2026,"WHO",2026-04-01,17,17,17,4,1,TRUE,"applied_mean",NA,4,"2026/2027","Observed",17,46,152,315,NA,109,"Pacific Islands","Micronesia (Federated States Of)",0.800828471523357,7.11111111111111,89.6012556579319,"High","Above average - more cases than typical at this point",1.1797963176784,"Low",24.1595477485961,"Below average - fewer cases than typical at this point","Micronesia (Federated States Of)"
"FSM",2,5,0.498803528313092,16.7777777777778,0.631652546079204,23.8888888888889,16.7777777777778,23.8888888888889,0.0765016501334349,0.0492973040459933,2026,"WHO",2026-05-01,10,10,10,3,1,TRUE,"applied_mean",NA,4,"2026/2027","Observed",27,56,152,315,NA,109,"Pacific Islands","Micronesia (Federated States Of)",0.631652546079204,23.8888888888889,70.3137588820622,"Normal","Average - typical case load at this point",0.102162531164963,"Low",24.1595477485961,"Below average - fewer cases than typical at this point","Micronesia (Federated States Of)"
"FSM",3,6,0.621255450507988,33.4444444444445,0.641769840782123,57.3333333333333,33.4444444444444,57.3333333333333,0.177999812920663,0.101498162787228,2026,"WHO",2026-06-01,0,0,0,2,1.02380952380952,TRUE,"applied_mean",NA,4,"2026/2027","Observed",27,56,152,315,NA,109,"Pacific Islands","Micronesia (Federated States Of)",0.641769840782123,57.3333333333333,46.6515955610914,"Normal","Average - typical case load at this point",-0.421488207614338,"Low",24.1595477485961,"Below average - fewer cases than typical at this point","Micronesia (Federated States Of)"
"FSM",4,7,0.757793483908387,19.3333333333333,0.707731934034767,76.6666666666666,19.3333333333333,76.6666666666667,0.234233352889978,0.0562335399693148,2026,"Estimates",2026-07-01,3,NA,NA,NA,NA,NA,NA,NA,4,"2026/2027","Unobserved",30,59,152,315,3.26154531822026,109,"Pacific Islands","Micronesia (Federated States Of)",0.707731934034767,76.6666666666666,40.1787320135861,"Normal","Average - typical case load at this point",-0.509728883280508,"Low",24.1595477485961,"Below average - fewer cases than typical at this point","Micronesia (Federated States Of)"
"FSM",5,8,0.489924331408061,62.8888888888889,0.653850186716002,139.555555555556,62.8888888888889,139.555555555556,0.331370003845595,0.0971366509556176,2026,"Estimates",2026-08-01,6,NA,NA,NA,NA,NA,NA,NA,4,"2026/2027","Unobserved",36,65,152,315,5.63392575542582,109,"Pacific Islands","Micronesia (Federated States Of)",0.653850186716002,139.555555555556,32.8717338508126,"Normal","Average - typical case load at this point",-0.598618851912277,"Low",24.1595477485961,"Below average - fewer cases than typical at this point","Micronesia (Federated States Of)"
"FSM",6,9,0.291070626585396,280.444444444445,0.423806108410535,420.000000000001,280.444444444444,420,0.496126199785756,0.16475619594016,2026,NA,2026-09-01,NA,NA,NA,NA,NA,NA,NA,NA,4,"2026/2027","Unobserved",36,65,152,315,NA,109,"Pacific Islands","Micronesia (Federated States Of)",0.423806108410535,420.000000000001,27.6073393175111,"Normal","Average - typical case load at this point",-0.594903515563282,"Low",24.1595477485961,"Below average - fewer cases than typical at this point","Micronesia (Federated States Of)"
"FSM",7,10,0.314013122561841,214.444444444445,0.389836491994207,634.444444444444,214.444444444444,634.444444444444,0.636923266099541,0.140797066313785,2026,NA,2026-10-01,NA,NA,NA,NA,NA,NA,NA,NA,4,"2026/2027","Unobserved",36,65,152,315,NA,109,"Pacific Islands","Micronesia (Federated States Of)",0.389836491994207,634.444444444444,25.5179294255578,"Normal","Average - typical case load at this point",-0.588759733608828,"Low",24.1595477485961,"Below average - fewer cases than typical at this point","Micronesia (Federated States Of)"
"FSM",8,11,0.271578903133234,173.333333333333,0.368937486983719,807.77777777778,173.333333333333,807.777777777778,0.731948641276682,0.0950253751771409,2026,NA,2026-11-01,NA,NA,NA,NA,NA,NA,NA,NA,4,"2026/2027","Unobserved",36,65,152,315,NA,109,"Pacific Islands","Micronesia (Federated States Of)",0.368937486983719,807.77777777778,24.7590551475913,"Low","Below average - fewer cases than typical at this point",-0.580199840948786,"Low",24.1595477485961,"Below average - fewer cases than typical at this point","Micronesia (Federated States Of)"
"FSM",9,12,0.307979077973569,84.5555555555554,0.365151680523993,892.333333333334,84.5555555555556,892.333333333333,0.79205338057894,0.0601047393022581,2026,NA,2026-12-01,NA,NA,NA,NA,NA,NA,NA,NA,4,"2026/2027","Unobserved",36,65,152,315,NA,109,"Pacific Islands","Micronesia (Federated States Of)",0.365151680523993,892.333333333334,24.1595477485961,"Low","Below average - fewer cases than typical at this point",-0.579780419695267,"Low",24.1595477485961,"Below average - fewer cases than typical at this point","Micronesia (Federated States Of)"
"GLP",10,1,0.585942795837071,631.866666666667,0.48237892077879,5914.46666666666,631.866666666667,5914.46666666667,0.820303449626582,0.229103628381434,2025,"PAHO",2025-01-01,2220,2220,NA,84,NA,FALSE,"no_lookup_match","current_month_missing",4,"2024/2025","Observed",2220,2220,4160,8819,NA,4160,"Caribbean","Guadeloupe",0.48237892077879,5914.46666666666,46.7465521956283,"Normal","Average - typical case load at this point",-0.433823041809863,"Normal",52.8327563625355,"Average - typical case load at this point","Guadeloupe"
"GLP",11,2,0.380909575416372,308.8,0.50690151333216,6223.26666666666,308.8,6223.26666666667,0.917128132992577,0.096824683365995,2025,"PAHO",2025-02-01,970,970,NA,80,NA,FALSE,"no_lookup_match","current_month_missing",4,"2024/2025","Observed",3190,3190,4160,8819,NA,4160,"Caribbean","Guadeloupe",0.50690151333216,6223.26666666666,52.3606521582336,"Normal","Average - typical case load at this point",-0.347005444641652,"Normal",52.8327563625355,"Average - typical case load at this point","Guadeloupe"
"GLP",12,3,0.374154715163211,261.6,0.524580874351561,6484.86666666664,261.6,6484.86666666667,1,0.0828718670074234,2025,"PAHO",2025-03-01,970,970,NA,75,NA,FALSE,"no_lookup_match","current_month_missing",4,"2024/2025","Observed",4160,4160,4160,8819,NA,4160,"Caribbean","Guadeloupe",0.524580874351561,6484.86666666664,56.9786377249502,"Normal","Average - typical case load at this point",-0.259648406096851,"Normal",52.8327563625355,"Average - typical case load at this point","Guadeloupe"
"GLP",1,4,0.358867337445346,144.333333333333,0.358867337445346,144.333333333333,144.333333333333,144.333333333333,0.0164868808527986,0.0164868808527986,2025,"WHO",2025-04-01,0,0,NA,16,NA,FALSE,"no_lookup_match",NA,4,"2025/2026","Observed",0,4160,1352,8819,NA,2104,"Caribbean","Guadeloupe",0.358867337445346,144.333333333333,11.6136072982973,"Low","Below average - fewer cases than typical at this point",-0.598312017559499,"Normal",52.8327563625355,"Average - typical case load at this point","Guadeloupe"
"GLP",2,5,0.358669572327286,182.066666666667,0.352155764729582,326.4,182.066666666667,326.4,0.0369035063501641,0.0204166254973655,2025,"PAHO",2025-05-01,210,210,NA,67,NA,FALSE,"no_lookup_match","current_month_missing",4,"2025/2026","Observed",210,4370,1352,8819,NA,2104,"Caribbean","Guadeloupe",0.352155764729582,326.4,62.9066965704565,"Normal","Average - typical case load at this point",-0.211512518060238,"Normal",52.8327563625355,"Average - typical case load at this point","Guadeloupe"
"GLP",3,6,0.356217731323959,238.266666666666,0.348960354870769,564.666666666667,238.266666666667,564.666666666667,0.0622798497885515,0.0253763434383874,2025,"PAHO",2025-06-01,265,265,NA,64,NA,FALSE,"no_lookup_match","current_month_missing",4,"2025/2026","Observed",475,4635,1352,8819,NA,2104,"Caribbean","Guadeloupe",0.348960354870769,564.666666666667,68.0577440595791,"Normal","Average - typical case load at this point",-0.0937762290490723,"Normal",52.8327563625355,"Average - typical case load at this point","Guadeloupe"
"GLP",4,7,0.383674608811601,168.8,0.351243149261722,733.466666666665,168.8,733.466666666667,0.0825137013471546,0.0202338515586031,2025,"Estimates",2025-07-01,84,NA,NA,NA,NA,NA,NA,"current_month_missing",4,"2025/2026","Unobserved",559,4719,1352,8819,84.1728224837888,2104,"Caribbean","Guadeloupe",0.351243149261722,733.466666666665,66.1017495608356,"Normal","Average - typical case load at this point",-0.140939280624039,"Normal",52.8327563625355,"Average - typical case load at this point","Guadeloupe"
"GLP",5,8,0.255083324165022,316.200000000001,0.33973609381457,1049.66666666667,316.2,1049.66666666667,0.114965462191964,0.0324517608448097,2025,"Estimates",2025-08-01,135,NA,NA,NA,NA,NA,NA,"current_month_missing",4,"2025/2026","Unobserved",694,4854,1352,8819,134.999325114409,2104,"Caribbean","Guadeloupe",0.33973609381457,1049.66666666667,63.8865079773586,"Normal","Average - typical case load at this point",-0.197466001690639,"Normal",52.8327563625355,"Average - typical case load at this point","Guadeloupe"
"GLP",6,9,0.345196063457396,1100.86666666667,0.335691169424836,2150.53333333333,1100.86666666667,2150.53333333333,0.236802099037,0.121836636845036,2025,"WHO",2025-09-01,155,155,155,11,1,TRUE,"applied_mean",NA,4,"2025/2026","Observed",849,5009,1352,8819,NA,2104,"Caribbean","Guadeloupe",0.335691169424836,2150.53333333333,55.0285811816998,"Normal","Average - typical case load at this point",-0.350626859543767,"Normal",52.8327563625355,"Average - typical case load at this point","Guadeloupe"
"GLP",7,10,0.343274796578194,1176.46666666667,0.33241713733855,3327.00000000001,1176.46666666667,3327,0.365027891821316,0.128225792784316,2025,"Estimates",2025-10-01,533,NA,NA,NA,NA,NA,NA,"current_month_missing",4,"2025/2026","Unobserved",1382,5542,1352,8819,533.419297982753,2104,"Caribbean","Guadeloupe",0.33241713733855,3327.00000000001,56.0655241977005,"Normal","Average - typical case load at this point",-0.337044164449175,"Normal",52.8327563625355,"Average - typical case load at this point","Guadeloupe"
"GLP",8,11,0.3515724593675,1299.26666666667,0.331969978625106,4626.26666666667,1299.26666666667,4626.26666666667,0.513469043140429,0.148441151319113,2025,"WHO",2025-11-01,84,84,84,9,1,TRUE,"applied_mean",NA,4,"2025/2026","Observed",1466,5626,1352,8819,NA,2104,"Caribbean","Guadeloupe",0.331969978625106,4626.26666666667,51.674219087711,"Normal","Average - typical case load at this point",-0.393574444839156,"Normal",52.8327563625355,"Average - typical case load at this point","Guadeloupe"
"GLP",9,12,0.367425223847217,656.333333333334,0.332816995844618,5282.59999999999,656.333333333333,5282.6,0.591199821245148,0.0777307781047187,2025,"PAHO",2025-12-01,340,340,340,37,1,TRUE,"applied_mean","not_missing",4,"2025/2026","Observed",1806,5966,1352,8819,NA,2104,"Caribbean","Guadeloupe",0.332816995844618,5282.59999999999,52.8327563625355,"Normal","Average - typical case load at this point",-0.37966106922337,"Normal",52.8327563625355,"Average - typical case load at this point","Guadeloupe"
"GLP",10,1,0.585942795837071,631.866666666667,0.48237892077879,5914.46666666666,631.866666666667,5914.46666666667,0.820303449626582,0.229103628381434,2026,"PAHO",2026-01-01,102,102,102,32,1,TRUE,"applied_mean","not_missing",4,"2025/2026","Observed",1908,102,1352,10378,NA,2104,"Caribbean","Guadeloupe",0.48237892077879,5914.46666666666,43.7992872491802,"Normal","Average - typical case load at this point",-0.470459666594137,"Normal",25.6267267925406,"Average - typical case load at this point","Guadeloupe"
"GLP",11,2,0.380909575416372,308.8,0.50690151333216,6223.26666666666,308.8,6223.26666666667,0.917128132992577,0.096824683365995,2026,"PAHO",2026-02-01,46,46,46,28,1,TRUE,"applied_mean","not_missing",4,"2025/2026","Observed",1954,148,1352,10378,NA,2104,"Caribbean","Guadeloupe",0.50690151333216,6223.26666666666,42.1739069786344,"Normal","Average - typical case load at this point",-0.488403737871311,"Normal",25.6267267925406,"Average - typical case load at this point","Guadeloupe"
"GLP",12,3,0.374154715163211,261.6,0.524580874351561,6484.86666666664,261.6,6484.86666666667,1,0.0828718670074234,2026,"PAHO",2026-03-01,150,150,150,23,1,TRUE,"applied_mean","not_missing",4,"2025/2026","Observed",2104,298,1352,10378,NA,2104,"Caribbean","Guadeloupe",0.524580874351561,6484.86666666664,42.0443158359747,"Normal","Average - typical case load at this point",-0.489268939002737,"Normal",25.6267267925406,"Average - typical case load at this point","Guadeloupe"
"GLP",1,4,0.358867337445346,144.333333333333,0.358867337445346,144.333333333333,144.333333333333,144.333333333333,0.0164868808527986,0.0164868808527986,2026,"PAHO",2026-04-01,51,51,51,19,1,TRUE,"applied_mean","not_missing",4,"2026/2027","Observed",51,349,2303,10378,NA,1653,"Caribbean","Guadeloupe",0.358867337445346,144.333333333333,52.0064498430677,"Normal","Average - typical case load at this point",-0.386899226135473,"Normal",25.6267267925406,"Average - typical case load at this point","Guadeloupe"
"GLP",2,5,0.358669572327286,182.066666666667,0.352155764729582,326.4,182.066666666667,326.4,0.0369035063501641,0.0204166254973655,2026,"PAHO",2026-05-01,34,34,34,17,1,TRUE,"applied_mean","not_missing",4,"2026/2027","Observed",85,383,2303,10378,NA,1653,"Caribbean","Guadeloupe",0.352155764729582,326.4,47.3793616649298,"Normal","Average - typical case load at this point",-0.438652249654136,"Normal",25.6267267925406,"Average - typical case load at this point","Guadeloupe"
"GLP",3,6,0.356217731323959,238.266666666666,0.348960354870769,564.666666666667,238.266666666667,564.666666666667,0.0622798497885515,0.0253763434383874,2026,"Estimates",2026-06-01,34,NA,NA,2,1.0906976744186,FALSE,"applied_median",NA,4,"2026/2027","Unobserved",119,417,2303,10378,34.3088163286998,1653,"Caribbean","Guadeloupe",0.348960354870769,564.666666666667,44.3670917620222,"Normal","Average - typical case load at this point",-0.46609226111007,"Normal",25.6267267925406,"Average - typical case load at this point","Guadeloupe"
"GLP",4,7,0.383674608811601,168.8,0.351243149261722,733.466666666665,168.8,733.466666666667,0.0825137013471546,0.0202338515586031,2026,"Estimates",2026-07-01,27,NA,NA,1,NA,FALSE,"no_lookup_match",NA,4,"2026/2027","Unobserved",146,444,2303,10378,27.3561673072314,1653,"Caribbean","Guadeloupe",0.351243149261722,733.466666666665,43.3614560138686,"Normal","Average - typical case load at this point",-0.47457277067598,"Normal",25.6267267925406,"Average - typical case load at this point","Guadeloupe"
"GLP",5,8,0.255083324165022,316.200000000001,0.33973609381457,1049.66666666667,316.2,1049.66666666667,0.114965462191964,0.0324517608448097,2026,"Estimates",2026-08-01,44,NA,NA,NA,NA,NA,NA,NA,4,"2026/2027","Unobserved",190,488,2303,10378,43.8747806621828,1653,"Caribbean","Guadeloupe",0.33973609381457,1049.66666666667,42.8360276970108,"Normal","Average - typical case load at this point",-0.477286615145413,"Normal",25.6267267925406,"Average - typical case load at this point","Guadeloupe"
"GLP",6,9,0.345196063457396,1100.86666666667,0.335691169424836,2150.53333333333,1100.86666666667,2150.53333333333,0.236802099037,0.121836636845036,2026,NA,2026-09-01,NA,NA,NA,NA,NA,NA,NA,NA,4,"2026/2027","Unobserved",190,488,2303,10378,NA,1653,"Caribbean","Guadeloupe",0.335691169424836,2150.53333333333,34.1722211219506,"Normal","Average - typical case load at this point",-0.528158309965841,"Normal",25.6267267925406,"Average - typical case load at this point","Guadeloupe"
"GLP",7,10,0.343274796578194,1176.46666666667,0.33241713733855,3327.00000000001,1176.46666666667,3327,0.365027891821316,0.128225792784316,2026,NA,2026-10-01,NA,NA,NA,NA,NA,NA,NA,NA,4,"2026/2027","Unobserved",190,488,2303,10378,NA,1653,"Caribbean","Guadeloupe",0.33241713733855,3327.00000000001,29.8711360213921,"Normal","Average - typical case load at this point",-0.543602850322396,"Normal",25.6267267925406,"Average - typical case load at this point","Guadeloupe"
"GLP",8,11,0.3515724593675,1299.26666666667,0.331969978625106,4626.26666666667,1299.26666666667,4626.26666666667,0.513469043140429,0.148441151319113,2026,NA,2026-11-01,NA,NA,NA,NA,NA,NA,NA,NA,4,"2026/2027","Unobserved",190,488,2303,10378,NA,1653,"Caribbean","Guadeloupe",0.331969978625106,4626.26666666667,26.8443038509874,"Normal","Average - typical case load at this point",-0.552485399067099,"Normal",25.6267267925406,"Average - typical case load at this point","Guadeloupe"
"GLP",9,12,0.367425223847217,656.333333333334,0.332816995844618,5282.59999999999,656.333333333333,5282.6,0.591199821245148,0.0777307781047187,2026,NA,2026-12-01,NA,NA,NA,NA,NA,NA,NA,NA,4,"2026/2027","Unobserved",190,488,2303,10378,NA,1653,"Caribbean","Guadeloupe",0.332816995844618,5282.59999999999,25.6267267925406,"Normal","Average - typical case load at this point",-0.556135868701299,"Normal",25.6267267925406,"Average - typical case load at this point","Guadeloupe"
"GRD",11,1,1.50234032585245,16.9333333333333,2.11371643453257,267.266666666667,16.9333333333333,267.266666666667,0.952453673884412,0.0798879258093251,2025,"PAHO",2025-01-01,16,16,NA,84,NA,FALSE,"no_lookup_match","current_month_missing",3,"2024/2025","Observed",16,16,32,249,NA,32,"Caribbean","Grenada",2.11371643453257,267.266666666667,0.624157592971568,"Extremely Low","Rare good event - unusually low cases to date",-1.3614536442463,"Normal",44.1219416875537,"Average - typical case load at this point","Grenada"
"GRD",12,2,1.06911421896557,13.4,2.11606486857393,280.666666666667,13.4,280.666666666667,1,0.047546326115588,2025,"PAHO",2025-02-01,16,16,NA,80,NA,FALSE,"no_lookup_match","current_month_missing",3,"2024/2025","Observed",32,32,32,249,NA,32,"Caribbean","Grenada",2.11606486857393,280.666666666667,2.04711275837286,"Extremely Low","Rare good event - unusually low cases to date",-1.2839857393456,"Normal",44.1219416875537,"Average - typical case load at this point","Grenada"
"GRD",1,3,1.19375684664892,14.8666666666667,1.19375684664892,14.8666666666667,14.8666666666667,14.8666666666667,0.0844096278432421,0.0844096278432421,2025,"PAHO",2025-03-01,24,24,NA,75,NA,FALSE,"no_lookup_match","current_month_missing",3,"2025/2026","Observed",24,56,216,249,NA,216,"Caribbean","Grenada",1.19375684664892,14.8666666666667,80.8565998650804,"High","Above average - more cases than typical at this point",0.645805808918294,"Normal",44.1219416875537,"Average - typical case load at this point","Grenada"
"GRD",2,4,0.627343905298267,15.6,1.12837194003526,30.4666666666667,15.6,30.4666666666667,0.162228014274173,0.077818386430931,2025,"PAHO",2025-04-01,16,16,NA,71,NA,FALSE,"no_lookup_match","current_month_missing",3,"2025/2026","Observed",40,72,216,249,NA,216,"Caribbean","Grenada",1.12837194003526,30.4666666666667,73.3364283921357,"Normal","Average - typical case load at this point",0.326399136829493,"Normal",44.1219416875537,"Average - typical case load at this point","Grenada"
"GRD",3,5,0.627027175545464,29.9333333333333,1.01765547889321,60.4,29.9333333333333,60.4,0.256268927165806,0.094040912891633,2025,"PAHO",2025-05-01,7,7,NA,67,NA,FALSE,"no_lookup_match","current_month_missing",3,"2025/2026","Observed",47,79,216,249,NA,216,"Caribbean","Grenada",1.01765547889321,60.4,54.3369385804121,"Normal","Average - typical case load at this point",-0.221942308845782,"Normal",44.1219416875537,"Average - typical case load at this point","Grenada"
"GRD",4,6,0.526494799692793,24.4666666666667,1.00715653711443,84.8666666666667,24.4666666666667,84.8666666666667,0.32579329897145,0.0695243718056437,2025,"PAHO",2025-06-01,12,12,NA,62,NA,FALSE,"no_lookup_match","current_month_missing",3,"2025/2026","Observed",59,91,216,249,NA,216,"Caribbean","Grenada",1.00715653711443,84.8666666666667,50.3876017615214,"Normal","Average - typical case load at this point",-0.304081488773652,"Normal",44.1219416875537,"Average - typical case load at this point","Grenada"
"GRD",5,7,1.06032423437557,27.6,1.35139722056136,112.466666666667,27.6,112.466666666667,0.418540916477763,0.0927476175063136,2025,"PAHO",2025-07-01,15,15,NA,58,NA,FALSE,"no_lookup_match","current_month_missing",3,"2025/2026","Observed",74,106,216,249,NA,216,"Caribbean","Grenada",1.35139722056136,112.466666666667,44.1552085220868,"Normal","Average - typical case load at this point",-0.395237875467294,"Normal",44.1219416875537,"Average - typical case load at this point","Grenada"
"GRD",6,8,0.737590887478369,39.4,1.58578896283452,151.866666666666,39.4,151.866666666667,0.537930176928868,0.119389260451105,2025,"PAHO",2025-08-01,18,18,NA,54,NA,FALSE,"no_lookup_match","current_month_missing",3,"2025/2026","Observed",92,124,216,249,NA,216,"Caribbean","Grenada",1.58578896283452,151.866666666666,38.3281382884412,"Normal","Average - typical case load at this point",-0.493843817739919,"Normal",44.1219416875537,"Average - typical case load at this point","Grenada"
"GRD",7,9,0.61972155422692,45.6666666666666,1.66050630149377,197.533333333333,45.6666666666667,197.533333333333,0.674542755774229,0.136612578845361,2025,"PAHO",2025-09-01,20,20,NA,49,1,TRUE,"applied_mean","previous_month_missing",3,"2025/2026","Observed",112,144,216,249,NA,216,"Caribbean","Grenada",1.66050630149377,197.533333333333,34.868201783403,"Normal","Average - typical case load at this point",-0.555645131659718,"Normal",44.1219416875537,"Average - typical case load at this point","Grenada"
"GRD",8,10,0.75789197689225,26.4,1.75264692472645,223.933333333333,26.4,223.933333333333,0.765327132316874,0.0907843765426452,2025,"PAHO",2025-10-01,14,14,14,45,1,TRUE,"applied_mean","not_missing",3,"2025/2026","Observed",126,158,216,249,NA,216,"Caribbean","Grenada",1.75264692472645,223.933333333333,33.6051478991561,"Normal","Average - typical case load at this point",-0.576721432532288,"Normal",44.1219416875537,"Average - typical case load at this point","Grenada"
"GRD",9,11,NA,NA,1.84525996787498,237.466666666667,13.5333333333333,237.466666666667,0.819715222117284,0.0543880898004093,2025,"PAHO",2025-11-01,18,18,18,41,1,TRUE,"applied_mean","not_missing",3,"2025/2026","Observed",144,176,216,249,NA,216,"Caribbean","Grenada",1.84525996787498,237.466666666667,35.7822206746318,"Normal","Average - typical case load at this point",-0.532601070435712,"Normal",44.1219416875537,"Average - typical case load at this point","Grenada"
"GRD",10,12,0.800235502421318,12.8666666666667,1.93189682694118,250.333333333334,12.8666666666667,250.333333333333,0.872565748075087,0.0528505259578033,2025,"PAHO",2025-12-01,41,41,41,36,1,TRUE,"applied_mean","not_missing",3,"2025/2026","Observed",185,217,216,249,NA,216,"Caribbean","Grenada",1.93189682694118,250.333333333334,44.1219416875537,"Normal","Average - typical case load at this point",-0.36135888896487,"Normal",44.1219416875537,"Average - typical case load at this point","Grenada"
"GRD",11,1,1.50234032585245,16.9333333333333,2.11371643453257,267.266666666667,16.9333333333333,267.266666666667,0.952453673884412,0.0798879258093251,2026,"PAHO",2026-01-01,19,19,19,32,1,TRUE,"applied_mean","not_missing",3,"2025/2026","Observed",204,19,216,251,NA,216,"Caribbean","Grenada",2.11371643453257,267.266666666667,44.623719498795,"Normal","Average - typical case load at this point",-0.342801673756896,"Low",20.0446625222156,"Below average - fewer cases than typical at this point","Grenada"
"GRD",12,2,1.06911421896557,13.4,2.11606486857393,280.666666666667,13.4,280.666666666667,1,0.047546326115588,2026,"PAHO",2026-02-01,12,12,12,28,1,TRUE,"applied_mean","not_missing",3,"2025/2026","Observed",216,31,216,251,NA,216,"Caribbean","Grenada",2.11606486857393,280.666666666667,45.0282401382921,"Normal","Average - typical case load at this point",-0.333905138650197,"Low",20.0446625222156,"Below average - fewer cases than typical at this point","Grenada"
"GRD",1,3,1.19375684664892,14.8666666666667,1.19375684664892,14.8666666666667,14.8666666666667,14.8666666666667,0.0844096278432421,0.0844096278432421,2026,"PAHO",2026-03-01,18,18,18,23,1,TRUE,"applied_mean","not_missing",3,"2026/2027","Observed",18,49,177,251,NA,186,"Caribbean","Grenada",1.19375684664892,14.8666666666667,70.6500635541689,"Normal","Average - typical case load at this point",0.221553817658101,"Low",20.0446625222156,"Below average - fewer cases than typical at this point","Grenada"
"GRD",2,4,0.627343905298267,15.6,1.12837194003526,30.4666666666667,15.6,30.4666666666667,0.162228014274173,0.077818386430931,2026,"PAHO",2026-04-01,11,11,11,19,1,TRUE,"applied_mean","not_missing",3,"2026/2027","Observed",29,60,177,251,NA,186,"Caribbean","Grenada",1.12837194003526,30.4666666666667,61.2163291095972,"Normal","Average - typical case load at this point",-0.0502152518199213,"Low",20.0446625222156,"Below average - fewer cases than typical at this point","Grenada"
"GRD",3,5,0.627027175545464,29.9333333333333,1.01765547889321,60.4,29.9333333333333,60.4,0.256268927165806,0.094040912891633,2026,"PAHO",2026-05-01,20,20,20,15,1,TRUE,"applied_mean","not_missing",3,"2026/2027","Observed",49,80,177,251,NA,186,"Caribbean","Grenada",1.01765547889321,60.4,55.8199366590003,"Normal","Average - typical case load at this point",-0.188816591107605,"Low",20.0446625222156,"Below average - fewer cases than typical at this point","Grenada"
"GRD",4,6,0.526494799692793,24.4666666666667,1.00715653711443,84.8666666666667,24.4666666666667,84.8666666666667,0.32579329897145,0.0695243718056437,2026,"PAHO",2026-06-01,13,13,13,10,1,TRUE,"applied_mean","not_missing",3,"2026/2027","Observed",62,93,177,251,NA,186,"Caribbean","Grenada",1.00715653711443,84.8666666666667,52.1039072058828,"Normal","Average - typical case load at this point",-0.268814305797327,"Low",20.0446625222156,"Below average - fewer cases than typical at this point","Grenada"
"GRD",5,7,1.06032423437557,27.6,1.35139722056136,112.466666666667,27.6,112.466666666667,0.418540916477763,0.0927476175063136,2026,"PAHO",2026-07-01,12,12,12,6,1,TRUE,"applied_mean","not_missing",3,"2026/2027","Observed",74,105,177,251,NA,186,"Caribbean","Grenada",1.35139722056136,112.466666666667,44.1552085220868,"Normal","Average - typical case load at this point",-0.395237875467294,"Low",20.0446625222156,"Below average - fewer cases than typical at this point","Grenada"
"GRD",6,8,0.737590887478369,39.4,1.58578896283452,151.866666666666,39.4,151.866666666667,0.537930176928868,0.119389260451105,2026,"Estimates",2026-08-01,26,NA,NA,NA,NA,NA,NA,NA,3,"2026/2027","Unobserved",100,131,177,251,25.7880802574386,186,"Caribbean","Grenada",1.58578896283452,151.866666666666,41.7399208787286,"Normal","Average - typical case load at this point",-0.4278513253916,"Low",20.0446625222156,"Below average - fewer cases than typical at this point","Grenada"
"GRD",7,9,0.61972155422692,45.6666666666666,1.66050630149377,197.533333333333,45.6666666666667,197.533333333333,0.674542755774229,0.136612578845361,2026,NA,2026-09-01,NA,NA,NA,NA,NA,NA,NA,NA,3,"2026/2027","Unobserved",100,131,177,251,NA,186,"Caribbean","Grenada",1.66050630149377,197.533333333333,30.6431511349674,"Normal","Average - typical case load at this point",-0.633600021526242,"Low",20.0446625222156,"Below average - fewer cases than typical at this point","Grenada"
"GRD",8,10,0.75789197689225,26.4,1.75264692472645,223.933333333333,26.4,223.933333333333,0.765327132316874,0.0907843765426452,2026,NA,2026-10-01,NA,NA,NA,NA,NA,NA,NA,NA,3,"2026/2027","Unobserved",100,131,177,251,NA,186,"Caribbean","Grenada",1.75264692472645,223.933333333333,25.3293234399561,"Normal","Average - typical case load at this point",-0.729833317275374,"Low",20.0446625222156,"Below average - fewer cases than typical at this point","Grenada"
"GRD",9,11,NA,NA,1.84525996787498,237.466666666667,13.5333333333333,237.466666666667,0.819715222117284,0.0543880898004093,2026,NA,2026-11-01,NA,NA,NA,NA,NA,NA,NA,NA,3,"2026/2027","Unobserved",100,131,177,251,NA,186,"Caribbean","Grenada",1.84525996787498,237.466666666667,22.4908916616221,"Low","Below average - fewer cases than typical at this point",-0.78332625337977,"Low",20.0446625222156,"Below average - fewer cases than typical at this point","Grenada"
"GRD",10,12,0.800235502421318,12.8666666666667,1.93189682694118,250.333333333334,12.8666666666667,250.333333333333,0.872565748075087,0.0528505259578033,2026,NA,2026-12-01,NA,NA,NA,NA,NA,NA,NA,NA,3,"2026/2027","Unobserved",100,131,177,251,NA,186,"Caribbean","Grenada",1.93189682694118,250.333333333334,20.0446625222156,"Low","Below average - fewer cases than typical at this point",-0.831494178179368,"Low",20.0446625222156,"Below average - fewer cases than typical at this point","Grenada"
"GTM",12,1,0.864194806671748,1359.125,0.794939152915705,29907.9375,1359.125,29907.9375,1,0.0643957593649985,2025,"PAHO",2025-01-01,4342,4342,NA,84,NA,FALSE,"no_lookup_match","current_month_missing",2,"2024/2025","Observed",4342,4342,4342,51601,NA,4342,"North & Central America","Guatemala",0.794939152915705,29907.9375,18.371684018785,"Low","Below average - fewer cases than typical at this point",-0.762142939584304,"High",78.227053914302,"Above average - more cases than typical at this point","Guatemala"
"GTM",1,2,1.20829680642402,996.562499999998,1.20829680642402,996.562499999998,996.5625,996.5625,0.0573716479412005,0.0573716479412005,2025,"PAHO",2025-02-01,3502,3502,NA,80,NA,FALSE,"no_lookup_match","current_month_missing",2,"2025/2026","Observed",3502,7844,46818,51601,NA,46818,"North & Central America","Guatemala",1.20829680642402,996.562499999998,97.795038675239,"Extremely High","Rare bad event - unusually high cases to date",2.76186675515898,"High",78.227053914302,"Above average - more cases than typical at this point","Guatemala"
"GTM",2,3,0.959235176436296,1092.875,1.07747368867367,2089.43749999999,1092.875,2089.4375,0.108566903580975,0.0511952556397746,2025,"PAHO",2025-03-01,5449,5449,NA,75,NA,FALSE,"no_lookup_match","current_month_missing",2,"2025/2026","Observed",8951,13293,46818,51601,NA,46818,"North & Central America","Guatemala",1.07747368867367,2089.43749999999,98.8233477063571,"Extremely High","Rare bad event - unusually high cases to date",3.40788575100896,"High",78.227053914302,"Above average - more cases than typical at this point","Guatemala"
"GTM",3,4,0.872119721299187,1130.375,1.02438328994009,3219.8125,1130.375,3219.8125,0.155341803701326,0.0467749001203512,2025,"PAHO",2025-04-01,3995,3995,NA,71,NA,FALSE,"no_lookup_match","current_month_missing",2,"2025/2026","Observed",12946,17288,46818,51601,NA,46818,"North & Central America","Guatemala",1.02438328994009,3219.8125,98.2844118602118,"Extremely High","Rare bad event - unusually high cases to date",3.05685067211243,"High",78.227053914302,"Above average - more cases than typical at this point","Guatemala"
"GTM",4,5,0.871832789494001,1700.75,0.98579386362021,4920.5625,1700.75,4920.5625,0.223232541885484,0.0678907381841576,2025,"PAHO",2025-05-01,4924,4924,NA,67,NA,FALSE,"no_lookup_match","current_month_missing",2,"2025/2026","Observed",17870,22212,46818,51601,NA,46818,"North & Central America","Guatemala",0.98579386362021,4920.5625,97.2938565773727,"Extremely High","Rare bad event - unusually high cases to date",2.61267691093498,"High",78.227053914302,"Above average - more cases than typical at this point","Guatemala"
"GTM",5,6,0.692144387995661,3103.75,0.881129256450261,8024.31249999999,3103.75,8024.3125,0.322548697066188,0.0993161551807044,2025,"PAHO",2025-06-01,5885,5885,NA,62,NA,FALSE,"no_lookup_match","current_month_missing",2,"2025/2026","Observed",23755,28097,46818,51601,NA,46818,"North & Central America","Guatemala",0.881129256450261,8024.31249999999,94.144880809147,"High","Above average - more cases than typical at this point",1.84007632554678,"High",78.227053914302,"Above average - more cases than typical at this point","Guatemala"
"GTM",6,7,0.676178550900976,3464.4375,0.848433959729319,11488.75,3464.4375,11488.75,0.429241385215946,0.106692688149758,2025,"PAHO",2025-07-01,4076,4076,NA,58,NA,FALSE,"no_lookup_match","current_month_missing",2,"2025/2026","Observed",27831,32173,46818,51601,NA,46818,"North & Central America","Guatemala",0.848433959729319,11488.75,90.2232680593898,"High","Above average - more cases than typical at this point",1.31018329255626,"High",78.227053914302,"Above average - more cases than typical at this point","Guatemala"
"GTM",7,8,0.712145152856434,4217.5,0.831069236961739,15706.25,4217.5,15706.25,0.562739254895434,0.133497869679488,2025,"PAHO",2025-08-01,3747,3747,NA,54,NA,FALSE,"no_lookup_match","current_month_missing",2,"2025/2026","Observed",31578,35920,46818,51601,NA,46818,"North & Central America","Guatemala",0.831069236961739,15706.25,85.7628385298987,"High","Above average - more cases than typical at this point",0.921211650691049,"High",78.227053914302,"Above average - more cases than typical at this point","Guatemala"
"GTM",8,9,0.550822147804779,4952.74999999999,0.773097685328417,20659,4952.75,20659,0.683549069352465,0.12080981445703,2025,"PAHO",2025-09-01,4112,4112,NA,49,1,TRUE,"applied_mean","previous_month_missing",2,"2025/2026","Observed",35690,40032,46818,51601,NA,46818,"North & Central America","Guatemala",0.773097685328417,20659,81.5015341711486,"High","Above average - more cases than typical at this point",0.639716628554668,"High",78.227053914302,"Above average - more cases than typical at this point","Guatemala"
"GTM",9,10,0.648000029655373,3952.0625,0.763959311677826,24611.0625,3952.0625,24611.0625,0.799194511423222,0.115645442070757,2025,"PAHO",2025-10-01,3267,3267,3267,45,1,TRUE,"applied_mean","not_missing",2,"2025/2026","Observed",38957,43299,46818,51601,NA,46818,"North & Central America","Guatemala",0.763959311677826,24611.0625,79.0294627398436,"High","Above average - more cases than typical at this point",0.509479771169493,"High",78.227053914302,"Above average - more cases than typical at this point","Guatemala"
"GTM",10,11,0.694242288750155,2622.9375,0.767548057249186,27234,2622.9375,27234,0.885343714466583,0.086149203043361,2025,"PAHO",2025-11-01,2728,2728,2728,41,1,TRUE,"applied_mean","not_missing",2,"2025/2026","Observed",41685,46027,46818,51601,NA,46818,"North & Central America","Guatemala",0.767548057249186,27234,78.0642705201755,"High","Above average - more cases than typical at this point",0.464871729959104,"High",78.227053914302,"Above average - more cases than typical at this point","Guatemala"
"GTM",11,12,0.824715208962074,1314.8125,0.775113387616136,28548.8125,1314.8125,28548.8125,0.935604240635001,0.0502605261684184,2025,"PAHO",2025-12-01,2251,2251,2251,36,1,TRUE,"applied_mean","not_missing",2,"2025/2026","Observed",43936,48278,46818,51601,NA,46818,"North & Central America","Guatemala",0.775113387616136,28548.8125,78.227053914302,"High","Above average - more cases than typical at this point",0.474512787991204,"High",78.227053914302,"Above average - more cases than typical at this point","Guatemala"
"GTM",12,1,0.864194806671748,1359.125,0.794939152915705,29907.9375,1359.125,29907.9375,1,0.0643957593649985,2026,"PAHO",2026-01-01,2882,2672,2882,32,1.07844654667217,TRUE,"applied_mean","not_missing",2,"2025/2026","Observed",46818,2882,46818,48749,NA,46818,"North & Central America","Guatemala",0.794939152915705,29907.9375,78.7425382157052,"High","Above average - more cases than typical at this point",0.504103741249632,"Normal",59.8277679635934,"Average - typical case load at this point","Guatemala"
"GTM",1,2,1.20829680642402,996.562499999998,1.20829680642402,996.562499999998,996.5625,996.5625,0.0573716479412005,0.0573716479412005,2026,"PAHO",2026-02-01,3901,2925,3901,28,1.21183362597514,TRUE,"applied_mean","not_missing",2,"2026/2027","Observed",3901,6783,42035,48749,NA,43169,"North & Central America","Guatemala",1.20829680642402,996.562499999998,98.6145942994993,"Extremely High","Rare bad event - unusually high cases to date",3.2017040431809,"Normal",59.8277679635934,"Average - typical case load at this point","Guatemala"
"GTM",2,3,0.959235176436296,1092.875,1.07747368867367,2089.43749999999,1092.875,2089.4375,0.108566903580975,0.0511952556397746,2026,"PAHO",2026-03-01,6348,3787,6348,23,1.39927457462863,TRUE,"applied_mean","not_missing",2,"2026/2027","Observed",10249,13131,42035,48749,NA,43169,"North & Central America","Guatemala",1.07747368867367,2089.43749999999,99.3920076592926,"Extremely High","Rare bad event - unusually high cases to date",4.05255461539803,"Normal",59.8277679635934,"Average - typical case load at this point","Guatemala"
"GTM",3,4,0.872119721299187,1130.375,1.02438328994009,3219.8125,1130.375,3219.8125,0.155341803701326,0.0467749001203512,2026,"PAHO",2026-04-01,4004,3218,4004,19,1.35974311889373,TRUE,"applied_mean","not_missing",2,"2026/2027","Observed",14253,17135,42035,48749,NA,43169,"North & Central America","Guatemala",1.02438328994009,3219.8125,98.8657667119749,"Extremely High","Rare bad event - unusually high cases to date",3.46762867001253,"Normal",59.8277679635934,"Average - typical case load at this point","Guatemala"
"GTM",4,5,0.871832789494001,1700.75,0.98579386362021,4920.5625,1700.75,4920.5625,0.223232541885484,0.0678907381841576,2026,"PAHO",2026-05-01,2471,2094,2471,15,1.33413001188477,TRUE,"applied_mean","not_missing",2,"2026/2027","Observed",16724,19606,42035,48749,NA,43169,"North & Central America","Guatemala",0.98579386362021,4920.5625,96.5929297905062,"Extremely High","Rare bad event - unusually high cases to date",2.38146009244912,"Normal",59.8277679635934,"Average - typical case load at this point","Guatemala"
"GTM",5,6,0.692144387995661,3103.75,0.881129256450261,8024.31249999999,3103.75,8024.3125,0.322548697066188,0.0993161551807044,2026,"PAHO",2026-06-01,1184,983,1184,11,1.32595688514654,TRUE,"applied_mean","not_missing",2,"2026/2027","Observed",17908,20790,42035,48749,NA,43169,"North & Central America","Guatemala",0.881129256450261,8024.31249999999,88.5904294540135,"High","Above average - more cases than typical at this point",1.15613124841827,"Normal",59.8277679635934,"Average - typical case load at this point","Guatemala"
"GTM",6,7,0.676178550900976,3464.4375,0.848433959729319,11488.75,3464.4375,11488.75,0.429241385215946,0.106692688149758,2026,"WHO",2026-07-01,135,135,NA,1,NA,FALSE,"insufficient_n_rf",NA,2,"2026/2027","Observed",18043,20925,42035,48749,NA,43169,"North & Central America","Guatemala",0.848433959729319,11488.75,78.9120313412649,"High","Above average - more cases than typical at this point",0.52546429318098,"Normal",59.8277679635934,"Average - typical case load at this point","Guatemala"
"GTM",7,8,0.712145152856434,4217.5,0.831069236961739,15706.25,4217.5,15706.25,0.562739254895434,0.133497869679488,2026,"Estimates",2026-08-01,6250,NA,NA,NA,NA,NA,NA,NA,2,"2026/2027","Unobserved",24293,27175,42035,48749,6250.10326265426,43169,"North & Central America","Guatemala",0.831069236961739,15706.25,78.4277324179786,"High","Above average - more cases than typical at this point",0.498383236982146,"Normal",59.8277679635934,"Average - typical case load at this point","Guatemala"
"GTM",8,9,0.550822147804779,4952.74999999999,0.773097685328417,20659,4952.75,20659,0.683549069352465,0.12080981445703,2026,NA,2026-09-01,NA,NA,NA,NA,NA,NA,NA,NA,2,"2026/2027","Unobserved",24293,27175,42035,48749,NA,43169,"North & Central America","Guatemala",0.773097685328417,20659,70.0520654268847,"Normal","Average - typical case load at this point",0.154662379626617,"Normal",59.8277679635934,"Average - typical case load at this point","Guatemala"
"GTM",9,10,0.648000029655373,3952.0625,0.763959311677826,24611.0625,3952.0625,24611.0625,0.799194511423222,0.115645442070757,2026,NA,2026-10-01,NA,NA,NA,NA,NA,NA,NA,NA,2,"2026/2027","Unobserved",24293,27175,42035,48749,NA,43169,"North & Central America","Guatemala",0.763959311677826,24611.0625,64.6198969037846,"Normal","Average - typical case load at this point",-0.0112956305377463,"Normal",59.8277679635934,"Average - typical case load at this point","Guatemala"
"GTM",10,11,0.694242288750155,2622.9375,0.767548057249186,27234,2622.9375,27234,0.885343714466583,0.086149203043361,2026,NA,2026-11-01,NA,NA,NA,NA,NA,NA,NA,NA,2,"2026/2027","Unobserved",24293,27175,42035,48749,NA,43169,"North & Central America","Guatemala",0.767548057249186,27234,61.401474885371,"Normal","Average - typical case load at this point",-0.094608522442028,"Normal",59.8277679635934,"Average - typical case load at this point","Guatemala"
"GTM",11,12,0.824715208962074,1314.8125,0.775113387616136,28548.8125,1314.8125,28548.8125,0.935604240635001,0.0502605261684184,2026,NA,2026-12-01,NA,NA,NA,NA,NA,NA,NA,NA,2,"2026/2027","Unobserved",24293,27175,42035,48749,NA,43169,"North & Central America","Guatemala",0.775113387616136,28548.8125,59.8277679635934,"Normal","Average - typical case load at this point",-0.131241492608237,"Normal",59.8277679635934,"Average - typical case load at this point","Guatemala"
"GUF",4,1,0.491734517973375,686.461538461539,0.653668441276725,1314.30769230769,686.461538461538,1314.30769230769,0.364347491562924,0.131430137809591,2025,"Estimates",2025-01-01,37,NA,NA,NA,NA,NA,NA,"current_month_missing",10,"2024/2025","Unobserved",37,37,279,1365,36.6690084488758,381,"South America","French Guiana",0.653668441276725,1314.30769230769,8.20752809402621,"Low","Below average - fewer cases than typical at this point",-0.78554173931885,"Normal",34.1994766052625,"Average - typical case load at this point","French Guiana"
"GUF",5,2,0.473926737286478,679.307692307693,0.657212769795759,1993.61538461539,679.307692307692,1993.61538461538,0.506986089939172,0.142638598376248,2025,"Estimates",2025-02-01,40,NA,NA,NA,NA,NA,NA,"current_month_missing",10,"2024/2025","Unobserved",77,77,279,1365,39.7961689469731,381,"South America","French Guiana",0.657212769795759,1993.61538461539,9.89059533929871,"Low","Below average - fewer cases than typical at this point",-0.77924678191157,"Normal",34.1994766052625,"Average - typical case load at this point","French Guiana"
"GUF",6,3,0.313113086284815,478.923076923076,0.647730824099216,2472.53846153846,478.923076923077,2472.53846153846,0.595254791100751,0.0882687011615793,2025,"Estimates",2025-03-01,25,NA,NA,NA,NA,NA,NA,"current_month_missing",10,"2024/2025","Unobserved",102,102,279,1365,24.6269676240806,381,"South America","French Guiana",0.647730824099216,2472.53846153846,10.5811307111114,"Low","Below average - fewer cases than typical at this point",-0.771514963857905,"Normal",34.1994766052625,"Average - typical case load at this point","French Guiana"
"GUF",7,4,0.395241950441458,374.846153846154,0.656061667763677,2847.38461538461,374.846153846154,2847.38461538462,0.673831682570325,0.0785768914695739,2025,"WHO",2025-04-01,175,175,NA,16,NA,FALSE,"no_lookup_match",NA,10,"2024/2025","Observed",277,277,279,1365,NA,381,"South America","French Guiana",0.656061667763677,2847.38461538461,17.8291002501188,"Low","Below average - fewer cases than typical at this point",-0.731095791576046,"Normal",34.1994766052625,"Average - typical case load at this point","French Guiana"
"GUF",8,5,0.276170721463342,343.153846153846,0.657921109637034,3190.53846153847,343.153846153846,3190.53846153846,0.735923887783171,0.0620922052128461,2025,"PAHO",2025-05-01,33,33,NA,67,NA,FALSE,"no_lookup_match","current_month_missing",10,"2024/2025","Observed",310,310,279,1365,NA,381,"South America","French Guiana",0.657921109637034,3190.53846153847,17.7462288786361,"Low","Below average - fewer cases than typical at this point",-0.732237271834166,"Normal",34.1994766052625,"Average - typical case load at this point","French Guiana"
"GUF",9,6,0.301521519845368,346.769230769231,0.67853159878282,3537.30769230769,346.769230769231,3537.30769230769,0.810390620794469,0.0744667330112978,2025,"PAHO",2025-06-01,24,24,NA,62,NA,FALSE,"no_lookup_match","current_month_missing",10,"2024/2025","Observed",334,334,279,1365,NA,381,"South America","French Guiana",0.67853159878282,3537.30769230769,16.7209163088147,"Low","Below average - fewer cases than typical at this point",-0.745880420944244,"Normal",34.1994766052625,"Average - typical case load at this point","French Guiana"
"GUF",10,7,0.333084613844091,241.153846153846,0.701148587213672,3778.46153846154,241.153846153846,3778.46153846154,0.875308608137124,0.0649179873426553,2025,"PAHO",2025-07-01,12,12,NA,58,NA,FALSE,"no_lookup_match","current_month_missing",10,"2024/2025","Observed",346,346,279,1365,NA,381,"South America","French Guiana",0.701148587213672,3778.46153846154,15.6572230958127,"Low","Below average - fewer cases than typical at this point",-0.760598411897417,"Normal",34.1994766052625,"Average - typical case load at this point","French Guiana"
"GUF",11,8,0.326264344329893,224.153846153846,0.722669661865692,4002.61538461538,224.153846153846,4002.61538461538,0.942645154576537,0.0673365464394125,2025,"PAHO",2025-08-01,18,18,NA,54,NA,FALSE,"no_lookup_match","current_month_missing",10,"2024/2025","Observed",364,364,279,1365,NA,381,"South America","French Guiana",0.722669661865692,4002.61538461538,14.9227948811709,"Low","Below average - fewer cases than typical at this point",-0.772721507719689,"Normal",34.1994766052625,"Average - typical case load at this point","French Guiana"
"GUF",12,9,0.267270147204225,129.538461538462,0.748441914065435,4132.15384615384,129.538461538462,4132.15384615385,1,0.0573548454234633,2025,"PAHO",2025-09-01,17,17,NA,49,NA,FALSE,"no_lookup_match","current_month_missing",10,"2024/2025","Observed",381,381,279,1365,NA,381,"South America","French Guiana",0.748441914065435,4132.15384615384,14.3140173152774,"Low","Below average - fewer cases than typical at this point",-0.785286472969164,"Normal",34.1994766052625,"Average - typical case load at this point","French Guiana"
"GUF",1,10,0.331480537605795,167.615384615385,0.331480537605795,167.615384615385,167.615384615385,167.615384615385,0.0643026751557779,0.0643026751557779,2025,"PAHO",2025-10-01,14,14,NA,45,NA,FALSE,"no_lookup_match","current_month_missing",10,"2025/2026","Observed",14,395,54,1365,NA,54,"South America","French Guiana",0.331480537605795,167.615384615385,34.3674506630411,"Normal","Average - typical case load at this point",-0.527133770527143,"Normal",34.1994766052625,"Average - typical case load at this point","French Guiana"
"GUF",2,11,0.312535151297716,268.384615384616,0.304629054369058,436,268.384615384615,436,0.163901379527478,0.0995987043717004,2025,"PAHO",2025-11-01,11,11,NA,41,NA,FALSE,"no_lookup_match","current_month_missing",10,"2025/2026","Observed",25,406,54,1365,NA,54,"South America","French Guiana",0.304629054369058,436,32.6139093990281,"Normal","Average - typical case load at this point",-0.520102963130346,"Normal",34.1994766052625,"Average - typical case load at this point","French Guiana"
"GUF",3,12,0.308024744167163,191.846153846154,0.295347732598645,627.846153846151,191.846153846154,627.846153846154,0.232917353753333,0.0690159742258549,2025,"PAHO",2025-12-01,14,14,NA,37,1,TRUE,"applied_mean","previous_month_missing",10,"2025/2026","Observed",39,420,54,1365,NA,54,"South America","French Guiana",0.295347732598645,627.846153846151,34.1994766052625,"Normal","Average - typical case load at this point",-0.50958108600576,"Normal",34.1994766052625,"Average - typical case load at this point","French Guiana"
"GUF",4,1,0.491734517973375,686.461538461539,0.653668441276725,1314.30769230769,686.461538461538,1314.30769230769,0.364347491562924,0.131430137809591,2026,"PAHO",2026-01-01,1,1,1,32,1,TRUE,"applied_mean","not_missing",10,"2025/2026","Observed",40,1,54,13,NA,54,"South America","French Guiana",0.653668441276725,1314.30769230769,8.62229895483001,"Low","Below average - fewer cases than typical at this point",-0.783696745170495,"Low",10.4031367412686,"Below average - fewer cases than typical at this point","French Guiana"
"GUF",5,2,0.473926737286478,679.307692307693,0.657212769795759,1993.61538461539,679.307692307692,1993.61538461538,0.506986089939172,0.142638598376248,2026,"PAHO",2026-02-01,2,2,2,28,1,TRUE,"applied_mean","not_missing",10,"2025/2026","Observed",42,3,54,13,NA,54,"South America","French Guiana",0.657212769795759,1993.61538461539,6.70993701478076,"Low","Below average - fewer cases than typical at this point",-0.793476886493757,"Low",10.4031367412686,"Below average - fewer cases than typical at this point","French Guiana"
"GUF",6,3,0.313113086284815,478.923076923076,0.647730824099216,2472.53846153846,478.923076923077,2472.53846153846,0.595254791100751,0.0882687011615793,2026,"PAHO",2026-03-01,3,3,3,23,1,TRUE,"applied_mean","not_missing",10,"2025/2026","Observed",45,6,54,13,NA,54,"South America","French Guiana",0.647730824099216,2472.53846153846,6.30546794025802,"Low","Below average - fewer cases than typical at this point",-0.790066172224024,"Low",10.4031367412686,"Below average - fewer cases than typical at this point","French Guiana"
"GUF",7,4,0.395241950441458,374.846153846154,0.656061667763677,2847.38461538461,374.846153846154,2847.38461538462,0.673831682570325,0.0785768914695739,2026,"PAHO",2026-04-01,4,4,4,19,1,TRUE,"applied_mean","not_missing",10,"2025/2026","Observed",49,10,54,13,NA,54,"South America","French Guiana",0.656061667763677,2847.38461538461,5.8948342403827,"Low","Below average - fewer cases than typical at this point",-0.795945946483465,"Low",10.4031367412686,"Below average - fewer cases than typical at this point","French Guiana"
"GUF",8,5,0.276170721463342,343.153846153846,0.657921109637034,3190.53846153847,343.153846153846,3190.53846153846,0.735923887783171,0.0620922052128461,2026,"PAHO",2026-05-01,1,1,1,15,1,TRUE,"applied_mean","not_missing",10,"2025/2026","Observed",50,11,54,13,NA,54,"South America","French Guiana",0.657921109637034,3190.53846153847,5.50647795939857,"Low","Below average - fewer cases than typical at this point",-0.798329668522806,"Low",10.4031367412686,"Below average - fewer cases than typical at this point","French Guiana"
"GUF",9,6,0.301521519845368,346.769230769231,0.67853159878282,3537.30769230769,346.769230769231,3537.30769230769,0.810390620794469,0.0744667330112978,2026,"WHO",2026-06-01,0,0,0,2,1.43471337579618,TRUE,"applied_mean",NA,10,"2025/2026","Observed",50,11,54,13,NA,54,"South America","French Guiana",0.67853159878282,3537.30769230769,4.75637448625236,"Extremely Low","Rare good event - unusually low cases to date",-0.812008954290212,"Low",10.4031367412686,"Below average - fewer cases than typical at this point","French Guiana"
"GUF",10,7,0.333084613844091,241.153846153846,0.701148587213672,3778.46153846154,241.153846153846,3778.46153846154,0.875308608137124,0.0649179873426553,2026,"WHO",2026-07-01,0,0,NA,1,NA,FALSE,"no_lookup_match",NA,10,"2025/2026","Observed",50,11,54,13,NA,54,"South America","French Guiana",0.701148587213672,3778.46153846154,4.16695772599757,"Extremely Low","Rare good event - unusually low cases to date",-0.826188988047775,"Low",10.4031367412686,"Below average - fewer cases than typical at this point","French Guiana"
"GUF",11,8,0.326264344329893,224.153846153846,0.722669661865692,4002.61538461538,224.153846153846,4002.61538461538,0.942645154576537,0.0673365464394125,2026,"PAHO",2026-08-01,1,1,1,4,1,TRUE,"applied_mean","not_missing",10,"2025/2026","Observed",51,12,54,13,NA,54,"South America","French Guiana",0.722669661865692,4002.61538461538,3.73042589019228,"Extremely Low","Rare good event - unusually low cases to date",-0.839192350705428,"Low",10.4031367412686,"Below average - fewer cases than typical at this point","French Guiana"
"GUF",12,9,0.267270147204225,129.538461538462,0.748441914065435,4132.15384615384,129.538461538462,4132.15384615385,1,0.0573548454234633,2026,NA,2026-09-01,NA,NA,NA,NA,NA,NA,NA,NA,10,"2025/2026","Unobserved",51,12,54,13,NA,54,"South America","French Guiana",0.748441914065435,4132.15384615384,3.29540019286487,"Extremely Low","Rare good event - unusually low cases to date",-0.854370425989521,"Low",10.4031367412686,"Below average - fewer cases than typical at this point","French Guiana"
"GUF",1,10,0.331480537605795,167.615384615385,0.331480537605795,167.615384615385,167.615384615385,167.615384615385,0.0643026751557779,0.0643026751557779,2026,NA,2026-10-01,NA,NA,NA,NA,NA,NA,NA,NA,10,"2026/2027","Unobserved",0,12,NA,13,NA,NA,"South America","French Guiana",0.331480537605795,167.615384615385,12.689368023441,"Low","Below average - fewer cases than typical at this point",-0.575175005497569,"Low",10.4031367412686,"Below average - fewer cases than typical at this point","French Guiana"
"GUF",2,11,0.312535151297716,268.384615384616,0.304629054369058,436,268.384615384615,436,0.163901379527478,0.0995987043717004,2026,NA,2026-11-01,NA,NA,NA,NA,NA,NA,NA,NA,10,"2026/2027","Unobserved",0,12,NA,13,NA,NA,"South America","French Guiana",0.304629054369058,436,10.9291168490748,"Low","Below average - fewer cases than typical at this point",-0.55173939641078,"Low",10.4031367412686,"Below average - fewer cases than typical at this point","French Guiana"
"GUF",3,12,0.308024744167163,191.846153846154,0.295347732598645,627.846153846151,191.846153846154,627.846153846154,0.232917353753333,0.0690159742258549,2026,NA,2026-12-01,NA,NA,NA,NA,NA,NA,NA,NA,10,"2026/2027","Unobserved",0,12,NA,13,NA,NA,"South America","French Guiana",0.295347732598645,627.846153846151,10.4031367412686,"Low","Below average - fewer cases than typical at this point",-0.543331263746442,"Low",10.4031367412686,"Below average - fewer cases than typical at this point","French Guiana"
"GUY",1,1,0.452802246457168,756.2,0.452802246457168,756.2,756.2,756.2,0.0823671834709232,0.0823671834709232,2025,"PAHO",2025-01-01,5033,5033,NA,84,NA,FALSE,"no_lookup_match","current_month_missing",1,"2025/2026","Observed",5033,5033,71136,71136,NA,71136,"South America","Guyana",0.452802246457168,756.2,98.8012188853411,"Extremely High","Rare bad event - unusually high cases to date",3.80457867136381,"Extremely High",98.2652787512415,"Rare bad event - unusually high cases to date","Guyana"
"GUY",2,2,0.419427417045771,740.866666666667,0.437178303282843,1497.06666666667,740.866666666667,1497.06666666667,0.154067530653497,0.0717003471825734,2025,"PAHO",2025-02-01,4229,4229,NA,80,NA,FALSE,"no_lookup_match","current_month_missing",1,"2025/2026","Observed",9262,9262,71136,71136,NA,71136,"South America","Guyana",0.437178303282843,1497.06666666667,98.3803867388014,"Extremely High","Rare bad event - unusually high cases to date",3.42896054633804,"Extremely High",98.2652787512415,"Rare bad event - unusually high cases to date","Guyana"
"GUY",3,3,0.402352315545168,839.800000000001,0.42499406355625,2336.86666666667,839.8,2336.86666666667,0.22839926338211,0.0743317327286138,2025,"PAHO",2025-03-01,6799,6799,NA,75,NA,FALSE,"no_lookup_match","current_month_missing",1,"2025/2026","Observed",16061,16061,71136,71136,NA,71136,"South America","Guyana",0.42499406355625,2336.86666666667,98.7945489529822,"Extremely High","Rare bad event - unusually high cases to date",3.82827333910899,"Extremely High",98.2652787512415,"Rare bad event - unusually high cases to date","Guyana"
"GUY",4,4,0.412022879802005,816.799999999999,0.422061452509841,3153.66666666666,816.8,3153.66666666667,0.302936279151436,0.0745370157693256,2025,"PAHO",2025-04-01,3800,3800,NA,71,NA,FALSE,"no_lookup_match","current_month_missing",1,"2025/2026","Observed",19861,19861,71136,71136,NA,71136,"South America","Guyana",0.422061452509841,3153.66666666666,98.3805041846213,"Extremely High","Rare bad event - unusually high cases to date",3.44151871020346,"Extremely High",98.2652787512415,"Rare bad event - unusually high cases to date","Guyana"
"GUY",5,5,0.37958434851035,1127.6,0.411294011148578,4281.26666666667,1127.6,4281.26666666667,0.391932449411827,0.0889961702603915,2025,"PAHO",2025-05-01,8305,8305,NA,67,NA,FALSE,"no_lookup_match","current_month_missing",1,"2025/2026","Observed",28166,28166,71136,71136,NA,71136,"South America","Guyana",0.411294011148578,4281.26666666667,98.5284186549377,"Extremely High","Rare bad event - unusually high cases to date",3.57769612248061,"Extremely High",98.2652787512415,"Rare bad event - unusually high cases to date","Guyana"
"GUY",6,6,0.344246888994732,1380,0.396104183893463,5661.26666666667,1380,5661.26666666667,0.485782308273007,0.0938498588611793,2025,"PAHO",2025-06-01,10602,10602,NA,62,NA,FALSE,"no_lookup_match","current_month_missing",1,"2025/2026","Observed",38768,38768,71136,71136,NA,71136,"South America","Guyana",0.396104183893463,5661.26666666667,98.6214814098362,"Extremely High","Rare bad event - unusually high cases to date",3.68037642908111,"Extremely High",98.2652787512415,"Rare bad event - unusually high cases to date","Guyana"
"GUY",7,7,0.406541312770754,1321.13333333334,0.40005563183636,6982.40000000002,1321.13333333333,6982.4,0.602481715795221,0.116699407522214,2025,"PAHO",2025-07-01,5363,5363,NA,58,NA,FALSE,"no_lookup_match","current_month_missing",1,"2025/2026","Observed",44131,44131,71136,71136,NA,71136,"South America","Guyana",0.40005563183636,6982.40000000002,98.2609846136076,"Extremely High","Rare bad event - unusually high cases to date",3.36500318831691,"Extremely High",98.2652787512415,"Rare bad event - unusually high cases to date","Guyana"
"GUY",8,8,0.392840412728323,978.866666666668,0.402534949965185,7961.26666666669,978.866666666667,7961.26666666667,0.688418643435402,0.0859369276401804,2025,"PAHO",2025-08-01,4582,4582,NA,54,NA,FALSE,"no_lookup_match","current_month_missing",1,"2025/2026","Observed",48713,48713,71136,71136,NA,71136,"South America","Guyana",0.402534949965185,7961.26666666669,98.1029251479884,"Extremely High","Rare bad event - unusually high cases to date",3.24754167152054,"Extremely High",98.2652787512415,"Rare bad event - unusually high cases to date","Guyana"
"GUY",9,9,0.400187353385473,971.333333333336,0.403688526420736,8932.6,971.333333333333,8932.6,0.775005796470376,0.0865871530349742,2025,"PAHO",2025-09-01,7474,6071,NA,49,1.02561588672273,TRUE,"applied_mean","previous_month_missing",1,"2025/2026","Observed",56187,56187,71136,71136,NA,71136,"South America","Guyana",0.403688526420736,8932.6,98.25951526109,"Extremely High","Rare bad event - unusually high cases to date",3.36107153791785,"Extremely High",98.2652787512415,"Rare bad event - unusually high cases to date","Guyana"
"GUY",10,10,0.40098594941673,969.933333333335,0.403981704014555,9902.53333333336,969.933333333333,9902.53333333333,0.860006745839769,0.0850009493693933,2025,"PAHO",2025-10-01,5245,5059,5245,45,1.02655351756637,TRUE,"applied_mean","not_missing",1,"2025/2026","Observed",61432,61432,71136,71136,NA,71136,"South America","Guyana",0.403981704014555,9902.53333333336,98.1879762240948,"Extremely High","Rare bad event - unusually high cases to date",3.30735889384705,"Extremely High",98.2652787512415,"Rare bad event - unusually high cases to date","Guyana"
"GUY",11,11,0.420479174246006,827.799999999999,0.405432588761947,10730.3333333333,827.8,10730.3333333333,0.938048989503039,0.0780422436632699,2025,"PAHO",2025-11-01,5735,5893,5735,41,1.02176884582612,TRUE,"applied_mean","not_missing",1,"2025/2026","Observed",67167,67167,71136,71136,NA,71136,"South America","Guyana",0.405432588761947,10730.3333333333,98.2452247383011,"Extremely High","Rare bad event - unusually high cases to date",3.34887752147845,"Extremely High",98.2652787512415,"Rare bad event - unusually high cases to date","Guyana"
"GUY",12,12,0.433854489247278,615.599999999998,0.407219087028638,11345.9333333334,615.6,11345.9333333333,1,0.0619510104969609,2025,"PAHO",2025-12-01,3969,4320,3969,37,1.01541000892828,TRUE,"applied_mean","not_missing",1,"2025/2026","Observed",71136,71136,71136,71136,NA,71136,"South America","Guyana",0.407219087028638,11345.9333333334,98.2652787512415,"Extremely High","Rare bad event - unusually high cases to date",3.36275385849708,"Extremely High",98.2652787512415,"Rare bad event - unusually high cases to date","Guyana"
"GUY",1,1,0.452802246457168,756.2,0.452802246457168,756.2,756.2,756.2,0.0823671834709232,0.0823671834709232,2026,"PAHO",2026-01-01,12141,11758,12141,32,1.03257066568467,TRUE,"applied_mean","not_missing",1,"2026/2027","Observed",12141,12141,81843,81843,NA,81843,"South America","Guyana",0.452802246457168,756.2,99.988716260633,"Extremely High","Rare bad event - unusually high cases to date",10.1277514164194,"Extremely High",96.7195851440462,"Rare bad event - unusually high cases to date","Guyana"
"GUY",2,2,0.419427417045771,740.866666666667,0.437178303282843,1497.06666666667,740.866666666667,1497.06666666667,0.154067530653497,0.0717003471825734,2026,"PAHO",2026-02-01,7817,7460,7817,28,1.03850087348859,TRUE,"applied_mean","not_missing",1,"2026/2027","Observed",19958,19958,81843,81843,NA,81843,"South America","Guyana",0.437178303282843,1497.06666666667,99.9503052997908,"Extremely High","Rare bad event - unusually high cases to date",8.15226729337579,"Extremely High",96.7195851440462,"Rare bad event - unusually high cases to date","Guyana"
"GUY",3,3,0.402352315545168,839.800000000001,0.42499406355625,2336.86666666667,839.8,2336.86666666667,0.22839926338211,0.0743317327286138,2026,"PAHO",2026-03-01,8202,7908,8202,23,1.0381296911273,TRUE,"applied_mean","not_missing",1,"2026/2027","Observed",28160,28160,81843,81843,NA,81843,"South America","Guyana",0.42499406355625,2336.86666666667,99.8979629766551,"Extremely High","Rare bad event - unusually high cases to date",7.20322445659642,"Extremely High",96.7195851440462,"Rare bad event - unusually high cases to date","Guyana"
"GUY",4,4,0.412022879802005,816.799999999999,0.422061452509841,3153.66666666666,816.8,3153.66666666667,0.302936279151436,0.0745370157693256,2026,"PAHO",2026-04-01,7292,6285,7292,19,1.06109256977865,TRUE,"applied_mean","not_missing",1,"2026/2027","Observed",35452,35452,81843,81843,NA,81843,"South America","Guyana",0.422061452509841,3153.66666666666,99.8474314153166,"Extremely High","Rare bad event - unusually high cases to date",6.65308557968884,"Extremely High",96.7195851440462,"Rare bad event - unusually high cases to date","Guyana"
"GUY",5,5,0.37958434851035,1127.6,0.411294011148578,4281.26666666667,1127.6,4281.26666666667,0.391932449411827,0.0889961702603915,2026,"PAHO",2026-05-01,3744,2357,3744,15,1.09584151189067,TRUE,"applied_mean","not_missing",1,"2026/2027","Observed",39196,39196,81843,81843,NA,81843,"South America","Guyana",0.411294011148578,4281.26666666667,99.5644525090396,"Extremely High","Rare bad event - unusually high cases to date",5.22988070751378,"Extremely High",96.7195851440462,"Rare bad event - unusually high cases to date","Guyana"
"GUY",6,6,0.344246888994732,1380,0.396104183893463,5661.26666666667,1380,5661.26666666667,0.485782308273007,0.0938498588611793,2026,"PAHO",2026-06-01,562,0,562,12,1.11156328209776,TRUE,"applied_mean","not_missing",1,"2026/2027","Observed",39758,39758,81843,81843,NA,81843,"South America","Guyana",0.396104183893463,5661.26666666667,98.7291838123865,"Extremely High","Rare bad event - unusually high cases to date",3.79043176519976,"Extremely High",96.7195851440462,"Rare bad event - unusually high cases to date","Guyana"
"GUY",7,7,0.406541312770754,1321.13333333334,0.40005563183636,6982.40000000002,1321.13333333333,6982.4,0.602481715795221,0.116699407522214,2026,"Estimates",2026-07-01,9551,NA,NA,1,NA,FALSE,"insufficient_n_rf",NA,1,"2026/2027","Unobserved",49309,49309,81843,81843,9551.0296098406,81843,"South America","Guyana",0.40005563183636,6982.40000000002,98.7736082380289,"Extremely High","Rare bad event - unusually high cases to date",3.83403799741079,"Extremely High",96.7195851440462,"Rare bad event - unusually high cases to date","Guyana"
"GUY",8,8,0.392840412728323,978.866666666668,0.402534949965185,7961.26666666669,978.866666666667,7961.26666666667,0.688418643435402,0.0859369276401804,2026,"Estimates",2026-08-01,7033,NA,NA,NA,NA,NA,NA,NA,1,"2026/2027","Unobserved",56342,56342,81843,81843,7033.33596885528,81843,"South America","Guyana",0.402534949965185,7961.26666666669,98.7955423297484,"Extremely High","Rare bad event - unusually high cases to date",3.85550342886166,"Extremely High",96.7195851440462,"Rare bad event - unusually high cases to date","Guyana"
"GUY",9,9,0.400187353385473,971.333333333336,0.403688526420736,8932.6,971.333333333333,8932.6,0.775005796470376,0.0865871530349742,2026,NA,2026-09-01,NA,NA,NA,NA,NA,NA,NA,NA,1,"2026/2027","Unobserved",56342,56342,81843,81843,NA,81843,"South America","Guyana",0.403688526420736,8932.6,98.273886929727,"Extremely High","Rare bad event - unusually high cases to date",3.37209624859828,"Extremely High",96.7195851440462,"Rare bad event - unusually high cases to date","Guyana"
"GUY",10,10,0.40098594941673,969.933333333335,0.403981704014555,9902.53333333336,969.933333333333,9902.53333333333,0.860006745839769,0.0850009493693933,2026,NA,2026-10-01,NA,NA,NA,NA,NA,NA,NA,NA,1,"2026/2027","Unobserved",56342,56342,81843,81843,NA,81843,"South America","Guyana",0.403981704014555,9902.53333333336,97.6788171687423,"Extremely High","Rare bad event - unusually high cases to date",2.98066316306101,"Extremely High",96.7195851440462,"Rare bad event - unusually high cases to date","Guyana"
"GUY",11,11,0.420479174246006,827.799999999999,0.405432588761947,10730.3333333333,827.8,10730.3333333333,0.938048989503039,0.0780422436632699,2026,NA,2026-11-01,NA,NA,NA,NA,NA,NA,NA,NA,1,"2026/2027","Unobserved",56342,56342,81843,81843,NA,81843,"South America","Guyana",0.405432588761947,10730.3333333333,97.136817639706,"Extremely High","Rare bad event - unusually high cases to date",2.70653626868764,"Extremely High",96.7195851440462,"Rare bad event - unusually high cases to date","Guyana"
"GUY",12,12,0.433854489247278,615.599999999998,0.407219087028638,11345.9333333334,615.6,11345.9333333333,1,0.0619510104969609,2026,NA,2026-12-01,NA,NA,NA,NA,NA,NA,NA,NA,1,"2026/2027","Unobserved",56342,56342,81843,81843,NA,81843,"South America","Guyana",0.407219087028638,11345.9333333334,96.7195851440462,"Extremely High","Rare bad event - unusually high cases to date",2.53069958332865,"Extremely High",96.7195851440462,"Rare bad event - unusually high cases to date","Guyana"
"HND",12,1,1.86554858062648,1936.8125,1.27199507663707,42287.375,1936.8125,42287.375,1,0.0740860489912372,2025,"PAHO",2025-01-01,1434,1434,NA,84,NA,FALSE,"no_lookup_match","current_month_missing",2,"2024/2025","Observed",1434,1434,1434,18758,NA,1434,"North & Central America","Honduras",1.27199507663707,42287.375,1.56209603305065,"Extremely Low","Rare good event - unusually low cases to date",-1.08956563475248,"Normal",28.957543534219,"Average - typical case load at this point","Honduras"
"HND",1,2,1.97909814830126,1636.375,1.97909814830126,1636.375,1636.375,1636.375,0.0566198082446306,0.0566198082446306,2025,"PAHO",2025-02-01,1274,1274,NA,80,NA,FALSE,"no_lookup_match","current_month_missing",2,"2025/2026","Observed",1274,2708,16985,18758,NA,16985,"North & Central America","Honduras",1.97909814830126,1636.375,46.2605249985982,"Normal","Average - typical case load at this point",-0.311348365948042,"Normal",28.957543534219,"Average - typical case load at this point","Honduras"
"HND",2,3,1.83289631002909,1758.5625,1.97231700063218,3394.9375,1758.5625,3394.9375,0.110973596100898,0.0543537878562669,2025,"PAHO",2025-03-01,2134,2134,NA,75,NA,FALSE,"no_lookup_match","current_month_missing",2,"2025/2026","Observed",3408,4842,16985,18758,NA,16985,"North & Central America","Honduras",1.97231700063218,3394.9375,59.6788256493877,"Normal","Average - typical case load at this point",0.00540202714618109,"Normal",28.957543534219,"Average - typical case load at this point","Honduras"
"HND",3,4,1.68920794695596,1907.9375,1.94038114245656,5302.875,1907.9375,5302.875,0.172308663297333,0.0613350671964351,2025,"PAHO",2025-04-01,1467,1467,NA,71,NA,FALSE,"no_lookup_match","current_month_missing",2,"2025/2026","Observed",4875,6309,16985,18758,NA,16985,"North & Central America","Honduras",1.94038114245656,5302.875,55.0777167136878,"Normal","Average - typical case load at this point",-0.112374973604282,"Normal",28.957543534219,"Average - typical case load at this point","Honduras"
"HND",4,5,1.4618319575885,2806.0625,1.79290370829528,8108.93749999999,2806.0625,8108.9375,0.252081230555283,0.07977256725795,2025,"PAHO",2025-05-01,1678,1678,NA,67,NA,FALSE,"no_lookup_match","current_month_missing",2,"2025/2026","Observed",6553,7987,16985,18758,NA,16985,"North & Central America","Honduras",1.79290370829528,8108.93749999999,49.197974011798,"Normal","Average - typical case load at this point",-0.256896786169265,"Normal",28.957543534219,"Average - typical case load at this point","Honduras"
"HND",5,6,0.847772981265074,5883.31249999999,1.34469204112819,13992.25,5883.3125,13992.25,0.368580260148946,0.116499029593664,2025,"PAHO",2025-06-01,1835,1835,NA,62,NA,FALSE,"no_lookup_match","current_month_missing",2,"2025/2026","Observed",8388,9822,16985,18758,NA,16985,"North & Central America","Honduras",1.34469204112819,13992.25,40.2722817440388,"Normal","Average - typical case load at this point",-0.464430244700736,"Normal",28.957543534219,"Average - typical case load at this point","Honduras"
"HND",6,7,0.776148153670458,6443.62500000001,1.16952501968048,20435.875,6443.625,20435.875,0.486289500729172,0.117709240580226,2025,"PAHO",2025-07-01,1424,1424,NA,58,NA,FALSE,"no_lookup_match","current_month_missing",2,"2025/2026","Observed",9812,11246,16985,18758,NA,16985,"North & Central America","Honduras",1.16952501968048,20435.875,35.1424231633669,"Normal","Average - typical case load at this point",-0.562188615018867,"Normal",28.957543534219,"Average - typical case load at this point","Honduras"
"HND",7,8,0.722075695653292,6180.68750000001,1.06886310189192,26616.5625,6180.6875,26616.5625,0.592186582213442,0.10589708148427,2025,"PAHO",2025-08-01,1222,1222,NA,54,NA,FALSE,"no_lookup_match","current_month_missing",2,"2025/2026","Observed",11034,12468,16985,18758,NA,16985,"North & Central America","Honduras",1.06886310189192,26616.5625,32.579167027577,"Normal","Average - typical case load at this point",-0.605256181972404,"Normal",28.957543534219,"Average - typical case load at this point","Honduras"
"HND",8,9,0.806337593975081,4683.125,1.04831416379902,31299.6875,4683.125,31299.6875,0.680640709595057,0.088454127381615,2025,"PAHO",2025-09-01,1176,1176,NA,49,1,TRUE,"applied_mean","previous_month_missing",2,"2025/2026","Observed",12210,13644,16985,18758,NA,16985,"North & Central America","Honduras",1.04831416379902,31299.6875,31.3196031835427,"Normal","Average - typical case load at this point",-0.624449427164715,"Normal",28.957543534219,"Average - typical case load at this point","Honduras"
"HND",9,10,1.23478118675628,3839.1875,1.10723066426391,35138.875,3839.1875,35138.875,0.779237236784639,0.0985965271895816,2025,"PAHO",2025-10-01,1216,1216,1216,45,1,TRUE,"applied_mean","not_missing",2,"2025/2026","Observed",13426,14860,16985,18758,NA,16985,"North & Central America","Honduras",1.10723066426391,35138.875,29.6265246327295,"Normal","Average - typical case load at this point",-0.650192101308903,"Normal",28.957543534219,"Average - typical case load at this point","Honduras"
"HND",10,11,1.29034175519808,3156.6875,1.15458504377124,38295.5625000001,3156.6875,38295.5625,0.864814922964073,0.0855776861794341,2025,"PAHO",2025-11-01,1235,1235,1235,41,1,TRUE,"applied_mean","not_missing",2,"2025/2026","Observed",14661,16095,16985,18758,NA,16985,"North & Central America","Honduras",1.15458504377124,38295.5625000001,28.8081457757575,"Normal","Average - typical case load at this point",-0.663140468033519,"Normal",28.957543534219,"Average - typical case load at this point","Honduras"
"HND",11,12,1.47293261944883,2055,1.19413724113002,40350.5625,2055,40350.5625,0.925913951008763,0.0610990280446899,2025,"PAHO",2025-12-01,1273,1273,1273,36,1,TRUE,"applied_mean","not_missing",2,"2025/2026","Observed",15934,17368,16985,18758,NA,16985,"North & Central America","Honduras",1.19413724113002,40350.5625,28.957543534219,"Normal","Average - typical case load at this point",-0.661234680474215,"Normal",28.957543534219,"Average - typical case load at this point","Honduras"
"HND",12,1,1.86554858062648,1936.8125,1.27199507663707,42287.375,1936.8125,42287.375,1,0.0740860489912372,2026,"PAHO",2026-01-01,1051,1051,1051,32,1,TRUE,"applied_mean","not_missing",2,"2025/2026","Observed",16985,1051,16985,12932,NA,16985,"North & Central America","Honduras",1.27199507663707,42287.375,28.14185809801,"Normal","Average - typical case load at this point",-0.674818133816857,"Low",11.6784949573804,"Below average - fewer cases than typical at this point","Honduras"
"HND",1,2,1.97909814830126,1636.375,1.97909814830126,1636.375,1636.375,1636.375,0.0566198082446306,0.0566198082446306,2026,"PAHO",2026-02-01,660,660,660,28,1,TRUE,"applied_mean","not_missing",2,"2026/2027","Observed",660,1711,11157,12932,NA,11157,"North & Central America","Honduras",1.97909814830126,1636.375,19.6058405017575,"Low","Below average - fewer cases than typical at this point",-0.83888999186622,"Low",11.6784949573804,"Below average - fewer cases than typical at this point","Honduras"
"HND",2,3,1.83289631002909,1758.5625,1.97231700063218,3394.9375,1758.5625,3394.9375,0.110973596100898,0.0543537878562669,2026,"PAHO",2026-03-01,714,714,714,23,1,TRUE,"applied_mean","not_missing",2,"2026/2027","Observed",1374,2425,11157,12932,NA,11157,"North & Central America","Honduras",1.97231700063218,3394.9375,19.7457638907849,"Low","Below average - fewer cases than typical at this point",-0.835763386467486,"Low",11.6784949573804,"Below average - fewer cases than typical at this point","Honduras"
"HND",3,4,1.68920794695596,1907.9375,1.94038114245656,5302.875,1907.9375,5302.875,0.172308663297333,0.0613350671964351,2026,"PAHO",2026-04-01,769,769,769,19,1,TRUE,"applied_mean","not_missing",2,"2026/2027","Observed",2143,3194,11157,12932,NA,11157,"North & Central America","Honduras",1.94038114245656,5302.875,20.0022835632536,"Low","Below average - fewer cases than typical at this point",-0.829893940327974,"Low",11.6784949573804,"Below average - fewer cases than typical at this point","Honduras"
"HND",4,5,1.4618319575885,2806.0625,1.79290370829528,8108.93749999999,2806.0625,8108.9375,0.252081230555283,0.07977256725795,2026,"PAHO",2026-05-01,820,820,820,15,1,TRUE,"applied_mean","not_missing",2,"2026/2027","Observed",2963,4014,11157,12932,NA,11157,"North & Central America","Honduras",1.79290370829528,8108.93749999999,18.7167095359911,"Low","Below average - fewer cases than typical at this point",-0.849632331361581,"Low",11.6784949573804,"Below average - fewer cases than typical at this point","Honduras"
"HND",5,6,0.847772981265074,5883.31249999999,1.34469204112819,13992.25,5883.3125,13992.25,0.368580260148946,0.116499029593664,2026,"PAHO",2026-06-01,1529,1529,1529,10,0.999937539590942,TRUE,"applied_mean","not_missing",2,"2026/2027","Observed",4492,5543,11157,12932,NA,11157,"North & Central America","Honduras",1.34469204112819,13992.25,21.1906712786778,"Low","Below average - fewer cases than typical at this point",-0.787295968634191,"Low",11.6784949573804,"Below average - fewer cases than typical at this point","Honduras"
"HND",6,7,0.776148153670458,6443.62500000001,1.16952501968048,20435.875,6443.625,20435.875,0.486289500729172,0.117709240580226,2026,"PAHO",2026-07-01,1660,1662,1660,6,0.999692576330584,TRUE,"applied_mean","not_missing",2,"2026/2027","Observed",6152,7203,11157,12932,NA,11157,"North & Central America","Honduras",1.16952501968048,20435.875,22.6211501660019,"Low","Below average - fewer cases than typical at this point",-0.755866565010659,"Low",11.6784949573804,"Below average - fewer cases than typical at this point","Honduras"
"HND",7,8,0.722075695653292,6180.68750000001,1.06886310189192,26616.5625,6180.6875,26616.5625,0.592186582213442,0.10589708148427,2026,"PAHO",2026-08-01,455,454,455,5,0.999830321426488,TRUE,"applied_mean","not_missing",2,"2026/2027","Observed",6607,7658,11157,12932,NA,11157,"North & Central America","Honduras",1.06886310189192,26616.5625,20.5382570900288,"Low","Below average - fewer cases than typical at this point",-0.777209229976661,"Low",11.6784949573804,"Below average - fewer cases than typical at this point","Honduras"
"HND",8,9,0.806337593975081,4683.125,1.04831416379902,31299.6875,4683.125,31299.6875,0.680640709595057,0.088454127381615,2026,NA,2026-09-01,NA,NA,NA,NA,NA,NA,NA,NA,2,"2026/2027","Unobserved",6607,7658,11157,12932,NA,11157,"North & Central America","Honduras",1.04831416379902,31299.6875,18.0242080267496,"Low","Below average - fewer cases than typical at this point",-0.807731114746237,"Low",11.6784949573804,"Below average - fewer cases than typical at this point","Honduras"
"HND",9,10,1.23478118675628,3839.1875,1.10723066426391,35138.875,3839.1875,35138.875,0.779237236784639,0.0985965271895816,2026,NA,2026-10-01,NA,NA,NA,NA,NA,NA,NA,NA,2,"2026/2027","Unobserved",6607,7658,11157,12932,NA,11157,"North & Central America","Honduras",1.10723066426391,35138.875,15.0459179072574,"Low","Below average - fewer cases than typical at this point",-0.854387074974316,"Low",11.6784949573804,"Below average - fewer cases than typical at this point","Honduras"
"HND",10,11,1.29034175519808,3156.6875,1.15458504377124,38295.5625000001,3156.6875,38295.5625,0.864814922964073,0.0855776861794341,2026,NA,2026-11-01,NA,NA,NA,NA,NA,NA,NA,NA,2,"2026/2027","Unobserved",6607,7658,11157,12932,NA,11157,"North & Central America","Honduras",1.15458504377124,38295.5625000001,12.9934309351052,"Low","Below average - fewer cases than typical at this point",-0.889120252069799,"Low",11.6784949573804,"Below average - fewer cases than typical at this point","Honduras"
"HND",11,12,1.47293261944883,2055,1.19413724113002,40350.5625,2055,40350.5625,0.925913951008763,0.0610990280446899,2026,NA,2026-12-01,NA,NA,NA,NA,NA,NA,NA,NA,2,"2026/2027","Unobserved",6607,7658,11157,12932,NA,11157,"North & Central America","Honduras",1.19413724113002,40350.5625,11.6784949573804,"Low","Below average - fewer cases than typical at this point",-0.913822892462819,"Low",11.6784949573804,"Below average - fewer cases than typical at this point","Honduras"
"IND",10,1,2.14562392903655,7139.75000000001,2.18098731750378,117237.9375,7139.75,117237.9375,0.917111770253867,0.0715033093065821,2025,"SEARO",2025-01-01,4700,4700,NA,20,NA,FALSE,"no_lookup_match",NA,4,"2024/2025","Observed",4700,4700,12023,142772,NA,12023,"South Asia","India",2.18098731750378,117237.9375,0.194926091717652,"Extremely Low","Rare good event - unusually low cases to date",-1.41759872023634,"Normal",58.7212807995759,"Average - typical case load at this point","India"
"IND",11,2,2.25465961787274,4578.9375,2.27876158332452,121816.875,4578.9375,121816.875,0.962202672390375,0.0450909021365083,2025,"SEARO",2025-02-01,3806,3806,NA,19,NA,FALSE,"no_lookup_match",NA,4,"2024/2025","Observed",8506,8506,12023,142772,NA,12023,"South Asia","India",2.27876158332452,121816.875,0.517775390793016,"Extremely Low","Rare good event - unusually low cases to date",-1.40413712332427,"Normal",58.7212807995759,"Average - typical case load at this point","India"
"IND",12,3,2.25549223559132,3819.3125,2.35416624296857,125636.1875,3819.3125,125636.1875,1,0.0377973276096245,2025,"SEARO",2025-03-01,3517,3517,NA,18,NA,FALSE,"no_lookup_match",NA,4,"2024/2025","Observed",12023,12023,12023,142772,NA,12023,"South Asia","India",2.35416624296857,125636.1875,0.90149146083931,"Extremely Low","Rare good event - unusually low cases to date",-1.38748561933605,"Normal",58.7212807995759,"Average - typical case load at this point","India"
"IND",1,4,2.16536600468838,2528.6875,2.16536600468838,2528.6875,2528.6875,2528.6875,0.0202968224806565,0.0202968224806565,2025,"SEARO",2025-04-01,2700,2700,NA,17,NA,FALSE,"no_lookup_match",NA,4,"2025/2026","Observed",2700,14723,118354,142772,NA,118354,"South Asia","India",2.16536600468838,2528.6875,62.7425649125722,"Normal","Average - typical case load at this point",0.0996491687585914,"Normal",58.7212807995759,"Average - typical case load at this point","India"
"IND",2,5,2.09126205700382,3701.4375,2.12348827647143,6230.12499999999,3701.4375,6230.125,0.0496227399746386,0.0293259174939821,2025,"SEARO",2025-05-01,3766,3766,NA,16,NA,FALSE,"no_lookup_match",NA,4,"2025/2026","Observed",6466,18489,118354,142772,NA,118354,"South Asia","India",2.12348827647143,6230.12499999999,61.2045171627291,"Normal","Average - typical case load at this point",0.055161502410515,"Normal",58.7212807995759,"Average - typical case load at this point","India"
"IND",3,6,2.18246644931763,5614.75,2.16858302104124,11844.875,5614.75,11844.875,0.0940681924032025,0.0444454524285639,2025,"SEARO",2025-06-01,6459,6459,NA,15,NA,FALSE,"no_lookup_match",NA,4,"2025/2026","Observed",12925,24948,118354,142772,NA,118354,"South Asia","India",2.16858302104124,11844.875,63.9517442700423,"Normal","Average - typical case load at this point",0.134273964135528,"Normal",58.7212807995759,"Average - typical case load at this point","India"
"IND",4,7,1.85319540587303,10917.625,2.03661667013326,22762.5000000001,10917.625,22762.5,0.177054673815853,0.0829864814126505,2025,"SEARO",2025-07-01,10302,10302,NA,14,NA,FALSE,"no_lookup_match",NA,4,"2025/2026","Observed",23227,35250,118354,142772,NA,118354,"South Asia","India",2.03661667013326,22762.5000000001,60.4204201021433,"Normal","Average - typical case load at this point",0.0291206442477034,"Normal",58.7212807995759,"Average - typical case load at this point","India"
"IND",5,8,1.94803932474747,14635.3125,2.00858995252484,37397.8125000001,14635.3125,37397.8125,0.289060585698756,0.112005911882903,2025,"SEARO",2025-08-01,14303,14303,NA,13,NA,FALSE,"no_lookup_match",NA,4,"2025/2026","Observed",37530,49553,118354,142772,NA,118354,"South Asia","India",2.00858995252484,37397.8125000001,59.5716013203956,"Normal","Average - typical case load at this point",0.00500931301052528,"Normal",58.7212807995759,"Average - typical case load at this point","India"
"IND",6,9,1.92469293145731,19743.0625,1.98835385660018,57140.875,19743.0625,57140.875,0.439456977044145,0.15039639134539,2025,"SEARO",2025-09-01,18803,18803,NA,12,NA,FALSE,"no_lookup_match",NA,4,"2025/2026","Observed",56333,68356,118354,142772,NA,118354,"South Asia","India",1.98835385660018,57140.875,58.6588558764359,"Normal","Average - typical case load at this point",-0.019935932954673,"Normal",58.7212807995759,"Average - typical case load at this point","India"
"IND",7,10,1.94474568377791,25690.5,1.99172651828654,82831.3749999999,25690.5,82831.375,0.636109511805815,0.19665253476167,2025,"SEARO",2025-10-01,22659,22659,NA,11,NA,FALSE,"no_lookup_match",NA,4,"2025/2026","Observed",78992,91015,118354,142772,NA,118354,"South Asia","India",1.99172651828654,82831.3749999999,56.8575755039006,"Normal","Average - typical case load at this point",-0.0654146908784715,"Normal",58.7212807995759,"Average - typical case load at this point","India"
"IND",8,11,1.98702461794394,17910.0625,1.9990342656323,100741.4375,17910.0625,100741.4375,0.774342769067599,0.138233257261784,2025,"SEARO",2025-11-01,22175,22175,NA,10,NA,FALSE,"no_lookup_match",NA,4,"2025/2026","Observed",101167,113190,118354,142772,NA,118354,"South Asia","India",1.9990342656323,100741.4375,59.6300708858698,"Normal","Average - typical case load at this point",0.00597256683427512,"Normal",58.7212807995759,"Average - typical case load at this point","India"
"IND",9,12,1.93093262040229,9356.74999999999,1.99585373687423,110098.1875,9356.75,110098.1875,0.845608460947285,0.0712656918796861,2025,"SEARO",2025-12-01,7539,7539,NA,9,NA,FALSE,"no_lookup_match",NA,4,"2025/2026","Observed",108706,120729,118354,142772,NA,118354,"South Asia","India",1.99585373687423,110098.1875,58.7212807995759,"Normal","Average - typical case load at this point",-0.0178639699693571,"Normal",58.7212807995759,"Average - typical case load at this point","India"
"IND",10,1,2.14562392903655,7139.75000000001,2.18098731750378,117237.9375,7139.75,117237.9375,0.917111770253867,0.0715033093065821,2026,"SEARO",2026-01-01,3544,3544,NA,8,NA,FALSE,"no_lookup_match",NA,4,"2025/2026","Observed",112250,3544,118354,186722,NA,118354,"South Asia","India",2.18098731750378,117237.9375,56.5392417604979,"Normal","Average - typical case load at this point",-0.0628312014036954,"Low",14.4486345373335,"Below average - fewer cases than typical at this point","India"
"IND",11,2,2.25465961787274,4578.9375,2.27876158332452,121816.875,4578.9375,121816.875,0.962202672390375,0.0450909021365083,2026,"SEARO",2026-02-01,3019,3019,NA,7,NA,FALSE,"no_lookup_match",NA,4,"2025/2026","Observed",115269,6563,118354,186722,NA,118354,"South Asia","India",2.27876158332452,121816.875,55.6045231736792,"Normal","Average - typical case load at this point",-0.0811406174948922,"Low",14.4486345373335,"Below average - fewer cases than typical at this point","India"
"IND",12,3,2.25549223559132,3819.3125,2.35416624296857,125636.1875,3819.3125,125636.1875,1,0.0377973276096245,2026,"SEARO",2026-03-01,3085,3085,NA,6,NA,FALSE,"no_lookup_match",NA,4,"2025/2026","Observed",118354,9648,118354,186722,NA,118354,"South Asia","India",2.35416624296857,125636.1875,55.1441842543704,"Normal","Average - typical case load at this point",-0.0889327256447091,"Low",14.4486345373335,"Below average - fewer cases than typical at this point","India"
"IND",1,4,2.16536600468838,2528.6875,2.16536600468838,2528.6875,2528.6875,2528.6875,0.0202968224806565,0.0202968224806565,2026,"SEARO",2026-04-01,2918,2918,NA,5,NA,FALSE,"no_lookup_match",NA,4,"2026/2027","Observed",2918,12566,132230,186722,NA,126852,"South Asia","India",2.16536600468838,2528.6875,67.0714631657223,"Normal","Average - typical case load at this point",0.226455553519617,"Low",14.4486345373335,"Below average - fewer cases than typical at this point","India"
"IND",2,5,2.09126205700382,3701.4375,2.12348827647143,6230.12499999999,3701.4375,6230.125,0.0496227399746386,0.0293259174939821,2026,"SEARO",2026-05-01,3747,3747,NA,4,NA,FALSE,"no_lookup_match",NA,4,"2026/2027","Observed",6665,16313,132230,186722,NA,126852,"South Asia","India",2.12348827647143,6230.12499999999,62.8937956652647,"Normal","Average - typical case load at this point",0.101699452509899,"Low",14.4486345373335,"Below average - fewer cases than typical at this point","India"
"IND",3,6,2.18246644931763,5614.75,2.16858302104124,11844.875,5614.75,11844.875,0.0940681924032025,0.0444454524285639,2026,"SEARO",2026-06-01,6625,6625,NA,3,NA,FALSE,"no_lookup_match",NA,4,"2026/2027","Observed",13290,22938,132230,186722,NA,126852,"South Asia","India",2.16858302104124,11844.875,65.5082298538586,"Normal","Average - typical case load at this point",0.17964833923977,"Low",14.4486345373335,"Below average - fewer cases than typical at this point","India"
"IND",4,7,1.85319540587303,10917.625,2.03661667013326,22762.5000000001,10917.625,22762.5,0.177054673815853,0.0829864814126505,2026,"SEARO",2026-07-01,10122,10122,NA,2,NA,FALSE,"no_lookup_match",NA,4,"2026/2027","Observed",23412,33060,132230,186722,NA,126852,"South Asia","India",2.03661667013326,22762.5000000001,60.8538232666017,"Normal","Average - typical case load at this point",0.0407187479846803,"Low",14.4486345373335,"Below average - fewer cases than typical at this point","India"
"IND",5,8,1.94803932474747,14635.3125,2.00858995252484,37397.8125000001,14635.3125,37397.8125,0.289060585698756,0.112005911882903,2026,"Estimates",2026-08-01,13256,0,NA,1,NA,FALSE,"no_lookup_match",NA,4,"2026/2027","Unobserved",36668,46316,132230,186722,13256.3476949891,126852,"South Asia","India",2.00858995252484,37397.8125000001,58.3110037142116,"Normal","Average - typical case load at this point",-0.0276566184510363,"Low",14.4486345373335,"Below average - fewer cases than typical at this point","India"
"IND",6,9,1.92469293145731,19743.0625,1.98835385660018,57140.875,19743.0625,57140.875,0.439456977044145,0.15039639134539,2026,"SEARO",2026-09-01,NA,0,NA,0,NA,FALSE,"no_lookup_match",NA,4,"2026/2027","Unobserved",36668,46316,132230,186722,NA,126852,"South Asia","India",1.98835385660018,57140.875,36.8217570623263,"Normal","Average - typical case load at this point",-0.505209176406477,"Low",14.4486345373335,"Below average - fewer cases than typical at this point","India"
"IND",7,10,1.94474568377791,25690.5,1.99172651828654,82831.3749999999,25690.5,82831.375,0.636109511805815,0.19665253476167,2026,"SEARO",2026-10-01,NA,0,NA,-1,NA,FALSE,"no_lookup_match",NA,4,"2026/2027","Unobserved",36668,46316,132230,186722,NA,126852,"South Asia","India",1.99172651828654,82831.3749999999,22.2957700274729,"Low","Below average - fewer cases than typical at this point",-0.786524605054738,"Low",14.4486345373335,"Below average - fewer cases than typical at this point","India"
"IND",8,11,1.98702461794394,17910.0625,1.9990342656323,100741.4375,17910.0625,100741.4375,0.774342769067599,0.138233257261784,2026,"SEARO",2026-11-01,NA,0,NA,-2,NA,FALSE,"no_lookup_match",NA,4,"2026/2027","Unobserved",36668,46316,132230,186722,NA,126852,"South Asia","India",1.9990342656323,100741.4375,16.5677604424219,"Low","Below average - fewer cases than typical at this point",-0.899240153374404,"Low",14.4486345373335,"Below average - fewer cases than typical at this point","India"
"IND",9,12,1.93093262040229,9356.74999999999,1.99585373687423,110098.1875,9356.75,110098.1875,0.845608460947285,0.0712656918796861,2026,"SEARO",2026-12-01,NA,0,NA,-3,NA,FALSE,"no_lookup_match",NA,4,"2026/2027","Unobserved",36668,46316,132230,186722,NA,126852,"South Asia","India",1.99585373687423,110098.1875,14.4486345373335,"Low","Below average - fewer cases than typical at this point",-0.942225572593006,"Low",14.4486345373335,"Below average - fewer cases than typical at this point","India"
"JAM",9,1,0.346994960529307,217.625,0.763229340892673,1727,217.625,1727,0.822876681471682,0.0858165264263451,2025,"PAHO",2025-01-01,46,46,NA,84,NA,FALSE,"no_lookup_match","current_month_missing",5,"2024/2025","Observed",46,46,165,817,NA,165,"Caribbean","Jamaica",0.763229340892673,1727,5.57504495992297,"Low","Below average - fewer cases than typical at this point",-0.850172317873094,"Normal",33.5275913503927,"Average - typical case load at this point","Jamaica"
"JAM",10,2,0.478076883586611,154.5,0.798506617311575,1881.5,154.5,1881.5,0.903034949769813,0.0801582682981309,2025,"PAHO",2025-02-01,38,38,NA,80,NA,FALSE,"no_lookup_match","current_month_missing",5,"2024/2025","Observed",84,84,165,817,NA,165,"Caribbean","Jamaica",0.798506617311575,1881.5,7.43977389523033,"Low","Below average - fewer cases than typical at this point",-0.853516259125352,"Normal",33.5275913503927,"Average - typical case load at this point","Jamaica"
"JAM",11,3,0.482052338305445,84.25,0.817986481570524,1965.75,84.25,1965.75,0.956683217021868,0.053648267252055,2025,"PAHO",2025-03-01,37,37,NA,75,NA,FALSE,"no_lookup_match","current_month_missing",5,"2024/2025","Observed",121,121,165,817,NA,165,"Caribbean","Jamaica",0.817986481570524,1965.75,9.11115215315861,"Low","Below average - fewer cases than typical at this point",-0.848578369936155,"Normal",33.5275913503927,"Average - typical case load at this point","Jamaica"
"JAM",12,4,0.820340262834658,40.875,0.844136000606093,2006.625,40.875,2006.625,1,0.0433167829781324,2025,"PAHO",2025-04-01,44,44,NA,71,NA,FALSE,"no_lookup_match","current_month_missing",5,"2024/2025","Observed",165,165,165,817,NA,165,"Caribbean","Jamaica",0.844136000606093,2006.625,10.8466353790566,"Low","Below average - fewer cases than typical at this point",-0.843043268991853,"Normal",33.5275913503927,"Average - typical case load at this point","Jamaica"
"JAM",1,5,0.658305444336508,58.75,0.658305444336508,58.75,58.75,58.75,0.0544038486426024,0.0544038486426024,2025,"PAHO",2025-05-01,30,30,NA,68,NA,FALSE,"no_lookup_match","current_month_missing",5,"2025/2026","Observed",30,195,540,817,NA,540,"Caribbean","Jamaica",0.658305444336508,58.75,48.1569841527354,"Normal","Average - typical case load at this point",-0.394842646856763,"Normal",33.5275913503927,"Average - typical case load at this point","Jamaica"
"JAM",2,6,0.82981431923391,68.5625,0.81127194040446,127.3125,68.5625,127.3125,0.111322014678327,0.0569181660357249,2025,"PAHO",2025-06-01,65,65,NA,62,NA,FALSE,"no_lookup_match","current_month_missing",5,"2025/2026","Observed",95,260,540,817,NA,540,"Caribbean","Jamaica",0.81127194040446,127.3125,55.3762097552252,"Normal","Average - typical case load at this point",-0.227878528828782,"Normal",33.5275913503927,"Average - typical case load at this point","Jamaica"
"JAM",3,7,0.654191788778336,106.5625,0.80233342696775,233.875,106.5625,233.875,0.185641909437412,0.0743198947590843,2025,"PAHO",2025-07-01,48,48,NA,58,NA,FALSE,"no_lookup_match","current_month_missing",5,"2025/2026","Observed",143,308,540,817,NA,540,"Caribbean","Jamaica",0.80233342696775,233.875,49.3553268638333,"Normal","Average - typical case load at this point",-0.347451662724358,"Normal",33.5275913503927,"Average - typical case load at this point","Jamaica"
"JAM",4,8,0.38209510397493,85.5625,0.848574544464044,319.4375,85.5625,319.4375,0.231810647275473,0.0461687378380617,2025,"PAHO",2025-08-01,17,17,NA,54,NA,FALSE,"no_lookup_match","current_month_missing",5,"2025/2026","Observed",160,325,540,817,NA,540,"Caribbean","Jamaica",0.848574544464044,319.4375,42.5718680744713,"Normal","Average - typical case load at this point",-0.459169992280828,"Normal",33.5275913503927,"Average - typical case load at this point","Jamaica"
"JAM",5,9,0.40758495682435,265.8125,0.734252388112474,585.25,265.8125,585.25,0.337970050836082,0.106159403560609,2025,"PAHO",2025-09-01,54,54,NA,49,1,TRUE,"applied_mean","previous_month_missing",5,"2025/2026","Observed",214,379,540,817,NA,540,"Caribbean","Jamaica",0.734252388112474,585.25,37.3196372462893,"Normal","Average - typical case load at this point",-0.543219638860902,"Normal",33.5275913503927,"Average - typical case load at this point","Jamaica"
"JAM",6,10,0.402460502697907,250,0.665164099841648,835.249999999999,250,835.25,0.437640042206067,0.0996699913699845,2025,"PAHO",2025-10-01,33,33,33,45,1,TRUE,"applied_mean","not_missing",5,"2025/2026","Observed",247,412,540,817,NA,540,"Caribbean","Jamaica",0.665164099841648,835.249999999999,34.8503121196801,"Normal","Average - typical case load at this point",-0.574165366705423,"Normal",33.5275913503927,"Average - typical case load at this point","Jamaica"
"JAM",7,11,0.387408631159233,355.75,0.614632210540501,1191,355.75,1191,0.55703412693702,0.119394084730954,2025,"PAHO",2025-11-01,117,117,117,41,1,TRUE,"applied_mean","not_missing",5,"2025/2026","Observed",364,529,540,817,NA,540,"Caribbean","Jamaica",0.614632210540501,1191,37.3085867464655,"Normal","Average - typical case load at this point",-0.544238640665598,"Normal",33.5275913503927,"Average - typical case load at this point","Jamaica"
"JAM",8,12,0.691471575407252,318.375,0.690616936856461,1509.375,318.375,1509.375,0.737060155045337,0.180026028108316,2025,"PAHO",2025-12-01,73,73,73,36,1,TRUE,"applied_mean","not_missing",5,"2025/2026","Observed",437,602,540,817,NA,540,"Caribbean","Jamaica",0.690616936856461,1509.375,33.5275913503927,"Normal","Average - typical case load at this point",-0.590294596165374,"Normal",33.5275913503927,"Average - typical case load at this point","Jamaica"
"JAM",9,1,0.346994960529307,217.625,0.763229340892673,1727,217.625,1727,0.822876681471682,0.0858165264263451,2026,"PAHO",2026-01-01,44,44,44,32,1,TRUE,"applied_mean","not_missing",5,"2025/2026","Observed",481,44,540,781,NA,540,"Caribbean","Jamaica",0.763229340892673,1727,30.4310090983487,"Normal","Average - typical case load at this point",-0.630169368274762,"Low",9.89488886061901,"Below average - fewer cases than typical at this point","Jamaica"
"JAM",10,2,0.478076883586611,154.5,0.798506617311575,1881.5,154.5,1881.5,0.903034949769813,0.0801582682981309,2026,"PAHO",2026-02-01,18,18,18,28,1,TRUE,"applied_mean","not_missing",5,"2025/2026","Observed",499,62,540,781,NA,540,"Caribbean","Jamaica",0.798506617311575,1881.5,28.3969609706166,"Normal","Average - typical case load at this point",-0.656459654097802,"Low",9.89488886061901,"Below average - fewer cases than typical at this point","Jamaica"
"JAM",11,3,0.482052338305445,84.25,0.817986481570524,1965.75,84.25,1965.75,0.956683217021868,0.053648267252055,2026,"PAHO",2026-03-01,16,16,16,23,1,TRUE,"applied_mean","not_missing",5,"2025/2026","Observed",515,78,540,781,NA,540,"Caribbean","Jamaica",0.817986481570524,1965.75,27.5973579050915,"Normal","Average - typical case load at this point",-0.667339785979064,"Low",9.89488886061901,"Below average - fewer cases than typical at this point","Jamaica"
"JAM",12,4,0.820340262834658,40.875,0.844136000606093,2006.625,40.875,2006.625,1,0.0433167829781324,2026,"PAHO",2026-04-01,25,25,25,19,1,TRUE,"applied_mean","not_missing",5,"2025/2026","Observed",540,103,540,781,NA,540,"Caribbean","Jamaica",0.844136000606093,2006.625,27.4196848472826,"Normal","Average - typical case load at this point",-0.671378991046047,"Low",9.89488886061901,"Below average - fewer cases than typical at this point","Jamaica"
"JAM",1,5,0.658305444336508,58.75,0.658305444336508,58.75,58.75,58.75,0.0544038486426024,0.0544038486426024,2026,"PAHO",2026-05-01,11,11,11,15,1,TRUE,"applied_mean","not_missing",5,"2026/2027","Observed",11,114,226,781,NA,289,"Caribbean","Jamaica",0.658305444336508,58.75,27.7589402015219,"Normal","Average - typical case load at this point",-0.655782135214275,"Low",9.89488886061901,"Below average - fewer cases than typical at this point","Jamaica"
"JAM",2,6,0.82981431923391,68.5625,0.81127194040446,127.3125,68.5625,127.3125,0.111322014678327,0.0569181660357249,2026,"PAHO",2026-06-01,20,20,20,10,1,TRUE,"applied_mean","not_missing",5,"2026/2027","Observed",31,134,226,781,NA,289,"Caribbean","Jamaica",0.81127194040446,127.3125,26.8183131358352,"Normal","Average - typical case load at this point",-0.679227877998359,"Low",9.89488886061901,"Below average - fewer cases than typical at this point","Jamaica"
"JAM",3,7,0.654191788778336,106.5625,0.80233342696775,233.875,106.5625,233.875,0.185641909437412,0.0743198947590843,2026,"PAHO",2026-07-01,11,11,11,7,1,TRUE,"applied_mean","not_missing",5,"2026/2027","Observed",42,145,226,781,NA,289,"Caribbean","Jamaica",0.80233342696775,233.875,21.593573553676,"Low","Below average - fewer cases than typical at this point",-0.733615271364361,"Low",9.89488886061901,"Below average - fewer cases than typical at this point","Jamaica"
"JAM",4,8,0.38209510397493,85.5625,0.848574544464044,319.4375,85.5625,319.4375,0.231810647275473,0.0461687378380617,2026,"Estimates",2026-08-01,25,NA,NA,NA,NA,NA,NA,NA,5,"2026/2027","Unobserved",67,170,226,781,24.9311184325533,289,"Caribbean","Jamaica",0.848574544464044,319.4375,22.7838049970883,"Low","Below average - fewer cases than typical at this point",-0.727004154771566,"Low",9.89488886061901,"Below average - fewer cases than typical at this point","Jamaica"
"JAM",5,9,0.40758495682435,265.8125,0.734252388112474,585.25,265.8125,585.25,0.337970050836082,0.106159403560609,2026,NA,2026-09-01,NA,NA,NA,NA,NA,NA,NA,NA,5,"2026/2027","Unobserved",67,170,226,781,NA,289,"Caribbean","Jamaica",0.734252388112474,585.25,17.2612129149007,"Low","Below average - fewer cases than typical at this point",-0.758312667581583,"Low",9.89488886061901,"Below average - fewer cases than typical at this point","Jamaica"
"JAM",6,10,0.402460502697907,250,0.665164099841648,835.249999999999,250,835.25,0.437640042206067,0.0996699913699845,2026,NA,2026-10-01,NA,NA,NA,NA,NA,NA,NA,NA,5,"2026/2027","Unobserved",67,170,226,781,NA,289,"Caribbean","Jamaica",0.665164099841648,835.249999999999,15.5620502037779,"Low","Below average - fewer cases than typical at this point",-0.749855576662034,"Low",9.89488886061901,"Below average - fewer cases than typical at this point","Jamaica"
"JAM",7,11,0.387408631159233,355.75,0.614632210540501,1191,355.75,1191,0.55703412693702,0.119394084730954,2026,NA,2026-11-01,NA,NA,NA,NA,NA,NA,NA,NA,5,"2026/2027","Unobserved",67,170,226,781,NA,289,"Caribbean","Jamaica",0.614632210540501,1191,14.0382683362357,"Low","Below average - fewer cases than typical at this point",-0.739690728063037,"Low",9.89488886061901,"Below average - fewer cases than typical at this point","Jamaica"
"JAM",8,12,0.691471575407252,318.375,0.690616936856461,1509.375,318.375,1509.375,0.737060155045337,0.180026028108316,2026,NA,2026-12-01,NA,NA,NA,NA,NA,NA,NA,NA,5,"2026/2027","Unobserved",67,170,226,781,NA,289,"Caribbean","Jamaica",0.690616936856461,1509.375,9.89488886061901,"Low","Below average - fewer cases than typical at this point",-0.79396308953867,"Low",9.89488886061901,"Below average - fewer cases than typical at this point","Jamaica"
"KEN",11,1,0.283975446569764,203.833333333334,0.889177257894066,1371.66666666666,203.833333333333,1371.66666666667,0.886636121304807,0.137590413982102,2025,"WHO",2025-01-01,855,855,NA,19,NA,FALSE,"no_lookup_match",NA,3,"2024/2025","Observed",855,855,1528,9005,NA,1528,"Sub-Saharan Africa","Kenya",0.889177257894066,1371.66666666666,48.2313481717367,"Normal","Average - typical case load at this point",-0.355071089410732,"Extremely High",98.6840668172009,"Rare bad event - unusually high cases to date","Kenya"
"KEN",12,2,0.33710828320215,163.833333333333,0.905919683929719,1535.5,163.833333333333,1535.5,1,0.113363878695193,2025,"WHO",2025-02-01,673,673,NA,18,NA,FALSE,"no_lookup_match",NA,3,"2024/2025","Observed",1528,1528,1528,9005,NA,1528,"Sub-Saharan Africa","Kenya",0.905919683929719,1535.5,63.6972579506311,"Normal","Average - typical case load at this point",-0.00464759435117159,"Extremely High",98.6840668172009,"Rare bad event - unusually high cases to date","Kenya"
"KEN",1,3,0.302574900768946,11.8333333333333,0.302574900768946,11.8333333333333,11.8333333333333,11.8333333333333,0.0188339513083072,0.0188339513083072,2025,"Estimates",2025-03-01,29,NA,NA,NA,NA,NA,NA,NA,3,"2025/2026","Unobserved",29,1557,7443,9005,28.7782775990935,7757,"Sub-Saharan Africa","Kenya",0.302574900768946,11.8333333333333,87.5551043101297,"High","Above average - more cases than typical at this point",0.787975533598254,"Extremely High",98.6840668172009,"Rare bad event - unusually high cases to date","Kenya"
"KEN",2,4,NA,NA,NA,NA,10,21.8333333333333,0.0354202864489049,0.0165863351405976,2025,"WHO",2025-04-01,64,64,NA,16,NA,FALSE,"no_lookup_match",NA,3,"2025/2026","Observed",93,1621,7443,9005,NA,7757,"Sub-Saharan Africa","Kenya",NA,NA,NA,"Unknown","Cannot determine",NA,"Extremely High",98.6840668172009,"Rare bad event - unusually high cases to date","Kenya"
"KEN",3,5,0.253873791084432,35.3333333333333,0.52762574125256,57.1666666666667,35.3333333333333,57.1666666666667,0.0594711961009668,0.0240509096520619,2025,"WHO",2025-05-01,816,816,NA,15,NA,FALSE,"no_lookup_match",NA,3,"2025/2026","Observed",909,2437,7443,9005,NA,7757,"Sub-Saharan Africa","Kenya",0.52762574125256,57.1666666666667,99.9951360709095,"Extremely High","Rare bad event - unusually high cases to date",10.7740691284482,"Extremely High",98.6840668172009,"Rare bad event - unusually high cases to date","Kenya"
"KEN",4,6,1.05055701342053,185.166666666667,1.40659529332906,242.333333333333,185.166666666667,242.333333333333,0.245711087999323,0.186239891898356,2025,"Estimates",2025-06-01,285,NA,NA,NA,NA,NA,NA,NA,3,"2025/2026","Unobserved",1194,2722,7443,9005,284.574554820688,7757,"Sub-Saharan Africa","Kenya",1.40659529332906,242.333333333333,99.7414485549653,"Extremely High","Rare bad event - unusually high cases to date",4.64407815567303,"Extremely High",98.6840668172009,"Rare bad event - unusually high cases to date","Kenya"
"KEN",5,7,0.488107617426959,104.333333333333,1.70953944219854,346.666666666667,104.333333333333,346.666666666667,0.340067697788997,0.0943566097896739,2025,"WHO",2025-07-01,1241,1241,NA,13,NA,FALSE,"no_lookup_match",NA,3,"2025/2026","Observed",2435,3963,7443,9005,NA,7757,"Sub-Saharan Africa","Kenya",1.70953944219854,346.666666666667,99.9957783692243,"Extremely High","Rare bad event - unusually high cases to date",7.85704242698939,"Extremely High",98.6840668172009,"Rare bad event - unusually high cases to date","Kenya"
"KEN",6,8,0.716905166373617,173.833333333333,1.37856625469778,520.500000000001,173.833333333333,520.5,0.45975306139805,0.119685363609053,2025,"WHO",2025-08-01,740,740,740,12,1,TRUE,"applied_mean",NA,3,"2025/2026","Observed",3175,4703,7443,9005,NA,7757,"Sub-Saharan Africa","Kenya",1.37856625469778,520.500000000001,99.941036197684,"Extremely High","Rare bad event - unusually high cases to date",5.98000372004916,"Extremely High",98.6840668172009,"Rare bad event - unusually high cases to date","Kenya"
"KEN",7,9,0.357578568204209,177.333333333333,1.09338814164101,697.833333333333,177.333333333333,697.833333333333,0.54688511761976,0.0871320562217105,2025,"WHO",2025-09-01,650,650,650,11,1,TRUE,"applied_mean",NA,3,"2025/2026","Observed",3825,5353,7443,9005,NA,7757,"Sub-Saharan Africa","Kenya",1.09338814164101,697.833333333333,99.6855846476418,"Extremely High","Rare bad event - unusually high cases to date",4.68216301659849,"Extremely High",98.6840668172009,"Rare bad event - unusually high cases to date","Kenya"
"KEN",8,10,0.343966688824922,151,0.954936209073054,848.833333333333,151,848.833333333333,0.612256091103887,0.065370973484127,2025,"WHO",2025-10-01,932,932,932,10,1,TRUE,"applied_mean",NA,3,"2025/2026","Observed",4757,6285,7443,9005,NA,7757,"Sub-Saharan Africa","Kenya",0.954936209073054,848.833333333333,99.574739171972,"Extremely High","Rare bad event - unusually high cases to date",4.4966975533741,"Extremely High",98.6840668172009,"Rare bad event - unusually high cases to date","Kenya"
"KEN",9,11,0.448118546058244,185.5,0.857376537482003,1034.33333333334,185.5,1034.33333333333,0.694241185971818,0.0819850948679305,2025,"WHO",2025-11-01,313,313,313,9,1,TRUE,"applied_mean",NA,3,"2025/2026","Observed",5070,6598,7443,9005,NA,7757,"Sub-Saharan Africa","Kenya",0.857376537482003,1034.33333333334,98.9269328543895,"Extremely High","Rare bad event - unusually high cases to date",3.61127566761241,"Extremely High",98.6840668172009,"Rare bad event - unusually high cases to date","Kenya"
"KEN",10,12,0.281793519847279,133.5,0.833468567531114,1167.83333333333,133.5,1167.83333333333,0.749045707322705,0.0548045213508872,2025,"WHO",2025-12-01,461,461,461,8,1,TRUE,"applied_mean",NA,3,"2025/2026","Observed",5531,7059,7443,9005,NA,7757,"Sub-Saharan Africa","Kenya",0.833468567531114,1167.83333333333,98.6840668172009,"Extremely High","Rare bad event - unusually high cases to date",3.40965649668629,"Extremely High",98.6840668172009,"Rare bad event - unusually high cases to date","Kenya"
"KEN",11,1,0.283975446569764,203.833333333334,0.889177257894066,1371.66666666666,203.833333333333,1371.66666666667,0.886636121304807,0.137590413982102,2026,"WHO",2026-01-01,1284,1284,1284,7,1,TRUE,"applied_mean",NA,3,"2025/2026","Observed",6815,1284,7443,30506,NA,7757,"Sub-Saharan Africa","Kenya",0.889177257894066,1371.66666666666,99.0694150754516,"Extremely High","Rare bad event - unusually high cases to date",3.74084573553374,"Extremely High",99.89955350165,"Rare bad event - unusually high cases to date","Kenya"
"KEN",12,2,0.33710828320215,163.833333333333,0.905919683929719,1535.5,163.833333333333,1535.5,1,0.113363878695193,2026,"WHO",2026-02-01,942,942,942,6,1,TRUE,"applied_mean",NA,3,"2025/2026","Observed",7757,2226,7443,30506,NA,7757,"Sub-Saharan Africa","Kenya",0.905919683929719,1535.5,99.1753176497176,"Extremely High","Rare bad event - unusually high cases to date",3.85533443410807,"Extremely High",99.89955350165,"Rare bad event - unusually high cases to date","Kenya"
"KEN",1,3,0.302574900768946,11.8333333333333,0.302574900768946,11.8333333333333,11.8333333333333,11.8333333333333,0.0188339513083072,0.0188339513083072,2026,"WHO",2026-03-01,1337,1337,1337,5,1,TRUE,"applied_mean",NA,3,"2026/2027","Observed",1337,3563,23960,30506,NA,19661,"Sub-Saharan Africa","Kenya",0.302574900768946,11.8333333333333,100,"Extremely High","Rare bad event - unusually high cases to date",60.8271210450458,"Extremely High",99.89955350165,"Rare bad event - unusually high cases to date","Kenya"
"KEN",2,4,NA,NA,NA,NA,10,21.8333333333333,0.0354202864489049,0.0165863351405976,2026,"WHO",2026-04-01,1304,1304,1304,4,1,TRUE,"applied_mean",NA,3,"2026/2027","Observed",2641,4867,23960,30506,NA,19661,"Sub-Saharan Africa","Kenya",NA,NA,NA,"Unknown","Cannot determine",NA,"Extremely High",99.89955350165,"Rare bad event - unusually high cases to date","Kenya"
"KEN",3,5,0.253873791084432,35.3333333333333,0.52762574125256,57.1666666666667,35.3333333333333,57.1666666666667,0.0594711961009668,0.0240509096520619,2026,"WHO",2026-05-01,2702,2088,2702,3,1.2939672801636,TRUE,"applied_mean",NA,3,"2026/2027","Observed",5343,7569,23960,30506,NA,19661,"Sub-Saharan Africa","Kenya",0.52762574125256,57.1666666666667,100,"Extremely High","Rare bad event - unusually high cases to date",66.8557234217835,"Extremely High",99.89955350165,"Rare bad event - unusually high cases to date","Kenya"
"KEN",4,6,1.05055701342053,185.166666666667,1.40659529332906,242.333333333333,185.166666666667,242.333333333333,0.245711087999323,0.186239891898356,2026,"WHO",2026-06-01,1491,1102,1491,2,1.35276073619632,TRUE,"applied_mean",NA,3,"2026/2027","Observed",6834,9060,23960,30506,NA,19661,"Sub-Saharan Africa","Kenya",1.40659529332906,242.333333333333,100,"Extremely High","Rare bad event - unusually high cases to date",32.1669511483132,"Extremely High",99.89955350165,"Rare bad event - unusually high cases to date","Kenya"
"KEN",5,7,0.488107617426959,104.333333333333,1.70953944219854,346.666666666667,104.333333333333,346.666666666667,0.340067697788997,0.0943566097896739,2026,"WHO",2026-07-01,1314,1314,NA,1,NA,FALSE,"insufficient_n_rf",NA,3,"2026/2027","Observed",8148,10374,23960,30506,NA,19661,"Sub-Saharan Africa","Kenya",1.70953944219854,346.666666666667,100,"Extremely High","Rare bad event - unusually high cases to date",29.3513521087406,"Extremely High",99.89955350165,"Rare bad event - unusually high cases to date","Kenya"
"KEN",6,8,0.716905166373617,173.833333333333,1.37856625469778,520.500000000001,173.833333333333,520.5,0.45975306139805,0.119685363609053,2026,"Estimates",2026-08-01,891,NA,NA,NA,NA,NA,NA,NA,3,"2026/2027","Unobserved",9039,11265,23960,30506,890.818161342181,19661,"Sub-Saharan Africa","Kenya",1.37856625469778,520.500000000001,99.9999999843282,"Extremely High","Rare bad event - unusually high cases to date",19.1903038949854,"Extremely High",99.89955350165,"Rare bad event - unusually high cases to date","Kenya"
"KEN",7,9,0.357578568204209,177.333333333333,1.09338814164101,697.833333333333,177.333333333333,697.833333333333,0.54688511761976,0.0871320562217105,2026,NA,2026-09-01,NA,NA,NA,NA,NA,NA,NA,NA,3,"2026/2027","Unobserved",9039,11265,23960,30506,NA,19661,"Sub-Saharan Africa","Kenya",1.09338814164101,697.833333333333,99.9999036256331,"Extremely High","Rare bad event - unusually high cases to date",12.4888457331826,"Extremely High",99.89955350165,"Rare bad event - unusually high cases to date","Kenya"
"KEN",8,10,0.343966688824922,151,0.954936209073054,848.833333333333,151,848.833333333333,0.612256091103887,0.065370973484127,2026,NA,2026-10-01,NA,NA,NA,NA,NA,NA,NA,NA,3,"2026/2027","Unobserved",9039,11265,23960,30506,NA,19661,"Sub-Saharan Africa","Kenya",0.954936209073054,848.833333333333,99.9966384360852,"Extremely High","Rare bad event - unusually high cases to date",9.42352400828849,"Extremely High",99.89955350165,"Rare bad event - unusually high cases to date","Kenya"
"KEN",9,11,0.448118546058244,185.5,0.857376537482003,1034.33333333334,185.5,1034.33333333333,0.694241185971818,0.0819850948679305,2026,NA,2026-11-01,NA,NA,NA,NA,NA,NA,NA,NA,3,"2026/2027","Unobserved",9039,11265,23960,30506,NA,19661,"Sub-Saharan Africa","Kenya",0.857376537482003,1034.33333333334,99.9627269573808,"Extremely High","Rare bad event - unusually high cases to date",7.16289534005489,"Extremely High",99.89955350165,"Rare bad event - unusually high cases to date","Kenya"
"KEN",10,12,0.281793519847279,133.5,0.833468567531114,1167.83333333333,133.5,1167.83333333333,0.749045707322705,0.0548045213508872,2026,NA,2026-12-01,NA,NA,NA,NA,NA,NA,NA,NA,3,"2026/2027","Unobserved",9039,11265,23960,30506,NA,19661,"Sub-Saharan Africa","Kenya",0.833468567531114,1167.83333333333,99.89955350165,"Extremely High","Rare bad event - unusually high cases to date",6.15103126051428,"Extremely High",99.89955350165,"Rare bad event - unusually high cases to date","Kenya"
"KHM",12,1,0.658669304753035,791.875000000001,1.49141059639954,22943,791.875,22943,1,0.0389158613258132,2025,"WHO",2025-01-01,761,761,NA,19,NA,FALSE,"no_lookup_match",NA,2,"2024/2025","Observed",761,761,761,65568,NA,761,"East & Southeast Asia","Cambodia",1.49141059639954,22943,0.831543474023034,"Extremely Low","Rare good event - unusually low cases to date",-1.18068757467702,"Extremely High",96.1150401472244,"Rare bad event - unusually high cases to date","Cambodia"
"KHM",1,2,0.767005771347839,396.4375,0.767005771347839,396.4375,396.4375,396.4375,0.022370383973675,0.022370383973675,2025,"WHO",2025-02-01,498,498,NA,18,NA,FALSE,"no_lookup_match",NA,2,"2025/2026","Observed",498,1259,65000,65568,NA,65000,"East & Southeast Asia","Cambodia",0.767005771347839,396.4375,72.1554081126203,"Normal","Average - typical case load at this point",0.22414974597137,"Extremely High",96.1150401472244,"Rare bad event - unusually high cases to date","Cambodia"
"KHM",2,3,0.732832878651007,513.875,0.715352233405694,910.3125,513.875,910.3125,0.048258016979807,0.0258876330061319,2025,"WHO",2025-03-01,600,600,NA,17,NA,FALSE,"no_lookup_match",NA,2,"2025/2026","Observed",1098,1859,65000,65568,NA,65000,"East & Southeast Asia","Cambodia",0.715352233405694,910.3125,71.1477765325624,"Normal","Average - typical case load at this point",0.174314790308556,"Extremely High",96.1150401472244,"Rare bad event - unusually high cases to date","Cambodia"
"KHM",3,4,1.13003450281431,657.4375,1.14024778749005,1567.75,657.4375,1567.75,0.0770227128620988,0.0287646958822918,2025,"WHO",2025-04-01,935,935,NA,16,NA,FALSE,"no_lookup_match",NA,2,"2025/2026","Observed",2033,2794,65000,65568,NA,65000,"East & Southeast Asia","Cambodia",1.14024778749005,1567.75,72.5701149238952,"Normal","Average - typical case load at this point",0.316775302613224,"Extremely High",96.1150401472244,"Rare bad event - unusually high cases to date","Cambodia"
"KHM",4,5,1.28021947015443,1453.625,1.40240497702034,3021.375,1453.625,3021.375,0.139847760133425,0.0628250472713258,2025,"WHO",2025-05-01,3233,3233,NA,15,NA,FALSE,"no_lookup_match",NA,2,"2025/2026","Observed",5266,6027,65000,65568,NA,65000,"East & Southeast Asia","Cambodia",1.40240497702034,3021.375,84.0435673119932,"High","Above average - more cases than typical at this point",0.879579539799769,"Extremely High",96.1150401472244,"Rare bad event - unusually high cases to date","Cambodia"
"KHM",5,6,1.01159822329271,3400.8125,1.23766169273383,6422.18749999999,3400.8125,6422.1875,0.271557303695584,0.131709543562159,2025,"WHO",2025-06-01,6602,6602,NA,14,NA,FALSE,"no_lookup_match",NA,2,"2025/2026","Observed",11868,12629,65000,65568,NA,65000,"East & Southeast Asia","Cambodia",1.23766169273383,6422.18749999999,85.277955828202,"High","Above average - more cases than typical at this point",0.943276107619246,"Extremely High",96.1150401472244,"Rare bad event - unusually high cases to date","Cambodia"
"KHM",6,7,1.05820605954759,4697.18749999999,1.22121066048929,11119.375,4697.1875,11119.375,0.454950074675519,0.183392770979935,2025,"WHO",2025-07-01,14728,14728,NA,13,NA,FALSE,"no_lookup_match",NA,2,"2025/2026","Observed",26596,27357,65000,65568,NA,65000,"East & Southeast Asia","Cambodia",1.22121066048929,11119.375,92.0510026478301,"High","Above average - more cases than typical at this point",1.53803893173677,"Extremely High",96.1150401472244,"Rare bad event - unusually high cases to date","Cambodia"
"KHM",7,8,1.57695169973995,3647,1.34086446275241,14766.375,3647,14766.375,0.62322636994517,0.168276295269651,2025,"WHO",2025-08-01,9948,9948,9948,12,1,TRUE,"applied_mean",NA,2,"2025/2026","Observed",36544,37305,65000,65568,NA,65000,"East & Southeast Asia","Cambodia",1.34086446275241,14766.375,93.3507266975702,"High","Above average - more cases than typical at this point",1.70769121783392,"Extremely High",96.1150401472244,"Rare bad event - unusually high cases to date","Cambodia"
"KHM",8,9,1.51002413364875,2713.125,1.38211935227483,17479.5,2713.125,17479.5,0.744746853775012,0.121520483829843,2025,"WHO",2025-09-01,7408,7408,7408,11,1,TRUE,"applied_mean",NA,2,"2025/2026","Observed",43952,44713,65000,65568,NA,65000,"East & Southeast Asia","Cambodia",1.38211935227483,17479.5,93.8538063787102,"High","Above average - more cases than typical at this point",1.78041627719308,"Extremely High",96.1150401472244,"Rare bad event - unusually high cases to date","Cambodia"
"KHM",9,10,1.44019523372387,2190.3125,1.4200299980978,19669.8125,2190.3125,19669.8125,0.843525640357736,0.0987787865827243,2025,"WHO",2025-10-01,8685,8685,8685,10,1,TRUE,"applied_mean",NA,2,"2025/2026","Observed",52637,53398,65000,65568,NA,65000,"East & Southeast Asia","Cambodia",1.4200299980978,19669.8125,95.1444806765869,"Extremely High","Rare bad event - unusually high cases to date",1.99716874791911,"Extremely High",96.1150401472244,"Rare bad event - unusually high cases to date","Cambodia"
"KHM",10,11,1.425825163062,1504.8125,1.45305020725597,21174.625,1504.8125,21174.625,0.914508086293203,0.0709824459354669,2025,"WHO",2025-11-01,6058,6058,6058,9,1,TRUE,"applied_mean",NA,2,"2025/2026","Observed",58695,59456,65000,65568,NA,65000,"East & Southeast Asia","Cambodia",1.45305020725597,21174.625,95.8367648222817,"Extremely High","Rare bad event - unusually high cases to date",2.13588001569587,"Extremely High",96.1150401472244,"Rare bad event - unusually high cases to date","Cambodia"
"KHM",11,12,1.27482496552421,976.499999999998,1.47289908814809,22151.125,976.5,22151.125,0.961084138674187,0.0465760523809834,2025,"WHO",2025-12-01,3560,3560,3560,8,1,TRUE,"applied_mean",NA,2,"2025/2026","Observed",62255,63016,65000,65568,NA,65000,"East & Southeast Asia","Cambodia",1.47289908814809,22151.125,96.1150401472244,"Extremely High","Rare bad event - unusually high cases to date",2.19716467705495,"Extremely High",96.1150401472244,"Rare bad event - unusually high cases to date","Cambodia"
"KHM",12,1,0.658669304753035,791.875000000001,1.49141059639954,22943,791.875,22943,1,0.0389158613258132,2026,"WHO",2026-01-01,2745,2745,2745,7,1,TRUE,"applied_mean",NA,2,"2025/2026","Observed",65000,2745,65000,114375,NA,65000,"East & Southeast Asia","Cambodia",1.49141059639954,22943,96.2956577469958,"Extremely High","Rare bad event - unusually high cases to date",2.23857980922332,"Extremely High",95.6109664396925,"Rare bad event - unusually high cases to date","Cambodia"
"KHM",1,2,0.767005771347839,396.4375,0.767005771347839,396.4375,396.4375,396.4375,0.022370383973675,0.022370383973675,2026,"WHO",2026-02-01,1339,1339,1339,6,1,TRUE,"applied_mean",NA,2,"2026/2027","Observed",1339,4084,108342,114375,NA,96639,"East & Southeast Asia","Cambodia",0.767005771347839,396.4375,95.329742383338,"Extremely High","Rare bad event - unusually high cases to date",2.08024758091952,"Extremely High",95.6109664396925,"Rare bad event - unusually high cases to date","Cambodia"
"KHM",2,3,0.732832878651007,513.875,0.715352233405694,910.3125,513.875,910.3125,0.048258016979807,0.0258876330061319,2026,"WHO",2026-03-01,1275,1275,1275,5,1,TRUE,"applied_mean",NA,2,"2026/2027","Observed",2614,5359,108342,114375,NA,96639,"East & Southeast Asia","Cambodia",0.715352233405694,910.3125,92.5658960006669,"High","Above average - more cases than typical at this point",1.58229998968395,"Extremely High",95.6109664396925,"Rare bad event - unusually high cases to date","Cambodia"
"KHM",3,4,1.13003450281431,657.4375,1.14024778749005,1567.75,657.4375,1567.75,0.0770227128620988,0.0287646958822918,2026,"WHO",2026-04-01,2351,2351,2351,4,1,TRUE,"applied_mean",NA,2,"2026/2027","Observed",4965,7710,108342,114375,NA,96639,"East & Southeast Asia","Cambodia",1.14024778749005,1567.75,96.4308229093503,"Extremely High","Rare bad event - unusually high cases to date",2.31308951489045,"Extremely High",95.6109664396925,"Rare bad event - unusually high cases to date","Cambodia"
"KHM",4,5,1.28021947015443,1453.625,1.40240497702034,3021.375,1453.625,3021.375,0.139847760133425,0.0628250472713258,2026,"WHO",2026-05-01,2595,2595,2595,3,1.00002837684449,TRUE,"applied_mean",NA,2,"2026/2027","Observed",7560,10305,108342,114375,NA,96639,"East & Southeast Asia","Cambodia",1.40240497702034,3021.375,93.8460670186053,"High","Above average - more cases than typical at this point",1.77850718441777,"Extremely High",95.6109664396925,"Rare bad event - unusually high cases to date","Cambodia"
"KHM",5,6,1.01159822329271,3400.8125,1.23766169273383,6422.18749999999,3400.8125,6422.1875,0.271557303695584,0.131709543562159,2026,"WHO",2026-06-01,12150,8276,12150,2,1.46815281414555,TRUE,"applied_mean",NA,2,"2026/2027","Observed",19710,22455,108342,114375,NA,96639,"East & Southeast Asia","Cambodia",1.23766169273383,6422.18749999999,96.4333844858933,"Extremely High","Rare bad event - unusually high cases to date",2.30159889892911,"Extremely High",95.6109664396925,"Rare bad event - unusually high cases to date","Cambodia"
"KHM",6,7,1.05820605954759,4697.18749999999,1.22121066048929,11119.375,4697.1875,11119.375,0.454950074675519,0.183392770979935,2026,"WHO",2026-07-01,29580,29580,NA,1,NA,FALSE,"no_lookup_match",NA,2,"2026/2027","Observed",49290,52035,108342,114375,NA,96639,"East & Southeast Asia","Cambodia",1.22121066048929,11119.375,99.2647634432662,"Extremely High","Rare bad event - unusually high cases to date",3.79332750510688,"Extremely High",95.6109664396925,"Rare bad event - unusually high cases to date","Cambodia"
"KHM",7,8,1.57695169973995,3647,1.34086446275241,14766.375,3647,14766.375,0.62322636994517,0.168276295269651,2026,"Estimates",2026-08-01,10938,NA,NA,NA,NA,NA,NA,NA,2,"2026/2027","Unobserved",60228,62973,108342,114375,10937.9591925273,96639,"East & Southeast Asia","Cambodia",1.34086446275241,14766.375,99.1091035503973,"Extremely High","Rare bad event - unusually high cases to date",3.56487072217282,"Extremely High",95.6109664396925,"Rare bad event - unusually high cases to date","Cambodia"
"KHM",8,9,1.51002413364875,2713.125,1.38211935227483,17479.5,2713.125,17479.5,0.744746853775012,0.121520483829843,2026,NA,2026-09-01,NA,NA,NA,NA,NA,NA,NA,NA,2,"2026/2027","Unobserved",60228,62973,108342,114375,NA,96639,"East & Southeast Asia","Cambodia",1.38211935227483,17479.5,98.1272059480344,"Extremely High","Rare bad event - unusually high cases to date",2.87506375391778,"Extremely High",95.6109664396925,"Rare bad event - unusually high cases to date","Cambodia"
"KHM",9,10,1.44019523372387,2190.3125,1.4200299980978,19669.8125,2190.3125,19669.8125,0.843525640357736,0.0987787865827243,2026,NA,2026-10-01,NA,NA,NA,NA,NA,NA,NA,NA,2,"2026/2027","Unobserved",60228,62973,108342,114375,NA,96639,"East & Southeast Asia","Cambodia",1.4200299980978,19669.8125,97.0601049920548,"Extremely High","Rare bad event - unusually high cases to date",2.45703533391326,"Extremely High",95.6109664396925,"Rare bad event - unusually high cases to date","Cambodia"
"KHM",10,11,1.425825163062,1504.8125,1.45305020725597,21174.625,1504.8125,21174.625,0.914508086293203,0.0709824459354669,2026,NA,2026-11-01,NA,NA,NA,NA,NA,NA,NA,NA,2,"2026/2027","Unobserved",60228,62973,108342,114375,NA,96639,"East & Southeast Asia","Cambodia",1.45305020725597,21174.625,96.2165192026907,"Extremely High","Rare bad event - unusually high cases to date",2.22314737547203,"Extremely High",95.6109664396925,"Rare bad event - unusually high cases to date","Cambodia"
"KHM",11,12,1.27482496552421,976.499999999998,1.47289908814809,22151.125,976.5,22151.125,0.961084138674187,0.0465760523809834,2026,NA,2026-12-01,NA,NA,NA,NA,NA,NA,NA,NA,2,"2026/2027","Unobserved",60228,62973,108342,114375,NA,96639,"East & Southeast Asia","Cambodia",1.47289908814809,22151.125,95.6109664396925,"Extremely High","Rare bad event - unusually high cases to date",2.08611174762132,"Extremely High",95.6109664396925,"Rare bad event - unusually high cases to date","Cambodia"
"KIR",9,1,0.269903938232554,71.6249999999999,0.854837909392322,441.625,71.625,441.625,0.722993569585124,0.19310897207103,2025,"WHO",2025-01-01,0,0,NA,19,NA,FALSE,"no_lookup_match",NA,5,"2024/2025","Observed",0,0,26,2665,NA,26,"Pacific Islands","Kiribati",0.854837909392322,441.625,0.478587786193899,"Extremely Low","Rare good event - unusually low cases to date",-0.923680911662921,"High",93.7004553854417,"Above average - more cases than typical at this point","Kiribati"
"KIR",10,2,0.17884284205323,48.75,1.00731710419269,490.374999999999,48.75,490.375,0.830208380188257,0.107214810603133,2025,"WHO",2025-02-01,0,0,NA,18,NA,FALSE,"no_lookup_match",NA,5,"2024/2025","Observed",0,0,26,2665,NA,26,"Pacific Islands","Kiribati",1.00731710419269,490.374999999999,0.195918954614288,"Extremely Low","Rare good event - unusually low cases to date",-1.00262263003214,"High",93.7004553854417,"Above average - more cases than typical at this point","Kiribati"
"KIR",11,3,0.340993773343052,49.5,1.09735204427617,539.875,49.5,539.875,0.949645820647777,0.11943744045952,2025,"WHO",2025-03-01,5,5,NA,17,NA,FALSE,"no_lookup_match",NA,5,"2024/2025","Observed",5,5,26,2665,NA,26,"Pacific Islands","Kiribati",1.09735204427617,539.875,0.760648342217926,"Extremely Low","Rare good event - unusually low cases to date",-1.03679082331615,"High",93.7004553854417,"Above average - more cases than typical at this point","Kiribati"
"KIR",12,4,0.296019304513738,11.5,1.16753457536589,551.375,11.5,551.375,1,0.0503541793522226,2025,"WHO",2025-04-01,21,21,NA,16,NA,FALSE,"no_lookup_match",NA,5,"2024/2025","Observed",26,26,26,2665,NA,26,"Pacific Islands","Kiribati",1.16753457536589,551.375,3.17752463700838,"Extremely Low","Rare good event - unusually low cases to date",-1.02848481786564,"High",93.7004553854417,"Above average - more cases than typical at this point","Kiribati"
"KIR",1,5,0.333019488469882,43.125,0.333019488469882,43.125,43.125,43.125,0.121306873155001,0.121306873155001,2025,"WHO",2025-05-01,95,95,NA,15,NA,FALSE,"no_lookup_match",NA,5,"2025/2026","Observed",95,121,1420,2665,NA,1420,"Pacific Islands","Kiribati",0.333019488469882,43.125,85.8424583598567,"High","Above average - more cases than typical at this point",0.691501959658232,"High",93.7004553854417,"Above average - more cases than typical at this point","Kiribati"
"KIR",2,6,0.179841074985171,68.375,0.260012594633569,111.5,68.375,111.5,0.192089423815612,0.0707825506606106,2025,"WHO",2025-06-01,380,380,NA,14,NA,FALSE,"no_lookup_match",NA,5,"2025/2026","Observed",475,501,1420,2665,NA,1420,"Pacific Islands","Kiribati",0.260012594633569,111.5,93.9275386605715,"High","Above average - more cases than typical at this point",1.66043145887544,"High",93.7004553854417,"Above average - more cases than typical at this point","Kiribati"
"KIR",3,7,0.184801623535672,74.6249999999999,0.229738139736075,186.125,74.625,186.125,0.255224543763699,0.0631351199480873,2025,"WHO",2025-07-01,494,494,NA,13,NA,FALSE,"no_lookup_match",NA,5,"2025/2026","Observed",969,995,1420,2665,NA,1420,"Pacific Islands","Kiribati",0.229738139736075,186.125,95.3920196740821,"Extremely High","Rare bad event - unusually high cases to date",2.01482067973755,"High",93.7004553854417,"Above average - more cases than typical at this point","Kiribati"
"KIR",4,8,NA,NA,0.221534946091826,223.125,37,223.125,0.293382494277794,0.0381579505140953,2025,"WHO",2025-08-01,163,163,NA,12,NA,FALSE,"no_lookup_match",NA,5,"2025/2026","Observed",1132,1158,1420,2665,NA,1420,"Pacific Islands","Kiribati",0.221534946091826,223.125,95.0988522109678,"Extremely High","Rare bad event - unusually high cases to date",1.91629141209974,"High",93.7004553854417,"Above average - more cases than typical at this point","Kiribati"
"KIR",5,9,NA,NA,0.213387533914778,262.75,39.625,262.75,0.330303409525833,0.0369209152480389,2025,"WHO",2025-09-01,198,198,NA,11,NA,FALSE,"no_lookup_match",NA,5,"2025/2026","Observed",1330,1356,1420,2665,NA,1420,"Pacific Islands","Kiribati",0.213387533914778,262.75,94.9963203981711,"High","Above average - more cases than typical at this point",1.8755631027373,"High",93.7004553854417,"Above average - more cases than typical at this point","Kiribati"
"KIR",6,10,NA,NA,0.211673114659737,283.375,20.625,283.375,0.360211490037504,0.0299080805116705,2025,"WHO",2025-10-01,40,40,NA,10,NA,FALSE,"no_lookup_match",NA,5,"2025/2026","Observed",1370,1396,1420,2665,NA,1420,"Pacific Islands","Kiribati",0.211673114659737,283.375,94.6023840514557,"High","Above average - more cases than typical at this point",1.76355442651044,"High",93.7004553854417,"Above average - more cases than typical at this point","Kiribati"
"KIR",7,11,0.194663453044975,32.125,0.301949874067459,315.5,32.125,315.5,0.414296383216872,0.0540848931793681,2025,"WHO",2025-11-01,12,12,NA,9,NA,FALSE,"no_lookup_match",NA,5,"2025/2026","Observed",1382,1408,1420,2665,NA,1420,"Pacific Islands","Kiribati",0.301949874067459,315.5,94.6056133941426,"High","Above average - more cases than typical at this point",1.85661220382813,"High",93.7004553854417,"Above average - more cases than typical at this point","Kiribati"
"KIR",8,12,0.21444184210792,54.5000000000001,0.384189053842691,370,54.5,370,0.529884597514094,0.115588214297222,2025,"WHO",2025-12-01,4,4,NA,8,NA,FALSE,"no_lookup_match",NA,5,"2025/2026","Observed",1386,1412,1420,2665,NA,1420,"Pacific Islands","Kiribati",0.384189053842691,370,93.7004553854417,"High","Above average - more cases than typical at this point",1.70113633062584,"High",93.7004553854417,"Above average - more cases than typical at this point","Kiribati"
"KIR",9,1,0.269903938232554,71.6249999999999,0.854837909392322,441.625,71.625,441.625,0.722993569585124,0.19310897207103,2026,"WHO",2026-01-01,14,14,NA,7,NA,FALSE,"no_lookup_match",NA,5,"2025/2026","Observed",1400,14,1420,200,NA,1420,"Pacific Islands","Kiribati",0.854837909392322,441.625,95.0064153320176,"Extremely High","Rare bad event - unusually high cases to date",2.00448954138681,"Normal",40.651793153466,"Average - typical case load at this point","Kiribati"
"KIR",10,2,0.17884284205323,48.75,1.00731710419269,490.374999999999,48.75,490.375,0.830208380188257,0.107214810603133,2026,"WHO",2026-02-01,10,10,NA,6,NA,FALSE,"no_lookup_match",NA,5,"2025/2026","Observed",1410,24,1420,200,NA,1420,"Pacific Islands","Kiribati",1.00731710419269,490.374999999999,94.3951872140252,"High","Above average - more cases than typical at this point",1.88026884760298,"Normal",40.651793153466,"Average - typical case load at this point","Kiribati"
"KIR",11,3,0.340993773343052,49.5,1.09735204427617,539.875,49.5,539.875,0.949645820647777,0.11943744045952,2026,"WHO",2026-03-01,4,4,NA,5,NA,FALSE,"no_lookup_match",NA,5,"2025/2026","Observed",1414,28,1420,200,NA,1420,"Pacific Islands","Kiribati",1.09735204427617,539.875,93.2467989411179,"High","Above average - more cases than typical at this point",1.69438612466694,"Normal",40.651793153466,"Average - typical case load at this point","Kiribati"
"KIR",12,4,0.296019304513738,11.5,1.16753457536589,551.375,11.5,551.375,1,0.0503541793522226,2026,"WHO",2026-04-01,6,6,NA,4,NA,FALSE,"no_lookup_match",NA,5,"2025/2026","Observed",1420,34,1420,200,NA,1420,"Pacific Islands","Kiribati",1.16753457536589,551.375,93.2912179816605,"High","Above average - more cases than typical at this point",1.70043802030654,"Normal",40.651793153466,"Average - typical case load at this point","Kiribati"
"KIR",1,5,0.333019488469882,43.125,0.333019488469882,43.125,43.125,43.125,0.121306873155001,0.121306873155001,2026,"WHO",2026-05-01,14,14,NA,3,NA,FALSE,"no_lookup_match",NA,5,"2026/2027","Observed",14,48,67,200,NA,242,"Pacific Islands","Kiribati",0.333019488469882,43.125,52.671204831739,"Normal","Average - typical case load at this point",-0.388240859277996,"Normal",40.651793153466,"Average - typical case load at this point","Kiribati"
"KIR",2,6,0.179841074985171,68.375,0.260012594633569,111.5,68.375,111.5,0.192089423815612,0.0707825506606106,2026,"WHO",2026-06-01,2,2,NA,2,NA,FALSE,"insufficient_n_rf",NA,5,"2026/2027","Observed",16,50,67,200,NA,242,"Pacific Islands","Kiribati",0.260012594633569,111.5,47.108546313084,"Normal","Average - typical case load at this point",-0.436234399787081,"Normal",40.651793153466,"Average - typical case load at this point","Kiribati"
"KIR",3,7,0.184801623535672,74.6249999999999,0.229738139736075,186.125,74.625,186.125,0.255224543763699,0.0631351199480873,2026,"WHO",2026-07-01,1,1,NA,1,NA,FALSE,"insufficient_n_rf",NA,5,"2026/2027","Observed",17,51,67,200,NA,242,"Pacific Islands","Kiribati",0.229738139736075,186.125,45.3712963182653,"Normal","Average - typical case load at this point",-0.435263033639615,"Normal",40.651793153466,"Average - typical case load at this point","Kiribati"
"KIR",4,8,NA,NA,0.221534946091826,223.125,37,223.125,0.293382494277794,0.0381579505140953,2026,"Estimates",2026-08-01,54,NA,NA,NA,NA,NA,NA,NA,5,"2026/2027","Unobserved",71,105,67,200,54.1842897300153,242,"Pacific Islands","Kiribati",0.221534946091826,223.125,60.2187991681512,"Normal","Average - typical case load at this point",-0.32074359077505,"Normal",40.651793153466,"Average - typical case load at this point","Kiribati"
"KIR",5,9,NA,NA,0.213387533914778,262.75,39.625,262.75,0.330303409525833,0.0369209152480389,2026,NA,2026-09-01,NA,NA,NA,NA,NA,NA,NA,NA,5,"2026/2027","Unobserved",71,105,67,200,NA,242,"Pacific Islands","Kiribati",0.213387533914778,262.75,58.9734773525847,"Normal","Average - typical case load at this point",-0.336977488826307,"Normal",40.651793153466,"Average - typical case load at this point","Kiribati"
"KIR",6,10,NA,NA,0.211673114659737,283.375,20.625,283.375,0.360211490037504,0.0299080805116705,2026,NA,2026-10-01,NA,NA,NA,NA,NA,NA,NA,NA,5,"2026/2027","Unobserved",71,105,67,200,NA,242,"Pacific Islands","Kiribati",0.211673114659737,283.375,58.2452844832265,"Normal","Average - typical case load at this point",-0.344677208172236,"Normal",40.651793153466,"Average - typical case load at this point","Kiribati"
"KIR",7,11,0.194663453044975,32.125,0.301949874067459,315.5,32.125,315.5,0.414296383216872,0.0540848931793681,2026,NA,2026-11-01,NA,NA,NA,NA,NA,NA,NA,NA,5,"2026/2027","Unobserved",71,105,67,200,NA,242,"Pacific Islands","Kiribati",0.301949874067459,315.5,48.844200141464,"Normal","Average - typical case load at this point",-0.425636834351597,"Normal",40.651793153466,"Average - typical case load at this point","Kiribati"
"KIR",8,12,0.21444184210792,54.5000000000001,0.384189053842691,370,54.5,370,0.529884597514094,0.115588214297222,2026,NA,2026-12-01,NA,NA,NA,NA,NA,NA,NA,NA,5,"2026/2027","Unobserved",71,105,67,200,NA,242,"Pacific Islands","Kiribati",0.384189053842691,370,40.651793153466,"Normal","Average - typical case load at this point",-0.500629687851501,"Normal",40.651793153466,"Average - typical case load at this point","Kiribati"
"KNA",10,1,0.337622312075385,24.5,2.14950969470086,137.5,24.5,137.5,0.960613961748788,0.110682170142429,2025,"WHO",2025-01-01,0,0,NA,19,NA,FALSE,"no_lookup_match",NA,4,"2024/2025","Observed",0,0,4,13,NA,4,"Caribbean","Saint Kitts And Nevis",2.14950969470086,137.5,0.0126935693854105,"Extremely Low","Rare good event - unusually low cases to date",-1.45479347856405,"Extremely Low",0.238178298820903,"Rare good event - unusually low cases to date","Saint Kitts And Nevis"
"KNA",11,2,1.17761439544517,5.16666666666667,2.10855677727932,142.666666666667,5.16666666666667,142.666666666667,0.991473057797343,0.0308590960485542,2025,"PAHO",2025-02-01,4,4,NA,80,NA,FALSE,"no_lookup_match","current_month_missing",4,"2024/2025","Observed",4,4,4,13,NA,4,"Caribbean","Saint Kitts And Nevis",2.10855677727932,142.666666666667,0.213920050548082,"Extremely Low","Rare good event - unusually low cases to date",-1.40105874986401,"Extremely Low",0.238178298820903,"Rare good event - unusually low cases to date","Saint Kitts And Nevis"
"KNA",12,3,0.147516922522646,2.5,2.04292842180951,145.166666666667,2.5,145.166666666667,1,0.00852694220265754,2025,"WHO",2025-03-01,0,0,NA,17,NA,FALSE,"no_lookup_match",NA,4,"2024/2025","Observed",4,4,4,13,NA,4,"Caribbean","Saint Kitts And Nevis",2.04292842180951,145.166666666667,0.241190479664954,"Extremely Low","Rare good event - unusually low cases to date",-1.38024830923679,"Extremely Low",0.238178298820903,"Rare good event - unusually low cases to date","Saint Kitts And Nevis"
"KNA",1,4,2.96198731504469,1.66666666666667,2.96198731504469,1.66666666666667,1.66666666666667,1.66666666666667,0.0170233764811229,0.0170233764811229,2025,"WHO",2025-04-01,0,0,NA,16,NA,FALSE,"no_lookup_match",NA,4,"2025/2026","Observed",0,4,20,13,NA,20,"Caribbean","Saint Kitts And Nevis",2.96198731504469,1.66666666666667,26.6535469804602,"Normal","Average - typical case load at this point",-1.03273432984676,"Extremely Low",0.238178298820903,"Rare good event - unusually low cases to date","Saint Kitts And Nevis"
"KNA",2,5,0.531478703055805,6.66666666666667,0.502435359051334,8.33333333333334,6.66666666666667,8.33333333333333,0.0849146912002327,0.0678913147191098,2025,"WHO",2025-05-01,0,0,NA,15,NA,FALSE,"no_lookup_match",NA,4,"2025/2026","Observed",0,4,20,13,NA,20,"Caribbean","Saint Kitts And Nevis",0.502435359051334,8.33333333333334,23.6802076776088,"Low","Below average - fewer cases than typical at this point",-0.688378512656307,"Extremely Low",0.238178298820903,"Rare good event - unusually low cases to date","Saint Kitts And Nevis"
"KNA",3,6,1.66592602956819,16.5,1.48982135948266,24.8333333333333,16.5,24.8333333333333,0.28918557038214,0.204270879181907,2025,"WHO",2025-06-01,0,0,NA,14,NA,FALSE,"no_lookup_match",NA,4,"2025/2026","Observed",0,4,20,13,NA,20,"Caribbean","Saint Kitts And Nevis",1.48982135948266,24.8333333333333,1.38640216911712,"Extremely Low","Rare good event - unusually low cases to date",-1.18553843752746,"Extremely Low",0.238178298820903,"Rare good event - unusually low cases to date","Saint Kitts And Nevis"
"KNA",4,7,2.49110032662763,2.33333333333333,1.48175762738633,27.1666666666667,2.33333333333333,27.1666666666667,0.314000850595808,0.0248152802136677,2025,"WHO",2025-07-01,0,0,NA,13,NA,FALSE,"no_lookup_match",NA,4,"2025/2026","Observed",0,4,20,13,NA,20,"Caribbean","Saint Kitts And Nevis",1.48175762738633,27.1666666666667,1.241595817277,"Extremely Low","Rare good event - unusually low cases to date",-1.18537671712044,"Extremely Low",0.238178298820903,"Rare good event - unusually low cases to date","Saint Kitts And Nevis"
"KNA",5,8,2.5622018464792,2.66666666666667,NA,NA,2.66666666666667,29.8333333333333,0.344192474895497,0.0301916242996892,2025,"WHO",2025-08-01,0,0,0,12,1,TRUE,"applied_mean",NA,4,"2025/2026","Observed",0,4,20,13,NA,20,"Caribbean","Saint Kitts And Nevis",NA,NA,NA,"Unknown","Cannot determine",NA,"Extremely Low",0.238178298820903,"Rare good event - unusually low cases to date","Saint Kitts And Nevis"
"KNA",6,9,1.57896148111805,7.16666666666667,NA,NA,7.16666666666667,37,0.421558759354827,0.0773662844593299,2025,"PAHO",2025-09-01,3,3,NA,49,1,TRUE,"applied_mean","previous_month_missing",4,"2025/2026","Observed",3,7,20,13,NA,20,"Caribbean","Saint Kitts And Nevis",NA,NA,NA,"Unknown","Cannot determine",NA,"Extremely Low",0.238178298820903,"Rare good event - unusually low cases to date","Saint Kitts And Nevis"
"KNA",7,10,6.90099786106798,17,7.55048739303175,54,17,54,0.572432683856624,0.150873924501798,2025,"PAHO",2025-10-01,2,2,2,45,1,TRUE,"applied_mean","not_missing",4,"2025/2026","Observed",5,9,20,13,NA,20,"Caribbean","Saint Kitts And Nevis",7.55048739303175,54,0.00774243455975134,"Extremely Low","Rare good event - unusually low cases to date",-2.33545199783092,"Extremely Low",0.238178298820903,"Rare good event - unusually low cases to date","Saint Kitts And Nevis"
"KNA",8,11,0.599818748389156,36.8333333333334,4.37485137022863,90.8333333333333,36.8333333333333,90.8333333333333,0.740381937297947,0.167949253441322,2025,"WHO",2025-11-01,0,0,0,9,0.995133053221289,TRUE,"applied_mean",NA,4,"2025/2026","Observed",5,9,20,13,NA,20,"Caribbean","Saint Kitts And Nevis",4.37485137022863,90.8333333333333,0.0192099751775834,"Extremely Low","Rare good event - unusually low cases to date",-1.9305358099744,"Extremely Low",0.238178298820903,"Rare good event - unusually low cases to date","Saint Kitts And Nevis"
"KNA",9,12,0.511513784165169,22.1666666666667,2.83410228447822,113,22.1666666666667,113,0.84993179160636,0.109549854308413,2025,"PAHO",2025-12-01,2,2,2,37,1,TRUE,"applied_mean","not_missing",4,"2025/2026","Observed",7,11,20,13,NA,20,"Caribbean","Saint Kitts And Nevis",2.83410228447822,113,0.238178298820903,"Extremely Low","Rare good event - unusually low cases to date",-1.55975427628,"Extremely Low",0.238178298820903,"Rare good event - unusually low cases to date","Saint Kitts And Nevis"
"KNA",10,1,0.337622312075385,24.5,2.14950969470086,137.5,24.5,137.5,0.960613961748788,0.110682170142429,2026,"PAHO",2026-01-01,2,2,2,32,1.00227046970342,TRUE,"applied_mean","not_missing",4,"2025/2026","Observed",9,2,20,999,NA,20,"Caribbean","Saint Kitts And Nevis",2.14950969470086,137.5,0.794500519689015,"Extremely Low","Rare good event - unusually low cases to date",-1.3595706326944,"Extremely Low",0.515639515739654,"Rare good event - unusually low cases to date","Saint Kitts And Nevis"
"KNA",11,2,1.17761439544517,5.16666666666667,2.10855677727932,142.666666666667,5.16666666666667,142.666666666667,0.991473057797343,0.0308590960485542,2026,"PAHO",2026-02-01,3,3,3,28,1.01115704137224,TRUE,"applied_mean","not_missing",4,"2025/2026","Observed",12,5,20,999,NA,20,"Caribbean","Saint Kitts And Nevis",2.10855677727932,142.666666666667,1.30792969601049,"Extremely Low","Rare good event - unusually low cases to date",-1.32022843737186,"Extremely Low",0.515639515739654,"Rare good event - unusually low cases to date","Saint Kitts And Nevis"
"KNA",12,3,0.147516922522646,2.5,2.04292842180951,145.166666666667,2.5,145.166666666667,1,0.00852694220265754,2026,"PAHO",2026-03-01,8,8,8,24,1.00907389499087,TRUE,"applied_mean","not_missing",4,"2025/2026","Observed",20,13,20,999,NA,20,"Caribbean","Saint Kitts And Nevis",2.04292842180951,145.166666666667,3.37902208346596,"Extremely Low","Rare good event - unusually low cases to date",-1.22380930370346,"Extremely Low",0.515639515739654,"Rare good event - unusually low cases to date","Saint Kitts And Nevis"
"KNA",1,4,2.96198731504469,1.66666666666667,2.96198731504469,1.66666666666667,1.66666666666667,1.66666666666667,0.0170233764811229,0.0170233764811229,2026,"WHO",2026-04-01,4,4,4,4,1.01082621082621,TRUE,"applied_mean",NA,4,"2026/2027","Observed",4,17,235,999,NA,29,"Caribbean","Saint Kitts And Nevis",2.96198731504469,1.66666666666667,93.9156098543646,"High","Above average - more cases than typical at this point",1.44582806178547,"Extremely Low",0.515639515739654,"Rare good event - unusually low cases to date","Saint Kitts And Nevis"
"KNA",2,5,0.531478703055805,6.66666666666667,0.502435359051334,8.33333333333334,6.66666666666667,8.33333333333333,0.0849146912002327,0.0678913147191098,2026,"Estimates",2026-05-01,1,NA,NA,3,0.999881291547958,FALSE,"applied_mean",NA,4,"2026/2027","Unobserved",5,18,235,999,1.3578262943822,29,"Caribbean","Saint Kitts And Nevis",0.502435359051334,8.33333333333334,58.6579989494592,"Normal","Average - typical case load at this point",-0.275351405062523,"Extremely Low",0.515639515739654,"Rare good event - unusually low cases to date","Saint Kitts And Nevis"
"KNA",3,6,1.66592602956819,16.5,1.48982135948266,24.8333333333333,16.5,24.8333333333333,0.28918557038214,0.204270879181907,2026,"Estimates",2026-06-01,4,NA,NA,2,1.19385655496767,FALSE,"applied_mean",NA,4,"2026/2027","Unobserved",9,22,235,999,4.08541758363815,29,"Caribbean","Saint Kitts And Nevis",1.48982135948266,24.8333333333333,24.8645123487472,"Low","Below average - fewer cases than typical at this point",-0.755880211846366,"Extremely Low",0.515639515739654,"Rare good event - unusually low cases to date","Saint Kitts And Nevis"
"KNA",4,7,2.49110032662763,2.33333333333333,1.48175762738633,27.1666666666667,2.33333333333333,27.1666666666667,0.314000850595808,0.0248152802136677,2026,"Estimates",2026-07-01,0,NA,NA,1,NA,FALSE,"no_lookup_match",NA,4,"2026/2027","Unobserved",9,22,235,999,0.496305604273354,29,"Caribbean","Saint Kitts And Nevis",1.48175762738633,27.1666666666667,22.5499339283037,"Low","Below average - fewer cases than typical at this point",-0.792675228013052,"Extremely Low",0.515639515739654,"Rare good event - unusually low cases to date","Saint Kitts And Nevis"
"KNA",5,8,2.5622018464792,2.66666666666667,NA,NA,2.66666666666667,29.8333333333333,0.344192474895497,0.0301916242996892,2026,"Estimates",2026-08-01,1,NA,NA,NA,NA,NA,NA,NA,4,"2026/2027","Unobserved",10,23,235,999,0.603832485993784,29,"Caribbean","Saint Kitts And Nevis",NA,NA,NA,"Unknown","Cannot determine",NA,"Extremely Low",0.515639515739654,"Rare good event - unusually low cases to date","Saint Kitts And Nevis"
"KNA",6,9,1.57896148111805,7.16666666666667,NA,NA,7.16666666666667,37,0.421558759354827,0.0773662844593299,2026,NA,2026-09-01,NA,NA,NA,NA,NA,NA,NA,NA,4,"2026/2027","Unobserved",10,23,235,999,NA,29,"Caribbean","Saint Kitts And Nevis",NA,NA,NA,"Unknown","Cannot determine",NA,"Extremely Low",0.515639515739654,"Rare good event - unusually low cases to date","Saint Kitts And Nevis"
"KNA",7,10,6.90099786106798,17,7.55048739303175,54,17,54,0.572432683856624,0.150873924501798,2026,NA,2026-10-01,NA,NA,NA,NA,NA,NA,NA,NA,4,"2026/2027","Unobserved",10,23,235,999,NA,29,"Caribbean","Saint Kitts And Nevis",7.55048739303175,54,0.129512855163967,"Extremely Low","Rare good event - unusually low cases to date",-2.09714056948083,"Extremely Low",0.515639515739654,"Rare good event - unusually low cases to date","Saint Kitts And Nevis"
"KNA",8,11,0.599818748389156,36.8333333333334,4.37485137022863,90.8333333333333,36.8333333333333,90.8333333333333,0.740381937297947,0.167949253441322,2026,NA,2026-11-01,NA,NA,NA,NA,NA,NA,NA,NA,4,"2026/2027","Unobserved",10,23,235,999,NA,29,"Caribbean","Saint Kitts And Nevis",4.37485137022863,90.8333333333333,0.147698150436735,"Extremely Low","Rare good event - unusually low cases to date",-1.81807741327686,"Extremely Low",0.515639515739654,"Rare good event - unusually low cases to date","Saint Kitts And Nevis"
"KNA",9,12,0.511513784165169,22.1666666666667,2.83410228447822,113,22.1666666666667,113,0.84993179160636,0.109549854308413,2026,NA,2026-12-01,NA,NA,NA,NA,NA,NA,NA,NA,4,"2026/2027","Unobserved",10,23,235,999,NA,29,"Caribbean","Saint Kitts And Nevis",2.83410228447822,113,0.515639515739654,"Extremely Low","Rare good event - unusually low cases to date",-1.51561028732868,"Extremely Low",0.515639515739654,"Rare good event - unusually low cases to date","Saint Kitts And Nevis"
"LAO",12,1,0.765146224912296,316.875,1.19184624964927,15619.875,316.875,15619.875,1,0.0308004928052419,2025,"WHO",2025-01-01,253,253,NA,19,NA,FALSE,"no_lookup_match",NA,2,"2024/2025","Observed",253,253,253,12634,NA,253,"East & Southeast Asia","Lao People's Democratic Republic",1.19184624964927,15619.875,0.820795204789421,"Extremely Low","Rare good event - unusually low cases to date",-1.07399325341938,"Normal",52.5753958390738,"Average - typical case load at this point","Lao People's Democratic Republic"
"LAO",1,2,0.948230788825078,241.3125,0.948230788825078,241.3125,241.3125,241.3125,0.0192964558831778,0.0192964558831778,2025,"WHO",2025-02-01,165,165,NA,18,NA,FALSE,"no_lookup_match",NA,2,"2025/2026","Observed",165,418,12430,12634,NA,12430,"East & Southeast Asia","Lao People's Democratic Republic",0.948230788825078,241.3125,50.4034176102016,"Normal","Average - typical case load at this point",-0.307341556691414,"Normal",52.5753958390738,"Average - typical case load at this point","Lao People's Democratic Republic"
"LAO",2,3,1.0615154726294,273.25,1.05694072579257,514.5625,273.25,514.5625,0.0426573893351105,0.0233609334519327,2025,"WHO",2025-03-01,138,138,NA,17,NA,FALSE,"no_lookup_match",NA,2,"2025/2026","Observed",303,556,12430,12634,NA,12430,"East & Southeast Asia","Lao People's Democratic Republic",1.05694072579257,514.5625,43.6712326445326,"Normal","Average - typical case load at this point",-0.422260345225605,"Normal",52.5753958390738,"Average - typical case load at this point","Lao People's Democratic Republic"
"LAO",3,4,0.956594627868521,392.6875,1.06039541775543,907.25,392.6875,907.25,0.0685257614442771,0.0258683721091666,2025,"WHO",2025-04-01,173,173,NA,16,NA,FALSE,"no_lookup_match",NA,2,"2025/2026","Observed",476,729,12430,12634,NA,12430,"East & Southeast Asia","Lao People's Democratic Republic",1.06039541775543,907.25,39.8159827533079,"Normal","Average - typical case load at this point",-0.489195438172256,"Normal",52.5753958390738,"Average - typical case load at this point","Lao People's Democratic Republic"
"LAO",4,5,1.23022667110811,824.250000000001,1.22567653281769,1731.5,824.25,1731.5,0.12676678600099,0.0582410245567132,2025,"WHO",2025-05-01,614,614,NA,15,NA,FALSE,"no_lookup_match",NA,2,"2025/2026","Observed",1090,1343,12430,12634,NA,12430,"East & Southeast Asia","Lao People's Democratic Republic",1.22567653281769,1731.5,43.5928428709441,"Normal","Average - typical case load at this point",-0.410023211345217,"Normal",52.5753958390738,"Average - typical case load at this point","Lao People's Democratic Republic"
"LAO",5,6,0.991327951362401,1838.6875,1.15637744960911,3570.18750000001,1838.6875,3570.1875,0.236300578606482,0.109533792605492,2025,"WHO",2025-06-01,1271,1271,NA,14,NA,FALSE,"no_lookup_match",NA,2,"2025/2026","Observed",2361,2614,12430,12634,NA,12430,"East & Southeast Asia","Lao People's Democratic Republic",1.15637744960911,3570.18750000001,46.2708490177464,"Normal","Average - typical case load at this point",-0.36415150455623,"Normal",52.5753958390738,"Average - typical case load at this point","Lao People's Democratic Republic"
"LAO",6,7,0.867636409536776,3511.25,1.04391785440238,7081.43749999999,3511.25,7081.4375,0.429921436511435,0.193620857904953,2025,"WHO",2025-07-01,2741,2741,NA,13,NA,FALSE,"no_lookup_match",NA,2,"2025/2026","Observed",5102,5355,12430,12634,NA,12430,"East & Southeast Asia","Lao People's Democratic Republic",1.04391785440238,7081.43749999999,50.7919021582692,"Normal","Average - typical case load at this point",-0.285575878368625,"Normal",52.5753958390738,"Average - typical case load at this point","Lao People's Democratic Republic"
"LAO",7,8,1.04070615742484,2951.4375,1.05702552478338,10032.875,2951.4375,10032.875,0.609548541971067,0.179627105459631,2025,"WHO",2025-08-01,2506,2506,2506,12,1,TRUE,"applied_mean",NA,2,"2025/2026","Observed",7608,7861,12430,12634,NA,12430,"East & Southeast Asia","Lao People's Democratic Republic",1.05702552478338,10032.875,52.487988922931,"Normal","Average - typical case load at this point",-0.248475638570985,"Normal",52.5753958390738,"Average - typical case load at this point","Lao People's Democratic Republic"
"LAO",8,9,1.0270084796246,2336.875,1.07032572275168,12369.75,2336.875,12369.75,0.751276525395475,0.141727983424408,2025,"WHO",2025-09-01,1369,1369,1369,11,1,TRUE,"applied_mean",NA,2,"2025/2026","Observed",8977,9230,12430,12634,NA,12430,"East & Southeast Asia","Lao People's Democratic Republic",1.07032572275168,12369.75,50.7279468906498,"Normal","Average - typical case load at this point",-0.283746249460747,"Normal",52.5753958390738,"Average - typical case load at this point","Lao People's Democratic Republic"
"LAO",9,10,1.1689130501551,1600.375,1.10079434169019,13970.125,1600.375,13970.125,0.859510123757925,0.10823359836245,2025,"WHO",2025-10-01,1552,1552,1552,10,1,TRUE,"applied_mean",NA,2,"2025/2026","Observed",10529,10782,12430,12634,NA,12430,"East & Southeast Asia","Lao People's Democratic Republic",1.10079434169019,13970.125,51.7692804753177,"Normal","Average - typical case load at this point",-0.258425961796588,"Normal",52.5753958390738,"Average - typical case load at this point","Lao People's Democratic Republic"
"LAO",10,11,1.48192684951688,834.9375,1.12821174902687,14805.0625,834.9375,14805.0625,0.922068927607146,0.0625588038492216,2025,"WHO",2025-11-01,890,890,890,9,1,TRUE,"applied_mean",NA,2,"2025/2026","Observed",11419,11672,12430,12634,NA,12430,"East & Southeast Asia","Lao People's Democratic Republic",1.12821174902687,14805.0625,52.3461922415977,"Normal","Average - typical case load at this point",-0.242920120025973,"Normal",52.5753958390738,"Average - typical case load at this point","Lao People's Democratic Republic"
"LAO",11,12,1.60483881866054,497.9375,1.16617348419297,15303,497.9375,15303,0.969199507194758,0.0471305795876119,2025,"WHO",2025-12-01,573,573,573,8,1,TRUE,"applied_mean",NA,2,"2025/2026","Observed",11992,12245,12430,12634,NA,12430,"East & Southeast Asia","Lao People's Democratic Republic",1.16617348419297,15303,52.5753958390738,"Normal","Average - typical case load at this point",-0.233640236152583,"Normal",52.5753958390738,"Average - typical case load at this point","Lao People's Democratic Republic"
"LAO",12,1,0.765146224912296,316.875,1.19184624964927,15619.875,316.875,15619.875,1,0.0308004928052419,2026,"WHO",2026-01-01,438,438,438,7,1,TRUE,"applied_mean",NA,2,"2025/2026","Observed",12430,438,12430,7787,NA,12430,"East & Southeast Asia","Lao People's Democratic Republic",1.19184624964927,15619.875,52.9342306817224,"Normal","Average - typical case load at this point",-0.222940853573101,"Normal",25.259185266682,"Average - typical case load at this point","Lao People's Democratic Republic"
"LAO",1,2,0.948230788825078,241.3125,0.948230788825078,241.3125,241.3125,241.3125,0.0192964558831778,0.0192964558831778,2026,"WHO",2026-02-01,214,214,214,6,1,TRUE,"applied_mean",NA,2,"2026/2027","Observed",214,652,6769,7787,NA,8437,"East & Southeast Asia","Lao People's Democratic Republic",0.948230788825078,241.3125,59.371237658578,"Normal","Average - typical case load at this point",-0.109998575163102,"Normal",25.259185266682,"Average - typical case load at this point","Lao People's Democratic Republic"
"LAO",2,3,1.0615154726294,273.25,1.05694072579257,514.5625,273.25,514.5625,0.0426573893351105,0.0233609334519327,2026,"WHO",2026-03-01,238,238,238,5,1,TRUE,"applied_mean",NA,2,"2026/2027","Observed",452,890,6769,7787,NA,8437,"East & Southeast Asia","Lao People's Democratic Republic",1.05694072579257,514.5625,58.0001563489001,"Normal","Average - typical case load at this point",-0.124869307406449,"Normal",25.259185266682,"Average - typical case load at this point","Lao People's Democratic Republic"
"LAO",3,4,0.956594627868521,392.6875,1.06039541775543,907.25,392.6875,907.25,0.0685257614442771,0.0258683721091666,2026,"WHO",2026-04-01,203,203,203,4,1,TRUE,"applied_mean",NA,2,"2026/2027","Observed",655,1093,6769,7787,NA,8437,"East & Southeast Asia","Lao People's Democratic Republic",1.06039541775543,907.25,50.6933343890459,"Normal","Average - typical case load at this point",-0.286143882385975,"Normal",25.259185266682,"Average - typical case load at this point","Lao People's Democratic Republic"
"LAO",4,5,1.23022667110811,824.250000000001,1.22567653281769,1731.5,824.25,1731.5,0.12676678600099,0.0582410245567132,2026,"WHO",2026-05-01,267,267,267,3,1,TRUE,"applied_mean",NA,2,"2026/2027","Observed",922,1360,6769,7787,NA,8437,"East & Southeast Asia","Lao People's Democratic Republic",1.22567653281769,1731.5,37.669972080315,"Normal","Average - typical case load at this point",-0.517402633801953,"Normal",25.259185266682,"Average - typical case load at this point","Lao People's Democratic Republic"
"LAO",5,6,0.991327951362401,1838.6875,1.15637744960911,3570.18750000001,1838.6875,3570.1875,0.236300578606482,0.109533792605492,2026,"WHO",2026-06-01,719,684,719,2,1.05107625175925,TRUE,"applied_mean",NA,2,"2026/2027","Observed",1641,2079,6769,7787,NA,8437,"East & Southeast Asia","Lao People's Democratic Republic",1.15637744960911,3570.18750000001,34.0267921633081,"Normal","Average - typical case load at this point",-0.580982296538849,"Normal",25.259185266682,"Average - typical case load at this point","Lao People's Democratic Republic"
"LAO",6,7,0.867636409536776,3511.25,1.04391785440238,7081.43749999999,3511.25,7081.4375,0.429921436511435,0.193620857904953,2026,"WHO",2026-07-01,1269,1269,NA,1,NA,FALSE,"insufficient_n_rf",NA,2,"2026/2027","Observed",2910,3348,6769,7787,NA,8437,"East & Southeast Asia","Lao People's Democratic Republic",1.04391785440238,7081.43749999999,32.8240345183079,"Normal","Average - typical case load at this point",-0.601818409584705,"Normal",25.259185266682,"Average - typical case load at this point","Lao People's Democratic Republic"
"LAO",7,8,1.04070615742484,2951.4375,1.05702552478338,10032.875,2951.4375,10032.875,0.609548541971067,0.179627105459631,2026,"Estimates",2026-08-01,2233,NA,NA,NA,NA,NA,NA,NA,2,"2026/2027","Unobserved",5143,5581,6769,7787,2232.76492086322,8437,"East & Southeast Asia","Lao People's Democratic Republic",1.05702552478338,10032.875,39.0948217863514,"Normal","Average - typical case load at this point",-0.501062864336221,"Normal",25.259185266682,"Average - typical case load at this point","Lao People's Democratic Republic"
"LAO",8,9,1.0270084796246,2336.875,1.07032572275168,12369.75,2336.875,12369.75,0.751276525395475,0.141727983424408,2026,NA,2026-09-01,NA,NA,NA,NA,NA,NA,NA,NA,2,"2026/2027","Unobserved",5143,5581,6769,7787,NA,8437,"East & Southeast Asia","Lao People's Democratic Republic",1.07032572275168,12369.75,32.6355856671736,"Normal","Average - typical case load at this point",-0.604395610725944,"Normal",25.259185266682,"Average - typical case load at this point","Lao People's Democratic Republic"
"LAO",9,10,1.1689130501551,1600.375,1.10079434169019,13970.125,1600.375,13970.125,0.859510123757925,0.10823359836245,2026,NA,2026-10-01,NA,NA,NA,NA,NA,NA,NA,NA,2,"2026/2027","Unobserved",5143,5581,6769,7787,NA,8437,"East & Southeast Asia","Lao People's Democratic Republic",1.10079434169019,13970.125,28.7739674795779,"Normal","Average - typical case load at this point",-0.662910608601468,"Normal",25.259185266682,"Average - typical case load at this point","Lao People's Democratic Republic"
"LAO",10,11,1.48192684951688,834.9375,1.12821174902687,14805.0625,834.9375,14805.0625,0.922068927607146,0.0625588038492216,2026,NA,2026-11-01,NA,NA,NA,NA,NA,NA,NA,NA,2,"2026/2027","Unobserved",5143,5581,6769,7787,NA,8437,"East & Southeast Asia","Lao People's Democratic Republic",1.12821174902687,14805.0625,26.7766258766732,"Normal","Average - typical case load at this point",-0.693167767044599,"Normal",25.259185266682,"Average - typical case load at this point","Lao People's Democratic Republic"
"LAO",11,12,1.60483881866054,497.9375,1.16617348419297,15303,497.9375,15303,0.969199507194758,0.0471305795876119,2026,NA,2026-12-01,NA,NA,NA,NA,NA,NA,NA,NA,2,"2026/2027","Unobserved",5143,5581,6769,7787,NA,8437,"East & Southeast Asia","Lao People's Democratic Republic",1.16617348419297,15303,25.259185266682,"Normal","Average - typical case load at this point",-0.716938930628281,"Normal",25.259185266682,"Average - typical case load at this point","Lao People's Democratic Republic"
"LCA",11,1,0.558781351832759,11.5454545454545,0.999512828764122,305.363636363637,11.5454545454545,305.363636363636,0.96354169279278,0.0946833422678151,2025,"PAHO",2025-01-01,8,8,NA,84,NA,FALSE,"no_lookup_match","current_month_missing",3,"2024/2025","Observed",8,8,18,54,NA,18,"Caribbean","Saint Lucia",0.999512828764122,305.363636363637,2.90374655800986,"Extremely Low","Rare good event - unusually low cases to date",-0.971975064337126,"Low",12.1999908255453,"Below average - fewer cases than typical at this point","Saint Lucia"
"LCA",12,2,0.56311082994739,4.54545454545454,1.03780807095449,309.909090909091,4.54545454545455,309.909090909091,1,0.0364583072072204,2025,"PAHO",2025-02-01,10,10,NA,80,NA,FALSE,"no_lookup_match","current_month_missing",3,"2024/2025","Observed",18,18,18,54,NA,18,"Caribbean","Saint Lucia",1.03780807095449,309.909090909091,5.45711642421388,"Low","Below average - fewer cases than typical at this point",-0.957956678015909,"Low",12.1999908255453,"Below average - fewer cases than typical at this point","Saint Lucia"
"LCA",1,3,0.916740461439758,6.54545454545454,0.916740461439758,6.54545454545454,6.54545454545455,6.54545454545455,0.0294325515021122,0.0294325515021122,2025,"PAHO",2025-03-01,6,6,NA,75,NA,FALSE,"no_lookup_match","current_month_missing",3,"2025/2026","Observed",6,24,30,54,NA,30,"Caribbean","Saint Lucia",0.916740461439758,6.54545454545454,63.6065310859373,"Normal","Average - typical case load at this point",-0.0747271746651173,"Low",12.1999908255453,"Below average - fewer cases than typical at this point","Saint Lucia"
"LCA",2,4,1.47221120142144,6.90909090909091,1.13299004247944,13.4545454545455,6.90909090909091,13.4545454545455,0.0640625028057447,0.0346299513036325,2025,"PAHO",2025-04-01,6,6,NA,71,NA,FALSE,"no_lookup_match","current_month_missing",3,"2025/2026","Observed",12,30,30,54,NA,30,"Caribbean","Saint Lucia",1.13299004247944,13.4545454545455,59.6691516881993,"Normal","Average - typical case load at this point",-0.110513381053154,"Low",12.1999908255453,"Below average - fewer cases than typical at this point","Saint Lucia"
"LCA",3,5,1.36164622647653,10.5454545454545,1.20361644059817,24,10.5454545454545,24,0.114756222495871,0.0506937196901261,2025,"PAHO",2025-05-01,1,1,NA,67,NA,FALSE,"no_lookup_match","current_month_missing",3,"2025/2026","Observed",13,31,30,54,NA,30,"Caribbean","Saint Lucia",1.20361644059817,24,40.4980235045234,"Normal","Average - typical case load at this point",-0.490681505486061,"Low",12.1999908255453,"Below average - fewer cases than typical at this point","Saint Lucia"
"LCA",4,6,1.2181034178363,10.4545454545455,1.2870894258015,34.4545454545455,10.4545454545455,34.4545454545455,0.155607923580876,0.0408517010850048,2025,"PAHO",2025-06-01,8,8,NA,62,NA,FALSE,"no_lookup_match","current_month_missing",3,"2025/2026","Observed",21,39,30,54,NA,30,"Caribbean","Saint Lucia",1.2870894258015,34.4545454545455,42.8924938479569,"Normal","Average - typical case load at this point",-0.434973623085377,"Low",12.1999908255453,"Below average - fewer cases than typical at this point","Saint Lucia"
"LCA",5,7,0.964456091301499,20.7272727272727,1.22468153154478,55.1818181818182,20.7272727272727,55.1818181818182,0.231990583040022,0.0763826594591463,2025,"PAHO",2025-07-01,3,3,NA,58,NA,FALSE,"no_lookup_match","current_month_missing",3,"2025/2026","Observed",24,42,30,54,NA,30,"Caribbean","Saint Lucia",1.22468153154478,55.1818181818182,32.2477981052159,"Normal","Average - typical case load at this point",-0.618515291275705,"Low",12.1999908255453,"Below average - fewer cases than typical at this point","Saint Lucia"
"LCA",6,8,0.612564964932272,41.4545454545455,0.989835792458502,96.6363636363634,41.4545454545455,96.6363636363636,0.328604260907829,0.0966136778678071,2025,"PAHO",2025-08-01,1,1,NA,54,NA,FALSE,"no_lookup_match","current_month_missing",3,"2025/2026","Observed",25,43,30,54,NA,30,"Caribbean","Saint Lucia",0.989835792458502,96.6363636363634,23.7058264820344,"Low","Below average - fewer cases than typical at this point",-0.733772832554398,"Low",12.1999908255453,"Below average - fewer cases than typical at this point","Saint Lucia"
"LCA",7,9,0.735566384287964,101.636363636364,0.897588729814173,198.272727272727,101.636363636364,198.272727272727,0.59925189171593,0.270647630808101,2025,"PAHO",2025-09-01,2,2,NA,49,1,TRUE,"applied_mean","previous_month_missing",3,"2025/2026","Observed",27,45,30,54,NA,30,"Caribbean","Saint Lucia",0.897588729814173,198.272727272727,15.3078737197997,"Low","Below average - fewer cases than typical at this point",-0.816550618942164,"Low",12.1999908255453,"Below average - fewer cases than typical at this point","Saint Lucia"
"LCA",8,10,0.82004440240247,30.9090909090909,0.92252286229738,229.181818181818,30.9090909090909,229.181818181818,0.706154271240115,0.106902379524185,2025,"PAHO",2025-10-01,3,3,3,45,1,TRUE,"applied_mean","not_missing",3,"2025/2026","Observed",30,48,30,54,NA,30,"Caribbean","Saint Lucia",0.92252286229738,229.181818181818,14.2108566483432,"Low","Below average - fewer cases than typical at this point",-0.833078209740196,"Low",12.1999908255453,"Below average - fewer cases than typical at this point","Saint Lucia"
"LCA",9,11,0.576725251634771,50.8181818181819,0.853692238114337,280,50.8181818181818,280,0.814529605070268,0.108375333830153,2025,"PAHO",2025-11-01,1,1,1,41,1,TRUE,"applied_mean","not_missing",3,"2025/2026","Observed",31,49,30,54,NA,30,"Caribbean","Saint Lucia",0.853692238114337,280,13.8123521950389,"Low","Below average - fewer cases than typical at this point",-0.82040996903653,"Low",12.1999908255453,"Below average - fewer cases than typical at this point","Saint Lucia"
"LCA",10,12,1.28913614270656,13.8181818181818,0.871538591630283,293.818181818181,13.8181818181818,293.818181818182,0.868858350524964,0.0543287454546963,2025,"WHO",2025-12-01,-2,-2,-2,8,1,TRUE,"applied_mean",NA,3,"2025/2026","Observed",29,47,30,54,NA,30,"Caribbean","Saint Lucia",0.871538591630283,293.818181818181,12.1999908255453,"Low","Below average - fewer cases than typical at this point",-0.8401740891459,"Low",12.1999908255453,"Below average - fewer cases than typical at this point","Saint Lucia"
"LCA",11,1,0.558781351832759,11.5454545454545,0.999512828764122,305.363636363637,11.5454545454545,305.363636363636,0.96354169279278,0.0946833422678151,2026,"WHO",2026-01-01,0,0,0,7,1,TRUE,"applied_mean",NA,3,"2025/2026","Observed",29,0,30,24,NA,30,"Caribbean","Saint Lucia",0.999512828764122,305.363636363637,9.350847703072,"Low","Below average - fewer cases than typical at this point",-0.903333596938203,"Extremely Low",3.95299206112426,"Rare good event - unusually low cases to date","Saint Lucia"
"LCA",12,2,0.56311082994739,4.54545454545454,1.03780807095449,309.909090909091,4.54545454545455,309.909090909091,1,0.0364583072072204,2026,"PAHO",2026-02-01,1,1,1,28,1,TRUE,"applied_mean","not_missing",3,"2025/2026","Observed",30,1,30,24,NA,30,"Caribbean","Saint Lucia",1.03780807095449,309.909090909091,8.88557363107753,"Low","Below average - fewer cases than typical at this point",-0.918576334976949,"Extremely Low",3.95299206112426,"Rare good event - unusually low cases to date","Saint Lucia"
"LCA",1,3,0.916740461439758,6.54545454545454,0.916740461439758,6.54545454545454,6.54545454545455,6.54545454545455,0.0294325515021122,0.0294325515021122,2026,"PAHO",2026-03-01,3,3,3,23,1,TRUE,"applied_mean","not_missing",3,"2026/2027","Observed",3,4,21,24,NA,21,"Caribbean","Saint Lucia",0.916740461439758,6.54545454545454,44.7125856820629,"Normal","Average - typical case load at this point",-0.485726635323264,"Extremely Low",3.95299206112426,"Rare good event - unusually low cases to date","Saint Lucia"
"LCA",2,4,1.47221120142144,6.90909090909091,1.13299004247944,13.4545454545455,6.90909090909091,13.4545454545455,0.0640625028057447,0.0346299513036325,2026,"WHO",2026-04-01,0,0,0,4,1,TRUE,"applied_mean",NA,3,"2026/2027","Observed",3,4,21,24,NA,21,"Caribbean","Saint Lucia",1.13299004247944,13.4545454545455,22.4650305545642,"Low","Below average - fewer cases than typical at this point",-0.794314926319543,"Extremely Low",3.95299206112426,"Rare good event - unusually low cases to date","Saint Lucia"
"LCA",3,5,1.36164622647653,10.5454545454545,1.20361644059817,24,10.5454545454545,24,0.114756222495871,0.0506937196901261,2026,"WHO",2026-05-01,0,0,0,3,1,TRUE,"applied_mean",NA,3,"2026/2027","Observed",3,4,21,24,NA,21,"Caribbean","Saint Lucia",1.20361644059817,24,11.7519017439737,"Low","Below average - fewer cases than typical at this point",-0.936755601382479,"Extremely Low",3.95299206112426,"Rare good event - unusually low cases to date","Saint Lucia"
"LCA",4,6,1.2181034178363,10.4545454545455,1.2870894258015,34.4545454545455,10.4545454545455,34.4545454545455,0.155607923580876,0.0408517010850048,2026,"PAHO",2026-06-01,2,2,2,10,1,TRUE,"applied_mean","not_missing",3,"2026/2027","Observed",5,6,21,24,NA,21,"Caribbean","Saint Lucia",1.2870894258015,34.4545454545455,11.187314073075,"Low","Below average - fewer cases than typical at this point",-0.95223955324096,"Extremely Low",3.95299206112426,"Rare good event - unusually low cases to date","Saint Lucia"
"LCA",5,7,0.964456091301499,20.7272727272727,1.22468153154478,55.1818181818182,20.7272727272727,55.1818181818182,0.231990583040022,0.0763826594591463,2026,"PAHO",2026-07-01,1,1,1,6,1,TRUE,"applied_mean","not_missing",3,"2026/2027","Observed",6,7,21,24,NA,21,"Caribbean","Saint Lucia",1.22468153154478,55.1818181818182,8.45475460847274,"Low","Below average - fewer cases than typical at this point",-0.975559103732234,"Extremely Low",3.95299206112426,"Rare good event - unusually low cases to date","Saint Lucia"
"LCA",6,8,0.612564964932272,41.4545454545455,0.989835792458502,96.6363636363634,41.4545454545455,96.6363636363636,0.328604260907829,0.0966136778678071,2026,"PAHO",2026-08-01,1,1,1,4,1,TRUE,"applied_mean","not_missing",3,"2026/2027","Observed",7,8,21,24,NA,21,"Caribbean","Saint Lucia",0.989835792458502,96.6363636363634,8.06244473059543,"Low","Below average - fewer cases than typical at this point",-0.918147224490655,"Extremely Low",3.95299206112426,"Rare good event - unusually low cases to date","Saint Lucia"
"LCA",7,9,0.735566384287964,101.636363636364,0.897588729814173,198.272727272727,101.636363636364,198.272727272727,0.59925189171593,0.270647630808101,2026,NA,2026-09-01,NA,NA,NA,NA,NA,NA,NA,NA,3,"2026/2027","Unobserved",7,8,21,24,NA,21,"Caribbean","Saint Lucia",0.897588729814173,198.272727272727,5.16542625876496,"Low","Below average - fewer cases than typical at this point",-0.911901540474689,"Extremely Low",3.95299206112426,"Rare good event - unusually low cases to date","Saint Lucia"
"LCA",8,10,0.82004440240247,30.9090909090909,0.92252286229738,229.181818181818,30.9090909090909,229.181818181818,0.706154271240115,0.106902379524185,2026,NA,2026-10-01,NA,NA,NA,NA,NA,NA,NA,NA,3,"2026/2027","Unobserved",7,8,21,24,NA,21,"Caribbean","Saint Lucia",0.92252286229738,229.181818181818,4.24137063629136,"Extremely Low","Rare good event - unusually low cases to date",-0.929275739208143,"Extremely Low",3.95299206112426,"Rare good event - unusually low cases to date","Saint Lucia"
"LCA",9,11,0.576725251634771,50.8181818181819,0.853692238114337,280,50.8181818181818,280,0.814529605070268,0.108375333830153,2026,NA,2026-11-01,NA,NA,NA,NA,NA,NA,NA,NA,3,"2026/2027","Unobserved",7,8,21,24,NA,21,"Caribbean","Saint Lucia",0.853692238114337,280,4.34754972511252,"Extremely Low","Rare good event - unusually low cases to date",-0.899485628702701,"Extremely Low",3.95299206112426,"Rare good event - unusually low cases to date","Saint Lucia"
"LCA",10,12,1.28913614270656,13.8181818181818,0.871538591630283,293.818181818181,13.8181818181818,293.818181818182,0.868858350524964,0.0543287454546963,2026,NA,2026-12-01,NA,NA,NA,NA,NA,NA,NA,NA,3,"2026/2027","Unobserved",7,8,21,24,NA,21,"Caribbean","Saint Lucia",0.871538591630283,293.818181818181,3.95299206112426,"Extremely Low","Rare good event - unusually low cases to date",-0.909972279867942,"Extremely Low",3.95299206112426,"Rare good event - unusually low cases to date","Saint Lucia"
"LKA",12,1,3.20742331069043,7276.875,3.28629785745415,59437.8125000001,7276.875,59437.8125,1,0.134049076211139,2025,"SEARO",2025-01-01,4942,4942,NA,20,NA,FALSE,"no_lookup_match",NA,2,"2024/2025","Observed",4942,4942,4942,59429,NA,4942,"South Asia","Sri Lanka",3.28629785745415,59437.8125000001,0.131579471824557,"Extremely Low","Rare good event - unusually low cases to date",-1.6620411439432,"Normal",50.003574365823,"Average - typical case load at this point","Sri Lanka"
"LKA",1,2,4.78602457451789,4363.49999999999,4.78602457451789,4363.49999999999,4363.5,4363.5,0.0890894109941871,0.0890894109941871,2025,"SEARO",2025-02-01,3666,3666,NA,19,NA,FALSE,"no_lookup_match",NA,2,"2025/2026","Observed",3666,8608,54389,59429,NA,54389,"South Asia","Sri Lanka",4.78602457451789,4363.49999999999,41.5015514023695,"Normal","Average - typical case load at this point",-0.349509230844533,"Normal",50.003574365823,"Average - typical case load at this point","Sri Lanka"
"LKA",2,3,3.06473137428624,3596.3125,4.28533242619434,7959.8125,3596.3125,7959.8125,0.151208206220534,0.0621187952263468,2025,"SEARO",2025-03-01,3771,3771,NA,18,NA,FALSE,"no_lookup_match",NA,2,"2025/2026","Observed",7437,12379,54389,59429,NA,54389,"South Asia","Sri Lanka",4.28533242619434,7959.8125,50.9496380388008,"Normal","Average - typical case load at this point",-0.13593099915637,"Normal",50.003574365823,"Average - typical case load at this point","Sri Lanka"
"LKA",3,4,1.70937739690396,3836.0625,3.45746632231124,11795.875,3836.0625,11795.875,0.208916741357625,0.0577085351370915,2025,"SEARO",2025-04-01,5171,5171,NA,17,NA,FALSE,"no_lookup_match",NA,2,"2025/2026","Observed",12608,17550,54389,59429,NA,54389,"South Asia","Sri Lanka",3.45746632231124,11795.875,61.9670043423433,"Normal","Average - typical case load at this point",0.127999436883948,"Normal",50.003574365823,"Average - typical case load at this point","Sri Lanka"
"LKA",4,5,2.01517789241611,4466.81249999999,3.18261440419022,16262.6875,4466.8125,16262.6875,0.279556911570857,0.0706401702132315,2025,"SEARO",2025-05-01,6035,6035,NA,16,NA,FALSE,"no_lookup_match",NA,2,"2025/2026","Observed",18643,23585,54389,59429,NA,54389,"South Asia","Sri Lanka",3.18261440419022,16262.6875,66.8338818986399,"Normal","Average - typical case load at this point",0.261090566685754,"Normal",50.003574365823,"Average - typical case load at this point","Sri Lanka"
"LKA",5,6,2.18952103883636,6223.18749999999,3.01462743599652,22485.875,6223.1875,22485.875,0.379397402304803,0.0998404907339462,2025,"SEARO",2025-06-01,5468,5468,NA,15,NA,FALSE,"no_lookup_match",NA,2,"2025/2026","Observed",24111,29053,54389,59429,NA,54389,"South Asia","Sri Lanka",3.01462743599652,22485.875,62.3539687484071,"Normal","Average - typical case load at this point",0.125477163449863,"Normal",50.003574365823,"Average - typical case load at this point","Sri Lanka"
"LKA",6,7,1.45272450640784,8700,2.51309300906251,31185.8749999999,8700,31185.875,0.505422421464096,0.126025019159292,2025,"SEARO",2025-07-01,4838,4838,NA,14,NA,FALSE,"no_lookup_match",NA,2,"2025/2026","Observed",28949,33891,54389,59429,NA,54389,"South Asia","Sri Lanka",2.51309300906251,31185.8749999999,53.8473038270682,"Normal","Average - typical case load at this point",-0.113702644328383,"Normal",50.003574365823,"Average - typical case load at this point","Sri Lanka"
"LKA",7,8,2.22931747150319,4748.75,2.52760592980915,35934.625,4748.75,35934.625,0.58424438356522,0.0788219621011243,2025,"SEARO",2025-08-01,2746,2746,NA,13,NA,FALSE,"no_lookup_match",NA,2,"2025/2026","Observed",31695,36637,54389,59429,NA,54389,"South Asia","Sri Lanka",2.52760592980915,35934.625,50.7109951455101,"Normal","Average - typical case load at this point",-0.187565835840264,"Normal",50.003574365823,"Average - typical case load at this point","Sri Lanka"
"LKA",8,9,3.70018545929503,2972,2.63917804231037,38906.6250000001,2972,38906.625,0.637202935361132,0.0529585517959123,2025,"SEARO",2025-09-01,2403,2403,NA,12,NA,FALSE,"no_lookup_match",NA,2,"2025/2026","Observed",34098,39040,54389,59429,NA,54389,"South Asia","Sri Lanka",2.63917804231037,38906.6250000001,49.9645010065692,"Normal","Average - typical case load at this point",-0.200778389437993,"Normal",50.003574365823,"Average - typical case load at this point","Sri Lanka"
"LKA",9,10,2.92995280395351,3361.93749999999,2.7264507879414,42268.5624999999,3361.9375,42268.5625,0.69464736936204,0.0574444340009073,2025,"SEARO",2025-10-01,2717,2717,NA,11,NA,FALSE,"no_lookup_match",NA,2,"2025/2026","Observed",36815,41757,54389,59429,NA,54389,"South Asia","Sri Lanka",2.7264507879414,42268.5624999999,49.3039001706392,"Normal","Average - typical case load at this point",-0.213033372058035,"Normal",50.003574365823,"Average - typical case load at this point","Sri Lanka"
"LKA",10,11,2.28240505981242,4265.25,2.82015330944318,46533.8124999999,4265.25,46533.8125,0.766384833423163,0.0717374640611237,2025,"SEARO",2025-11-01,3806,3806,NA,10,NA,FALSE,"no_lookup_match",NA,2,"2025/2026","Observed",40621,45563,54389,59429,NA,54389,"South Asia","Sri Lanka",2.82015330944318,46533.8124999999,49.1560103531033,"Normal","Average - typical case load at this point",-0.21337752392351,"Normal",50.003574365823,"Average - typical case load at this point","Sri Lanka"
"LKA",11,12,2.28376279500718,5627.125,3.01380901909274,52160.9375,5627.125,52160.9375,0.865950923788861,0.0995660903656975,2025,"SEARO",2025-12-01,5900,5900,NA,9,NA,FALSE,"no_lookup_match",NA,2,"2025/2026","Observed",46521,51463,54389,59429,NA,54389,"South Asia","Sri Lanka",3.01380901909274,52160.9375,50.003574365823,"Normal","Average - typical case load at this point",-0.187704299578529,"Normal",50.003574365823,"Average - typical case load at this point","Sri Lanka"
"LKA",12,1,3.20742331069043,7276.875,3.28629785745415,59437.8125000001,7276.875,59437.8125,1,0.134049076211139,2026,"SEARO",2026-01-01,7868,7868,NA,8,NA,FALSE,"no_lookup_match",NA,2,"2025/2026","Observed",54389,7868,54389,168948,NA,54389,"South Asia","Sri Lanka",3.28629785745415,59437.8125000001,51.1069307882306,"Normal","Average - typical case load at this point",-0.153981264212822,"High",84.8571061834811,"Above average - more cases than typical at this point","Sri Lanka"
"LKA",1,2,4.78602457451789,4363.49999999999,4.78602457451789,4363.49999999999,4363.5,4363.5,0.0890894109941871,0.0890894109941871,2026,"SEARO",2026-02-01,5724,5724,NA,7,NA,FALSE,"no_lookup_match",NA,2,"2026/2027","Observed",5724,13592,153381,168948,NA,140025,"South Asia","Sri Lanka",4.78602457451789,4363.49999999999,77.9721699878853,"High","Above average - more cases than typical at this point",0.68173090833548,"High",84.8571061834811,"Above average - more cases than typical at this point","Sri Lanka"
"LKA",2,3,3.06473137428624,3596.3125,4.28533242619434,7959.8125,3596.3125,7959.8125,0.151208206220534,0.0621187952263468,2026,"SEARO",2026-03-01,6016,6016,NA,6,NA,FALSE,"no_lookup_match",NA,2,"2026/2027","Observed",11740,19608,153381,168948,NA,140025,"South Asia","Sri Lanka",4.28533242619434,7959.8125,84.5268555196499,"High","Above average - more cases than typical at this point",0.982846936279112,"High",84.8571061834811,"Above average - more cases than typical at this point","Sri Lanka"
"LKA",3,4,1.70937739690396,3836.0625,3.45746632231124,11795.875,3836.0625,11795.875,0.208916741357625,0.0577085351370915,2026,"SEARO",2026-04-01,5662,5662,NA,5,NA,FALSE,"no_lookup_match",NA,2,"2026/2027","Observed",17402,25270,153381,168948,NA,140025,"South Asia","Sri Lanka",3.45746632231124,11795.875,82.8261840914718,"High","Above average - more cases than typical at this point",0.883584230384512,"High",84.8571061834811,"Above average - more cases than typical at this point","Sri Lanka"
"LKA",4,5,2.01517789241611,4466.81249999999,3.18261440419022,16262.6875,4466.8125,16262.6875,0.279556911570857,0.0706401702132315,2026,"SEARO",2026-05-01,8602,8602,NA,4,NA,FALSE,"no_lookup_match",NA,2,"2026/2027","Observed",26004,33872,153381,168948,NA,140025,"South Asia","Sri Lanka",3.18261440419022,16262.6875,86.1843162460113,"High","Above average - more cases than typical at this point",1.06850037584898,"High",84.8571061834811,"Above average - more cases than typical at this point","Sri Lanka"
"LKA",5,6,2.18952103883636,6223.18749999999,3.01462743599652,22485.875,6223.1875,22485.875,0.379397402304803,0.0998404907339462,2026,"SEARO",2026-06-01,21545,21545,NA,3,NA,FALSE,"no_lookup_match",NA,2,"2026/2027","Observed",47549,55417,153381,168948,NA,140025,"South Asia","Sri Lanka",3.01462743599652,22485.875,95.2038382470495,"Extremely High","Rare bad event - unusually high cases to date",1.93514334724368,"High",84.8571061834811,"Above average - more cases than typical at this point","Sri Lanka"
"LKA",6,7,1.45272450640784,8700,2.51309300906251,31185.8749999999,8700,31185.875,0.505422421464096,0.126025019159292,2026,"SEARO",2026-07-01,29973,29973,NA,2,NA,FALSE,"no_lookup_match",NA,2,"2026/2027","Observed",77522,85390,153381,168948,NA,140025,"South Asia","Sri Lanka",2.51309300906251,31185.8749999999,97.0899029057333,"Extremely High","Rare bad event - unusually high cases to date",2.35531263053619,"High",84.8571061834811,"Above average - more cases than typical at this point","Sri Lanka"
"LKA",7,8,2.22931747150319,4748.75,2.52760592980915,35934.625,4748.75,35934.625,0.58424438356522,0.0788219621011243,2026,"Estimates",2026-08-01,4287,0,NA,1,NA,FALSE,"no_lookup_match",NA,2,"2026/2027","Unobserved",81809,89677,153381,168948,4287.04769671805,140025,"South Asia","Sri Lanka",2.52760592980915,35934.625,95.6374162025826,"Extremely High","Rare bad event - unusually high cases to date",2.02953456744987,"High",84.8571061834811,"Above average - more cases than typical at this point","Sri Lanka"
"LKA",8,9,3.70018545929503,2972,2.63917804231037,38906.6250000001,2972,38906.625,0.637202935361132,0.0529585517959123,2026,"SEARO",2026-09-01,NA,0,NA,0,NA,FALSE,"no_lookup_match",NA,2,"2026/2027","Unobserved",81809,89677,153381,168948,NA,140025,"South Asia","Sri Lanka",2.63917804231037,38906.6250000001,94.1815963577267,"High","Above average - more cases than typical at this point",1.79133738970385,"High",84.8571061834811,"Above average - more cases than typical at this point","Sri Lanka"
"LKA",9,10,2.92995280395351,3361.93749999999,2.7264507879414,42268.5624999999,3361.9375,42268.5625,0.69464736936204,0.0574444340009073,2026,"SEARO",2026-10-01,NA,0,NA,-1,NA,FALSE,"no_lookup_match",NA,2,"2026/2027","Unobserved",81809,89677,153381,168948,NA,140025,"South Asia","Sri Lanka",2.7264507879414,42268.5624999999,92.1624644600532,"High","Above average - more cases than typical at this point",1.54457434626909,"High",84.8571061834811,"Above average - more cases than typical at this point","Sri Lanka"
"LKA",10,11,2.28240505981242,4265.25,2.82015330944318,46533.8124999999,4265.25,46533.8125,0.766384833423163,0.0717374640611237,2026,"SEARO",2026-11-01,NA,0,NA,-2,NA,FALSE,"no_lookup_match",NA,2,"2026/2027","Unobserved",81809,89677,153381,168948,NA,140025,"South Asia","Sri Lanka",2.82015330944318,46533.8124999999,89.1687954770371,"High","Above average - more cases than typical at this point",1.27298678330958,"High",84.8571061834811,"Above average - more cases than typical at this point","Sri Lanka"
"LKA",11,12,2.28376279500718,5627.125,3.01380901909274,52160.9375,5627.125,52160.9375,0.865950923788861,0.0995660903656975,2026,"SEARO",2026-12-01,NA,0,NA,-3,NA,FALSE,"no_lookup_match",NA,2,"2026/2027","Unobserved",81809,89677,153381,168948,NA,140025,"South Asia","Sri Lanka",3.01380901909274,52160.9375,84.8571061834811,"High","Above average - more cases than typical at this point",0.98672526165813,"High",84.8571061834811,"Above average - more cases than typical at this point","Sri Lanka"
"MAF",8,1,0.792820820760834,104.857142857143,1.01464255597164,521,104.857142857143,521,0.676773170096756,0.128085897953449,2025,"PAHO",2025-01-01,53,53,NA,84,NA,FALSE,"no_lookup_match","current_month_missing",6,"2024/2025","Observed",53,53,154,390,NA,154,"Caribbean","Saint Martin",1.01464255597164,521,9.58682975562636,"Low","Below average - fewer cases than typical at this point",-0.903945371920467,"Low",21.7818212723546,"Below average - fewer cases than typical at this point","Saint Martin"
"MAF",9,2,0.76915457209978,89.5714285714286,1.04460514972645,610.571428571428,89.5714285714286,610.571428571429,0.784608827508575,0.107835657411819,2025,"PAHO",2025-02-01,17,17,NA,80,NA,FALSE,"no_lookup_match","current_month_missing",6,"2024/2025","Observed",70,70,154,390,NA,154,"Caribbean","Saint Martin",1.04460514972645,610.571428571428,10.1917733205561,"Low","Below average - fewer cases than typical at this point",-0.904110470900612,"Low",21.7818212723546,"Below average - fewer cases than typical at this point","Saint Martin"
"MAF",10,3,0.645216872356217,51.0714285714285,1.04171585960181,661.642857142856,51.0714285714286,661.642857142857,0.842671191898835,0.0580623643902605,2025,"PAHO",2025-03-01,18,18,NA,75,NA,FALSE,"no_lookup_match","current_month_missing",6,"2024/2025","Observed",88,88,154,390,NA,154,"Caribbean","Saint Martin",1.04171585960181,661.642857142856,11.8053330064221,"Low","Below average - fewer cases than typical at this point",-0.884200963554701,"Low",21.7818212723546,"Below average - fewer cases than typical at this point","Saint Martin"
"MAF",11,4,0.651776341725401,38.7857142857142,1.07679318663396,700.428571428571,38.7857142857143,700.428571428571,0.904696501369141,0.0620253094703059,2025,"PAHO",2025-04-01,32,32,NA,71,NA,FALSE,"no_lookup_match","current_month_missing",6,"2024/2025","Observed",120,120,154,390,NA,154,"Caribbean","Saint Martin",1.07679318663396,700.428571428571,14.3574741459072,"Low","Below average - fewer cases than typical at this point",-0.859245975875018,"Low",21.7818212723546,"Below average - fewer cases than typical at this point","Saint Martin"
"MAF",12,5,0.659813220384339,60.2142857142857,1.11503660552734,760.642857142856,60.2142857142857,760.642857142857,1,0.0953034986308586,2025,"PAHO",2025-05-01,34,34,NA,67,NA,FALSE,"no_lookup_match","current_month_missing",6,"2024/2025","Observed",154,154,154,390,NA,154,"Caribbean","Saint Martin",1.11503660552734,760.642857142856,16.1507609954325,"Low","Below average - fewer cases than typical at this point",-0.841547770202641,"Low",21.7818212723546,"Below average - fewer cases than typical at this point","Saint Martin"
"MAF",1,6,0.886649271703714,52.7857142857143,0.886649271703714,52.7857142857143,52.7857142857143,52.7857142857143,0.0783264742011549,0.0783264742011549,2025,"PAHO",2025-06-01,30,30,NA,64,NA,FALSE,"no_lookup_match","current_month_missing",6,"2025/2026","Observed",30,184,68,390,NA,95,"Caribbean","Saint Martin",0.886649271703714,52.7857142857143,46.0803474570189,"Normal","Average - typical case load at this point",-0.4030927773898,"Low",21.7818212723546,"Below average - fewer cases than typical at this point","Saint Martin"
"MAF",2,7,0.921135279683278,25.5714285714286,0.91204137022801,78.3571428571429,25.5714285714286,78.3571428571429,0.116800677459286,0.0384742032581314,2025,"Estimates",2025-07-01,6,NA,NA,NA,NA,NA,NA,"current_month_missing",6,"2025/2026","Unobserved",36,190,68,390,5.92502730175224,95,"Caribbean","Saint Martin",0.91204137022801,78.3571428571429,39.2096237250334,"Normal","Average - typical case load at this point",-0.513265929139118,"Low",21.7818212723546,"Below average - fewer cases than typical at this point","Saint Martin"
"MAF",3,8,0.469521170166653,32.2857142857142,0.842369157513992,110.642857142857,32.2857142857143,110.642857142857,0.154994104704511,0.038193427245225,2025,"Estimates",2025-08-01,6,NA,NA,NA,NA,NA,NA,"current_month_missing",6,"2025/2026","Unobserved",42,196,68,390,5.88178779576465,95,"Caribbean","Saint Martin",0.842369157513992,110.642857142857,35.6560119374963,"Normal","Average - typical case load at this point",-0.567252253265953,"Low",21.7818212723546,"Below average - fewer cases than typical at this point","Saint Martin"
"MAF",4,9,0.823232204527585,37.2857142857143,0.844579948910748,147.928571428572,37.2857142857143,147.928571428571,0.203786542077302,0.0487924373727909,2025,"WHO",2025-09-01,20,20,20,11,1,TRUE,"applied_mean",NA,6,"2025/2026","Observed",62,216,68,390,NA,95,"Caribbean","Saint Martin",0.844579948910748,147.928571428572,37.9902515554357,"Normal","Average - typical case load at this point",-0.532316174078988,"Low",21.7818212723546,"Below average - fewer cases than typical at this point","Saint Martin"
"MAF",5,10,0.976499267766485,68.4999999999999,0.910401773803955,216.428571428571,68.5,216.428571428571,0.304337657177829,0.100551115100527,2025,"Estimates",2025-10-01,15,NA,NA,NA,NA,NA,NA,"current_month_missing",6,"2025/2026","Unobserved",77,231,68,390,15.4848717254811,95,"Caribbean","Saint Martin",0.910401773803955,216.428571428571,32.202360942355,"Normal","Average - typical case load at this point",-0.613397813220192,"Low",21.7818212723546,"Below average - fewer cases than typical at this point","Saint Martin"
"MAF",6,11,0.687936558611644,124.285714285714,0.863317206601237,340.714285714285,124.285714285714,340.714285714286,0.447820802102719,0.14348314492489,2025,"WHO",2025-11-01,5,5,5,9,1,TRUE,"applied_mean",NA,6,"2025/2026","Observed",82,236,68,390,NA,95,"Caribbean","Saint Martin",0.863317206601237,340.714285714285,24.8673603358977,"Low","Below average - fewer cases than typical at this point",-0.704637486509983,"Low",21.7818212723546,"Below average - fewer cases than typical at this point","Saint Martin"
"MAF",7,12,0.838830213220164,75.4285714285714,0.882843807708384,416.142857142858,75.4285714285714,416.142857142857,0.548687272143307,0.100866470040588,2025,"PAHO",2025-12-01,5,5,NA,37,NA,FALSE,"no_lookup_match","current_month_missing",6,"2025/2026","Observed",87,241,68,390,NA,95,"Caribbean","Saint Martin",0.882843807708384,416.142857142858,21.7818212723546,"Low","Below average - fewer cases than typical at this point",-0.742375685879569,"Low",21.7818212723546,"Below average - fewer cases than typical at this point","Saint Martin"
"MAF",8,1,0.792820820760834,104.857142857143,1.01464255597164,521,104.857142857143,521,0.676773170096756,0.128085897953449,2026,"WHO",2026-01-01,0,0,0,7,1,TRUE,"applied_mean",NA,6,"2025/2026","Observed",87,0,68,8,NA,95,"Caribbean","Saint Martin",1.01464255597164,521,15.2302428109835,"Low","Below average - fewer cases than typical at this point",-0.838274126951886,"Extremely Low",4.02468201625287,"Rare good event - unusually low cases to date","Saint Martin"
"MAF",9,2,0.76915457209978,89.5714285714286,1.04460514972645,610.571428571428,89.5714285714286,610.571428571429,0.784608827508575,0.107835657411819,2026,"PAHO",2026-02-01,4,4,NA,28,NA,FALSE,"no_lookup_match","current_month_missing",6,"2025/2026","Observed",91,4,68,8,NA,95,"Caribbean","Saint Martin",1.04460514972645,610.571428571428,13.1213808668866,"Low","Below average - fewer cases than typical at this point",-0.868987786116682,"Extremely Low",4.02468201625287,"Rare good event - unusually low cases to date","Saint Martin"
"MAF",10,3,0.645216872356217,51.0714285714285,1.04171585960181,661.642857142856,51.0714285714286,661.642857142857,0.842671191898835,0.0580623643902605,2026,"WHO",2026-03-01,1,1,1,5,1,TRUE,"applied_mean",NA,6,"2025/2026","Observed",92,5,68,8,NA,95,"Caribbean","Saint Martin",1.04171585960181,661.642857142856,12.319721783925,"Low","Below average - fewer cases than typical at this point",-0.878035448181888,"Extremely Low",4.02468201625287,"Rare good event - unusually low cases to date","Saint Martin"
"MAF",11,4,0.651776341725401,38.7857142857142,1.07679318663396,700.428571428571,38.7857142857143,700.428571428571,0.904696501369141,0.0620253094703059,2026,"PAHO",2026-04-01,3,3,NA,19,NA,FALSE,"no_lookup_match","current_month_missing",6,"2025/2026","Observed",95,8,68,8,NA,95,"Caribbean","Saint Martin",1.07679318663396,700.428571428571,11.4105184382175,"Low","Below average - fewer cases than typical at this point",-0.896255093713592,"Extremely Low",4.02468201625287,"Rare good event - unusually low cases to date","Saint Martin"
"MAF",12,5,0.659813220384339,60.2142857142857,1.11503660552734,760.642857142856,60.2142857142857,760.642857142857,1,0.0953034986308586,2026,"WHO",2026-05-01,0,0,0,3,1,TRUE,"applied_mean",NA,6,"2025/2026","Observed",95,8,68,8,NA,95,"Caribbean","Saint Martin",1.11503660552734,760.642857142856,9.89788426262685,"Low","Below average - fewer cases than typical at this point",-0.923393814967434,"Extremely Low",4.02468201625287,"Rare good event - unusually low cases to date","Saint Martin"
"MAF",1,6,0.886649271703714,52.7857142857143,0.886649271703714,52.7857142857143,52.7857142857143,52.7857142857143,0.0783264742011549,0.0783264742011549,2026,"Estimates",2026-06-01,5,NA,NA,2,1,FALSE,"applied_mean",NA,6,"2026/2027","Unobserved",5,13,NA,8,5.32620024567854,71,"Caribbean","Saint Martin",0.886649271703714,52.7857142857143,12.8389728891002,"Low","Below average - fewer cases than typical at this point",-0.845357580168577,"Extremely Low",4.02468201625287,"Rare good event - unusually low cases to date","Saint Martin"
"MAF",2,7,0.921135279683278,25.5714285714286,0.91204137022801,78.3571428571429,25.5714285714286,78.3571428571429,0.116800677459286,0.0384742032581314,2026,"Estimates",2026-07-01,3,NA,NA,1,NA,FALSE,"no_lookup_match",NA,6,"2026/2027","Unobserved",8,16,NA,8,2.61624582155294,71,"Caribbean","Saint Martin",0.91204137022801,78.3571428571429,12.4720575389175,"Low","Below average - fewer cases than typical at this point",-0.852558077912362,"Extremely Low",4.02468201625287,"Rare good event - unusually low cases to date","Saint Martin"
"MAF",3,8,0.469521170166653,32.2857142857142,0.842369157513992,110.642857142857,32.2857142857143,110.642857142857,0.154994104704511,0.038193427245225,2026,"Estimates",2026-08-01,3,NA,NA,NA,NA,NA,NA,NA,6,"2026/2027","Unobserved",11,19,NA,8,2.5971530526753,71,"Caribbean","Saint Martin",0.842369157513992,110.642857142857,13.4385474931306,"Low","Below average - fewer cases than typical at this point",-0.82343069022477,"Extremely Low",4.02468201625287,"Rare good event - unusually low cases to date","Saint Martin"
"MAF",4,9,0.823232204527585,37.2857142857143,0.844579948910748,147.928571428572,37.2857142857143,147.928571428571,0.203786542077302,0.0487924373727909,2026,NA,2026-09-01,NA,NA,NA,NA,NA,NA,NA,NA,6,"2026/2027","Unobserved",11,19,NA,8,NA,71,"Caribbean","Saint Martin",0.844579948910748,147.928571428572,10.5912409898063,"Low","Below average - fewer cases than typical at this point",-0.84825445196128,"Extremely Low",4.02468201625287,"Rare good event - unusually low cases to date","Saint Martin"
"MAF",5,10,0.976499267766485,68.4999999999999,0.910401773803955,216.428571428571,68.5,216.428571428571,0.304337657177829,0.100551115100527,2026,NA,2026-10-01,NA,NA,NA,NA,NA,NA,NA,NA,6,"2026/2027","Unobserved",11,19,NA,8,NA,71,"Caribbean","Saint Martin",0.910401773803955,216.428571428571,6.63707327381118,"Low","Below average - fewer cases than typical at this point",-0.903756204314177,"Extremely Low",4.02468201625287,"Rare good event - unusually low cases to date","Saint Martin"
"MAF",6,11,0.687936558611644,124.285714285714,0.863317206601237,340.714285714285,124.285714285714,340.714285714286,0.447820802102719,0.14348314492489,2026,NA,2026-11-01,NA,NA,NA,NA,NA,NA,NA,NA,6,"2026/2027","Unobserved",11,19,NA,8,NA,71,"Caribbean","Saint Martin",0.863317206601237,340.714285714285,5.05906474044619,"Low","Below average - fewer cases than typical at this point",-0.898013980599139,"Extremely Low",4.02468201625287,"Rare good event - unusually low cases to date","Saint Martin"
"MAF",7,12,0.838830213220164,75.4285714285714,0.882843807708384,416.142857142858,75.4285714285714,416.142857142857,0.548687272143307,0.100866470040588,2026,NA,2026-12-01,NA,NA,NA,NA,NA,NA,NA,NA,6,"2026/2027","Unobserved",11,19,NA,8,NA,71,"Caribbean","Saint Martin",0.882843807708384,416.142857142858,4.02468201625287,"Extremely Low","Rare good event - unusually low cases to date",-0.913792293903845,"Extremely Low",4.02468201625287,"Rare good event - unusually low cases to date","Saint Martin"
"MDV",12,1,1.45481500807334,198.1875,3.05812058828241,2221.0625,198.1875,2221.0625,1,0.125720503133019,2025,"SEARO",2025-01-01,72,72,NA,20,NA,FALSE,"no_lookup_match",NA,2,"2024/2025","Observed",72,72,72,2805,NA,72,"South Asia","Maldives",3.05812058828241,2221.0625,0.0132719420397903,"Extremely Low","Rare good event - unusually low cases to date",-1.69089558894711,"Normal",68.1696322053718,"Average - typical case load at this point","Maldives"
"MDV",1,2,1.88632522939321,105,1.88632522939321,105,105,105,0.0480501982928266,0.0480501982928266,2025,"SEARO",2025-02-01,74,74,NA,19,NA,FALSE,"no_lookup_match",NA,2,"2025/2026","Observed",74,146,3011,2805,NA,3011,"South Asia","Maldives",1.88632522939321,105,42.4471236620274,"Normal","Average - typical case load at this point",-0.401896531319489,"Normal",68.1696322053718,"Average - typical case load at this point","Maldives"
"MDV",2,3,2.10441924737671,110.875,2.01232676528985,215.875,110.875,215.875,0.100262565976722,0.0522123676838951,2025,"SEARO",2025-03-01,69,69,NA,18,NA,FALSE,"no_lookup_match",NA,2,"2025/2026","Observed",143,215,3011,2805,NA,3011,"South Asia","Maldives",2.01232676528985,215.875,38.3755040929252,"Normal","Average - typical case load at this point",-0.47666214060416,"Normal",68.1696322053718,"Average - typical case load at this point","Maldives"
"MDV",3,4,1.71500443960502,144.5,2.08670948245382,360.375,144.5,360.375,0.162994309147874,0.0627317431711523,2025,"SEARO",2025-04-01,120,120,NA,17,NA,FALSE,"no_lookup_match",NA,2,"2025/2026","Observed",263,335,3011,2805,NA,3011,"South Asia","Maldives",2.08670948245382,360.375,42.4478361609939,"Normal","Average - typical case load at this point",-0.389197525677308,"Normal",68.1696322053718,"Average - typical case load at this point","Maldives"
"MDV",4,5,1.42054669252092,201.3125,1.9693231023201,561.687499999999,201.3125,561.6875,0.247027609675341,0.0840333005274667,2025,"SEARO",2025-05-01,116,116,NA,16,NA,FALSE,"no_lookup_match",NA,2,"2025/2026","Observed",379,451,3011,2805,NA,3011,"South Asia","Maldives",1.9693231023201,561.687499999999,39.3903504953939,"Normal","Average - typical case load at this point",-0.455630257249356,"Normal",68.1696322053718,"Average - typical case load at this point","Maldives"
"MDV",5,6,1.46817521056211,277.125,1.93098766718829,838.812500000001,277.125,838.8125,0.360220719994863,0.113193110319522,2025,"SEARO",2025-06-01,165,165,NA,15,NA,FALSE,"no_lookup_match",NA,2,"2025/2026","Observed",544,616,3011,2805,NA,3011,"South Asia","Maldives",1.93098766718829,838.812500000001,37.8263160615999,"Normal","Average - typical case load at this point",-0.487833298188768,"Normal",68.1696322053718,"Average - typical case load at this point","Maldives"
"MDV",6,7,2.03352987849968,300.5,2.10018526356306,1139.3125,300.5,1139.3125,0.492817739137757,0.132597019142894,2025,"SEARO",2025-07-01,168,168,NA,14,NA,FALSE,"no_lookup_match",NA,2,"2025/2026","Observed",712,784,3011,2805,NA,3011,"South Asia","Maldives",2.10018526356306,1139.3125,34.8020947811159,"Normal","Average - typical case load at this point",-0.54303975174752,"Normal",68.1696322053718,"Average - typical case load at this point","Maldives"
"MDV",7,8,2.28779033133281,207.75,2.22208064736564,1347.0625,207.75,1347.0625,0.585216513472557,0.0923987743348002,2025,"SEARO",2025-08-01,256,256,NA,13,NA,FALSE,"no_lookup_match",NA,2,"2025/2026","Observed",968,1040,3011,2805,NA,3011,"South Asia","Maldives",2.22208064736564,1347.0625,40.7142577484208,"Normal","Average - typical case load at this point",-0.419126459967421,"Normal",68.1696322053718,"Average - typical case load at this point","Maldives"
"MDV",8,9,2.19860484653026,166.4375,2.28127428225891,1513.5,166.4375,1513.5,0.658466958992694,0.0732504455201364,2025,"SEARO",2025-09-01,252,252,NA,12,NA,FALSE,"no_lookup_match",NA,2,"2025/2026","Observed",1220,1292,3011,2805,NA,3011,"South Asia","Maldives",2.28127428225891,1513.5,46.5173446849279,"Normal","Average - typical case load at this point",-0.292676178935606,"Normal",68.1696322053718,"Average - typical case load at this point","Maldives"
"MDV",9,10,1.44746297800032,200.25,2.29540755688019,1713.75,200.25,1713.75,0.742904368210831,0.0844374092181376,2025,"SEARO",2025-10-01,373,373,NA,11,NA,FALSE,"no_lookup_match",NA,2,"2025/2026","Observed",1593,1665,3011,2805,NA,3011,"South Asia","Maldives",2.29540755688019,1713.75,54.547250250883,"Normal","Average - typical case load at this point",-0.106678996412135,"Normal",68.1696322053718,"Average - typical case load at this point","Maldives"
"MDV",10,11,1.58916333627456,158,2.31894486420424,1871.75,158,1871.75,0.810606053870275,0.0677016856594432,2025,"SEARO",2025-11-01,376,376,NA,10,NA,FALSE,"no_lookup_match",NA,2,"2025/2026","Observed",1969,2041,3011,2805,NA,3011,"South Asia","Maldives",2.31894486420424,1871.75,61.7120884643953,"Normal","Average - typical case load at this point",0.0790711615334314,"Normal",68.1696322053718,"Average - typical case load at this point","Maldives"
"MDV",11,12,1.60296032292612,151.125,2.3184122920982,2022.875,151.125,2022.875,0.874279496866981,0.0636734429967068,2025,"SEARO",2025-12-01,411,411,NA,9,NA,FALSE,"no_lookup_match",NA,2,"2025/2026","Observed",2380,2452,3011,2805,NA,3011,"South Asia","Maldives",2.3184122920982,2022.875,68.1696322053718,"Normal","Average - typical case load at this point",0.268656784331213,"Normal",68.1696322053718,"Average - typical case load at this point","Maldives"
"MDV",12,1,1.45481500807334,198.1875,3.05812058828241,2221.0625,198.1875,2221.0625,1,0.125720503133019,2026,"SEARO",2026-01-01,631,631,NA,8,NA,FALSE,"no_lookup_match",NA,2,"2025/2026","Observed",3011,631,3011,8307,NA,3011,"South Asia","Maldives",3.05812058828241,2221.0625,77.2603382933644,"High","Above average - more cases than typical at this point",0.6215276820911,"High",89.458383821818,"Above average - more cases than typical at this point","Maldives"
"MDV",1,2,1.88632522939321,105,1.88632522939321,105,105,105,0.0480501982928266,0.0480501982928266,2026,"SEARO",2026-02-01,420,420,NA,7,NA,FALSE,"no_lookup_match",NA,2,"2026/2027","Observed",420,1051,7027,8307,NA,6393,"South Asia","Maldives",1.88632522939321,105,99.6165254815041,"Extremely High","Rare bad event - unusually high cases to date",4.08378733437546,"High",89.458383821818,"Above average - more cases than typical at this point","Maldives"
"MDV",2,3,2.10441924737671,110.875,2.01232676528985,215.875,110.875,215.875,0.100262565976722,0.0522123676838951,2026,"SEARO",2026-03-01,591,591,NA,6,NA,FALSE,"no_lookup_match",NA,2,"2026/2027","Observed",1011,1642,7027,8307,NA,6393,"South Asia","Maldives",2.01232676528985,215.875,99.911474799785,"Extremely High","Rare bad event - unusually high cases to date",5.20076822707213,"High",89.458383821818,"Above average - more cases than typical at this point","Maldives"
"MDV",3,4,1.71500443960502,144.5,2.08670948245382,360.375,144.5,360.375,0.162994309147874,0.0627317431711523,2026,"SEARO",2026-04-01,601,601,NA,5,NA,FALSE,"no_lookup_match",NA,2,"2026/2027","Observed",1612,2243,7027,8307,NA,6393,"South Asia","Maldives",2.08670948245382,360.375,99.8906802581329,"Extremely High","Rare bad event - unusually high cases to date",5.00261209834004,"High",89.458383821818,"Above average - more cases than typical at this point","Maldives"
"MDV",4,5,1.42054669252092,201.3125,1.9693231023201,561.687499999999,201.3125,561.6875,0.247027609675341,0.0840333005274667,2026,"SEARO",2026-05-01,741,741,NA,4,NA,FALSE,"no_lookup_match",NA,2,"2026/2027","Observed",2353,2984,7027,8307,NA,6393,"South Asia","Maldives",1.9693231023201,561.687499999999,99.7695032494062,"Extremely High","Rare bad event - unusually high cases to date",4.46760821177689,"High",89.458383821818,"Above average - more cases than typical at this point","Maldives"
"MDV",5,6,1.46817521056211,277.125,1.93098766718829,838.812500000001,277.125,838.8125,0.360220719994863,0.113193110319522,2026,"SEARO",2026-06-01,658,658,NA,3,NA,FALSE,"no_lookup_match",NA,2,"2026/2027","Observed",3011,3642,7027,8307,NA,6393,"South Asia","Maldives",1.93098766718829,838.812500000001,99.3073113420441,"Extremely High","Rare bad event - unusually high cases to date",3.59437063357019,"High",89.458383821818,"Above average - more cases than typical at this point","Maldives"
"MDV",6,7,2.03352987849968,300.5,2.10018526356306,1139.3125,300.5,1139.3125,0.492817739137757,0.132597019142894,2026,"SEARO",2026-07-01,452,452,NA,2,NA,FALSE,"no_lookup_match",NA,2,"2026/2027","Observed",3463,4094,7027,8307,NA,6393,"South Asia","Maldives",2.10018526356306,1139.3125,98.5390323185504,"Extremely High","Rare bad event - unusually high cases to date",2.95300203747568,"High",89.458383821818,"Above average - more cases than typical at this point","Maldives"
"MDV",7,8,2.28779033133281,207.75,2.22208064736564,1347.0625,207.75,1347.0625,0.585216513472557,0.0923987743348002,2026,"Estimates",2026-08-01,278,0,NA,1,NA,FALSE,"no_lookup_match",NA,2,"2026/2027","Unobserved",3741,4372,7027,8307,278.212709522083,6393,"South Asia","Maldives",2.22208064736564,1347.0625,97.9101951838122,"Extremely High","Rare bad event - unusually high cases to date",2.64695808674891,"High",89.458383821818,"Above average - more cases than typical at this point","Maldives"
"MDV",8,9,2.19860484653026,166.4375,2.28127428225891,1513.5,166.4375,1513.5,0.658466958992694,0.0732504455201364,2026,"SEARO",2026-09-01,NA,0,NA,0,NA,FALSE,"no_lookup_match",NA,2,"2026/2027","Unobserved",3741,4372,7027,8307,NA,6393,"South Asia","Maldives",2.28127428225891,1513.5,96.4956336713249,"Extremely High","Rare bad event - unusually high cases to date",2.22124766125745,"High",89.458383821818,"Above average - more cases than typical at this point","Maldives"
"MDV",9,10,1.44746297800032,200.25,2.29540755688019,1713.75,200.25,1713.75,0.742904368210831,0.0844374092181376,2026,"SEARO",2026-10-01,NA,0,NA,-1,NA,FALSE,"no_lookup_match",NA,2,"2026/2027","Unobserved",3741,4372,7027,8307,NA,6393,"South Asia","Maldives",2.29540755688019,1713.75,94.1159272073481,"High","Above average - more cases than typical at this point",1.79101445529194,"High",89.458383821818,"Above average - more cases than typical at this point","Maldives"
"MDV",10,11,1.58916333627456,158,2.31894486420424,1871.75,158,1871.75,0.810606053870275,0.0677016856594432,2026,"SEARO",2026-11-01,NA,0,NA,-2,NA,FALSE,"no_lookup_match",NA,2,"2026/2027","Unobserved",3741,4372,7027,8307,NA,6393,"South Asia","Maldives",2.31894486420424,1871.75,91.8992986221661,"High","Above average - more cases than typical at this point",1.51983309713484,"High",89.458383821818,"Above average - more cases than typical at this point","Maldives"
"MDV",11,12,1.60296032292612,151.125,2.3184122920982,2022.875,151.125,2022.875,0.874279496866981,0.0636734429967068,2026,"SEARO",2026-12-01,NA,0,NA,-3,NA,FALSE,"no_lookup_match",NA,2,"2026/2027","Unobserved",3741,4372,7027,8307,NA,6393,"South Asia","Maldives",2.3184122920982,2022.875,89.458383821818,"High","Above average - more cases than typical at this point",1.2925052504839,"High",89.458383821818,"Above average - more cases than typical at this point","Maldives"
"MEX",12,1,1.89554645045465,5399.5625,2.16245185605798,164131,5399.5625,164131,1,0.0359641624829545,2025,"PAHO",2025-01-01,11125,11125,NA,84,NA,FALSE,"no_lookup_match","current_month_missing",2,"2024/2025","Observed",11125,11125,11125,150670,NA,11125,"North & Central America","Mexico",2.16245185605798,164131,0.609709440172094,"Extremely Low","Rare good event - unusually low cases to date",-1.3708445469808,"Normal",49.7433539686884,"Average - typical case load at this point","Mexico"
"MEX",1,2,2.13611442516234,4487.25,2.13611442516234,4487.25,4487.25,4487.25,0.0311066520424616,0.0311066520424616,2025,"PAHO",2025-02-01,8287,8287,NA,80,NA,FALSE,"no_lookup_match","current_month_missing",2,"2025/2026","Observed",8287,19412,140362,150670,NA,140362,"North & Central America","Mexico",2.13611442516234,4487.25,88.800923140956,"High","Above average - more cases than typical at this point",1.2373246569691,"Normal",49.7433539686884,"Average - typical case load at this point","Mexico"
"MEX",2,3,2.31100672062842,4627.37500000001,2.25979622740268,9114.62499999999,4627.375,9114.625,0.0620279268811083,0.0309212748386467,2025,"PAHO",2025-03-01,9680,9680,NA,75,NA,FALSE,"no_lookup_match","current_month_missing",2,"2025/2026","Observed",17967,29092,140362,150670,NA,140362,"North & Central America","Mexico",2.25979622740268,9114.62499999999,91.3071110736203,"High","Above average - more cases than typical at this point",1.45982839396941,"Normal",49.7433539686884,"Average - typical case load at this point","Mexico"
"MEX",3,4,2.62718131253342,4321.4375,2.48850450603019,13436.0625,4321.4375,13436.0625,0.0913580718168218,0.0293301449357135,2025,"PAHO",2025-04-01,6002,6002,NA,71,NA,FALSE,"no_lookup_match","current_month_missing",2,"2025/2026","Observed",23969,35094,140362,150670,NA,140362,"North & Central America","Mexico",2.48850450603019,13436.0625,88.7325560821908,"High","Above average - more cases than typical at this point",1.23653522700666,"Normal",49.7433539686884,"Average - typical case load at this point","Mexico"
"MEX",4,5,3.02911157422824,5973.125,2.7464333760212,19409.1875,5973.125,19409.1875,0.132853289088819,0.0414952172719972,2025,"PAHO",2025-05-01,7905,7905,NA,67,NA,FALSE,"no_lookup_match","current_month_missing",2,"2025/2026","Observed",31874,42999,140362,150670,NA,140362,"North & Central America","Mexico",2.7464333760212,19409.1875,86.2109460624863,"High","Above average - more cases than typical at this point",1.06422193034171,"Normal",49.7433539686884,"Average - typical case load at this point","Mexico"
"MEX",5,6,2.06033596602064,10246.75,2.55011835667392,29655.9375,10246.75,29655.9375,0.196132328392684,0.0632790393038648,2025,"PAHO",2025-06-01,12409,12409,NA,62,NA,FALSE,"no_lookup_match","current_month_missing",2,"2025/2026","Observed",44283,55408,140362,150670,NA,140362,"North & Central America","Mexico",2.55011835667392,29655.9375,81.305199792128,"High","Above average - more cases than typical at this point",0.787602264904377,"Normal",49.7433539686884,"Average - typical case load at this point","Mexico"
"MEX",6,7,2.10551676749999,14021.9375,2.44383969899388,43677.8750000001,14021.9375,43677.875,0.282303317840666,0.0861709894479823,2025,"PAHO",2025-07-01,11822,11822,NA,58,NA,FALSE,"no_lookup_match","current_month_missing",2,"2025/2026","Observed",56105,67230,140362,150670,NA,140362,"North & Central America","Mexico",2.44383969899388,43677.8750000001,73.2016554336674,"Normal","Average - typical case load at this point",0.444767836970599,"Normal",49.7433539686884,"Average - typical case load at this point","Mexico"
"MEX",7,8,1.65024485515847,21118.6875,2.18952681795122,64796.5624999999,21118.6875,64796.5625,0.402808126207811,0.120504808367145,2025,"PAHO",2025-08-01,13638,13638,NA,54,NA,FALSE,"no_lookup_match","current_month_missing",2,"2025/2026","Observed",69743,80868,140362,150670,NA,140362,"North & Central America","Mexico",2.18952681795122,64796.5624999999,63.1593737956254,"Normal","Average - typical case load at this point",0.112955753273253,"Normal",49.7433539686884,"Average - typical case load at this point","Mexico"
"MEX",8,9,1.40767848538648,31406.1875,1.97438717464002,96202.7500000002,31406.1875,96202.75,0.573331169374682,0.170523043166871,2025,"PAHO",2025-09-01,21031,21031,NA,49,1,TRUE,"applied_mean","previous_month_missing",2,"2025/2026","Observed",90774,101899,140362,150670,NA,140362,"North & Central America","Mexico",1.97438717464002,96202.7500000002,56.3409598172425,"Normal","Average - typical case load at this point",-0.0792910300610794,"Normal",49.7433539686884,"Average - typical case load at this point","Mexico"
"MEX",9,10,2.23173502994672,33039.1875,2.06572987592167,129241.9375,33039.1875,129241.9375,0.778385973581075,0.205054804206393,2025,"PAHO",2025-10-01,21250,21250,21250,45,1,TRUE,"applied_mean","not_missing",2,"2025/2026","Observed",112024,123149,140362,150670,NA,140362,"North & Central America","Mexico",2.06572987592167,129241.9375,51.4270778383224,"Normal","Average - typical case load at this point",-0.191474507698278,"Normal",49.7433539686884,"Average - typical case load at this point","Mexico"
"MEX",10,11,2.50383136744417,20915,2.13645666510585,150156.9375,20915,150156.9375,0.912368841278732,0.133982867697657,2025,"PAHO",2025-11-01,14725,14725,14725,41,1,TRUE,"applied_mean","not_missing",2,"2025/2026","Observed",126749,137874,140362,150670,NA,140362,"North & Central America","Mexico",2.13645666510585,150156.9375,49.6821641058545,"Normal","Average - typical case load at this point",-0.227856646645176,"Normal",49.7433539686884,"Average - typical case load at this point","Mexico"
"MEX",11,12,1.79617831384063,8574.50000000002,2.13541378666975,158731.4375,8574.5,158731.4375,0.964035837517045,0.0516669962383139,2025,"PAHO",2025-12-01,7377,7377,7377,36,1,TRUE,"applied_mean","not_missing",2,"2025/2026","Observed",134126,145251,140362,150670,NA,140362,"North & Central America","Mexico",2.13541378666975,158731.4375,49.7433539686884,"Normal","Average - typical case load at this point",-0.226519837828303,"Normal",49.7433539686884,"Average - typical case load at this point","Mexico"
"MEX",12,1,1.89554645045465,5399.5625,2.16245185605798,164131,5399.5625,164131,1,0.0359641624829545,2026,"PAHO",2026-01-01,6236,6237,6236,32,0.999805887913359,TRUE,"applied_mean","not_missing",2,"2025/2026","Observed",140362,6236,140362,110571,NA,140362,"North & Central America","Mexico",2.16245185605798,164131,50.2833422373838,"Normal","Average - typical case load at this point",-0.212956381038564,"Low",7.56799394884661,"Below average - fewer cases than typical at this point","Mexico"
"MEX",1,2,2.13611442516234,4487.25,2.13611442516234,4487.25,4487.25,4487.25,0.0311066520424616,0.0311066520424616,2026,"PAHO",2026-02-01,4836,4843,4836,28,0.999321798262295,TRUE,"applied_mean","not_missing",2,"2026/2027","Observed",4836,11072,95090,110571,NA,95090,"North & Central America","Mexico",2.13611442516234,4487.25,63.2915549352823,"Normal","Average - typical case load at this point",0.113564569805374,"Low",7.56799394884661,"Below average - fewer cases than typical at this point","Mexico"
"MEX",2,3,2.31100672062842,4627.37500000001,2.25979622740268,9114.62499999999,4627.375,9114.625,0.0620279268811083,0.0309212748386467,2026,"PAHO",2026-03-01,4926,4939,4926,23,0.998660792537315,TRUE,"applied_mean","not_missing",2,"2026/2027","Observed",9762,15998,95090,110571,NA,95090,"North & Central America","Mexico",2.25979622740268,9114.62499999999,62.8081519845003,"Normal","Average - typical case load at this point",0.106757385057225,"Low",7.56799394884661,"Below average - fewer cases than typical at this point","Mexico"
"MEX",3,4,2.62718131253342,4321.4375,2.48850450603019,13436.0625,4321.4375,13436.0625,0.0913580718168218,0.0293301449357135,2026,"PAHO",2026-04-01,4587,4591,4587,19,0.998804626214609,TRUE,"applied_mean","not_missing",2,"2026/2027","Observed",14349,20585,95090,110571,NA,95090,"North & Central America","Mexico",2.48850450603019,13436.0625,62.4273275140116,"Normal","Average - typical case load at this point",0.107176120508203,"Low",7.56799394884661,"Below average - fewer cases than typical at this point","Mexico"
"MEX",4,5,3.02911157422824,5973.125,2.7464333760212,19409.1875,5973.125,19409.1875,0.132853289088819,0.0414952172719972,2026,"PAHO",2026-05-01,4982,4986,4982,15,0.998850438463655,TRUE,"applied_mean","not_missing",2,"2026/2027","Observed",19331,25567,95090,110571,NA,95090,"North & Central America","Mexico",2.7464333760212,19409.1875,57.7696674807398,"Normal","Average - typical case load at this point",-0.00667549970595967,"Low",7.56799394884661,"Below average - fewer cases than typical at this point","Mexico"
"MEX",5,6,2.06033596602064,10246.75,2.55011835667392,29655.9375,10246.75,29655.9375,0.196132328392684,0.0632790393038648,2026,"PAHO",2026-06-01,8818,8832,8818,10,0.998750536645482,TRUE,"applied_mean","not_missing",2,"2026/2027","Observed",28149,34385,95090,110571,NA,95090,"North & Central America","Mexico",2.55011835667392,29655.9375,55.118023822178,"Normal","Average - typical case load at this point",-0.0811418825939465,"Low",7.56799394884661,"Below average - fewer cases than typical at this point","Mexico"
"MEX",6,7,2.10551676749999,14021.9375,2.44383969899388,43677.8750000001,14021.9375,43677.875,0.282303317840666,0.0861709894479823,2026,"PAHO",2026-07-01,6155,6164,6155,6,0.998707213050836,TRUE,"applied_mean","not_missing",2,"2026/2027","Observed",34304,40540,95090,110571,NA,95090,"North & Central America","Mexico",2.44383969899388,43677.8750000001,44.2649652941827,"Normal","Average - typical case load at this point",-0.335491765616172,"Low",7.56799394884661,"Below average - fewer cases than typical at this point","Mexico"
"MEX",7,8,1.65024485515847,21118.6875,2.18952681795122,64796.5624999999,21118.6875,64796.5625,0.402808126207811,0.120504808367145,2026,"PAHO",2026-08-01,3999,3646,3999,4,1.0067977465121,TRUE,"applied_mean","not_missing",2,"2026/2027","Observed",38303,44539,95090,110571,NA,95090,"North & Central America","Mexico",2.18952681795122,64796.5624999999,31.5655411180203,"Normal","Average - typical case load at this point",-0.605001136490549,"Low",7.56799394884661,"Below average - fewer cases than typical at this point","Mexico"
"MEX",8,9,1.40767848538648,31406.1875,1.97438717464002,96202.7500000002,31406.1875,96202.75,0.573331169374682,0.170523043166871,2026,NA,2026-09-01,NA,NA,NA,NA,NA,NA,NA,NA,2,"2026/2027","Unobserved",38303,44539,95090,110571,NA,95090,"North & Central America","Mexico",1.97438717464002,96202.7500000002,19.2304427801297,"Low","Below average - fewer cases than typical at this point",-0.845669964131492,"Low",7.56799394884661,"Below average - fewer cases than typical at this point","Mexico"
"MEX",9,10,2.23173502994672,33039.1875,2.06572987592167,129241.9375,33039.1875,129241.9375,0.778385973581075,0.205054804206393,2026,NA,2026-10-01,NA,NA,NA,NA,NA,NA,NA,NA,2,"2026/2027","Unobserved",38303,44539,95090,110571,NA,95090,"North & Central America","Mexico",2.06572987592167,129241.9375,11.414242066916,"Low","Below average - fewer cases than typical at this point",-1.01129930855057,"Low",7.56799394884661,"Below average - fewer cases than typical at this point","Mexico"
"MEX",10,11,2.50383136744417,20915,2.13645666510585,150156.9375,20915,150156.9375,0.912368841278732,0.133982867697657,2026,NA,2026-11-01,NA,NA,NA,NA,NA,NA,NA,NA,2,"2026/2027","Unobserved",38303,44539,95090,110571,NA,95090,"North & Central America","Mexico",2.13645666510585,150156.9375,8.3518137294494,"Low","Below average - fewer cases than typical at this point",-1.08880430464279,"Low",7.56799394884661,"Below average - fewer cases than typical at this point","Mexico"
"MEX",11,12,1.79617831384063,8574.50000000002,2.13541378666975,158731.4375,8574.5,158731.4375,0.964035837517045,0.0516669962383139,2026,NA,2026-12-01,NA,NA,NA,NA,NA,NA,NA,NA,2,"2026/2027","Unobserved",38303,44539,95090,110571,NA,95090,"North & Central America","Mexico",2.13541378666975,158731.4375,7.56799394884661,"Low","Below average - fewer cases than typical at this point",-1.1086748663752,"Low",7.56799394884661,"Below average - fewer cases than typical at this point","Mexico"
"MHL",8,1,0.333824186852444,185.4,1.40810742073851,693.2,185.4,693.2,0.761258968088342,0.113132026761582,2025,"WHO",2025-01-01,0,0,NA,19,NA,FALSE,"no_lookup_match",NA,6,"2024/2025","Observed",0,0,0,0,NA,0,"Pacific Islands","Marshall Islands",1.40810742073851,693.2,0.0161369029512397,"Extremely Low","Rare good event - unusually low cases to date",-1.18543363783153,"Unknown",0.00482888646526229,"Cannot determine","Marshall Islands"
"MHL",9,2,0.243760423615117,147.6,1.39837335820921,840.799999999999,147.6,840.8,0.854820523549553,0.0935615554612101,2025,"WHO",2025-02-01,0,0,NA,18,NA,FALSE,"no_lookup_match",NA,6,"2024/2025","Observed",0,0,0,0,NA,0,"Pacific Islands","Marshall Islands",1.39837335820921,840.799999999999,0.0129662372757215,"Extremely Low","Rare good event - unusually low cases to date",-1.18154624131808,"Unknown",0.00482888646526229,"Cannot determine","Marshall Islands"
"MHL",10,3,0.437574788674764,86.9999999999999,1.54278860529401,927.799999999998,87,927.8,0.951620816998461,0.0968002934489081,2025,"WHO",2025-03-01,0,0,NA,17,NA,FALSE,"no_lookup_match",NA,6,"2024/2025","Observed",0,0,0,0,NA,0,"Pacific Islands","Marshall Islands",1.54278860529401,927.799999999998,0.00514338453469015,"Extremely Low","Rare good event - unusually low cases to date",-1.24105900105753,"Unknown",0.00482888646526229,"Cannot determine","Marshall Islands"
"MHL",11,4,0.352926557784839,27.4,1.54587849770416,955.199999999998,27.4,955.2,0.978655215754475,0.0270343987560141,2025,"WHO",2025-04-01,0,0,NA,16,NA,FALSE,"no_lookup_match",NA,6,"2024/2025","Observed",0,0,0,0,NA,0,"Pacific Islands","Marshall Islands",1.54587849770416,955.199999999998,0.0048360718632695,"Extremely Low","Rare good event - unusually low cases to date",-1.24232874800213,"Unknown",0.00482888646526229,"Cannot determine","Marshall Islands"
"MHL",12,5,NA,NA,1.53947710814749,978,22.8,978,1,0.0213447842455253,2025,"WHO",2025-05-01,0,0,NA,15,NA,FALSE,"no_lookup_match",NA,6,"2024/2025","Observed",0,0,0,0,NA,0,"Pacific Islands","Marshall Islands",1.53947710814749,978,0.00482888646526229,"Extremely Low","Rare good event - unusually low cases to date",-1.23978127678681,"Unknown",0.00482888646526229,"Cannot determine","Marshall Islands"
"MHL",1,6,NA,NA,NA,NA,22,22,0.0349195390958301,0.0349195390958301,2025,"WHO",2025-06-01,0,0,NA,14,NA,FALSE,"no_lookup_match",NA,6,"2025/2026","Observed",0,0,0,0,NA,0,"Pacific Islands","Marshall Islands",NA,NA,NA,"Unknown","Cannot determine",NA,"Unknown",0.00482888646526229,"Cannot determine","Marshall Islands"
"MHL",2,7,NA,NA,NA,NA,22.4,44.4,0.0670655548769595,0.0321460157811294,2025,"WHO",2025-07-01,0,0,NA,13,NA,FALSE,"no_lookup_match",NA,6,"2025/2026","Observed",0,0,0,0,NA,0,"Pacific Islands","Marshall Islands",NA,NA,NA,"Unknown","Cannot determine",NA,"Unknown",0.00482888646526229,"Cannot determine","Marshall Islands"
"MHL",3,8,NA,NA,NA,NA,31.4,75.8,0.10754146421016,0.0404759093332003,2025,"WHO",2025-08-01,0,0,NA,12,NA,FALSE,"no_lookup_match",NA,6,"2025/2026","Observed",0,0,0,0,NA,0,"Pacific Islands","Marshall Islands",NA,NA,NA,"Unknown","Cannot determine",NA,"Unknown",0.00482888646526229,"Cannot determine","Marshall Islands"
"MHL",4,9,NA,NA,NA,NA,43,118.8,0.160902966098835,0.0533615018886753,2025,"WHO",2025-09-01,0,0,NA,11,NA,FALSE,"no_lookup_match",NA,6,"2025/2026","Observed",0,0,0,0,NA,0,"Pacific Islands","Marshall Islands",NA,NA,NA,"Unknown","Cannot determine",NA,"Unknown",0.00482888646526229,"Cannot determine","Marshall Islands"
"MHL",5,10,NA,NA,NA,NA,74.2,193,0.250319898256079,0.089416932157244,2025,"WHO",2025-10-01,0,0,NA,10,NA,FALSE,"no_lookup_match",NA,6,"2025/2026","Observed",0,0,0,0,NA,0,"Pacific Islands","Marshall Islands",NA,NA,NA,"Unknown","Cannot determine",NA,"Unknown",0.00482888646526229,"Cannot determine","Marshall Islands"
"MHL",6,11,NA,NA,NA,NA,122.8,315.8,0.401835347125691,0.151515448869612,2025,"WHO",2025-11-01,0,0,NA,9,NA,FALSE,"no_lookup_match",NA,6,"2025/2026","Observed",0,0,0,0,NA,0,"Pacific Islands","Marshall Islands",NA,NA,NA,"Unknown","Cannot determine",NA,"Unknown",0.00482888646526229,"Cannot determine","Marshall Islands"
"MHL",7,12,0.612480954221535,192,NA,NA,192,507.8,0.64812694132676,0.246291594201069,2025,"WHO",2025-12-01,0,0,NA,8,NA,FALSE,"no_lookup_match",NA,6,"2025/2026","Observed",0,0,0,0,NA,0,"Pacific Islands","Marshall Islands",NA,NA,NA,"Unknown","Cannot determine",NA,"Unknown",0.00482888646526229,"Cannot determine","Marshall Islands"
"MHL",8,1,0.333824186852444,185.4,1.40810742073851,693.2,185.4,693.2,0.761258968088342,0.113132026761582,2026,"WHO",2026-01-01,0,0,NA,7,NA,FALSE,"no_lookup_match",NA,6,"2025/2026","Observed",0,0,0,0,NA,0,"Pacific Islands","Marshall Islands",1.40810742073851,693.2,0.0161369029512397,"Extremely Low","Rare good event - unusually low cases to date",-1.18543363783153,"Unknown",0.00482888646526229,"Cannot determine","Marshall Islands"
"MHL",9,2,0.243760423615117,147.6,1.39837335820921,840.799999999999,147.6,840.8,0.854820523549553,0.0935615554612101,2026,"WHO",2026-02-01,0,0,NA,6,NA,FALSE,"no_lookup_match",NA,6,"2025/2026","Observed",0,0,0,0,NA,0,"Pacific Islands","Marshall Islands",1.39837335820921,840.799999999999,0.0129662372757215,"Extremely Low","Rare good event - unusually low cases to date",-1.18154624131808,"Unknown",0.00482888646526229,"Cannot determine","Marshall Islands"
"MHL",10,3,0.437574788674764,86.9999999999999,1.54278860529401,927.799999999998,87,927.8,0.951620816998461,0.0968002934489081,2026,"WHO",2026-03-01,0,0,NA,5,NA,FALSE,"no_lookup_match",NA,6,"2025/2026","Observed",0,0,0,0,NA,0,"Pacific Islands","Marshall Islands",1.54278860529401,927.799999999998,0.00514338453469015,"Extremely Low","Rare good event - unusually low cases to date",-1.24105900105753,"Unknown",0.00482888646526229,"Cannot determine","Marshall Islands"
"MHL",11,4,0.352926557784839,27.4,1.54587849770416,955.199999999998,27.4,955.2,0.978655215754475,0.0270343987560141,2026,"WHO",2026-04-01,0,0,NA,4,NA,FALSE,"no_lookup_match",NA,6,"2025/2026","Observed",0,0,0,0,NA,0,"Pacific Islands","Marshall Islands",1.54587849770416,955.199999999998,0.0048360718632695,"Extremely Low","Rare good event - unusually low cases to date",-1.24232874800213,"Unknown",0.00482888646526229,"Cannot determine","Marshall Islands"
"MHL",12,5,NA,NA,1.53947710814749,978,22.8,978,1,0.0213447842455253,2026,"WHO",2026-05-01,0,0,NA,3,NA,FALSE,"no_lookup_match",NA,6,"2025/2026","Observed",0,0,0,0,NA,0,"Pacific Islands","Marshall Islands",1.53947710814749,978,0.00482888646526229,"Extremely Low","Rare good event - unusually low cases to date",-1.23978127678681,"Unknown",0.00482888646526229,"Cannot determine","Marshall Islands"
"MHL",1,6,NA,NA,NA,NA,22,22,0.0349195390958301,0.0349195390958301,2026,"WHO",2026-06-01,0,0,NA,2,NA,FALSE,"no_lookup_match",NA,6,"2026/2027","Observed",0,0,0,0,NA,0,"Pacific Islands","Marshall Islands",NA,NA,NA,"Unknown","Cannot determine",NA,"Unknown",0.00482888646526229,"Cannot determine","Marshall Islands"
"MHL",2,7,NA,NA,NA,NA,22.4,44.4,0.0670655548769595,0.0321460157811294,2026,"WHO",2026-07-01,0,0,NA,1,NA,FALSE,"no_lookup_match",NA,6,"2026/2027","Observed",0,0,0,0,NA,0,"Pacific Islands","Marshall Islands",NA,NA,NA,"Unknown","Cannot determine",NA,"Unknown",0.00482888646526229,"Cannot determine","Marshall Islands"
"MHL",3,8,NA,NA,NA,NA,31.4,75.8,0.10754146421016,0.0404759093332003,2026,"Estimates",2026-08-01,0,NA,NA,NA,NA,NA,NA,NA,6,"2026/2027","Unobserved",0,0,0,0,0,0,"Pacific Islands","Marshall Islands",NA,NA,NA,"Unknown","Cannot determine",NA,"Unknown",0.00482888646526229,"Cannot determine","Marshall Islands"
"MHL",4,9,NA,NA,NA,NA,43,118.8,0.160902966098835,0.0533615018886753,2026,NA,2026-09-01,NA,NA,NA,NA,NA,NA,NA,NA,6,"2026/2027","Unobserved",0,0,0,0,NA,0,"Pacific Islands","Marshall Islands",NA,NA,NA,"Unknown","Cannot determine",NA,"Unknown",0.00482888646526229,"Cannot determine","Marshall Islands"
"MHL",5,10,NA,NA,NA,NA,74.2,193,0.250319898256079,0.089416932157244,2026,NA,2026-10-01,NA,NA,NA,NA,NA,NA,NA,NA,6,"2026/2027","Unobserved",0,0,0,0,NA,0,"Pacific Islands","Marshall Islands",NA,NA,NA,"Unknown","Cannot determine",NA,"Unknown",0.00482888646526229,"Cannot determine","Marshall Islands"
"MHL",6,11,NA,NA,NA,NA,122.8,315.8,0.401835347125691,0.151515448869612,2026,NA,2026-11-01,NA,NA,NA,NA,NA,NA,NA,NA,6,"2026/2027","Unobserved",0,0,0,0,NA,0,"Pacific Islands","Marshall Islands",NA,NA,NA,"Unknown","Cannot determine",NA,"Unknown",0.00482888646526229,"Cannot determine","Marshall Islands"
"MHL",7,12,0.612480954221535,192,NA,NA,192,507.8,0.64812694132676,0.246291594201069,2026,NA,2026-12-01,NA,NA,NA,NA,NA,NA,NA,NA,6,"2026/2027","Unobserved",0,0,0,0,NA,0,"Pacific Islands","Marshall Islands",NA,NA,NA,"Unknown","Cannot determine",NA,"Unknown",0.00482888646526229,"Cannot determine","Marshall Islands"
"MMR",12,1,0.199842519048785,37.625,2.88662791964624,17297.1249999999,37.625,17297.125,1,0.00350116214760789,2025,"SEARO",2025-01-01,172,172,NA,20,NA,FALSE,"no_lookup_match",NA,2,"2024/2025","Observed",172,172,172,12082,NA,172,"East & Southeast Asia","Myanmar",2.88662791964624,17297.1249999999,0.0006857556367143,"Extremely Low","Rare good event - unusually low cases to date",-1.68197290183819,"Normal",34.7132491195717,"Average - typical case load at this point","Myanmar"
"MMR",1,2,0.206764102777706,23.0625,0.206764102777706,23.0625,23.0625,23.0625,0.00266057465432388,0.00266057465432388,2025,"SEARO",2025-02-01,120,120,NA,19,NA,FALSE,"no_lookup_match",NA,2,"2025/2026","Observed",120,292,11998,12082,NA,11998,"East & Southeast Asia","Myanmar",0.206764102777706,23.0625,95.1503517952838,"Extremely High","Rare bad event - unusually high cases to date",1.90276375270355,"Normal",34.7132491195717,"Average - typical case load at this point","Myanmar"
"MMR",2,3,0.310369036703889,120.4375,0.302984081566995,143.5,120.4375,143.5,0.00907801134933879,0.00641743669501491,2025,"SEARO",2025-03-01,167,167,NA,18,NA,FALSE,"no_lookup_match",NA,2,"2025/2026","Observed",287,459,11998,12082,NA,11998,"East & Southeast Asia","Myanmar",0.302984081566995,143.5,84.3268475177564,"High","Above average - more cases than typical at this point",0.549859720893075,"Normal",34.7132491195717,"Average - typical case load at this point","Myanmar"
"MMR",3,4,0.391277610940617,288.25,0.372406552239336,431.75,288.25,431.75,0.0232874399896268,0.014209428640288,2025,"SEARO",2025-04-01,235,235,NA,17,NA,FALSE,"no_lookup_match",NA,2,"2025/2026","Observed",522,694,11998,12082,NA,11998,"East & Southeast Asia","Myanmar",0.372406552239336,431.75,74.5666315825229,"Normal","Average - typical case load at this point",0.127507667471797,"Normal",34.7132491195717,"Average - typical case load at this point","Myanmar"
"MMR",4,5,0.8403143934226,1533.25,0.83752264307136,1965,1533.25,1965,0.105874594522324,0.0825871545326973,2025,"SEARO",2025-05-01,699,699,NA,16,NA,FALSE,"no_lookup_match",NA,2,"2025/2026","Observed",1221,1393,11998,12082,NA,11998,"East & Southeast Asia","Myanmar",0.83752264307136,1965,49.0523449997132,"Normal","Average - typical case load at this point",-0.346430504830577,"Normal",34.7132491195717,"Average - typical case load at this point","Myanmar"
"MMR",5,6,2.23258778670315,3890.625,2.20303850847997,5855.62499999999,3890.625,5855.625,0.324252081290463,0.218377486768139,2025,"SEARO",2025-06-01,1744,1744,NA,15,NA,FALSE,"no_lookup_match",NA,2,"2025/2026","Observed",2965,3137,11998,12082,NA,11998,"East & Southeast Asia","Myanmar",2.20303850847997,5855.62499999999,25.1341455003117,"Normal","Average - typical case load at this point",-0.732567860694254,"Normal",34.7132491195717,"Average - typical case load at this point","Myanmar"
"MMR",6,7,2.45690369117973,4259.87500000001,2.43469309135207,10115.5,4259.875,10115.5,0.567843766868559,0.243591685578096,2025,"SEARO",2025-07-01,3065,3065,NA,14,NA,FALSE,"no_lookup_match",NA,2,"2025/2026","Observed",6030,6202,11998,12082,NA,11998,"East & Southeast Asia","Myanmar",2.43469309135207,10115.5,30.1557644354296,"Normal","Average - typical case load at this point",-0.630126455169954,"Normal",34.7132491195717,"Average - typical case load at this point","Myanmar"
"MMR",7,8,3.07330491280799,3100.0625,2.60296524493404,13215.5625,3100.0625,13215.5625,0.751144844646029,0.18330107777747,2025,"SEARO",2025-08-01,2415,2415,NA,13,NA,FALSE,"no_lookup_match",NA,2,"2025/2026","Observed",8445,8617,11998,12082,NA,11998,"East & Southeast Asia","Myanmar",2.60296524493404,13215.5625,32.3684613815203,"Normal","Average - typical case load at this point",-0.582338302526592,"Normal",34.7132491195717,"Average - typical case load at this point","Myanmar"
"MMR",8,9,3.12748365060103,1993.1875,2.72056798284771,15208.75,1993.1875,15208.75,0.871407207627335,0.120262362981307,2025,"SEARO",2025-09-01,1576,1576,NA,12,NA,FALSE,"no_lookup_match",NA,2,"2025/2026","Observed",10021,10193,11998,12082,NA,11998,"East & Southeast Asia","Myanmar",2.72056798284771,15208.75,33.2282869561844,"Normal","Average - typical case load at this point",-0.562569870740029,"Normal",34.7132491195717,"Average - typical case load at this point","Myanmar"
"MMR",9,10,NA,NA,2.80430573611132,16361.3125,1152.5625,16361.3125,0.941433916152088,0.0700267085247533,2025,"SEARO",2025-10-01,943,943,NA,11,NA,FALSE,"no_lookup_match",NA,2,"2025/2026","Observed",10964,11136,11998,12082,NA,11998,"East & Southeast Asia","Myanmar",2.80430573611132,16361.3125,33.6489991548445,"Normal","Average - typical case load at this point",-0.552376112170018,"Normal",34.7132491195717,"Average - typical case load at this point","Myanmar"
"MMR",10,11,1.01044241525467,720.625,2.84688753570365,17081.9375,720.625,17081.9375,0.985117404616895,0.0436834884648061,2025,"SEARO",2025-11-01,594,594,NA,10,NA,FALSE,"no_lookup_match",NA,2,"2025/2026","Observed",11558,11730,11998,12082,NA,11998,"East & Southeast Asia","Myanmar",2.84688753570365,17081.9375,33.9378312665323,"Normal","Average - typical case load at this point",-0.545582706915313,"Normal",34.7132491195717,"Average - typical case load at this point","Myanmar"
"MMR",11,12,0.267800264749375,177.5625,2.86647306155403,17259.5,177.5625,17259.5,0.996498837852392,0.0113814332354975,2025,"SEARO",2025-12-01,310,310,NA,9,NA,FALSE,"no_lookup_match",NA,2,"2025/2026","Observed",11868,12040,11998,12082,NA,11998,"East & Southeast Asia","Myanmar",2.86647306155403,17259.5,34.7132491195717,"Normal","Average - typical case load at this point",-0.528833879998413,"Normal",34.7132491195717,"Average - typical case load at this point","Myanmar"
"MMR",12,1,0.199842519048785,37.625,2.88662791964624,17297.1249999999,37.625,17297.125,1,0.00350116214760789,2026,"SEARO",2026-01-01,130,130,NA,8,NA,FALSE,"no_lookup_match",NA,2,"2025/2026","Observed",11998,130,11998,5928,NA,11998,"East & Southeast Asia","Myanmar",2.88662791964624,17297.1249999999,35.0911221832965,"Normal","Average - typical case load at this point",-0.52046245813991,"Low",7.63882502163538,"Below average - fewer cases than typical at this point","Myanmar"
"MMR",1,2,0.206764102777706,23.0625,0.206764102777706,23.0625,23.0625,23.0625,0.00266057465432388,0.00266057465432388,2026,"SEARO",2026-02-01,99,99,NA,7,NA,FALSE,"no_lookup_match",NA,2,"2026/2027","Observed",99,229,5699,5928,NA,7236,"East & Southeast Asia","Myanmar",0.206764102777706,23.0625,93.5358072622139,"High","Above average - more cases than typical at this point",1.49055961285288,"Low",7.63882502163538,"Below average - fewer cases than typical at this point","Myanmar"
"MMR",2,3,0.310369036703889,120.4375,0.302984081566995,143.5,120.4375,143.5,0.00907801134933879,0.00641743669501491,2026,"SEARO",2026-03-01,131,131,NA,6,NA,FALSE,"no_lookup_match",NA,2,"2026/2027","Observed",230,360,5699,5928,NA,7236,"East & Southeast Asia","Myanmar",0.302984081566995,143.5,80.7290039523112,"High","Above average - more cases than typical at this point",0.331448542559241,"Low",7.63882502163538,"Below average - fewer cases than typical at this point","Myanmar"
"MMR",3,4,0.391277610940617,288.25,0.372406552239336,431.75,288.25,431.75,0.0232874399896268,0.014209428640288,2026,"SEARO",2026-04-01,184,184,NA,5,NA,FALSE,"no_lookup_match",NA,2,"2026/2027","Observed",414,544,5699,5928,NA,7236,"East & Southeast Asia","Myanmar",0.372406552239336,431.75,69.9514635038738,"Normal","Average - typical case load at this point",-0.0250776852922368,"Low",7.63882502163538,"Below average - fewer cases than typical at this point","Myanmar"
"MMR",4,5,0.8403143934226,1533.25,0.83752264307136,1965,1533.25,1965,0.105874594522324,0.0825871545326973,2026,"SEARO",2026-05-01,380,380,NA,4,NA,FALSE,"no_lookup_match",NA,2,"2026/2027","Observed",794,924,5699,5928,NA,7236,"East & Southeast Asia","Myanmar",0.83752264307136,1965,36.9289476295272,"Normal","Average - typical case load at this point",-0.545255539188987,"Low",7.63882502163538,"Below average - fewer cases than typical at this point","Myanmar"
"MMR",5,6,2.23258778670315,3890.625,2.20303850847997,5855.62499999999,3890.625,5855.625,0.324252081290463,0.218377486768139,2026,"SEARO",2026-06-01,866,866,NA,3,NA,FALSE,"no_lookup_match",NA,2,"2026/2027","Observed",1660,1790,5699,5928,NA,7236,"East & Southeast Asia","Myanmar",2.20303850847997,5855.62499999999,9.59984967541347,"Low","Below average - fewer cases than typical at this point",-1.06329255110066,"Low",7.63882502163538,"Below average - fewer cases than typical at this point","Myanmar"
"MMR",6,7,2.45690369117973,4259.87500000001,2.43469309135207,10115.5,4259.875,10115.5,0.567843766868559,0.243591685578096,2026,"SEARO",2026-07-01,1576,1576,NA,2,NA,FALSE,"no_lookup_match",NA,2,"2026/2027","Observed",3236,3366,5699,5928,NA,7236,"East & Southeast Asia","Myanmar",2.43469309135207,10115.5,10.2822814217772,"Low","Below average - fewer cases than typical at this point",-1.06105860931139,"Low",7.63882502163538,"Below average - fewer cases than typical at this point","Myanmar"
"MMR",7,8,3.07330491280799,3100.0625,2.60296524493404,13215.5625,3100.0625,13215.5625,0.751144844646029,0.18330107777747,2026,"Estimates",2026-08-01,2199,0,NA,1,NA,FALSE,"no_lookup_match",NA,2,"2026/2027","Unobserved",5435,5565,5699,5928,2199.24633117408,7236,"East & Southeast Asia","Myanmar",2.60296524493404,13215.5625,15.174062440066,"Low","Below average - fewer cases than typical at this point",-0.949766313501199,"Low",7.63882502163538,"Below average - fewer cases than typical at this point","Myanmar"
"MMR",8,9,3.12748365060103,1993.1875,2.72056798284771,15208.75,1993.1875,15208.75,0.871407207627335,0.120262362981307,2026,"SEARO",2026-09-01,NA,0,NA,0,NA,FALSE,"no_lookup_match",NA,2,"2026/2027","Unobserved",5435,5565,5699,5928,NA,7236,"East & Southeast Asia","Myanmar",2.72056798284771,15208.75,10.8773993963267,"Low","Below average - fewer cases than typical at this point",-1.05988478129157,"Low",7.63882502163538,"Below average - fewer cases than typical at this point","Myanmar"
"MMR",9,10,NA,NA,2.80430573611132,16361.3125,1152.5625,16361.3125,0.941433916152088,0.0700267085247533,2026,"SEARO",2026-10-01,NA,0,NA,-1,NA,FALSE,"no_lookup_match",NA,2,"2026/2027","Unobserved",5435,5565,5699,5928,NA,7236,"East & Southeast Asia","Myanmar",2.80430573611132,16361.3125,8.90949977396584,"Low","Below average - fewer cases than typical at this point",-1.11822949275305,"Low",7.63882502163538,"Below average - fewer cases than typical at this point","Myanmar"
"MMR",10,11,1.01044241525467,720.625,2.84688753570365,17081.9375,720.625,17081.9375,0.985117404616895,0.0436834884648061,2026,"SEARO",2026-11-01,NA,0,NA,-2,NA,FALSE,"no_lookup_match",NA,2,"2026/2027","Unobserved",5435,5565,5699,5928,NA,7236,"East & Southeast Asia","Myanmar",2.84688753570365,17081.9375,7.90937790901512,"Low","Below average - fewer cases than typical at this point",-1.15033301671561,"Low",7.63882502163538,"Below average - fewer cases than typical at this point","Myanmar"
"MMR",11,12,0.267800264749375,177.5625,2.86647306155403,17259.5,177.5625,17259.5,0.996498837852392,0.0113814332354975,2026,"SEARO",2026-12-01,NA,0,NA,-3,NA,FALSE,"no_lookup_match",NA,2,"2026/2027","Unobserved",5435,5565,5699,5928,NA,7236,"East & Southeast Asia","Myanmar",2.86647306155403,17259.5,7.63882502163538,"Low","Below average - fewer cases than typical at this point",-1.15982494927965,"Low",7.63882502163538,"Below average - fewer cases than typical at this point","Myanmar"
"MRT",8,1,1.12369019858878,219.666666666667,1.47548292696547,1545.66666666666,219.666666666667,1545.66666666667,0.791805406979151,0.112846847597894,2025,"WHO",2025-01-01,102,102,NA,19,NA,FALSE,"no_lookup_match",NA,6,"2024/2025","Observed",102,102,247,9050,NA,247,"Sub-Saharan Africa","Mauritania",1.47548292696547,1545.66666666666,2.36202190812008,"Extremely Low","Rare good event - unusually low cases to date",-1.13399461887825,"Extremely High",99.222766829597,"Rare bad event - unusually high cases to date","Mauritania"
"MRT",9,2,0.958313454731303,167,1.47599889537996,1712.66666666667,167,1712.66666666667,0.872234813304529,0.0804294063253777,2025,"WHO",2025-02-01,66,66,NA,18,NA,FALSE,"no_lookup_match",NA,6,"2024/2025","Observed",168,168,247,9050,NA,247,"Sub-Saharan Africa","Mauritania",1.47599889537996,1712.66666666667,4.09133817862173,"Extremely Low","Rare good event - unusually low cases to date",-1.09526166166479,"Extremely High",99.222766829597,"Rare bad event - unusually high cases to date","Mauritania"
"MRT",10,3,0.974862741526227,99,1.47996353626914,1811.66666666667,99,1811.66666666667,0.921947807869503,0.049712994564974,2025,"WHO",2025-03-01,35,35,NA,17,NA,FALSE,"no_lookup_match",NA,6,"2024/2025","Observed",203,203,247,9050,NA,247,"Sub-Saharan Africa","Mauritania",1.47996353626914,1811.66666666667,4.88004887228385,"Extremely Low","Rare good event - unusually low cases to date",-1.07978169309809,"Extremely High",99.222766829597,"Rare bad event - unusually high cases to date","Mauritania"
"MRT",11,4,1.078029559824,93.3333333333334,1.4817357209223,1905,93.3333333333333,1905,0.969180330048616,0.0472325221791127,2025,"WHO",2025-04-01,41,41,NA,16,NA,FALSE,"no_lookup_match",NA,6,"2024/2025","Observed",244,244,247,9050,NA,247,"Sub-Saharan Africa","Mauritania",1.4817357209223,1905,5.84259315183849,"Low","Below average - fewer cases than typical at this point",-1.06094090297173,"Extremely High",99.222766829597,"Rare bad event - unusually high cases to date","Mauritania"
"MRT",12,5,0.611015731654304,51.3333333333333,1.49986706196278,1956.33333333334,51.3333333333333,1956.33333333333,1,0.0308196699513843,2025,"WHO",2025-05-01,3,3,NA,15,NA,FALSE,"no_lookup_match",NA,6,"2024/2025","Observed",247,247,247,9050,NA,247,"Sub-Saharan Africa","Mauritania",1.49986706196278,1956.33333333334,5.57784769558904,"Low","Below average - fewer cases than typical at this point",-1.0696553652609,"Extremely High",99.222766829597,"Rare bad event - unusually high cases to date","Mauritania"
"MRT",1,6,0.992084251572646,154,0.992084251572646,154,154,154,0.0747107197338275,0.0747107197338275,2025,"WHO",2025-06-01,179,179,NA,14,NA,FALSE,"no_lookup_match",NA,6,"2025/2026","Observed",179,426,6218,9050,NA,6232,"Sub-Saharan Africa","Mauritania",0.992084251572646,154,68.8348807509742,"Normal","Average - typical case load at this point",0.161175552213923,"Extremely High",99.222766829597,"Rare bad event - unusually high cases to date","Mauritania"
"MRT",2,7,1.54692014992337,80.6666666666667,1.22948474912744,234.666666666667,80.6666666666667,234.666666666667,0.116065927366939,0.0413552076331114,2025,"WHO",2025-07-01,82,82,NA,13,NA,FALSE,"no_lookup_match",NA,6,"2025/2026","Observed",261,508,6218,9050,NA,6232,"Sub-Saharan Africa","Mauritania",1.22948474912744,234.666666666667,66.4084724098031,"Normal","Average - typical case load at this point",0.124102714116227,"Extremely High",99.222766829597,"Rare bad event - unusually high cases to date","Mauritania"
"MRT",3,8,1.1596996268211,190.333333333333,1.19922405811565,425,190.333333333333,425,0.212401862526121,0.0963359351591825,2025,"WHO",2025-08-01,37,37,37,12,1,TRUE,"applied_mean",NA,6,"2025/2026","Observed",298,545,6218,9050,NA,6232,"Sub-Saharan Africa","Mauritania",1.19922405811565,425,48.0224851833737,"Normal","Average - typical case load at this point",-0.326778214005647,"Extremely High",99.222766829597,"Rare bad event - unusually high cases to date","Mauritania"
"MRT",4,9,1.22734303559912,267.666666666666,1.20694596060426,692.666666666666,267.666666666667,692.666666666667,0.346016356507506,0.133614493981384,2025,"WHO",2025-09-01,37,37,37,11,1,TRUE,"applied_mean",NA,6,"2025/2026","Observed",335,582,6218,9050,NA,6232,"Sub-Saharan Africa","Mauritania",1.20694596060426,692.666666666666,34.8454803618565,"Normal","Average - typical case load at this point",-0.566787220834524,"Extremely High",99.222766829597,"Rare bad event - unusually high cases to date","Mauritania"
"MRT",5,10,1.30342558095522,337.666666666666,1.23657141999474,1030.33333333333,337.666666666667,1030.33333333333,0.515949848930752,0.169933492423247,2025,"WHO",2025-10-01,3135,3135,3135,10,1,TRUE,"applied_mean",NA,6,"2025/2026","Observed",3470,3717,6218,9050,NA,6232,"Sub-Saharan Africa","Mauritania",1.23657141999474,1030.33333333333,97.4849114838381,"Extremely High","Rare bad event - unusually high cases to date",2.6314909932835,"Extremely High",99.222766829597,"Rare bad event - unusually high cases to date","Mauritania"
"MRT",6,11,1.46635948641897,205.666666666667,1.33988550787714,1236,205.666666666667,1236,0.623176949607016,0.107227100676264,2025,"WHO",2025-11-01,1923,1923,1923,9,1,TRUE,"applied_mean",NA,6,"2025/2026","Observed",5393,5640,6218,9050,NA,6232,"Sub-Saharan Africa","Mauritania",1.33988550787714,1236,99.3772171608156,"Extremely High","Rare bad event - unusually high cases to date",3.89099011743458,"Extremely High",99.222766829597,"Rare bad event - unusually high cases to date","Mauritania"
"MRT",7,12,2.2966468566504,90.0000000000001,1.41537092228562,1326,90,1326,0.678958559381257,0.0557816097742414,2025,"Estimates",2025-12-01,14,NA,NA,NA,NA,NA,NA,NA,6,"2025/2026","Unobserved",5407,5654,6218,9050,13.7780576142376,6232,"Sub-Saharan Africa","Mauritania",1.41537092228562,1326,99.222766829597,"Extremely High","Rare bad event - unusually high cases to date",3.65954040149779,"Extremely High",99.222766829597,"Rare bad event - unusually high cases to date","Mauritania"
"MRT",8,1,1.12369019858878,219.666666666667,1.47548292696547,1545.66666666666,219.666666666667,1545.66666666667,0.791805406979151,0.112846847597894,2026,"WHO",2026-01-01,530,530,530,7,1,TRUE,"applied_mean",NA,6,"2025/2026","Observed",5937,530,6218,7952,NA,6232,"Sub-Saharan Africa","Mauritania",1.47548292696547,1545.66666666666,99.0390628844185,"Extremely High","Rare bad event - unusually high cases to date",3.4493754581164,"Normal",34.634742475623,"Average - typical case load at this point","Mauritania"
"MRT",9,2,0.958313454731303,167,1.47599889537996,1712.66666666667,167,1712.66666666667,0.872234813304529,0.0804294063253777,2026,"WHO",2026-02-01,78,78,78,6,1,TRUE,"applied_mean",NA,6,"2025/2026","Observed",6015,608,6218,7952,NA,6232,"Sub-Saharan Africa","Mauritania",1.47599889537996,1712.66666666667,98.4959370966963,"Extremely High","Rare bad event - unusually high cases to date",3.05061335069214,"Normal",34.634742475623,"Average - typical case load at this point","Mauritania"
"MRT",10,3,0.974862741526227,99,1.47996353626914,1811.66666666667,99,1811.66666666667,0.921947807869503,0.049712994564974,2026,"WHO",2026-03-01,46,46,46,5,1,TRUE,"applied_mean",NA,6,"2025/2026","Observed",6061,654,6218,7952,NA,6232,"Sub-Saharan Africa","Mauritania",1.47996353626914,1811.66666666667,98.1240875954153,"Extremely High","Rare bad event - unusually high cases to date",2.85227041517082,"Normal",34.634742475623,"Average - typical case load at this point","Mauritania"
"MRT",11,4,1.078029559824,93.3333333333334,1.4817357209223,1905,93.3333333333333,1905,0.969180330048616,0.0472325221791127,2026,"WHO",2026-04-01,30,30,30,4,1,TRUE,"applied_mean",NA,6,"2025/2026","Observed",6091,684,6218,7952,NA,6232,"Sub-Saharan Africa","Mauritania",1.4817357209223,1905,97.7115548413897,"Extremely High","Rare bad event - unusually high cases to date",2.67374992163738,"Normal",34.634742475623,"Average - typical case load at this point","Mauritania"
"MRT",12,5,0.611015731654304,51.3333333333333,1.49986706196278,1956.33333333334,51.3333333333333,1956.33333333333,1,0.0308196699513843,2026,"WHO",2026-05-01,141,115,141,3,1.22889305816135,TRUE,"applied_mean",NA,6,"2025/2026","Observed",6232,825,6218,7952,NA,6232,"Sub-Saharan Africa","Mauritania",1.49986706196278,1956.33333333334,97.7242055675985,"Extremely High","Rare bad event - unusually high cases to date",2.67559855113134,"Normal",34.634742475623,"Average - typical case load at this point","Mauritania"
"MRT",1,6,0.992084251572646,154,0.992084251572646,154,154,154,0.0747107197338275,0.0747107197338275,2026,"WHO",2026-06-01,69,69,69,2,1,TRUE,"applied_median",NA,6,"2026/2027","Observed",69,894,844,7952,NA,3282,"Sub-Saharan Africa","Mauritania",0.992084251572646,154,36.5884130186249,"Normal","Average - typical case load at this point",-0.547996877527333,"Normal",34.634742475623,"Average - typical case load at this point","Mauritania"
"MRT",2,7,1.54692014992337,80.6666666666667,1.22948474912744,234.666666666667,80.6666666666667,234.666666666667,0.116065927366939,0.0413552076331114,2026,"WHO",2026-07-01,29,29,NA,1,NA,FALSE,"insufficient_n_rf",NA,6,"2026/2027","Observed",98,923,844,7952,NA,3282,"Sub-Saharan Africa","Mauritania",1.22948474912744,234.666666666667,30.1973522398004,"Normal","Average - typical case load at this point",-0.64407737705891,"Normal",34.634742475623,"Average - typical case load at this point","Mauritania"
"MRT",3,8,1.1596996268211,190.333333333333,1.19922405811565,425,190.333333333333,425,0.212401862526121,0.0963359351591825,2026,"Estimates",2026-08-01,599,NA,NA,NA,NA,NA,NA,NA,6,"2026/2027","Unobserved",697,1522,844,7952,599.016844819796,3282,"Sub-Saharan Africa","Mauritania",1.19922405811565,425,81.2234058338027,"High","Above average - more cases than typical at this point",0.699871450468786,"Normal",34.634742475623,"Average - typical case load at this point","Mauritania"
"MRT",4,9,1.22734303559912,267.666666666666,1.20694596060426,692.666666666666,267.666666666667,692.666666666667,0.346016356507506,0.133614493981384,2026,NA,2026-09-01,NA,NA,NA,NA,NA,NA,NA,NA,6,"2026/2027","Unobserved",697,1522,844,7952,NA,3282,"Sub-Saharan Africa","Mauritania",1.20694596060426,692.666666666666,62.3423423131504,"Normal","Average - typical case load at this point",0.00686694675754916,"Normal",34.634742475623,"Average - typical case load at this point","Mauritania"
"MRT",5,10,1.30342558095522,337.666666666666,1.23657141999474,1030.33333333333,337.666666666667,1030.33333333333,0.515949848930752,0.169933492423247,2026,NA,2026-10-01,NA,NA,NA,NA,NA,NA,NA,NA,6,"2026/2027","Unobserved",697,1522,844,7952,NA,3282,"Sub-Saharan Africa","Mauritania",1.23657141999474,1030.33333333333,46.1772793179174,"Normal","Average - typical case load at this point",-0.35954242291071,"Normal",34.634742475623,"Average - typical case load at this point","Mauritania"
"MRT",6,11,1.46635948641897,205.666666666667,1.33988550787714,1236,205.666666666667,1236,0.623176949607016,0.107227100676264,2026,NA,2026-11-01,NA,NA,NA,NA,NA,NA,NA,NA,6,"2026/2027","Unobserved",697,1522,844,7952,NA,3282,"Sub-Saharan Africa","Mauritania",1.33988550787714,1236,38.1182647242153,"Normal","Average - typical case load at this point",-0.50450894233756,"Normal",34.634742475623,"Average - typical case load at this point","Mauritania"
"MRT",7,12,2.2966468566504,90.0000000000001,1.41537092228562,1326,90,1326,0.678958559381257,0.0557816097742414,2026,NA,2026-12-01,NA,NA,NA,NA,NA,NA,NA,NA,6,"2026/2027","Unobserved",697,1522,844,7952,NA,3282,"Sub-Saharan Africa","Mauritania",1.41537092228562,1326,34.634742475623,"Normal","Average - typical case load at this point",-0.564040899912303,"Normal",34.634742475623,"Average - typical case load at this point","Mauritania"
"MTQ",9,1,0.697451878317927,358.599999999999,0.355259212138215,4732.86666666666,358.6,4732.86666666667,0.625198269410857,0.188744379102601,2025,"PAHO",2025-01-01,293,293,NA,84,NA,FALSE,"no_lookup_match","current_month_missing",5,"2024/2025","Observed",293,293,775,2933,NA,775,"Caribbean","Martinique",0.355259212138215,4732.86666666666,28.7895510308787,"Normal","Average - typical case load at this point",-0.559116145504315,"Normal",55.4525343303332,"Average - typical case load at this point","Martinique"
"MTQ",10,2,0.501931604455355,356.666666666666,0.40185395387996,5089.53333333333,356.666666666667,5089.53333333333,0.793994210025072,0.168795940614214,2025,"PAHO",2025-02-01,100,100,NA,80,NA,FALSE,"no_lookup_match","current_month_missing",5,"2024/2025","Observed",393,393,775,2933,NA,775,"Caribbean","Martinique",0.40185395387996,5089.53333333333,27.6926810933357,"Normal","Average - typical case load at this point",-0.584946873790351,"Normal",55.4525343303332,"Average - typical case load at this point","Martinique"
"MTQ",11,3,0.478652209606313,291.533333333333,0.429500148524314,5381.06666666665,291.533333333333,5381.06666666667,0.93110588881619,0.137111678791118,2025,"PAHO",2025-03-01,282,282,NA,75,NA,FALSE,"no_lookup_match","current_month_missing",5,"2024/2025","Observed",675,675,775,2933,NA,775,"Caribbean","Martinique",0.429500148524314,5381.06666666665,31.6872388823671,"Normal","Average - typical case load at this point",-0.573131172616136,"Normal",55.4525343303332,"Average - typical case load at this point","Martinique"
"MTQ",12,4,0.278823122761012,143.666666666667,0.441419919172368,5524.73333333334,143.666666666667,5524.73333333333,1,0.0688941111838098,2025,"PAHO",2025-04-01,100,100,NA,71,NA,FALSE,"no_lookup_match","current_month_missing",5,"2024/2025","Observed",775,775,775,2933,NA,775,"Caribbean","Martinique",0.441419919172368,5524.73333333334,32.4615741363647,"Normal","Average - typical case load at this point",-0.571171489835966,"Normal",55.4525343303332,"Average - typical case load at this point","Martinique"
"MTQ",1,5,0.217140161164513,173.266666666667,0.217140161164513,173.266666666667,173.266666666667,173.266666666667,0.0219652858127934,0.0219652858127934,2025,"PAHO",2025-05-01,130,130,NA,67,NA,FALSE,"no_lookup_match","current_month_missing",5,"2025/2026","Observed",130,905,1799,2933,NA,1934,"Caribbean","Martinique",0.217140161164513,173.266666666667,71.799104210945,"Normal","Average - typical case load at this point",-0.116288437097798,"Normal",55.4525343303332,"Average - typical case load at this point","Martinique"
"MTQ",2,6,0.232666640414923,200,0.21827960317094,373.266666666667,200,373.266666666667,0.0461832753936044,0.024217989580811,2025,"PAHO",2025-06-01,90,90,NA,64,NA,FALSE,"no_lookup_match","current_month_missing",5,"2025/2026","Observed",220,995,1799,2933,NA,1934,"Caribbean","Martinique",0.21827960317094,373.266666666667,68.4414073623479,"Normal","Average - typical case load at this point",-0.191782128739009,"Normal",55.4525343303332,"Average - typical case load at this point","Martinique"
"MTQ",3,7,0.220034945448133,329.866666666667,0.210259307113576,703.133333333333,329.866666666667,703.133333333333,0.082827246911249,0.0366439715176445,2025,"Estimates",2025-07-01,28,NA,NA,NA,NA,NA,NA,"current_month_missing",5,"2025/2026","Unobserved",248,1023,1799,2933,28.3990779261745,1934,"Caribbean","Martinique",0.210259307113576,703.133333333333,62.439141313204,"Normal","Average - typical case load at this point",-0.296765661073294,"Normal",55.4525343303332,"Average - typical case load at this point","Martinique"
"MTQ",4,8,0.123634793392305,667.133333333332,0.18719021645203,1370.26666666667,667.133333333333,1370.26666666667,0.119658227898486,0.0368309809872368,2025,"Estimates",2025-08-01,29,NA,NA,NA,NA,NA,NA,"current_month_missing",5,"2025/2026","Unobserved",277,1052,1799,2933,28.5440102651086,1934,"Caribbean","Martinique",0.18719021645203,1370.26666666667,58.4551135339937,"Normal","Average - typical case load at this point",-0.345169906386039,"Normal",55.4525343303332,"Average - typical case load at this point","Martinique"
"MTQ",5,9,0.16269594002527,1078.8,0.180137249434826,2449.06666666667,1078.8,2449.06666666667,0.209627025917464,0.0899687980189778,2025,"WHO",2025-09-01,105,105,105,11,1,TRUE,"applied_mean",NA,5,"2025/2026","Observed",382,1157,1799,2933,NA,1934,"Caribbean","Martinique",0.180137249434826,2449.06666666667,56.6610189981132,"Normal","Average - typical case load at this point",-0.358211618960111,"Normal",55.4525343303332,"Average - typical case load at this point","Martinique"
"MTQ",6,10,0.208624753564456,899.266666666666,0.182536225310234,3348.33333333334,899.266666666667,3348.33333333333,0.31085243884323,0.101225412925766,2025,"Estimates",2025-10-01,78,NA,NA,NA,NA,NA,NA,"current_month_missing",5,"2025/2026","Unobserved",460,1235,1799,2933,78.4496950174687,1934,"Caribbean","Martinique",0.182536225310234,3348.33333333334,55.0852961113548,"Normal","Average - typical case load at this point",-0.368537190830033,"Normal",55.4525343303332,"Average - typical case load at this point","Martinique"
"MTQ",7,11,0.213029843788093,690.666666666667,0.183159943191965,4038.99999999999,690.666666666667,4039,0.388918602418391,0.0780661635751609,2025,"WHO",2025-11-01,30,30,30,9,1,TRUE,"applied_mean",NA,5,"2025/2026","Observed",490,1265,1799,2933,NA,1934,"Caribbean","Martinique",0.183159943191965,4038.99999999999,53.7874904148453,"Normal","Average - typical case load at this point",-0.376043035133572,"Normal",55.4525343303332,"Average - typical case load at this point","Martinique"
"MTQ",8,12,0.206607321145784,335.266666666666,0.184468194501931,4374.26666666666,335.266666666667,4374.26666666667,0.436453890308256,0.0475352878898651,2025,"PAHO",2025-12-01,150,150,150,37,1,TRUE,"applied_mean","not_missing",5,"2025/2026","Observed",640,1415,1799,2933,NA,1934,"Caribbean","Martinique",0.184468194501931,4374.26666666666,55.4525343303332,"Normal","Average - typical case load at this point",-0.36664997873662,"Normal",55.4525343303332,"Average - typical case load at this point","Martinique"
"MTQ",9,1,0.697451878317927,358.599999999999,0.355259212138215,4732.86666666666,358.6,4732.86666666667,0.625198269410857,0.188744379102601,2026,"PAHO",2026-01-01,346,346,346,32,1,TRUE,"applied_mean","not_missing",5,"2025/2026","Observed",986,346,1799,61643,NA,1934,"Caribbean","Martinique",0.355259212138215,4732.86666666666,43.6894035556042,"Normal","Average - typical case load at this point",-0.471846072341196,"Normal",46.2666538746252,"Average - typical case load at this point","Martinique"
"MTQ",10,2,0.501931604455355,356.666666666666,0.40185395387996,5089.53333333333,356.666666666667,5089.53333333333,0.793994210025072,0.168795940614214,2026,"PAHO",2026-02-01,322,322,322,28,1,TRUE,"applied_mean","not_missing",5,"2025/2026","Observed",1308,668,1799,61643,NA,1934,"Caribbean","Martinique",0.40185395387996,5089.53333333333,43.9729649274522,"Normal","Average - typical case load at this point",-0.47098486148663,"Normal",46.2666538746252,"Average - typical case load at this point","Martinique"
"MTQ",11,3,0.478652209606313,291.533333333333,0.429500148524314,5381.06666666665,291.533333333333,5381.06666666667,0.93110588881619,0.137111678791118,2026,"PAHO",2026-03-01,416,416,416,23,1,TRUE,"applied_mean","not_missing",5,"2025/2026","Observed",1724,1084,1799,61643,NA,1934,"Caribbean","Martinique",0.429500148524314,5381.06666666665,46.242786566262,"Normal","Average - typical case load at this point",-0.44537807376338,"Normal",46.2666538746252,"Average - typical case load at this point","Martinique"
"MTQ",12,4,0.278823122761012,143.666666666667,0.441419919172368,5524.73333333334,143.666666666667,5524.73333333333,1,0.0688941111838098,2026,"PAHO",2026-04-01,210,210,210,19,1,TRUE,"applied_mean","not_missing",5,"2025/2026","Observed",1934,1294,1799,61643,NA,1934,"Caribbean","Martinique",0.441419919172368,5524.73333333334,47.2751906324393,"Normal","Average - typical case load at this point",-0.431797821829366,"Normal",46.2666538746252,"Average - typical case load at this point","Martinique"
"MTQ",1,5,0.217140161164513,173.266666666667,0.217140161164513,173.266666666667,173.266666666667,173.266666666667,0.0219652858127934,0.0219652858127934,2026,"PAHO",2026-05-01,60,60,60,17,1,TRUE,"applied_mean","not_missing",5,"2026/2027","Observed",60,1354,2732,61643,NA,1972,"Caribbean","Martinique",0.217140161164513,173.266666666667,61.6901413985103,"Normal","Average - typical case load at this point",-0.304428435484066,"Normal",46.2666538746252,"Average - typical case load at this point","Martinique"
"MTQ",2,6,0.232666640414923,200,0.21827960317094,373.266666666667,200,373.266666666667,0.0461832753936044,0.024217989580811,2026,"Estimates",2026-06-01,44,NA,NA,2,1.02840909090909,FALSE,"applied_median",NA,5,"2026/2027","Unobserved",104,1398,2732,61643,43.568163255879,1972,"Caribbean","Martinique",0.21827960317094,373.266666666667,58.8409567621988,"Normal","Average - typical case load at this point",-0.336932587201765,"Normal",46.2666538746252,"Average - typical case load at this point","Martinique"
"MTQ",3,7,0.220034945448133,329.866666666667,0.210259307113576,703.133333333333,329.866666666667,703.133333333333,0.082827246911249,0.0366439715176445,2026,"Estimates",2026-07-01,66,NA,NA,1,NA,FALSE,"no_lookup_match",NA,5,"2026/2027","Unobserved",170,1464,2732,61643,65.9225047602425,1972,"Caribbean","Martinique",0.210259307113576,703.133333333333,57.9154838541188,"Normal","Average - typical case load at this point",-0.34762487060248,"Normal",46.2666538746252,"Average - typical case load at this point","Martinique"
"MTQ",4,8,0.123634793392305,667.133333333332,0.18719021645203,1370.26666666667,667.133333333333,1370.26666666667,0.119658227898486,0.0368309809872368,2026,"Estimates",2026-08-01,66,NA,NA,NA,NA,NA,NA,NA,5,"2026/2027","Unobserved",236,1530,2732,61643,66.2589347960391,1972,"Caribbean","Martinique",0.18719021645203,1370.26666666667,56.7817376728514,"Normal","Average - typical case load at this point",-0.358114567184101,"Normal",46.2666538746252,"Average - typical case load at this point","Martinique"
"MTQ",5,9,0.16269594002527,1078.8,0.180137249434826,2449.06666666667,1078.8,2449.06666666667,0.209627025917464,0.0899687980189778,2026,NA,2026-09-01,NA,NA,NA,NA,NA,NA,NA,NA,5,"2026/2027","Unobserved",236,1530,2732,61643,NA,1972,"Caribbean","Martinique",0.180137249434826,2449.06666666667,52.0461568441891,"Normal","Average - typical case load at this point",-0.383512639585881,"Normal",46.2666538746252,"Average - typical case load at this point","Martinique"
"MTQ",6,10,0.208624753564456,899.266666666666,0.182536225310234,3348.33333333334,899.266666666667,3348.33333333333,0.31085243884323,0.101225412925766,2026,NA,2026-10-01,NA,NA,NA,NA,NA,NA,NA,NA,5,"2026/2027","Unobserved",236,1530,2732,61643,NA,1972,"Caribbean","Martinique",0.182536225310234,3348.33333333334,48.8694560168452,"Normal","Average - typical case load at this point",-0.397118494031162,"Normal",46.2666538746252,"Average - typical case load at this point","Martinique"
"MTQ",7,11,0.213029843788093,690.666666666667,0.183159943191965,4038.99999999999,690.666666666667,4039,0.388918602418391,0.0780661635751609,2026,NA,2026-11-01,NA,NA,NA,NA,NA,NA,NA,NA,5,"2026/2027","Unobserved",236,1530,2732,61643,NA,1972,"Caribbean","Martinique",0.183159943191965,4038.99999999999,47.1454963387444,"Normal","Average - typical case load at this point",-0.402956230660179,"Normal",46.2666538746252,"Average - typical case load at this point","Martinique"
"MTQ",8,12,0.206607321145784,335.266666666666,0.184468194501931,4374.26666666666,335.266666666667,4374.26666666667,0.436453890308256,0.0475352878898651,2026,NA,2026-12-01,NA,NA,NA,NA,NA,NA,NA,NA,5,"2026/2027","Unobserved",236,1530,2732,61643,NA,1972,"Caribbean","Martinique",0.184468194501931,4374.26666666666,46.2666538746252,"Normal","Average - typical case load at this point",-0.406316827580551,"Normal",46.2666538746252,"Average - typical case load at this point","Martinique"
"MYS",12,1,2.29580543949486,8990.31250000001,3.42146730967202,78688.3125000001,8990.3125,78688.3125,1,0.114848369664439,2025,"WHO",2025-01-01,6676,6676,NA,19,NA,FALSE,"no_lookup_match",NA,2,"2024/2025","Observed",6676,6676,6676,62587,NA,6676,"East & Southeast Asia","Malaysia",3.42146730967202,78688.3125000001,0.111407969540377,"Extremely Low","Rare good event - unusually low cases to date",-1.69275178903586,"Normal",33.218958241239,"Average - typical case load at this point","Malaysia"
"MYS",1,2,2.32952284958419,6871.56249999999,2.32952284958419,6871.56249999999,6871.5625,6871.5625,0.0863821835623436,0.0863821835623436,2025,"WHO",2025-02-01,5049,5049,NA,18,NA,FALSE,"no_lookup_match",NA,2,"2025/2026","Observed",5049,11725,54034,62587,NA,54034,"East & Southeast Asia","Malaysia",2.32952284958419,6871.56249999999,41.2121302648526,"Normal","Average - typical case load at this point",-0.404749959694319,"Normal",33.218958241239,"Average - typical case load at this point","Malaysia"
"MYS",2,3,2.52345559624953,6274.87500000002,2.43607482427874,13146.4375,6274.875,13146.4375,0.165229257725426,0.0788470741630822,2025,"WHO",2025-03-01,4571,4571,NA,17,NA,FALSE,"no_lookup_match",NA,2,"2025/2026","Observed",9620,16296,54034,62587,NA,54034,"East & Southeast Asia","Malaysia",2.43607482427874,13146.4375,40.3979190805924,"Normal","Average - typical case load at this point",-0.418632737442816,"Normal",33.218958241239,"Average - typical case load at this point","Malaysia"
"MYS",3,4,3.52286060852569,5290.87499999999,2.80561543143508,18437.3125,5290.875,18437.3125,0.235813603537792,0.0705843458123661,2025,"WHO",2025-04-01,5383,5383,NA,16,NA,FALSE,"no_lookup_match",NA,2,"2025/2026","Observed",15003,21679,54034,62587,NA,54034,"East & Southeast Asia","Malaysia",2.80561543143508,18437.3125,44.8210400709246,"Normal","Average - typical case load at this point",-0.311977464197125,"Normal",33.218958241239,"Average - typical case load at this point","Malaysia"
"MYS",4,5,3.09089130146189,6162.5,2.9518837261864,24599.8124999999,6162.5,24599.8125,0.314906133573656,0.0790925300358645,2025,"WHO",2025-05-01,4877,4877,NA,15,NA,FALSE,"no_lookup_match",NA,2,"2025/2026","Observed",19880,26556,54034,62587,NA,54034,"East & Southeast Asia","Malaysia",2.9518837261864,24599.8124999999,43.8445711765094,"Normal","Average - typical case load at this point",-0.329622248300461,"Normal",33.218958241239,"Average - typical case load at this point","Malaysia"
"MYS",5,6,3.0791840553623,6668.625,3.03632506881466,31268.4375000001,6668.625,31268.4375,0.39910625008642,0.0842001165127635,2025,"WHO",2025-06-01,4657,4657,NA,14,NA,FALSE,"no_lookup_match",NA,2,"2025/2026","Observed",24537,31213,54034,62587,NA,54034,"East & Southeast Asia","Malaysia",3.03632506881466,31268.4375000001,41.6875127356003,"Normal","Average - typical case load at this point",-0.375106582609449,"Normal",33.218958241239,"Average - typical case load at this point","Malaysia"
"MYS",6,7,2.72470985226728,7639.31250000001,3.01553300716189,38907.75,7639.3125,38907.75,0.493735843996143,0.0946295939097232,2025,"WHO",2025-07-01,5065,5065,NA,13,NA,FALSE,"no_lookup_match",NA,2,"2025/2026","Observed",29602,36278,54034,62587,NA,54034,"East & Southeast Asia","Malaysia",3.01553300716189,38907.75,39.8676004573357,"Normal","Average - typical case load at this point",-0.415317736365339,"Normal",33.218958241239,"Average - typical case load at this point","Malaysia"
"MYS",7,8,2.47963012618854,6379.62499999999,2.97571083106786,45287.375,6379.625,45287.375,0.571356434038816,0.0776205900426727,2025,"WHO",2025-08-01,3338,3338,3338,12,1,TRUE,"applied_mean",NA,2,"2025/2026","Observed",32940,39616,54034,62587,NA,54034,"East & Southeast Asia","Malaysia",2.97571083106786,45287.375,37.3601597161118,"Normal","Average - typical case load at this point",-0.470303905340168,"Normal",33.218958241239,"Average - typical case load at this point","Malaysia"
"MYS",8,9,3.00319948666315,5951.75,3.06505800988884,51239.1249999999,5951.75,51239.125,0.646473789119196,0.07511735508038,2025,"WHO",2025-09-01,2969,2969,2969,11,1,TRUE,"applied_mean",NA,2,"2025/2026","Observed",35909,42585,54034,62587,NA,54034,"East & Southeast Asia","Malaysia",3.06505800988884,51239.1249999999,34.7929644242301,"Normal","Average - typical case load at this point",-0.52378173685291,"Normal",33.218958241239,"Average - typical case load at this point","Malaysia"
"MYS",9,10,3.6816714869609,5958.43749999999,3.2167924564215,57197.5624999999,5958.4375,57197.5625,0.724406437659999,0.0779326485408028,2025,"WHO",2025-10-01,4398,4398,4398,10,1,TRUE,"applied_mean",NA,2,"2025/2026","Observed",40307,46983,54034,62587,NA,54034,"East & Southeast Asia","Malaysia",3.2167924564215,57197.5624999999,34.4121936821291,"Normal","Average - typical case load at this point",-0.529621857604976,"Normal",33.218958241239,"Average - typical case load at this point","Malaysia"
"MYS",10,11,3.07947592696705,5853.68750000002,3.2948985826461,63051.25,5853.6875,63051.25,0.799190026781236,0.0747835891212373,2025,"WHO",2025-11-01,3449,3449,3449,9,1,TRUE,"applied_mean",NA,2,"2025/2026","Observed",43756,50432,54034,62587,NA,54034,"East & Southeast Asia","Malaysia",3.2948985826461,63051.25,33.1670991396717,"Normal","Average - typical case load at this point",-0.5554773915487,"Normal",33.218958241239,"Average - typical case load at this point","Malaysia"
"MYS",11,12,2.9734523020794,6646.75,3.37978135725552,69698.0000000001,6646.75,69698,0.885151630335561,0.0859616035543254,2025,"WHO",2025-12-01,4967,4967,4967,8,1,TRUE,"applied_mean",NA,2,"2025/2026","Observed",48723,55399,54034,62587,NA,54034,"East & Southeast Asia","Malaysia",3.37978135725552,69698.0000000001,33.218958241239,"Normal","Average - typical case load at this point",-0.553242362017559,"Normal",33.218958241239,"Average - typical case load at this point","Malaysia"
"MYS",12,1,2.29580543949486,8990.31250000001,3.42146730967202,78688.3125000001,8990.3125,78688.3125,1,0.114848369664439,2026,"WHO",2026-01-01,5311,5311,5311,7,1,TRUE,"applied_mean",NA,2,"2025/2026","Observed",54034,5311,54034,94278,NA,54034,"East & Southeast Asia","Malaysia",3.42146730967202,78688.3125000001,31.990182429089,"Normal","Average - typical case load at this point",-0.579534667655955,"Low",24.7088245815323,"Below average - fewer cases than typical at this point","Malaysia"
"MYS",1,2,2.32952284958419,6871.56249999999,2.32952284958419,6871.56249999999,6871.5625,6871.5625,0.0863821835623436,0.0863821835623436,2026,"WHO",2026-02-01,4913,4913,4913,6,1,TRUE,"applied_mean",NA,2,"2026/2027","Observed",4913,10224,80971,94278,NA,72849,"East & Southeast Asia","Malaysia",2.32952284958419,6871.56249999999,39.7732402333651,"Normal","Average - typical case load at this point",-0.434952487464108,"Low",24.7088245815323,"Below average - fewer cases than typical at this point","Malaysia"
"MYS",2,3,2.52345559624953,6274.87500000002,2.43607482427874,13146.4375,6274.875,13146.4375,0.165229257725426,0.0788470741630822,2026,"WHO",2026-03-01,4431,4431,4431,5,1,TRUE,"applied_mean",NA,2,"2026/2027","Observed",9344,14655,80971,94278,NA,72849,"East & Southeast Asia","Malaysia",2.43607482427874,13146.4375,38.8397457859078,"Normal","Average - typical case load at this point",-0.451397428589112,"Low",24.7088245815323,"Below average - fewer cases than typical at this point","Malaysia"
"MYS",3,4,3.52286060852569,5290.87499999999,2.80561543143508,18437.3125,5290.875,18437.3125,0.235813603537792,0.0705843458123661,2026,"WHO",2026-04-01,6873,6873,6873,4,1,TRUE,"applied_mean",NA,2,"2026/2027","Observed",16217,21528,80971,94278,NA,72849,"East & Southeast Asia","Malaysia",2.80561543143508,18437.3125,49.6817928861196,"Normal","Average - typical case load at this point",-0.201696107583449,"Low",24.7088245815323,"Below average - fewer cases than typical at this point","Malaysia"
"MYS",4,5,3.09089130146189,6162.5,2.9518837261864,24599.8124999999,6162.5,24599.8125,0.314906133573656,0.0790925300358645,2026,"WHO",2026-05-01,7343,7343,7343,3,1,TRUE,"applied_mean",NA,2,"2026/2027","Observed",23560,28871,80971,94278,NA,72849,"East & Southeast Asia","Malaysia",2.9518837261864,24599.8124999999,54.8692654666372,"Normal","Average - typical case load at this point",-0.072618421613339,"Low",24.7088245815323,"Below average - fewer cases than typical at this point","Malaysia"
"MYS",5,6,3.0791840553623,6668.625,3.03632506881466,31268.4375000001,6668.625,31268.4375,0.39910625008642,0.0842001165127635,2026,"WHO",2026-06-01,8756,4826,8756,2,1.81441774428585,TRUE,"applied_mean",NA,2,"2026/2027","Observed",32316,37627,80971,94278,NA,72849,"East & Southeast Asia","Malaysia",3.03632506881466,31268.4375000001,59.8636746272838,"Normal","Average - typical case load at this point",0.0583749889150404,"Low",24.7088245815323,"Below average - fewer cases than typical at this point","Malaysia"
"MYS",6,7,2.72470985226728,7639.31250000001,3.01553300716189,38907.75,7639.3125,38907.75,0.493735843996143,0.0946295939097232,2026,"Estimates",2026-07-01,5113,NA,NA,NA,NA,NA,NA,NA,2,"2026/2027","Unobserved",37429,42740,80971,94278,5113.21547731799,72849,"East & Southeast Asia","Malaysia",3.01553300716189,38907.75,55.0527425231931,"Normal","Average - typical case load at this point",-0.065996948408268,"Low",24.7088245815323,"Below average - fewer cases than typical at this point","Malaysia"
"MYS",7,8,2.47963012618854,6379.62499999999,2.97571083106786,45287.375,6379.625,45287.375,0.571356434038816,0.0776205900426727,2026,"Estimates",2026-08-01,4194,NA,NA,NA,NA,NA,NA,NA,2,"2026/2027","Unobserved",41623,46934,80971,94278,4194.15096236577,72849,"East & Southeast Asia","Malaysia",2.97571083106786,45287.375,52.0858506293881,"Normal","Average - typical case load at this point",-0.139573785774781,"Low",24.7088245815323,"Below average - fewer cases than typical at this point","Malaysia"
"MYS",8,9,3.00319948666315,5951.75,3.06505800988884,51239.1249999999,5951.75,51239.125,0.646473789119196,0.07511735508038,2026,NA,2026-09-01,NA,NA,NA,NA,NA,NA,NA,NA,2,"2026/2027","Unobserved",41623,46934,80971,94278,NA,72849,"East & Southeast Asia","Malaysia",3.06505800988884,51239.1249999999,43.7621518754712,"Normal","Average - typical case load at this point",-0.328552484359695,"Low",24.7088245815323,"Below average - fewer cases than typical at this point","Malaysia"
"MYS",9,10,3.6816714869609,5958.43749999999,3.2167924564215,57197.5624999999,5958.4375,57197.5625,0.724406437659999,0.0779326485408028,2026,NA,2026-10-01,NA,NA,NA,NA,NA,NA,NA,NA,2,"2026/2027","Unobserved",41623,46934,80971,94278,NA,72849,"East & Southeast Asia","Malaysia",3.2167924564215,57197.5624999999,36.319190027213,"Normal","Average - typical case load at this point",-0.488357254095877,"Low",24.7088245815323,"Below average - fewer cases than typical at this point","Malaysia"
"MYS",10,11,3.07947592696705,5853.68750000002,3.2948985826461,63051.25,5853.6875,63051.25,0.799190026781236,0.0747835891212373,2026,NA,2026-11-01,NA,NA,NA,NA,NA,NA,NA,NA,2,"2026/2027","Unobserved",41623,46934,80971,94278,NA,72849,"East & Southeast Asia","Malaysia",3.2948985826461,63051.25,30.3390790014677,"Normal","Average - typical case load at this point",-0.616882829476344,"Low",24.7088245815323,"Below average - fewer cases than typical at this point","Malaysia"
"MYS",11,12,2.9734523020794,6646.75,3.37978135725552,69698.0000000001,6646.75,69698,0.885151630335561,0.0859616035543254,2026,NA,2026-12-01,NA,NA,NA,NA,NA,NA,NA,NA,2,"2026/2027","Unobserved",41623,46934,80971,94278,NA,72849,"East & Southeast Asia","Malaysia",3.37978135725552,69698.0000000001,24.7088245815323,"Low","Below average - fewer cases than typical at this point",-0.740513912450201,"Low",24.7088245815323,"Below average - fewer cases than typical at this point","Malaysia"
"NCL",5,1,0.29470609481677,194.818181818182,0.56409602867753,370.363636363636,194.818181818182,370.363636363636,0.34057248640989,0.069362227773841,2025,"WHO",2025-01-01,0,0,NA,19,NA,FALSE,"no_lookup_match",NA,9,"2024/2025","Observed",0,0,3,18,NA,3,"Pacific Islands","New Caledonia",0.56409602867753,370.363636363636,2.57284335461719,"Extremely Low","Rare good event - unusually low cases to date",-0.75049195063168,"Low",20.962023945933,"Below average - fewer cases than typical at this point","New Caledonia"
"NCL",6,2,0.255979530451588,354.636363636365,0.489959521466978,725,354.636363636364,725,0.445709325857552,0.105136839447662,2025,"WHO",2025-02-01,0,0,NA,18,NA,FALSE,"no_lookup_match",NA,9,"2024/2025","Observed",0,0,3,18,NA,3,"Pacific Islands","New Caledonia",0.489959521466978,725,2.79638810299742,"Extremely Low","Rare good event - unusually low cases to date",-0.699734683567292,"Low",20.962023945933,"Below average - fewer cases than typical at this point","New Caledonia"
"NCL",7,3,0.271029499659282,519.636363636365,0.42692324547384,1244.63636363636,519.636363636364,1244.63636363636,0.579889473653222,0.13418014779567,2025,"WHO",2025-03-01,0,0,NA,17,NA,FALSE,"no_lookup_match",NA,9,"2024/2025","Observed",0,0,3,18,NA,3,"Pacific Islands","New Caledonia",0.42692324547384,1244.63636363636,3.31725279281061,"Extremely Low","Rare good event - unusually low cases to date",-0.653281605866702,"Low",20.962023945933,"Below average - fewer cases than typical at this point","New Caledonia"
"NCL",8,4,0.284935420030207,405.545454545454,0.416657748471336,1650.18181818182,405.545454545455,1650.18181818182,0.70234213735628,0.122452663703057,2025,"WHO",2025-04-01,2,2,NA,16,NA,FALSE,"no_lookup_match",NA,9,"2024/2025","Observed",2,2,3,18,NA,3,"Pacific Islands","New Caledonia",0.416657748471336,1650.18181818182,5.42386083565465,"Low","Below average - fewer cases than typical at this point",-0.644626613625615,"Low",20.962023945933,"Below average - fewer cases than typical at this point","New Caledonia"
"NCL",9,5,0.26630559400115,258.545454545455,0.432932094665887,1908.72727272727,258.545454545455,1908.72727272727,0.838524648372544,0.136182511016264,2025,"WHO",2025-05-01,1,1,NA,15,NA,FALSE,"no_lookup_match",NA,9,"2024/2025","Observed",3,3,3,18,NA,3,"Pacific Islands","New Caledonia",0.432932094665887,1908.72727272727,5.2722111197749,"Low","Below average - fewer cases than typical at this point",-0.656867106353204,"Low",20.962023945933,"Below average - fewer cases than typical at this point","New Caledonia"
"NCL",10,6,0.286832642348794,110,0.437659764557835,2018.72727272727,110,2018.72727272727,0.898156639876026,0.0596319915034818,2025,"WHO",2025-06-01,0,0,NA,14,NA,FALSE,"no_lookup_match",NA,9,"2024/2025","Observed",3,3,3,18,NA,3,"Pacific Islands","New Caledonia",0.437659764557835,2018.72727272727,5.00096838204311,"Low","Below average - fewer cases than typical at this point",-0.660503860519708,"Low",20.962023945933,"Below average - fewer cases than typical at this point","New Caledonia"
"NCL",11,7,0.302967398105661,42.6363636363636,0.446764873909056,2061.36363636363,42.6363636363636,2061.36363636364,0.931254117055095,0.0330974771790695,2025,"WHO",2025-07-01,0,0,NA,13,NA,FALSE,"no_lookup_match",NA,9,"2024/2025","Observed",3,3,3,18,NA,3,"Pacific Islands","New Caledonia",0.446764873909056,2061.36363636363,4.68965729192691,"Extremely Low","Rare good event - unusually low cases to date",-0.667359646720903,"Low",20.962023945933,"Below average - fewer cases than typical at this point","New Caledonia"
"NCL",12,8,0.403132100340864,25.8181818181818,0.471570886056434,2087.18181818182,25.8181818181818,2087.18181818182,1,0.0687458829449047,2025,"WHO",2025-08-01,0,0,0,12,1,TRUE,"applied_mean",NA,9,"2024/2025","Observed",3,3,3,18,NA,3,"Pacific Islands","New Caledonia",0.471570886056434,2087.18181818182,4.01453037834832,"Extremely Low","Rare good event - unusually low cases to date",-0.685645699514482,"Low",20.962023945933,"Below average - fewer cases than typical at this point","New Caledonia"
"NCL",1,9,0.367984868642507,32.2727272727273,0.367984868642507,32.2727272727273,32.2727272727273,32.2727272727273,0.069940122827225,0.069940122827225,2025,"WHO",2025-09-01,2,2,2,11,1,TRUE,"applied_mean",NA,9,"2025/2026","Observed",2,5,2313,18,NA,2313,"Pacific Islands","New Caledonia",0.367984868642507,32.2727272727273,30.9021063072516,"Normal","Average - typical case load at this point",-0.565807737516155,"Low",20.962023945933,"Below average - fewer cases than typical at this point","New Caledonia"
"NCL",2,10,0.378044220971064,28.1818181818182,0.358468194564705,60.4545454545455,28.1818181818182,60.4545454545455,0.122661694758665,0.0527215719314396,2025,"WHO",2025-10-01,0,0,0,10,1,TRUE,"applied_mean",NA,9,"2025/2026","Observed",2,5,2313,18,NA,2313,"Pacific Islands","New Caledonia",0.358468194564705,60.4545454545455,25.3558025524856,"Normal","Average - typical case load at this point",-0.577206029424435,"Low",20.962023945933,"Below average - fewer cases than typical at this point","New Caledonia"
"NCL",3,11,0.35441539799064,46.7272727272728,0.341814817212541,107.181818181818,46.7272727272727,107.181818181818,0.190925120137157,0.0682634253784927,2025,"WHO",2025-11-01,0,0,0,9,1,TRUE,"applied_mean",NA,9,"2025/2026","Observed",2,5,2313,18,NA,2313,"Pacific Islands","New Caledonia",0.341814817212541,107.181818181818,21.9662784871777,"Low","Below average - fewer cases than typical at this point",-0.572827146711934,"Low",20.962023945933,"Below average - fewer cases than typical at this point","New Caledonia"
"NCL",4,12,0.295259619501213,68.3636363636363,0.312432163089021,175.545454545454,68.3636363636364,175.545454545455,0.271210258636049,0.080285138498892,2025,"WHO",2025-12-01,0,0,0,8,1,TRUE,"applied_mean",NA,9,"2025/2026","Observed",2,5,2313,18,NA,2313,"Pacific Islands","New Caledonia",0.312432163089021,175.545454545454,20.962023945933,"Low","Below average - fewer cases than typical at this point",-0.552097005732768,"Low",20.962023945933,"Below average - fewer cases than typical at this point","New Caledonia"
"NCL",5,1,0.29470609481677,194.818181818182,0.56409602867753,370.363636363636,194.818181818182,370.363636363636,0.34057248640989,0.069362227773841,2026,"WHO",2026-01-01,42,42,42,7,1,TRUE,"applied_mean",NA,9,"2025/2026","Observed",44,42,2313,2311,NA,2313,"Pacific Islands","New Caledonia",0.56409602867753,370.363636363636,24.1001870826314,"Low","Below average - fewer cases than typical at this point",-0.661331885804548,"Low",13.8256216648988,"Below average - fewer cases than typical at this point","New Caledonia"
"NCL",6,2,0.255979530451588,354.636363636365,0.489959521466978,725,354.636363636364,725,0.445709325857552,0.105136839447662,2026,"WHO",2026-02-01,132,132,132,6,1,TRUE,"applied_mean",NA,9,"2025/2026","Observed",176,174,2313,2311,NA,2313,"Pacific Islands","New Caledonia",0.489959521466978,725,38.3346818974138,"Normal","Average - typical case load at this point",-0.529868056935784,"Low",13.8256216648988,"Below average - fewer cases than typical at this point","New Caledonia"
"NCL",7,3,0.271029499659282,519.636363636365,0.42692324547384,1244.63636363636,519.636363636364,1244.63636363636,0.579889473653222,0.13418014779567,2026,"WHO",2026-03-01,322,322,322,5,1,TRUE,"applied_mean",NA,9,"2025/2026","Observed",498,496,2313,2311,NA,2313,"Pacific Islands","New Caledonia",0.42692324547384,1244.63636363636,50.5136019474043,"Normal","Average - typical case load at this point",-0.391892617703837,"Low",13.8256216648988,"Below average - fewer cases than typical at this point","New Caledonia"
"NCL",8,4,0.284935420030207,405.545454545454,0.416657748471336,1650.18181818182,405.545454545455,1650.18181818182,0.70234213735628,0.122452663703057,2026,"WHO",2026-04-01,910,910,NA,4,NA,FALSE,"insufficient_n_rf",NA,9,"2025/2026","Observed",1408,1406,2313,2311,NA,2313,"Pacific Islands","New Caledonia",0.416657748471336,1650.18181818182,66.3927236359573,"Normal","Average - typical case load at this point",-0.0947206452674366,"Low",13.8256216648988,"Below average - fewer cases than typical at this point","New Caledonia"
"NCL",9,5,0.26630559400115,258.545454545455,0.432932094665887,1908.72727272727,258.545454545455,1908.72727272727,0.838524648372544,0.136182511016264,2026,"WHO",2026-05-01,508,508,NA,3,NA,FALSE,"no_lookup_match",NA,9,"2025/2026","Observed",1916,1914,2313,2311,NA,2313,"Pacific Islands","New Caledonia",0.432932094665887,1908.72727272727,69.5570963601172,"Normal","Average - typical case load at this point",0.00250676756705947,"Low",13.8256216648988,"Below average - fewer cases than typical at this point","New Caledonia"
"NCL",10,6,0.286832642348794,110,0.437659764557835,2018.72727272727,110,2018.72727272727,0.898156639876026,0.0596319915034818,2026,"WHO",2026-06-01,181,181,NA,2,NA,FALSE,"no_lookup_match",NA,9,"2025/2026","Observed",2097,2095,2313,2311,NA,2313,"Pacific Islands","New Caledonia",0.437659764557835,2018.72727272727,70.2257207189246,"Normal","Average - typical case load at this point",0.0256480324677523,"Low",13.8256216648988,"Below average - fewer cases than typical at this point","New Caledonia"
"NCL",11,7,0.302967398105661,42.6363636363636,0.446764873909056,2061.36363636363,42.6363636363636,2061.36363636364,0.931254117055095,0.0330974771790695,2026,"WHO",2026-07-01,57,57,NA,1,NA,FALSE,"insufficient_n_rf",NA,9,"2025/2026","Observed",2154,2152,2313,2311,NA,2313,"Pacific Islands","New Caledonia",0.446764873909056,2061.36363636363,70.1965710039946,"Normal","Average - typical case load at this point",0.0300344262878118,"Low",13.8256216648988,"Below average - fewer cases than typical at this point","New Caledonia"
"NCL",12,8,0.403132100340864,25.8181818181818,0.471570886056434,2087.18181818182,25.8181818181818,2087.18181818182,1,0.0687458829449047,2026,"Estimates",2026-08-01,159,NA,NA,NA,NA,NA,NA,NA,9,"2025/2026","Unobserved",2313,2311,2313,2311,159.009227251565,2313,"Pacific Islands","New Caledonia",0.471570886056434,2087.18181818182,71.1480204548538,"Normal","Average - typical case load at this point",0.0742887515307499,"Low",13.8256216648988,"Below average - fewer cases than typical at this point","New Caledonia"
"NCL",1,9,0.367984868642507,32.2727272727273,0.367984868642507,32.2727272727273,32.2727272727273,32.2727272727273,0.069940122827225,0.069940122827225,2026,NA,2026-09-01,NA,NA,NA,NA,NA,NA,NA,NA,9,"2026/2027","Unobserved",0,2311,NA,2311,NA,NA,"Pacific Islands","New Caledonia",0.367984868642507,32.2727272727273,19.1951432853814,"Low","Below average - fewer cases than typical at this point",-0.603188428883588,"Low",13.8256216648988,"Below average - fewer cases than typical at this point","New Caledonia"
"NCL",2,10,0.378044220971064,28.1818181818182,0.358468194564705,60.4545454545455,28.1818181818182,60.4545454545455,0.122661694758665,0.0527215719314396,2026,NA,2026-10-01,NA,NA,NA,NA,NA,NA,NA,NA,9,"2026/2027","Unobserved",0,2311,NA,2311,NA,NA,"Pacific Islands","New Caledonia",0.358468194564705,60.4545454545455,15.8773751898703,"Low","Below average - fewer cases than typical at this point",-0.596954913790434,"Low",13.8256216648988,"Below average - fewer cases than typical at this point","New Caledonia"
"NCL",3,11,0.35441539799064,46.7272727272728,0.341814817212541,107.181818181818,46.7272727272727,107.181818181818,0.190925120137157,0.0682634253784927,2026,NA,2026-11-01,NA,NA,NA,NA,NA,NA,NA,NA,9,"2026/2027","Unobserved",0,2311,NA,2311,NA,NA,"Pacific Islands","New Caledonia",0.341814817212541,107.181818181818,14.003760418245,"Low","Below average - fewer cases than typical at this point",-0.583719279147252,"Low",13.8256216648988,"Below average - fewer cases than typical at this point","New Caledonia"
"NCL",4,12,0.295259619501213,68.3636363636363,0.312432163089021,175.545454545454,68.3636363636364,175.545454545455,0.271210258636049,0.080285138498892,2026,NA,2026-12-01,NA,NA,NA,NA,NA,NA,NA,NA,9,"2026/2027","Unobserved",0,2311,NA,2311,NA,NA,"Pacific Islands","New Caledonia",0.312432163089021,175.545454545454,13.8256216648988,"Low","Below average - fewer cases than typical at this point",-0.558459569444722,"Low",13.8256216648988,"Below average - fewer cases than typical at this point","New Caledonia"
"NPL",11,1,0.418991970209566,98.5625,0.349783731221245,11967.1875,98.5625,11967.1875,0.978501466616771,0.0471199480529055,2025,"SEARO",2025-01-01,259,259,NA,20,NA,FALSE,"no_lookup_match",NA,3,"2024/2025","Observed",259,259,511,9205,NA,511,"South Asia","Nepal",0.349783731221245,11967.1875,20.3106596198854,"Low","Below average - fewer cases than typical at this point",-0.578616787203865,"Normal",64.3508853377574,"Average - typical case load at this point","Nepal"
"NPL",12,2,0.249414910374533,88.4375,0.352290459105249,12055.625,88.4375,12055.625,1,0.021498533383229,2025,"SEARO",2025-02-01,252,252,NA,19,NA,FALSE,"no_lookup_match",NA,3,"2024/2025","Observed",511,511,511,9205,NA,511,"South Asia","Nepal",0.352290459105249,12055.625,25.4353154098058,"Normal","Average - typical case load at this point",-0.568373989902312,"Normal",64.3508853377574,"Average - typical case load at this point","Nepal"
"NPL",1,3,0.281770268781614,72.5625000000001,0.281770268781614,72.5625000000001,72.5625,72.5625,0.00965508034100654,0.00965508034100654,2025,"SEARO",2025-03-01,254,254,NA,18,NA,FALSE,"no_lookup_match",NA,3,"2025/2026","Observed",254,765,8393,9205,NA,8393,"South Asia","Nepal",0.281770268781614,72.5625000000001,92.0225232423973,"High","Above average - more cases than typical at this point",1.32471001375375,"Normal",64.3508853377574,"Average - typical case load at this point","Nepal"
"NPL",2,4,0.272087328361659,68.375,0.278351222692978,140.9375,68.375,140.9375,0.0203413143993515,0.0106862340583449,2025,"SEARO",2025-04-01,224,224,NA,17,NA,FALSE,"no_lookup_match",NA,3,"2025/2026","Observed",478,989,8393,9205,NA,8393,"South Asia","Nepal",0.278351222692978,140.9375,91.6242597139229,"High","Above average - more cases than typical at this point",1.26052655267908,"Normal",64.3508853377574,"Average - typical case load at this point","Nepal"
"NPL",3,5,0.337135276385045,118.8125,0.332526239548348,259.749999999999,118.8125,259.75,0.0375197752437565,0.0171784608444051,2025,"SEARO",2025-05-01,314,314,NA,16,NA,FALSE,"no_lookup_match",NA,3,"2025/2026","Observed",792,1303,8393,9205,NA,8393,"South Asia","Nepal",0.332526239548348,259.749999999999,90.6477871067178,"High","Above average - more cases than typical at this point",1.18085144415388,"Normal",64.3508853377574,"Average - typical case load at this point","Nepal"
"NPL",4,6,0.390531857212742,194.5625,0.382254114791518,454.312500000001,194.5625,454.3125,0.0632322185278724,0.0257124432841159,2025,"SEARO",2025-06-01,530,530,NA,15,NA,FALSE,"no_lookup_match",NA,3,"2025/2026","Observed",1322,1833,8393,9205,NA,8393,"South Asia","Nepal",0.382254114791518,454.312500000001,90.3265806610639,"High","Above average - more cases than typical at this point",1.18032637181398,"Normal",64.3508853377574,"Average - typical case load at this point","Nepal"
"NPL",5,7,0.325579108366832,737.374999999999,0.357932193710656,1191.6875,737.375,1191.6875,0.127450173947058,0.0642179554191851,2025,"SEARO",2025-07-01,830,830,NA,14,NA,FALSE,"no_lookup_match",NA,3,"2025/2026","Observed",2152,2663,8393,9205,NA,8393,"South Asia","Nepal",0.357932193710656,1191.6875,82.3431657352041,"High","Above average - more cases than typical at this point",0.482042541020806,"Normal",64.3508853377574,"Average - typical case load at this point","Nepal"
"NPL",6,8,0.327308020944893,1926,0.34428919014728,3117.6875,1926,3117.6875,0.273051753323741,0.145601579376683,2025,"SEARO",2025-08-01,1197,1197,NA,13,NA,FALSE,"no_lookup_match",NA,3,"2025/2026","Observed",3349,3860,8393,9205,NA,8393,"South Asia","Nepal",0.34428919014728,3117.6875,72.817325560473,"Normal","Average - typical case load at this point",0.0435315604990738,"Normal",64.3508853377574,"Average - typical case load at this point","Nepal"
"NPL",7,9,0.304851414264732,4205.25,0.328534487999618,7322.93750000001,4205.25,7322.9375,0.536062335861178,0.263010582537437,2025,"SEARO",2025-09-01,1636,1636,NA,12,NA,FALSE,"no_lookup_match",NA,3,"2025/2026","Observed",4985,5496,8393,9205,NA,8393,"South Asia","Nepal",0.328534487999618,7322.93750000001,64.8677936254596,"Normal","Average - typical case load at this point",-0.182990401862413,"Normal",64.3508853377574,"Average - typical case load at this point","Nepal"
"NPL",8,10,0.321480318105087,3316.75,0.328018864519383,10639.6875,3316.75,10639.6875,0.76919379567197,0.233131459810793,2025,"SEARO",2025-10-01,1869,1869,NA,11,NA,FALSE,"no_lookup_match",NA,3,"2025/2026","Observed",6854,7365,8393,9205,NA,8393,"South Asia","Nepal",0.328018864519383,10639.6875,63.9009140931371,"Normal","Average - typical case load at this point",-0.203778614264567,"Normal",64.3508853377574,"Average - typical case load at this point","Nepal"
"NPL",9,11,0.389910485669407,1036.0625,0.335192892908042,11675.75,1036.0625,11675.75,0.885860743411429,0.116666947739458,2025,"SEARO",2025-11-01,891,891,NA,10,NA,FALSE,"no_lookup_match",NA,3,"2025/2026","Observed",7745,8256,8393,9205,NA,8393,"South Asia","Nepal",0.335192892908042,11675.75,64.1218532877805,"Normal","Average - typical case load at this point",-0.194908959353203,"Normal",64.3508853377574,"Average - typical case load at this point","Nepal"
"NPL",10,12,0.523224254169676,192.875,0.34017583135626,11868.625,192.875,11868.625,0.931381518563866,0.045520775152437,2025,"SEARO",2025-12-01,317,317,NA,9,NA,FALSE,"no_lookup_match",NA,3,"2025/2026","Observed",8062,8573,8393,9205,NA,8393,"South Asia","Nepal",0.34017583135626,11868.625,64.3508853377574,"Normal","Average - typical case load at this point",-0.187061835333399,"Normal",64.3508853377574,"Average - typical case load at this point","Nepal"
"NPL",11,1,0.418991970209566,98.5625,0.349783731221245,11967.1875,98.5625,11967.1875,0.978501466616771,0.0471199480529055,2026,"SEARO",2026-01-01,144,144,NA,8,NA,FALSE,"no_lookup_match",NA,3,"2025/2026","Observed",8206,144,8393,14657,NA,8393,"South Asia","Nepal",0.349783731221245,11967.1875,64.1449927822073,"Normal","Average - typical case load at this point",-0.185877295467069,"Normal",50.7567998628974,"Average - typical case load at this point","Nepal"
"NPL",12,2,0.249414910374533,88.4375,0.352290459105249,12055.625,88.4375,12055.625,1,0.021498533383229,2026,"SEARO",2026-02-01,187,187,NA,7,NA,FALSE,"no_lookup_match",NA,3,"2025/2026","Observed",8393,331,8393,14657,NA,8393,"South Asia","Nepal",0.352290459105249,12055.625,64.333444976681,"Normal","Average - typical case load at this point",-0.180321213098385,"Normal",50.7567998628974,"Average - typical case load at this point","Nepal"
"NPL",1,3,0.281770268781614,72.5625000000001,0.281770268781614,72.5625000000001,72.5625,72.5625,0.00965508034100654,0.00965508034100654,2026,"SEARO",2026-03-01,174,174,NA,6,NA,FALSE,"no_lookup_match",NA,3,"2026/2027","Observed",174,505,13444,14657,NA,13444,"South Asia","Nepal",0.281770268781614,72.5625000000001,87.1141377722928,"High","Above average - more cases than typical at this point",0.740614658051095,"Normal",50.7567998628974,"Average - typical case load at this point","Nepal"
"NPL",2,4,0.272087328361659,68.375,0.278351222692978,140.9375,68.375,140.9375,0.0203413143993515,0.0106862340583449,2026,"SEARO",2026-04-01,208,208,NA,5,NA,FALSE,"no_lookup_match",NA,3,"2026/2027","Observed",382,713,13444,14657,NA,13444,"South Asia","Nepal",0.278351222692978,140.9375,88.7915649658296,"High","Above average - more cases than typical at this point",0.901511387666088,"Normal",50.7567998628974,"Average - typical case load at this point","Nepal"
"NPL",3,5,0.337135276385045,118.8125,0.332526239548348,259.749999999999,118.8125,259.75,0.0375197752437565,0.0171784608444051,2026,"SEARO",2026-05-01,244,244,NA,4,NA,FALSE,"no_lookup_match",NA,3,"2026/2027","Observed",626,957,13444,14657,NA,13444,"South Asia","Nepal",0.332526239548348,259.749999999999,87.221177263436,"High","Above average - more cases than typical at this point",0.81256334696357,"Normal",50.7567998628974,"Average - typical case load at this point","Nepal"
"NPL",4,6,0.390531857212742,194.5625,0.382254114791518,454.312500000001,194.5625,454.3125,0.0632322185278724,0.0257124432841159,2026,"SEARO",2026-06-01,351,351,NA,3,NA,FALSE,"no_lookup_match",NA,3,"2026/2027","Observed",977,1308,13444,14657,NA,13444,"South Asia","Nepal",0.382254114791518,454.312500000001,85.4254398624597,"High","Above average - more cases than typical at this point",0.711018472050733,"Normal",50.7567998628974,"Average - typical case load at this point","Nepal"
"NPL",5,7,0.325579108366832,737.374999999999,0.357932193710656,1191.6875,737.375,1191.6875,0.127450173947058,0.0642179554191851,2026,"SEARO",2026-07-01,918,918,NA,2,NA,FALSE,"no_lookup_match",NA,3,"2026/2027","Observed",1895,2226,13444,14657,NA,13444,"South Asia","Nepal",0.357932193710656,1191.6875,80.0141283591786,"High","Above average - more cases than typical at this point",0.353037729522104,"Normal",50.7567998628974,"Average - typical case load at this point","Nepal"
"NPL",6,8,0.327308020944893,1926,0.34428919014728,3117.6875,1926,3117.6875,0.273051753323741,0.145601579376683,2026,"SEARO",2026-08-01,1776,1776,NA,1,NA,FALSE,"no_lookup_match",NA,3,"2026/2027","Observed",3671,4002,13444,14657,NA,13444,"South Asia","Nepal",0.34428919014728,3117.6875,74.5525763350809,"Normal","Average - typical case load at this point",0.104129939232181,"Normal",50.7567998628974,"Average - typical case load at this point","Nepal"
"NPL",7,9,0.304851414264732,4205.25,0.328534487999618,7322.93750000001,4205.25,7322.9375,0.536062335861178,0.263010582537437,2026,"SEARO",2026-09-01,NA,0,NA,0,NA,FALSE,"no_lookup_match",NA,3,"2026/2027","Unobserved",3671,4002,13444,14657,NA,13444,"South Asia","Nepal",0.328534487999618,7322.93750000001,59.4737621871521,"Normal","Average - typical case load at this point",-0.285837200823981,"Normal",50.7567998628974,"Average - typical case load at this point","Nepal"
"NPL",8,10,0.321480318105087,3316.75,0.328018864519383,10639.6875,3316.75,10639.6875,0.76919379567197,0.233131459810793,2026,"SEARO",2026-10-01,NA,0,NA,-1,NA,FALSE,"no_lookup_match",NA,3,"2026/2027","Unobserved",3671,4002,13444,14657,NA,13444,"South Asia","Nepal",0.328018864519383,10639.6875,53.2796660139323,"Normal","Average - typical case load at this point",-0.375115347474616,"Normal",50.7567998628974,"Average - typical case load at this point","Nepal"
"NPL",9,11,0.389910485669407,1036.0625,0.335192892908042,11675.75,1036.0625,11675.75,0.885860743411429,0.116666947739458,2026,"SEARO",2026-11-01,NA,0,NA,-2,NA,FALSE,"no_lookup_match",NA,3,"2026/2027","Unobserved",3671,4002,13444,14657,NA,13444,"South Asia","Nepal",0.335192892908042,11675.75,51.3376947794947,"Normal","Average - typical case load at this point",-0.396921069104509,"Normal",50.7567998628974,"Average - typical case load at this point","Nepal"
"NPL",10,12,0.523224254169676,192.875,0.34017583135626,11868.625,192.875,11868.625,0.931381518563866,0.045520775152437,2026,"SEARO",2026-12-01,NA,0,NA,-3,NA,FALSE,"no_lookup_match",NA,3,"2026/2027","Unobserved",3671,4002,13444,14657,NA,13444,"South Asia","Nepal",0.34017583135626,11868.625,50.7567998628974,"Normal","Average - typical case load at this point",-0.402840515647051,"Normal",50.7567998628974,"Average - typical case load at this point","Nepal"
"PAK",11,1,0.549343064968178,1167.1875,0.815044375160075,48340.6875,1167.1875,48340.6875,0.979900148184244,0.0340044463741769,2025,"WHO",2025-01-01,3743,3743,NA,19,NA,FALSE,"no_lookup_match",NA,3,"2024/2025","Observed",3743,3743,6239,28862,NA,6239,"South Asia","Pakistan",0.815044375160075,48340.6875,10.9355435995678,"Low","Below average - fewer cases than typical at this point",-0.832887767178785,"Normal",40.3417551072499,"Average - typical case load at this point","Pakistan"
"PAK",12,2,0.564143154274571,688,0.821378873233528,49028.6875,688,49028.6875,1,0.0200998518157558,2025,"WHO",2025-02-01,2496,2496,NA,18,NA,FALSE,"no_lookup_match",NA,3,"2024/2025","Observed",6239,6239,6239,28862,NA,6239,"South Asia","Pakistan",0.821378873233528,49028.6875,15.9343418967424,"Low","Below average - fewer cases than typical at this point",-0.790964466683122,"Normal",40.3417551072499,"Average - typical case load at this point","Pakistan"
"PAK",1,3,0.600676016401075,559.625,0.600676016401075,559.625,559.625,559.625,0.0136616622759776,0.0136616622759776,2025,"WHO",2025-03-01,615,615,NA,17,NA,FALSE,"no_lookup_match",NA,3,"2025/2026","Observed",615,6854,22574,28862,NA,22574,"South Asia","Pakistan",0.600676016401075,559.625,69.390610616573,"Normal","Average - typical case load at this point",0.0766485294093059,"Normal",40.3417551072499,"Average - typical case load at this point","Pakistan"
"PAK",2,4,0.547939509415451,942.749999999998,0.551138887719445,1502.375,942.75,1502.375,0.0338396670534086,0.0201780047774309,2025,"WHO",2025-04-01,431,431,NA,16,NA,FALSE,"no_lookup_match",NA,3,"2025/2026","Observed",1046,7285,22574,28862,NA,22574,"South Asia","Pakistan",0.551138887719445,1502.375,58.2848391306992,"Normal","Average - typical case load at this point",-0.225472915570474,"Normal",40.3417551072499,"Average - typical case load at this point","Pakistan"
"PAK",3,5,0.664829221010327,3770.99999999999,0.704004699550154,5273.375,3771,5273.375,0.110197258827367,0.0763575917739583,2025,"WHO",2025-05-01,499,499,NA,15,NA,FALSE,"no_lookup_match",NA,3,"2025/2026","Observed",1545,7784,22574,28862,NA,22574,"South Asia","Pakistan",0.704004699550154,5273.375,33.3068419519294,"Normal","Average - typical case load at this point",-0.593184402304838,"Normal",40.3417551072499,"Average - typical case load at this point","Pakistan"
"PAK",4,6,0.720423551115589,2605.75,0.722853433925762,7879.12500000001,2605.75,7879.125,0.162531199713725,0.0523339408863583,2025,"WHO",2025-06-01,598,598,NA,14,NA,FALSE,"no_lookup_match",NA,3,"2025/2026","Observed",2143,8382,22574,28862,NA,22574,"South Asia","Pakistan",0.722853433925762,7879.12500000001,31.177620228645,"Normal","Average - typical case load at this point",-0.618936108122467,"Normal",40.3417551072499,"Average - typical case load at this point","Pakistan"
"PAK",5,7,0.724979444834083,1852.6875,0.728189961689624,9731.81249999999,1852.6875,9731.8125,0.199549063990278,0.0370178642765531,2025,"WHO",2025-07-01,1029,1029,NA,13,NA,FALSE,"no_lookup_match",NA,3,"2025/2026","Observed",3172,9411,22574,28862,NA,22574,"South Asia","Pakistan",0.728189961689624,9731.81249999999,34.8174906110192,"Normal","Average - typical case load at this point",-0.575180017165702,"Normal",40.3417551072499,"Average - typical case load at this point","Pakistan"
"PAK",6,8,0.748395077548207,4244.625,0.753499904663486,13976.4375,4244.625,13976.4375,0.282212954113793,0.0826638901235148,2025,"WHO",2025-08-01,1015,1015,1015,12,1,TRUE,"applied_mean",NA,3,"2025/2026","Observed",4187,10426,22574,28862,NA,22574,"South Asia","Pakistan",0.753499904663486,13976.4375,32.2189689466153,"Normal","Average - typical case load at this point",-0.607982593356032,"Normal",40.3417551072499,"Average - typical case load at this point","Pakistan"
"PAK",7,9,0.751423761181542,14351.4375,0.789016067381713,28327.875,14351.4375,28327.875,0.565186634876686,0.282973680762893,2025,"WHO",2025-09-01,3275,3275,3275,11,1,TRUE,"applied_mean",NA,3,"2025/2026","Observed",7462,13701,22574,28862,NA,22574,"South Asia","Pakistan",0.789016067381713,28327.875,28.5059488257335,"Normal","Average - typical case load at this point",-0.654273724472291,"Normal",40.3417551072499,"Average - typical case load at this point","Pakistan"
"PAK",8,10,0.795534645956392,11705.375,0.79959543360754,40033.2500000001,11705.375,40033.25,0.801031702042603,0.235845067165917,2025,"WHO",2025-10-01,7708,7780,7708,10,0.990709226382118,TRUE,"applied_mean",NA,3,"2025/2026","Observed",15170,21409,22574,28862,NA,22574,"South Asia","Pakistan",0.79959543360754,40033.2500000001,36.2720751179216,"Normal","Average - typical case load at this point",-0.555351390619662,"Normal",40.3417551072499,"Average - typical case load at this point","Pakistan"
"PAK",9,11,0.774735086764483,5355.1875,0.803809331316592,45388.4375000001,5355.1875,45388.4375,0.910720086072748,0.109688384030145,2025,"WHO",2025-11-01,5005,5115,5005,9,0.978573866889447,TRUE,"applied_mean",NA,3,"2025/2026","Observed",20175,26414,22574,28862,NA,22574,"South Asia","Pakistan",0.803809331316592,45388.4375000001,40.2160171724089,"Normal","Average - typical case load at this point",-0.498034586190897,"Normal",40.3417551072499,"Average - typical case load at this point","Pakistan"
"PAK",10,12,0.677906448332548,1785.0625,0.80342109026422,47173.5000000001,1785.0625,47173.5,0.945895701810067,0.0351756157373195,2025,"WHO",2025-12-01,886,884,886,8,1.00249958265346,TRUE,"applied_mean",NA,3,"2025/2026","Observed",21061,27300,22574,28862,NA,22574,"South Asia","Pakistan",0.80342109026422,47173.5000000001,40.3417551072499,"Normal","Average - typical case load at this point",-0.496156024618918,"Normal",40.3417551072499,"Average - typical case load at this point","Pakistan"
"PAK",11,1,0.549343064968178,1167.1875,0.815044375160075,48340.6875,1167.1875,48340.6875,0.979900148184244,0.0340044463741769,2026,"WHO",2026-01-01,1215,1218,1215,7,0.997879394305409,TRUE,"applied_mean",NA,3,"2025/2026","Observed",22276,1215,22574,40391,NA,22574,"South Asia","Pakistan",0.815044375160075,48340.6875,40.9047213001819,"Normal","Average - typical case load at this point",-0.486773207110521,"Low",21.145475302681,"Below average - fewer cases than typical at this point","Pakistan"
"PAK",12,2,0.564143154274571,688,0.821378873233528,49028.6875,688,49028.6875,1,0.0200998518157558,2026,"WHO",2026-02-01,298,304,298,6,0.979528648244155,TRUE,"applied_mean",NA,3,"2025/2026","Observed",22574,1513,22574,40391,NA,22574,"South Asia","Pakistan",0.821378873233528,49028.6875,40.7316057177296,"Normal","Average - typical case load at this point",-0.489013101339106,"Low",21.145475302681,"Below average - fewer cases than typical at this point","Pakistan"
"PAK",1,3,0.600676016401075,559.625,0.600676016401075,559.625,559.625,559.625,0.0136616622759776,0.0136616622759776,2026,"WHO",2026-03-01,287,283,287,5,1.01526529027167,TRUE,"applied_mean",NA,3,"2026/2027","Observed",287,1800,32809,40391,NA,29811,"South Asia","Pakistan",0.600676016401075,559.625,49.4079618940018,"Normal","Average - typical case load at this point",-0.377359915669745,"Low",21.145475302681,"Below average - fewer cases than typical at this point","Pakistan"
"PAK",2,4,0.547939509415451,942.749999999998,0.551138887719445,1502.375,942.75,1502.375,0.0338396670534086,0.0201780047774309,2026,"WHO",2026-04-01,1715,1618,1715,4,1.06025770066907,TRUE,"applied_mean",NA,3,"2026/2027","Observed",2002,3515,32809,40391,NA,29811,"South Asia","Pakistan",0.551138887719445,1502.375,74.8172511422674,"Normal","Average - typical case load at this point",0.246840658322427,"Low",21.145475302681,"Below average - fewer cases than typical at this point","Pakistan"
"PAK",3,5,0.664829221010327,3770.99999999999,0.704004699550154,5273.375,3771,5273.375,0.110197258827367,0.0763575917739583,2026,"WHO",2026-05-01,2190,1949,2190,3,1.12370606523562,TRUE,"applied_mean",NA,3,"2026/2027","Observed",4192,5705,32809,40391,NA,29811,"South Asia","Pakistan",0.704004699550154,5273.375,58.7976832417863,"Normal","Average - typical case load at this point",-0.172046745041042,"Low",21.145475302681,"Below average - fewer cases than typical at this point","Pakistan"
"PAK",4,6,0.720423551115589,2605.75,0.722853433925762,7879.12500000001,2605.75,7879.125,0.162531199713725,0.0523339408863583,2026,"WHO",2026-06-01,1716,1171,1716,2,1.46563026652075,TRUE,"applied_mean",NA,3,"2026/2027","Observed",5908,7421,32809,40391,NA,29811,"South Asia","Pakistan",0.722853433925762,7879.12500000001,56.759804692006,"Normal","Average - typical case load at this point",-0.212687212381687,"Low",21.145475302681,"Below average - fewer cases than typical at this point","Pakistan"
"PAK",5,7,0.724979444834083,1852.6875,0.728189961689624,9731.81249999999,1852.6875,9731.8125,0.199549063990278,0.0370178642765531,2026,"WHO",2026-07-01,639,639,NA,1,NA,FALSE,"no_lookup_match",NA,3,"2026/2027","Observed",6547,8060,32809,40391,NA,29811,"South Asia","Pakistan",0.728189961689624,9731.81249999999,53.482132591059,"Normal","Average - typical case load at this point",-0.279251961610113,"Low",21.145475302681,"Below average - fewer cases than typical at this point","Pakistan"
"PAK",6,8,0.748395077548207,4244.625,0.753499904663486,13976.4375,4244.625,13976.4375,0.282212954113793,0.0826638901235148,2026,"Estimates",2026-08-01,1866,NA,NA,NA,NA,NA,NA,NA,3,"2026/2027","Unobserved",8413,9926,32809,40391,1866.05465564822,29811,"South Asia","Pakistan",0.753499904663486,13976.4375,49.7567146597289,"Normal","Average - typical case load at this point",-0.34552272888245,"Low",21.145475302681,"Below average - fewer cases than typical at this point","Pakistan"
"PAK",7,9,0.751423761181542,14351.4375,0.789016067381713,28327.875,14351.4375,28327.875,0.565186634876686,0.282973680762893,2026,NA,2026-09-01,NA,NA,NA,NA,NA,NA,NA,NA,3,"2026/2027","Unobserved",8413,9926,32809,40391,NA,29811,"South Asia","Pakistan",0.789016067381713,28327.875,30.9873759795668,"Normal","Average - typical case load at this point",-0.624454015882398,"Low",21.145475302681,"Below average - fewer cases than typical at this point","Pakistan"
"PAK",8,10,0.795534645956392,11705.375,0.79959543360754,40033.2500000001,11705.375,40033.25,0.801031702042603,0.235845067165917,2026,NA,2026-10-01,NA,NA,NA,NA,NA,NA,NA,NA,3,"2026/2027","Unobserved",8413,9926,32809,40391,NA,29811,"South Asia","Pakistan",0.79959543360754,40033.2500000001,23.97173558792,"Low","Below average - fewer cases than typical at this point",-0.70627732936126,"Low",21.145475302681,"Below average - fewer cases than typical at this point","Pakistan"
"PAK",9,11,0.774735086764483,5355.1875,0.803809331316592,45388.4375000001,5355.1875,45388.4375,0.910720086072748,0.109688384030145,2026,NA,2026-11-01,NA,NA,NA,NA,NA,NA,NA,NA,3,"2026/2027","Unobserved",8413,9926,32809,40391,NA,29811,"South Asia","Pakistan",0.803809331316592,45388.4375000001,21.7468193016568,"Low","Below average - fewer cases than typical at this point",-0.730366365734139,"Low",21.145475302681,"Below average - fewer cases than typical at this point","Pakistan"
"PAK",10,12,0.677906448332548,1785.0625,0.80342109026422,47173.5000000001,1785.0625,47173.5,0.945895701810067,0.0351756157373195,2026,NA,2026-12-01,NA,NA,NA,NA,NA,NA,NA,NA,3,"2026/2027","Unobserved",8413,9926,32809,40391,NA,29811,"South Asia","Pakistan",0.80342109026422,47173.5000000001,21.145475302681,"Low","Below average - fewer cases than typical at this point",-0.736476997309394,"Low",21.145475302681,"Below average - fewer cases than typical at this point","Pakistan"
"PAN",10,1,1.05269887587993,997.875,1.30786920278511,9137.68750000001,997.875,9137.6875,0.911473371808794,0.112415256832592,2025,"PAHO",2025-01-01,2339,2339,NA,84,NA,FALSE,"no_lookup_match","current_month_missing",4,"2024/2025","Observed",2339,2339,4947,24790,NA,4947,"North & Central America","Panama",1.30786920278511,9137.68750000001,16.9454987642253,"Low","Below average - fewer cases than typical at this point",-0.850824244268004,"High",84.876962684044,"Above average - more cases than typical at this point","Panama"
"PAN",11,2,1.11885703246997,469.5,1.31980431447753,9607.1875,469.5,9607.1875,0.961550369067706,0.0500769972589116,2025,"PAHO",2025-02-01,1335,1335,NA,80,NA,FALSE,"no_lookup_match","current_month_missing",4,"2024/2025","Observed",3674,3674,4947,24790,NA,4947,"North & Central America","Panama",1.31980431447753,9607.1875,26.02823893311,"Normal","Average - typical case load at this point",-0.709441760698334,"High",84.876962684044,"Above average - more cases than typical at this point","Panama"
"PAN",12,3,1.24172722617164,360.0625,1.32719351351454,9967.24999999999,360.0625,9967.25,1,0.0384496309322944,2025,"PAHO",2025-03-01,1273,1273,NA,75,NA,FALSE,"no_lookup_match","current_month_missing",4,"2024/2025","Observed",4947,4947,4947,24790,NA,4947,"North & Central America","Panama",1.32719351351454,9967.24999999999,33.8208715082393,"Normal","Average - typical case load at this point",-0.58021400335052,"High",84.876962684044,"Above average - more cases than typical at this point","Panama"
"PAN",1,4,1.11314160436522,275,1.11314160436522,275,275,275,0.0316959319663265,0.0316959319663265,2025,"PAHO",2025-04-01,827,827,NA,71,NA,FALSE,"no_lookup_match","current_month_missing",4,"2025/2026","Observed",827,5774,17335,24790,NA,17335,"North & Central America","Panama",1.11314160436522,275,95.6094766648992,"Extremely High","Rare bad event - unusually high cases to date",2.11351045087542,"High",84.876962684044,"Above average - more cases than typical at this point","Panama"
"PAN",2,5,1.70088519954931,352.3125,1.46246943585808,627.312500000001,352.3125,627.3125,0.0808668810946104,0.0491709491282839,2025,"PAHO",2025-05-01,962,962,NA,67,NA,FALSE,"no_lookup_match","current_month_missing",4,"2025/2026","Observed",1789,6736,17335,24790,NA,17335,"North & Central America","Panama",1.46246943585808,627.312500000001,96.2807910992533,"Extremely High","Rare bad event - unusually high cases to date",2.23688224523629,"High",84.876962684044,"Above average - more cases than typical at this point","Panama"
"PAN",3,6,1.02657695377583,624.8125,1.29746870240966,1252.125,624.8125,1252.125,0.145244111665085,0.0643772305704747,2025,"PAHO",2025-06-01,1813,1813,NA,62,NA,FALSE,"no_lookup_match","current_month_missing",4,"2025/2026","Observed",3602,8549,17335,24790,NA,17335,"North & Central America","Panama",1.29746870240966,1252.125,95.7810769107575,"Extremely High","Rare bad event - unusually high cases to date",2.13658721350699,"High",84.876962684044,"Above average - more cases than typical at this point","Panama"
"PAN",4,7,0.876743675939046,1230.9375,1.13626957305399,2483.0625,1230.9375,2483.0625,0.250913949052234,0.105669837387149,2025,"PAHO",2025-07-01,2331,2331,NA,58,NA,FALSE,"no_lookup_match","current_month_missing",4,"2025/2026","Observed",5933,10880,17335,24790,NA,17335,"North & Central America","Panama",1.13626957305399,2483.0625,91.5855205192443,"High","Above average - more cases than typical at this point",1.48069264551507,"High",84.876962684044,"Above average - more cases than typical at this point","Panama"
"PAN",5,8,0.969220732158268,1207.125,1.12542749631825,3690.1875,1207.125,3690.1875,0.358200837668438,0.107286888616204,2025,"PAHO",2025-08-01,1989,1989,NA,54,NA,FALSE,"no_lookup_match","current_month_missing",4,"2025/2026","Observed",7922,12869,17335,24790,NA,17335,"North & Central America","Panama",1.12542749631825,3690.1875,88.9809852706254,"High","Above average - more cases than typical at this point",1.21638352499334,"High",84.876962684044,"Above average - more cases than typical at this point","Panama"
"PAN",6,9,0.908152311312196,1192.0625,1.1098477557313,4882.25,1192.0625,4882.25,0.462379439530116,0.104178601861678,2025,"PAHO",2025-09-01,2406,2406,NA,49,1,TRUE,"applied_mean","previous_month_missing",4,"2025/2026","Observed",10328,15275,17335,24790,NA,17335,"North & Central America","Panama",1.1098477557313,4882.25,88.520405941184,"High","Above average - more cases than typical at this point",1.17495175201461,"High",84.876962684044,"Above average - more cases than typical at this point","Panama"
"PAN",7,10,1.19836507248932,1146.875,1.14523312993525,6029.12499999999,1146.875,6029.125,0.576147595346046,0.11376815581593,2025,"PAHO",2025-10-01,1624,1624,1624,45,1,TRUE,"applied_mean","not_missing",4,"2025/2026","Observed",11952,16899,17335,24790,NA,17335,"North & Central America","Panama",1.14523312993525,6029.12499999999,86.9358605845804,"High","Above average - more cases than typical at this point",1.0511966963923,"High",84.876962684044,"Above average - more cases than typical at this point","Panama"
"PAN",8,11,1.20890771786666,1011.3125,1.17675339909318,7040.4375,1011.3125,7040.4375,0.677549778033816,0.10140218268777,2025,"PAHO",2025-11-01,1427,1427,1427,41,1,TRUE,"applied_mean","not_missing",4,"2025/2026","Observed",13379,18326,17335,24790,NA,17335,"North & Central America","Panama",1.17675339909318,7040.4375,85.8570064723159,"High","Above average - more cases than typical at this point",0.976556935638107,"High",84.876962684044,"Above average - more cases than typical at this point","Panama"
"PAN",9,12,1.23231901108435,1099.375,1.23202926763297,8139.81249999999,1099.375,8139.8125,0.799058114976202,0.121508336942386,2025,"PAHO",2025-12-01,1483,1483,1483,36,1,TRUE,"applied_mean","not_missing",4,"2025/2026","Observed",14862,19809,17335,24790,NA,17335,"North & Central America","Panama",1.23202926763297,8139.81249999999,84.876962684044,"High","Above average - more cases than typical at this point",0.916587370234029,"High",84.876962684044,"Above average - more cases than typical at this point","Panama"
"PAN",10,1,1.05269887587993,997.875,1.30786920278511,9137.68750000001,997.875,9137.6875,0.911473371808794,0.112415256832592,2026,"PAHO",2026-01-01,1037,1048,1037,32,0.989723113034927,TRUE,"applied_mean","not_missing",4,"2025/2026","Observed",15899,1037,17335,25575,NA,17335,"North & Central America","Panama",1.30786920278511,9137.68750000001,83.6187526117186,"High","Above average - more cases than typical at this point",0.84614693616559,"Normal",48.2238181286297,"Average - typical case load at this point","Panama"
"PAN",11,2,1.11885703246997,469.5,1.31980431447753,9607.1875,469.5,9607.1875,0.961550369067706,0.0500769972589116,2026,"PAHO",2026-02-01,721,758,721,28,0.973488594838747,TRUE,"applied_mean","not_missing",4,"2025/2026","Observed",16620,1758,17335,25575,NA,17335,"North & Central America","Panama",1.31980431447753,9607.1875,83.4706544818479,"High","Above average - more cases than typical at this point",0.838534438267338,"Normal",48.2238181286297,"Average - typical case load at this point","Panama"
"PAN",12,3,1.24172722617164,360.0625,1.32719351351454,9967.24999999999,360.0625,9967.25,1,0.0384496309322944,2026,"PAHO",2026-03-01,715,815,715,23,0.943473444863966,TRUE,"applied_mean","not_missing",4,"2025/2026","Observed",17335,2473,17335,25575,NA,17335,"North & Central America","Panama",1.32719351351454,9967.24999999999,83.6793162618211,"High","Above average - more cases than typical at this point",0.851525665691111,"Normal",48.2238181286297,"Average - typical case load at this point","Panama"
"PAN",1,4,1.11314160436522,275,1.11314160436522,275,275,275,0.0316959319663265,0.0316959319663265,2026,"PAHO",2026-04-01,561,566,561,19,0.951975870624046,TRUE,"applied_mean","not_missing",4,"2026/2027","Observed",561,3034,15719,25575,NA,16203,"North & Central America","Panama",1.11314160436522,275,87.568120259829,"High","Above average - more cases than typical at this point",1.09504345824342,"Normal",48.2238181286297,"Average - typical case load at this point","Panama"
"PAN",2,5,1.70088519954931,352.3125,1.46246943585808,627.312500000001,352.3125,627.3125,0.0808668810946104,0.0491709491282839,2026,"PAHO",2026-05-01,704,723,704,15,0.956104779368234,TRUE,"applied_mean","not_missing",4,"2026/2027","Observed",1265,3738,15719,25575,NA,16203,"North & Central America","Panama",1.46246943585808,627.312500000001,88.9054982538392,"High","Above average - more cases than typical at this point",1.22789635487953,"Normal",48.2238181286297,"Average - typical case load at this point","Panama"
"PAN",3,6,1.02657695377583,624.8125,1.29746870240966,1252.125,624.8125,1252.125,0.145244111665085,0.0643772305704747,2026,"PAHO",2026-06-01,1722,1832,1722,10,0.950857510422068,TRUE,"applied_mean","not_missing",4,"2026/2027","Observed",2987,5460,15719,25575,NA,16203,"North & Central America","Panama",1.29746870240966,1252.125,92.3687235056831,"High","Above average - more cases than typical at this point",1.57740805022945,"Normal",48.2238181286297,"Average - typical case load at this point","Panama"
"PAN",4,7,0.876743675939046,1230.9375,1.13626957305399,2483.0625,1230.9375,2483.0625,0.250913949052234,0.105669837387149,2026,"PAHO",2026-07-01,957,999,957,8,0.951876239903428,TRUE,"applied_mean","not_missing",4,"2026/2027","Observed",3944,6417,15719,25575,NA,16203,"North & Central America","Panama",1.13626957305399,2483.0625,79.9312329703655,"High","Above average - more cases than typical at this point",0.627025681423846,"Normal",48.2238181286297,"Average - typical case load at this point","Panama"
"PAN",5,8,0.969220732158268,1207.125,1.12542749631825,3690.1875,1207.125,3690.1875,0.358200837668438,0.107286888616204,2026,"Estimates",2026-08-01,1860,NA,NA,NA,NA,NA,NA,NA,4,"2026/2027","Unobserved",5804,8277,15719,25575,1859.81821416189,16203,"North & Central America","Panama",1.12542749631825,3690.1875,79.5638237546871,"High","Above average - more cases than typical at this point",0.607589939281332,"Normal",48.2238181286297,"Average - typical case load at this point","Panama"
"PAN",6,9,0.908152311312196,1192.0625,1.1098477557313,4882.25,1192.0625,4882.25,0.462379439530116,0.104178601861678,2026,NA,2026-09-01,NA,NA,NA,NA,NA,NA,NA,NA,4,"2026/2027","Unobserved",5804,8277,15719,25575,NA,16203,"North & Central America","Panama",1.1098477557313,4882.25,69.2789656816742,"Normal","Average - typical case load at this point",0.19887284165073,"Normal",48.2238181286297,"Average - typical case load at this point","Panama"
"PAN",7,10,1.19836507248932,1146.875,1.14523312993525,6029.12499999999,1146.875,6029.125,0.576147595346046,0.11376815581593,2026,NA,2026-10-01,NA,NA,NA,NA,NA,NA,NA,NA,4,"2026/2027","Unobserved",5804,8277,15719,25575,NA,16203,"North & Central America","Panama",1.14523312993525,6029.12499999999,60.8614807095527,"Normal","Average - typical case load at this point",-0.0399553690184764,"Normal",48.2238181286297,"Average - typical case load at this point","Panama"
"PAN",8,11,1.20890771786666,1011.3125,1.17675339909318,7040.4375,1011.3125,7040.4375,0.677549778033816,0.10140218268777,2026,NA,2026-11-01,NA,NA,NA,NA,NA,NA,NA,NA,4,"2026/2027","Unobserved",5804,8277,15719,25575,NA,16203,"North & Central America","Panama",1.17675339909318,7040.4375,54.4683203114126,"Normal","Average - typical case load at this point",-0.190492973147782,"Normal",48.2238181286297,"Average - typical case load at this point","Panama"
"PAN",9,12,1.23231901108435,1099.375,1.23202926763297,8139.81249999999,1099.375,8139.8125,0.799058114976202,0.121508336942386,2026,NA,2026-12-01,NA,NA,NA,NA,NA,NA,NA,NA,4,"2026/2027","Unobserved",5804,8277,15719,25575,NA,16203,"North & Central America","Panama",1.23202926763297,8139.81249999999,48.2238181286297,"Normal","Average - typical case load at this point",-0.318493977850924,"Normal",48.2238181286297,"Average - typical case load at this point","Panama"
"PER",5,1,2.03125610690481,4857.73333333332,1.81810315765963,15417.4,4857.73333333333,15417.4,0.328303895748276,0.118741543577129,2025,"PAHO",2025-01-01,6182,6182,NA,84,NA,FALSE,"no_lookup_match","current_month_missing",9,"2024/2025","Observed",6182,6182,32252,184193,NA,32252,"South America","Peru",1.81810315765963,15417.4,21.0063088298013,"Low","Below average - fewer cases than typical at this point",-0.807659349515342,"Normal",41.6259658957221,"Average - typical case load at this point","Peru"
"PER",6,2,1.13349791640089,6383.53333333334,1.73074810247741,21800.9333333334,6383.53333333333,21800.9333333333,0.438014375979465,0.10971048023119,2025,"PAHO",2025-02-01,4516,4516,NA,80,NA,FALSE,"no_lookup_match","current_month_missing",9,"2024/2025","Observed",10698,10698,32252,184193,NA,32252,"South America","Peru",1.73074810247741,21800.9333333334,28.4412259466836,"Normal","Average - typical case load at this point",-0.669980772119996,"Normal",41.6259658957221,"Average - typical case load at this point","Peru"
"PER",7,3,0.736415402152378,10602.0666666667,1.32313744699624,32403.0000000001,10602.0666666667,32403,0.562247235364582,0.124232859385117,2025,"PAHO",2025-03-01,7093,7093,NA,75,NA,FALSE,"no_lookup_match","current_month_missing",9,"2024/2025","Observed",17791,17791,32252,184193,NA,32252,"South America","Peru",1.32313744699624,32403.0000000001,37.3421770665278,"Normal","Average - typical case load at this point",-0.518702159892085,"Normal",41.6259658957221,"Average - typical case load at this point","Peru"
"PER",8,4,0.692505759317267,12129.7333333333,1.1858047101455,44532.7333333334,12129.7333333333,44532.7333333333,0.698447009375641,0.13619977401106,2025,"PAHO",2025-04-01,6207,6207,NA,71,NA,FALSE,"no_lookup_match","current_month_missing",9,"2024/2025","Observed",23998,23998,32252,184193,NA,32252,"South America","Peru",1.1858047101455,44532.7333333334,38.6368680334841,"Normal","Average - typical case load at this point",-0.502123466966716,"Normal",41.6259658957221,"Average - typical case load at this point","Peru"
"PER",9,5,0.612408023410236,12176.0666666667,1.11967141411013,56708.8000000001,12176.0666666667,56708.8,0.836747091351569,0.138300081975928,2025,"PAHO",2025-05-01,3573,3573,NA,67,NA,FALSE,"no_lookup_match","current_month_missing",9,"2024/2025","Observed",27571,27571,32252,184193,NA,32252,"South America","Peru",1.11967141411013,56708.8000000001,36.3612556418771,"Normal","Average - typical case load at this point",-0.543684946581233,"Normal",41.6259658957221,"Average - typical case load at this point","Peru"
"PER",10,6,0.670493075645633,6228.93333333332,1.10405393043825,62937.7333333333,6228.93333333333,62937.7333333333,0.916342195616208,0.0795951042646389,2025,"PAHO",2025-06-01,2451,2451,NA,62,NA,FALSE,"no_lookup_match","current_month_missing",9,"2024/2025","Observed",30022,30022,32252,184193,NA,32252,"South America","Peru",1.10405393043825,62937.7333333333,36.0408383206122,"Normal","Average - typical case load at this point",-0.54952034011295,"Normal",41.6259658957221,"Average - typical case load at this point","Peru"
"PER",11,7,0.713252408074025,3720.86666666667,1.09425767844589,66658.5999999999,3720.86666666667,66658.6,0.964466971313226,0.0481247756970174,2025,"PAHO",2025-07-01,1191,1191,NA,58,NA,FALSE,"no_lookup_match","current_month_missing",9,"2024/2025","Observed",31213,31213,32252,184193,NA,32252,"South America","Peru",1.09425767844589,66658.5999999999,35.6485215314519,"Normal","Average - typical case load at this point",-0.556240210618726,"Normal",41.6259658957221,"Average - typical case load at this point","Peru"
"PER",12,8,0.902739087283924,2227.8,1.10100498141248,68886.3999999997,2227.8,68886.4,1,0.0355330286867742,2025,"PAHO",2025-08-01,1039,1039,NA,54,NA,FALSE,"no_lookup_match","current_month_missing",9,"2024/2025","Observed",32252,32252,32252,184193,NA,32252,"South America","Peru",1.10100498141248,68886.3999999997,35.5256275058059,"Normal","Average - typical case load at this point",-0.558016145950628,"Normal",41.6259658957221,"Average - typical case load at this point","Peru"
"PER",1,9,0.768969074172824,1848.2,0.768969074172824,1848.2,1848.2,1848.2,0.0320940250481495,0.0320940250481495,2025,"PAHO",2025-09-01,1276,1276,NA,49,0.949777438788679,TRUE,"applied_mean","replaced_with_uncor",9,"2025/2026","Observed",1276,33528,52737,184193,NA,52737,"South America","Peru",0.768969074172824,1848.2,53.498570116225,"Normal","Average - typical case load at this point",-0.271433218450011,"Normal",41.6259658957221,"Average - typical case load at this point","Peru"
"PER",2,10,0.987652169221907,2210.93333333334,0.921389725148991,4059.13333333335,2210.93333333333,4059.13333333333,0.0704967609838446,0.0384027359356951,2025,"PAHO",2025-10-01,948,1100,948,45,0.946986960722901,TRUE,"applied_mean","not_missing",9,"2025/2026","Observed",2224,34476,52737,184193,NA,52737,"South America","Peru",0.921389725148991,4059.13333333335,43.6209531486526,"Normal","Average - typical case load at this point",-0.433917038805412,"Normal",41.6259658957221,"Average - typical case load at this point","Peru"
"PER",3,11,0.872281218432623,3643.53333333334,1.00413184997543,7702.66666666666,3643.53333333333,7702.66666666667,0.148659927087892,0.0781631661040471,2025,"PAHO",2025-11-01,1565,1751,1565,41,0.944429620345175,TRUE,"applied_mean","not_missing",9,"2025/2026","Observed",3789,36041,52737,184193,NA,52737,"South America","Peru",1.00413184997543,7702.66666666666,38.782564926712,"Normal","Average - typical case load at this point",-0.509107851359802,"Normal",41.6259658957221,"Average - typical case load at this point","Peru"
"PER",4,12,1.51209953201623,2856.99999999999,1.24571286040984,10559.6666666667,2857,10559.6666666667,0.209562352171147,0.0609024250832549,2025,"PAHO",2025-12-01,2559,2832,2559,36,0.941474336677332,TRUE,"applied_mean","not_missing",9,"2025/2026","Observed",6348,38600,52737,184193,NA,52737,"South America","Peru",1.24571286040984,10559.6666666667,41.6259658957221,"Normal","Average - typical case load at this point",-0.445130283123238,"Normal",41.6259658957221,"Average - typical case load at this point","Peru"
"PER",5,1,2.03125610690481,4857.73333333332,1.81810315765963,15417.4,4857.73333333333,15417.4,0.328303895748276,0.118741543577129,2026,"PAHO",2026-01-01,2226,2341,2226,32,0.950852670424549,TRUE,"applied_mean","not_missing",9,"2025/2026","Observed",8574,2226,52737,46389,NA,52737,"South America","Peru",1.81810315765963,15417.4,32.22752924603,"Normal","Average - typical case load at this point",-0.598472831980563,"Extremely Low",0.00127787017914218,"Rare good event - unusually low cases to date","Peru"
"PER",6,2,1.13349791640089,6383.53333333334,1.73074810247741,21800.9333333334,6383.53333333333,21800.9333333333,0.438014375979465,0.10971048023119,2026,"PAHO",2026-02-01,2620,2616,2620,28,0.977556552934325,TRUE,"applied_mean","not_missing",9,"2025/2026","Observed",11194,4846,52737,46389,NA,52737,"South America","Peru",1.73074810247741,21800.9333333334,30.070115427525,"Normal","Average - typical case load at this point",-0.640050801994547,"Extremely Low",0.00127787017914218,"Rare good event - unusually low cases to date","Peru"
"PER",7,3,0.736415402152378,10602.0666666667,1.32313744699624,32403.0000000001,10602.0666666667,32403,0.562247235364582,0.124232859385117,2026,"PAHO",2026-03-01,5448,5143,5448,23,1.01916638578574,TRUE,"applied_mean","not_missing",9,"2025/2026","Observed",16642,10294,52737,46389,NA,52737,"South America","Peru",1.32313744699624,32403.0000000001,35.0242981558726,"Normal","Average - typical case load at this point",-0.559489785249052,"Extremely Low",0.00127787017914218,"Rare good event - unusually low cases to date","Peru"
"PER",8,4,0.692505759317267,12129.7333333333,1.1858047101455,44532.7333333334,12129.7333333333,44532.7333333333,0.698447009375641,0.13619977401106,2026,"PAHO",2026-04-01,6420,6444,6420,19,1.01024583725337,TRUE,"applied_mean","not_missing",9,"2025/2026","Observed",23062,16714,52737,46389,NA,52737,"South America","Peru",1.1858047101455,44532.7333333334,37.3125148785675,"Normal","Average - typical case load at this point",-0.52501091125205,"Extremely Low",0.00127787017914218,"Rare good event - unusually low cases to date","Peru"
"PER",9,5,0.612408023410236,12176.0666666667,1.11967141411013,56708.8000000001,12176.0666666667,56708.8,0.836747091351569,0.138300081975928,2026,"PAHO",2026-05-01,7194,7222,7194,15,1.00598760245093,TRUE,"applied_mean","not_missing",9,"2025/2026","Observed",30256,23908,52737,46389,NA,52737,"South America","Peru",1.11967141411013,56708.8000000001,39.3294015173603,"Normal","Average - typical case load at this point",-0.493585279428236,"Extremely Low",0.00127787017914218,"Rare good event - unusually low cases to date","Peru"
"PER",10,6,0.670493075645633,6228.93333333332,1.10405393043825,62937.7333333333,6228.93333333333,62937.7333333333,0.916342195616208,0.0795951042646389,2026,"PAHO",2026-06-01,8779,8778,8779,10,1.00438534560072,TRUE,"applied_mean","not_missing",9,"2025/2026","Observed",39035,32687,52737,46389,NA,52737,"South America","Peru",1.10405393043825,62937.7333333333,44.6668949008094,"Normal","Average - typical case load at this point",-0.399050448548287,"Extremely Low",0.00127787017914218,"Rare good event - unusually low cases to date","Peru"
"PER",11,7,0.713252408074025,3720.86666666667,1.09425767844589,66658.5999999999,3720.86666666667,66658.6,0.964466971313226,0.0481247756970174,2026,"PAHO",2026-07-01,8214,8401,8214,6,0.998915355809934,TRUE,"applied_mean","not_missing",9,"2025/2026","Observed",47249,40901,52737,46389,NA,52737,"South America","Peru",1.09425767844589,66658.5999999999,49.5756637468779,"Normal","Average - typical case load at this point",-0.304590696504649,"Extremely Low",0.00127787017914218,"Rare good event - unusually low cases to date","Peru"
"PER",12,8,0.902739087283924,2227.8,1.10100498141248,68886.3999999997,2227.8,68886.4,1,0.0355330286867742,2026,"PAHO",2026-08-01,5488,5724,5488,4,0.994005294504034,TRUE,"applied_mean","not_missing",9,"2025/2026","Observed",52737,46389,52737,46389,NA,52737,"South America","Peru",1.10100498141248,68886.3999999997,52.3507088367574,"Normal","Average - typical case load at this point",-0.245988086263593,"Extremely Low",0.00127787017914218,"Rare good event - unusually low cases to date","Peru"
"PER",1,9,0.768969074172824,1848.2,0.768969074172824,1848.2,1848.2,1848.2,0.0320940250481495,0.0320940250481495,2026,NA,2026-09-01,NA,NA,NA,NA,NA,NA,NA,NA,9,"2026/2027","Unobserved",0,46389,NA,46389,NA,NA,"South America","Peru",0.768969074172824,1848.2,0.251246259768203,"Extremely Low","Rare good event - unusually low cases to date",-0.876726449387123,"Extremely Low",0.00127787017914218,"Rare good event - unusually low cases to date","Peru"
"PER",2,10,0.987652169221907,2210.93333333334,0.921389725148991,4059.13333333335,2210.93333333333,4059.13333333333,0.0704967609838446,0.0384027359356951,2026,NA,2026-10-01,NA,NA,NA,NA,NA,NA,NA,NA,9,"2026/2027","Unobserved",0,46389,NA,46389,NA,NA,"South America","Peru",0.921389725148991,4059.13333333335,0.0438908789499972,"Extremely Low","Rare good event - unusually low cases to date",-0.959781550541106,"Extremely Low",0.00127787017914218,"Rare good event - unusually low cases to date","Peru"
"PER",3,11,0.872281218432623,3643.53333333334,1.00413184997543,7702.66666666666,3643.53333333333,7702.66666666667,0.148659927087892,0.0781631661040471,2026,NA,2026-11-01,NA,NA,NA,NA,NA,NA,NA,NA,9,"2026/2027","Unobserved",0,46389,NA,46389,NA,NA,"South America","Peru",1.00413184997543,7702.66666666666,0.0125614904957236,"Extremely Low","Rare good event - unusually low cases to date",-1.00199848643406,"Extremely Low",0.00127787017914218,"Rare good event - unusually low cases to date","Peru"
"PER",4,12,1.51209953201623,2856.99999999999,1.24571286040984,10559.6666666667,2857,10559.6666666667,0.209562352171147,0.0609024250832549,2026,NA,2026-12-01,NA,NA,NA,NA,NA,NA,NA,NA,9,"2026/2027","Unobserved",0,46389,NA,46389,NA,NA,"South America","Peru",1.24571286040984,10559.6666666667,0.00127787017914218,"Extremely Low","Rare good event - unusually low cases to date",-1.11604924725453,"Extremely Low",0.00127787017914218,"Rare good event - unusually low cases to date","Peru"
"PLW",10,1,0.436536425458109,33.5,0.613765928240937,459,33.5,459,0.844078697033699,0.0858955756196912,2025,"WHO",2025-01-01,0,0,NA,19,NA,FALSE,"no_lookup_match",NA,4,"2024/2025","Observed",0,0,0,62,NA,0,"Pacific Islands","Palau",0.613765928240937,459,1.72106470740491,"Extremely Low","Rare good event - unusually low cases to date",-0.782908876105515,"Normal",25.178995127162,"Average - typical case load at this point","Palau"
"PLW",11,2,0.66419489913928,16,0.64735468622169,475,16,475,0.906086720329576,0.062008023295877,2025,"WHO",2025-02-01,0,0,NA,18,NA,FALSE,"no_lookup_match",NA,4,"2024/2025","Observed",0,0,0,62,NA,0,"Pacific Islands","Palau",0.64735468622169,475,1.39504762414809,"Extremely Low","Rare good event - unusually low cases to date",-0.804035843945698,"Normal",25.178995127162,"Average - typical case load at this point","Palau"
"PLW",12,3,0.844381886147116,22.875,0.68444257727484,497.875,22.875,497.875,1,0.0939132796704239,2025,"WHO",2025-03-01,0,0,NA,17,NA,FALSE,"no_lookup_match",NA,4,"2024/2025","Observed",0,0,0,62,NA,0,"Pacific Islands","Palau",0.68444257727484,497.875,1.09866503888823,"Extremely Low","Rare good event - unusually low cases to date",-0.826742370275276,"Normal",25.178995127162,"Average - typical case load at this point","Palau"
"PLW",1,4,0.421937581114107,38,0.421937581114107,38,38,38,0.0726836651315733,0.0726836651315733,2025,"WHO",2025-04-01,0,0,NA,16,NA,FALSE,"no_lookup_match",NA,4,"2025/2026","Observed",0,0,52,62,NA,52,"Pacific Islands","Palau",0.421937581114107,38,14.9033738133905,"Low","Below average - fewer cases than typical at this point",-0.645990708824379,"Normal",25.178995127162,"Average - typical case load at this point","Palau"
"PLW",2,5,0.393163769658866,34.25,0.390095262341564,72.25,34.25,72.25,0.130918196888641,0.0582345317570681,2025,"WHO",2025-05-01,0,0,NA,15,NA,FALSE,"no_lookup_match",NA,4,"2025/2026","Observed",0,0,52,62,NA,52,"Pacific Islands","Palau",0.390095262341564,72.25,13.0161192719693,"Low","Below average - fewer cases than typical at this point",-0.622896744559362,"Normal",25.178995127162,"Average - typical case load at this point","Palau"
"PLW",3,6,0.398408148799751,59.6250000000001,0.424393842395923,131.875,59.625,131.875,0.207250864614067,0.0763326677254255,2025,"WHO",2025-06-01,1,1,NA,14,NA,FALSE,"no_lookup_match",NA,4,"2025/2026","Observed",1,1,52,62,NA,52,"Pacific Islands","Palau",0.424393842395923,131.875,12.4413126452793,"Low","Below average - fewer cases than typical at this point",-0.645477440430872,"Normal",25.178995127162,"Average - typical case load at this point","Palau"
"PLW",4,7,0.408196653832825,59.875,0.466331919728051,191.75,59.875,191.75,0.304932566880549,0.0976817022664822,2025,"WHO",2025-07-01,6,6,NA,13,NA,FALSE,"no_lookup_match",NA,4,"2025/2026","Observed",7,7,52,62,NA,52,"Pacific Islands","Palau",0.466331919728051,191.75,17.5910435497848,"Low","Below average - fewer cases than typical at this point",-0.657157077778482,"Normal",25.178995127162,"Average - typical case load at this point","Palau"
"PLW",5,8,0.523945803047804,61.5,0.494509465493346,253.25,61.5,253.25,0.41944294905031,0.114510382169761,2025,"WHO",2025-08-01,9,9,9,12,1,TRUE,"applied_mean",NA,4,"2025/2026","Observed",16,16,52,62,NA,52,"Pacific Islands","Palau",0.494509465493346,253.25,20.5644249962109,"Low","Below average - fewer cases than typical at this point",-0.658143310915389,"Normal",25.178995127162,"Average - typical case load at this point","Palau"
"PLW",6,9,0.403394806440463,55.2499999999999,0.494982786214044,308.5,55.25,308.5,0.516524795421071,0.097081846370761,2025,"WHO",2025-09-01,10,10,10,11,1,TRUE,"applied_mean",NA,4,"2025/2026","Observed",26,26,52,62,NA,52,"Pacific Islands","Palau",0.494982786214044,308.5,23.4102082982815,"Low","Below average - fewer cases than typical at this point",-0.643739564789102,"Normal",25.178995127162,"Average - typical case load at this point","Palau"
"PLW",7,10,0.580840617733612,52,0.517317380151713,360.5,52,360.5,0.64155936241319,0.125034566992119,2025,"WHO",2025-10-01,20,20,20,10,1,TRUE,"applied_mean",NA,4,"2025/2026","Observed",46,46,52,62,NA,52,"Pacific Islands","Palau",0.517317380151713,360.5,27.2370097300848,"Normal","Average - typical case load at this point",-0.627021644342032,"Normal",25.178995127162,"Average - typical case load at this point","Palau"
"PLW",8,11,0.376862105888453,42,0.518984612859861,402.5,42,402.5,0.709295916519141,0.0677365541059518,2025,"WHO",2025-11-01,1,1,1,9,1,TRUE,"applied_mean",NA,4,"2025/2026","Observed",47,47,52,62,NA,52,"Pacific Islands","Palau",0.518984612859861,402.5,25.9790300534127,"Normal","Average - typical case load at this point",-0.635874122596167,"Normal",25.178995127162,"Average - typical case load at this point","Palau"
"PLW",9,12,NA,NA,0.520813650644559,425.5,23,425.5,0.758183121414008,0.0488872048948664,2025,"WHO",2025-12-01,0,0,0,8,1,TRUE,"applied_mean",NA,4,"2025/2026","Observed",47,47,52,62,NA,52,"Pacific Islands","Palau",0.520813650644559,425.5,25.178995127162,"Normal","Average - typical case load at this point",-0.641566785764869,"Normal",25.178995127162,"Average - typical case load at this point","Palau"
"PLW",10,1,0.436536425458109,33.5,0.613765928240937,459,33.5,459,0.844078697033699,0.0858955756196912,2026,"WHO",2026-01-01,0,0,0,7,1,TRUE,"applied_mean",NA,4,"2025/2026","Observed",47,0,52,36,NA,52,"Pacific Islands","Palau",0.613765928240937,459,20.1571511950821,"Low","Below average - fewer cases than typical at this point",-0.702741736286432,"Low",12.8484773720142,"Below average - fewer cases than typical at this point","Palau"
"PLW",11,2,0.66419489913928,16,0.64735468622169,475,16,475,0.906086720329576,0.062008023295877,2026,"WHO",2026-02-01,2,2,NA,6,NA,FALSE,"insufficient_n_rf",NA,4,"2025/2026","Observed",49,2,52,36,NA,52,"Pacific Islands","Palau",0.64735468622169,475,18.9683054882838,"Low","Below average - fewer cases than typical at this point",-0.721093198991299,"Low",12.8484773720142,"Below average - fewer cases than typical at this point","Palau"
"PLW",12,3,0.844381886147116,22.875,0.68444257727484,497.875,22.875,497.875,1,0.0939132796704239,2026,"WHO",2026-03-01,3,3,NA,5,NA,FALSE,"insufficient_n_rf",NA,4,"2025/2026","Observed",52,5,52,36,NA,52,"Pacific Islands","Palau",0.68444257727484,497.875,17.8082600003951,"Low","Below average - fewer cases than typical at this point",-0.74039418397487,"Low",12.8484773720142,"Below average - fewer cases than typical at this point","Palau"
"PLW",1,4,0.421937581114107,38,0.421937581114107,38,38,38,0.0726836651315733,0.0726836651315733,2026,"WHO",2026-04-01,0,0,NA,4,NA,FALSE,"insufficient_n_rf",NA,4,"2026/2027","Observed",0,5,20,36,NA,29,"Pacific Islands","Palau",0.421937581114107,38,14.9033738133905,"Low","Below average - fewer cases than typical at this point",-0.645990708824379,"Low",12.8484773720142,"Below average - fewer cases than typical at this point","Palau"
"PLW",2,5,0.393163769658866,34.25,0.390095262341564,72.25,34.25,72.25,0.130918196888641,0.0582345317570681,2026,"WHO",2026-05-01,2,2,NA,3,NA,FALSE,"insufficient_n_rf",NA,4,"2026/2027","Observed",2,7,20,36,NA,29,"Pacific Islands","Palau",0.390095262341564,72.25,21.5576981577198,"Low","Below average - fewer cases than typical at this point",-0.605653928100971,"Low",12.8484773720142,"Below average - fewer cases than typical at this point","Palau"
"PLW",3,6,0.398408148799751,59.6250000000001,0.424393842395923,131.875,59.625,131.875,0.207250864614067,0.0763326677254255,2026,"WHO",2026-06-01,2,2,NA,2,NA,FALSE,"insufficient_n_rf",NA,4,"2026/2027","Observed",4,9,20,36,NA,29,"Pacific Islands","Palau",0.424393842395923,131.875,18.9868139421248,"Low","Below average - fewer cases than typical at this point",-0.630681395951081,"Low",12.8484773720142,"Below average - fewer cases than typical at this point","Palau"
"PLW",4,7,0.408196653832825,59.875,0.466331919728051,191.75,59.875,191.75,0.304932566880549,0.0976817022664822,2026,"WHO",2026-07-01,2,2,NA,1,NA,FALSE,"no_lookup_match",NA,4,"2026/2027","Observed",6,11,20,36,NA,29,"Pacific Islands","Palau",0.466331919728051,191.75,16.5050260437264,"Low","Below average - fewer cases than typical at this point",-0.660714084965375,"Low",12.8484773720142,"Below average - fewer cases than typical at this point","Palau"
"PLW",5,8,0.523945803047804,61.5,0.494509465493346,253.25,61.5,253.25,0.41944294905031,0.114510382169761,2026,"Estimates",2026-08-01,6,NA,NA,NA,NA,NA,NA,NA,4,"2026/2027","Unobserved",12,17,20,36,5.95453987282755,29,"Pacific Islands","Palau",0.494509465493346,253.25,18.0149894094646,"Low","Below average - fewer cases than typical at this point",-0.66923951004568,"Low",12.8484773720142,"Below average - fewer cases than typical at this point","Palau"
"PLW",6,9,0.403394806440463,55.2499999999999,0.494982786214044,308.5,55.25,308.5,0.516524795421071,0.097081846370761,2026,NA,2026-09-01,NA,NA,NA,NA,NA,NA,NA,NA,4,"2026/2027","Unobserved",12,17,20,36,NA,29,"Pacific Islands","Palau",0.494982786214044,308.5,16.3426758412956,"Low","Below average - fewer cases than typical at this point",-0.675641702513163,"Low",12.8484773720142,"Below average - fewer cases than typical at this point","Palau"
"PLW",7,10,0.580840617733612,52,0.517317380151713,360.5,52,360.5,0.64155936241319,0.125034566992119,2026,NA,2026-10-01,NA,NA,NA,NA,NA,NA,NA,NA,4,"2026/2027","Unobserved",12,17,20,36,NA,29,"Pacific Islands","Palau",0.517317380151713,360.5,14.142971915617,"Low","Below average - fewer cases than typical at this point",-0.694807768054684,"Low",12.8484773720142,"Below average - fewer cases than typical at this point","Palau"
"PLW",8,11,0.376862105888453,42,0.518984612859861,402.5,42,402.5,0.709295916519141,0.0677365541059518,2026,NA,2026-11-01,NA,NA,NA,NA,NA,NA,NA,NA,4,"2026/2027","Unobserved",12,17,20,36,NA,29,"Pacific Islands","Palau",0.518984612859861,402.5,13.2981298181106,"Low","Below average - fewer cases than typical at this point",-0.698477763358096,"Low",12.8484773720142,"Below average - fewer cases than typical at this point","Palau"
"PLW",9,12,NA,NA,0.520813650644559,425.5,23,425.5,0.758183121414008,0.0488872048948664,2026,NA,2026-12-01,NA,NA,NA,NA,NA,NA,NA,NA,4,"2026/2027","Unobserved",12,17,20,36,NA,29,"Pacific Islands","Palau",0.520813650644559,425.5,12.8484773720142,"Low","Below average - fewer cases than typical at this point",-0.700892644422122,"Low",12.8484773720142,"Below average - fewer cases than typical at this point","Palau"
"PRI",10,1,0.937492019651416,394.846153846153,0.763190081537257,5369.07692307692,394.846153846154,5369.07692307692,0.855981605934405,0.106169965322715,2025,"PAHO",2025-01-01,662,662,NA,84,NA,FALSE,"no_lookup_match","current_month_missing",4,"2024/2025","Observed",662,662,1378,4426,NA,1378,"Caribbean","Puerto Rico",0.763190081537257,5369.07692307692,17.1688155892155,"Low","Below average - fewer cases than typical at this point",-0.765838444729715,"Normal",40.5090457856096,"Average - typical case load at this point","Puerto Rico"
"PRI",11,2,1.12527252509154,277.615384615384,0.812264400563544,5646.69230769231,277.615384615385,5646.69230769231,0.939721219697637,0.0837396137632324,2025,"PAHO",2025-02-01,389,389,NA,80,NA,FALSE,"no_lookup_match","current_month_missing",4,"2024/2025","Observed",1051,1051,1378,4426,NA,1378,"Caribbean","Puerto Rico",0.812264400563544,5646.69230769231,21.5841132253969,"Low","Below average - fewer cases than typical at this point",-0.733456389892218,"Normal",40.5090457856096,"Average - typical case load at this point","Puerto Rico"
"PRI",12,3,0.967724647259457,261.153846153846,0.830336383220207,5907.84615384614,261.153846153846,5907.84615384615,1,0.0602787803023626,2025,"PAHO",2025-03-01,327,327,NA,75,NA,FALSE,"no_lookup_match","current_month_missing",4,"2024/2025","Observed",1378,1378,1378,4426,NA,1378,"Caribbean","Puerto Rico",0.830336383220207,5907.84615384614,24.9889197397561,"Low","Below average - fewer cases than typical at this point",-0.698635728109187,"Normal",40.5090457856096,"Average - typical case load at this point","Puerto Rico"
"PRI",1,4,0.570773012858778,264.307692307692,0.570773012858778,264.307692307692,264.307692307692,264.307692307692,0.0423479127073863,0.0423479127073863,2025,"PAHO",2025-04-01,193,193,NA,71,NA,FALSE,"no_lookup_match","current_month_missing",4,"2025/2026","Observed",193,1571,2455,4426,NA,2455,"Caribbean","Puerto Rico",0.570773012858778,264.307692307692,59.0882021007351,"Normal","Average - typical case load at this point",-0.203605670931496,"Normal",40.5090457856096,"Average - typical case load at this point","Puerto Rico"
"PRI",2,5,0.602429610699904,308.23076923077,0.565319811986254,572.538461538463,308.230769230769,572.538461538462,0.0973482677988468,0.0550003550914605,2025,"PAHO",2025-05-01,191,191,NA,67,NA,FALSE,"no_lookup_match","current_month_missing",4,"2025/2026","Observed",384,1762,2455,4426,NA,2455,"Caribbean","Puerto Rico",0.565319811986254,572.538461538463,57.0222414700374,"Normal","Average - typical case load at this point",-0.247473152968058,"Normal",40.5090457856096,"Average - typical case load at this point","Puerto Rico"
"PRI",3,6,0.540393147882779,310.615384615385,0.537706501291464,883.153846153845,310.615384615385,883.153846153846,0.146251882699008,0.0489036149001612,2025,"PAHO",2025-06-01,295,295,NA,62,NA,FALSE,"no_lookup_match","current_month_missing",4,"2025/2026","Observed",679,2057,2455,4426,NA,2455,"Caribbean","Puerto Rico",0.537706501291464,883.153846153845,61.0808428846864,"Normal","Average - typical case load at this point",-0.169457843713658,"Normal",40.5090457856096,"Average - typical case load at this point","Puerto Rico"
"PRI",4,7,0.503032833753593,470.230769230769,0.5136012910972,1353.38461538462,470.230769230769,1353.38461538462,0.216313646790195,0.0700617640911874,2025,"PAHO",2025-07-01,208,208,NA,58,NA,FALSE,"no_lookup_match","current_month_missing",4,"2025/2026","Observed",887,2265,2455,4426,NA,2455,"Caribbean","Puerto Rico",0.5136012910972,1353.38461538462,57.8089601218066,"Normal","Average - typical case load at this point",-0.246918507702348,"Normal",40.5090457856096,"Average - typical case load at this point","Puerto Rico"
"PRI",5,8,0.544647258102941,526.000000000001,0.506449626649648,1879.38461538462,526,1879.38461538462,0.296382007785362,0.080068360995167,2025,"PAHO",2025-08-01,193,193,NA,54,NA,FALSE,"no_lookup_match","current_month_missing",4,"2025/2026","Observed",1080,2458,2455,4426,NA,2455,"Caribbean","Puerto Rico",0.506449626649648,1879.38461538462,54.9636567360368,"Normal","Average - typical case load at this point",-0.302656313500268,"Normal",40.5090457856096,"Average - typical case load at this point","Puerto Rico"
"PRI",6,9,0.557442985656916,565.615384615385,0.504375094418236,2444.99999999999,565.615384615385,2445,0.383953723971302,0.0875717161859393,2025,"PAHO",2025-09-01,229,229,NA,49,1,TRUE,"applied_mean","previous_month_missing",4,"2025/2026","Observed",1309,2687,2455,4426,NA,2455,"Caribbean","Puerto Rico",0.504375094418236,2444.99999999999,53.4261139884867,"Normal","Average - typical case load at this point",-0.329937359392831,"Normal",40.5090457856096,"Average - typical case load at this point","Puerto Rico"
"PRI",7,10,0.650775521780063,759.230769230769,0.589565324630154,3204.23076923077,759.230769230769,3204.23076923077,0.502295436640166,0.118341712668864,2025,"PAHO",2025-10-01,269,269,269,45,1,TRUE,"applied_mean","not_missing",4,"2025/2026","Observed",1578,2956,2455,4426,NA,2455,"Caribbean","Puerto Rico",0.589565324630154,3204.23076923077,48.7244180333406,"Normal","Average - typical case load at this point",-0.38965872320394,"Normal",40.5090457856096,"Average - typical case load at this point","Puerto Rico"
"PRI",8,11,0.623843044889805,945.923076923079,0.635746564782285,4150.15384615386,945.923076923077,4150.15384615385,0.636597543732844,0.134302107092678,2025,"PAHO",2025-11-01,242,242,242,41,1,TRUE,"applied_mean","not_missing",4,"2025/2026","Observed",1820,3198,2455,4426,NA,2455,"Caribbean","Puerto Rico",0.635746564782285,4150.15384615386,44.5227230487558,"Normal","Average - typical case load at this point",-0.447640270189344,"Normal",40.5090457856096,"Average - typical case load at this point","Puerto Rico"
"PRI",9,12,0.609531972882054,824.076923076924,0.67637080341585,4974.23076923078,824.076923076923,4974.23076923077,0.74981164061169,0.113214096878846,2025,"PAHO",2025-12-01,121,121,121,38,1,TRUE,"applied_mean","not_missing",4,"2025/2026","Observed",1941,3319,2455,4426,NA,2455,"Caribbean","Puerto Rico",0.67637080341585,4974.23076923078,40.5090457856096,"Normal","Average - typical case load at this point",-0.501467076341933,"Normal",40.5090457856096,"Average - typical case load at this point","Puerto Rico"
"PRI",10,1,0.937492019651416,394.846153846153,0.763190081537257,5369.07692307692,394.846153846154,5369.07692307692,0.855981605934405,0.106169965322715,2026,"PAHO",2026-01-01,239,239,239,32,1,TRUE,"applied_mean","not_missing",4,"2025/2026","Observed",2180,239,2455,3064,NA,2455,"Caribbean","Puerto Rico",0.763190081537257,5369.07692307692,38.9553852607667,"Normal","Average - typical case load at this point",-0.518860802745531,"Low",14.9695262131927,"Below average - fewer cases than typical at this point","Puerto Rico"
"PRI",11,2,1.12527252509154,277.615384615384,0.812264400563544,5646.69230769231,277.615384615385,5646.69230769231,0.939721219697637,0.0837396137632324,2026,"PAHO",2026-02-01,116,116,116,28,1,TRUE,"applied_mean","not_missing",4,"2025/2026","Observed",2296,355,2455,3064,NA,2455,"Caribbean","Puerto Rico",0.812264400563544,5646.69230769231,37.7053548542983,"Normal","Average - typical case load at this point",-0.534758752131011,"Low",14.9695262131927,"Below average - fewer cases than typical at this point","Puerto Rico"
"PRI",12,3,0.967724647259457,261.153846153846,0.830336383220207,5907.84615384614,261.153846153846,5907.84615384615,1,0.0602787803023626,2026,"PAHO",2026-03-01,159,159,159,23,0.999142318868346,TRUE,"applied_mean","not_missing",4,"2025/2026","Observed",2455,514,2455,3064,NA,2455,"Caribbean","Puerto Rico",0.830336383220207,5907.84615384614,37.8103527042778,"Normal","Average - typical case load at this point",-0.53253059923307,"Low",14.9695262131927,"Below average - fewer cases than typical at this point","Puerto Rico"
"PRI",1,4,0.570773012858778,264.307692307692,0.570773012858778,264.307692307692,264.307692307692,264.307692307692,0.0423479127073863,0.0423479127073863,2026,"PAHO",2026-04-01,123,124,123,19,0.998550624505552,TRUE,"applied_mean","not_missing",4,"2026/2027","Observed",123,637,1329,3064,NA,1329,"Caribbean","Puerto Rico",0.570773012858778,264.307692307692,48.1132574310727,"Normal","Average - typical case load at this point",-0.403477473032534,"Low",14.9695262131927,"Below average - fewer cases than typical at this point","Puerto Rico"
"PRI",2,5,0.602429610699904,308.23076923077,0.565319811986254,572.538461538463,308.230769230769,572.538461538462,0.0973482677988468,0.0550003550914605,2026,"PAHO",2026-05-01,100,100,100,15,0.998808463509361,TRUE,"applied_mean","not_missing",4,"2026/2027","Observed",223,737,1329,3064,NA,1329,"Caribbean","Puerto Rico",0.565319811986254,572.538461538463,44.2669178853657,"Normal","Average - typical case load at this point",-0.458799676494024,"Low",14.9695262131927,"Below average - fewer cases than typical at this point","Puerto Rico"
"PRI",3,6,0.540393147882779,310.615384615385,0.537706501291464,883.153846153845,310.615384615385,883.153846153846,0.146251882699008,0.0489036149001612,2026,"PAHO",2026-06-01,117,116,117,10,1.00028393851411,TRUE,"applied_mean","not_missing",4,"2026/2027","Observed",340,854,1329,3064,NA,1329,"Caribbean","Puerto Rico",0.537706501291464,883.153846153845,45.0359231037986,"Normal","Average - typical case load at this point",-0.450844700249489,"Low",14.9695262131927,"Below average - fewer cases than typical at this point","Puerto Rico"
"PRI",4,7,0.503032833753593,470.230769230769,0.5136012910972,1353.38461538462,470.230769230769,1353.38461538462,0.216313646790195,0.0700617640911874,2026,"PAHO",2026-07-01,35,28,35,6,1.00809866256541,TRUE,"applied_mean","not_missing",4,"2026/2027","Observed",375,889,1329,3064,NA,1329,"Caribbean","Puerto Rico",0.5136012910972,1353.38461538462,39.5449116534764,"Normal","Average - typical case load at this point",-0.51798721746102,"Low",14.9695262131927,"Below average - fewer cases than typical at this point","Puerto Rico"
"PRI",5,8,0.544647258102941,526.000000000001,0.506449626649648,1879.38461538462,526,1879.38461538462,0.296382007785362,0.080068360995167,2026,"PAHO",2026-08-01,19,0,19,4,1.02935519425923,TRUE,"applied_mean","not_missing",4,"2026/2027","Observed",394,908,1329,3064,NA,1329,"Caribbean","Puerto Rico",0.506449626649648,1879.38461538462,35.006556014359,"Normal","Average - typical case load at this point",-0.562383892772341,"Low",14.9695262131927,"Below average - fewer cases than typical at this point","Puerto Rico"
"PRI",6,9,0.557442985656916,565.615384615385,0.504375094418236,2444.99999999999,565.615384615385,2445,0.383953723971302,0.0875717161859393,2026,NA,2026-09-01,NA,NA,NA,NA,NA,NA,NA,NA,4,"2026/2027","Unobserved",394,908,1329,3064,NA,1329,"Caribbean","Puerto Rico",0.504375094418236,2444.99999999999,30.9931063803247,"Normal","Average - typical case load at this point",-0.595687961368574,"Low",14.9695262131927,"Below average - fewer cases than typical at this point","Puerto Rico"
"PRI",7,10,0.650775521780063,759.230769230769,0.589565324630154,3204.23076923077,759.230769230769,3204.23076923077,0.502295436640166,0.118341712668864,2026,NA,2026-10-01,NA,NA,NA,NA,NA,NA,NA,NA,4,"2026/2027","Unobserved",394,908,1329,3064,NA,1329,"Caribbean","Puerto Rico",0.589565324630154,3204.23076923077,23.2498079477025,"Low","Below average - fewer cases than typical at this point",-0.673355192980917,"Low",14.9695262131927,"Below average - fewer cases than typical at this point","Puerto Rico"
"PRI",8,11,0.623843044889805,945.923076923079,0.635746564782285,4150.15384615386,945.923076923077,4150.15384615385,0.636597543732844,0.134302107092678,2026,NA,2026-11-01,NA,NA,NA,NA,NA,NA,NA,NA,4,"2026/2027","Unobserved",394,908,1329,3064,NA,1329,"Caribbean","Puerto Rico",0.635746564782285,4150.15384615386,18.2795138945562,"Low","Below average - fewer cases than typical at this point",-0.721585712179639,"Low",14.9695262131927,"Below average - fewer cases than typical at this point","Puerto Rico"
"PRI",9,12,0.609531972882054,824.076923076924,0.67637080341585,4974.23076923078,824.076923076923,4974.23076923077,0.74981164061169,0.113214096878846,2026,NA,2026-12-01,NA,NA,NA,NA,NA,NA,NA,NA,4,"2026/2027","Unobserved",394,908,1329,3064,NA,1329,"Caribbean","Puerto Rico",0.67637080341585,4974.23076923078,14.9695262131927,"Low","Below average - fewer cases than typical at this point",-0.757223933014498,"Low",14.9695262131927,"Below average - fewer cases than typical at this point","Puerto Rico"
"PRY",7,1,0.397772976479047,15056.5625,1.11921931979897,29164.8125000001,15056.5625,29164.8125,0.503470631052588,0.13643857931753,2025,"PAHO",2025-01-01,4664,4664,NA,84,NA,FALSE,"no_lookup_match","current_month_missing",7,"2024/2025","Observed",4664,4664,21838,86249,NA,21838,"South America","Paraguay",1.11921931979897,29164.8125000001,12.5747598793148,"Low","Below average - fewer cases than typical at this point",-0.888731480955011,"Normal",48.2114728427774,"Average - typical case load at this point","Paraguay"
"PRY",8,2,0.411985266854228,15377.25,0.934872866496414,44542.0624999998,15377.25,44542.0625,0.651135102376743,0.147664471324155,2025,"PAHO",2025-02-01,3832,3832,NA,80,NA,FALSE,"no_lookup_match","current_month_missing",7,"2024/2025","Observed",8496,8496,21838,86249,NA,21838,"South America","Paraguay",0.934872866496414,44542.0624999998,18.8159861366812,"Low","Below average - fewer cases than typical at this point",-0.782454744736396,"Normal",48.2114728427774,"Average - typical case load at this point","Paraguay"
"PRY",9,3,0.557337065825114,11389.75,0.946687349782144,55931.8125000001,11389.75,55931.8125,0.79983576716289,0.148700664786148,2025,"PAHO",2025-03-01,4747,4747,NA,75,NA,FALSE,"no_lookup_match","current_month_missing",7,"2024/2025","Observed",13243,13243,21838,86249,NA,21838,"South America","Paraguay",0.946687349782144,55931.8125000001,22.2921747883995,"Low","Below average - fewer cases than typical at this point",-0.742599739295711,"Normal",48.2114728427774,"Average - typical case load at this point","Paraguay"
"PRY",10,4,0.730968952385578,5524.0625,0.973616175645959,61455.8750000001,5524.0625,61455.875,0.890433330455556,0.0905975632926655,2025,"PAHO",2025-04-01,2923,2923,NA,71,NA,FALSE,"no_lookup_match","current_month_missing",7,"2024/2025","Observed",16166,16166,21838,86249,NA,21838,"South America","Paraguay",0.973616175645959,61455.8750000001,23.7206557933723,"Low","Below average - fewer cases than typical at this point",-0.727156960686998,"Normal",48.2114728427774,"Average - typical case load at this point","Paraguay"
"PRY",11,5,0.738444959120704,3976.62499999999,0.996982533727407,65432.4999999997,3976.625,65432.5,0.959973034169796,0.0695397037142404,2025,"PAHO",2025-05-01,3701,3701,NA,67,NA,FALSE,"no_lookup_match","current_month_missing",7,"2024/2025","Observed",19867,19867,21838,86249,NA,21838,"South America","Paraguay",0.996982533727407,65432.4999999997,26.2534308003221,"Normal","Average - typical case load at this point",-0.695317392331645,"Normal",48.2114728427774,"Average - typical case load at this point","Paraguay"
"PRY",12,6,0.695530800997831,1653.0625,1.02509253317794,67085.5625,1653.0625,67085.5625,1,0.0400269658302037,2025,"PAHO",2025-06-01,1971,1971,NA,62,NA,FALSE,"no_lookup_match","current_month_missing",7,"2024/2025","Observed",21838,21838,21838,86249,NA,21838,"South America","Paraguay",1.02509253317794,67085.5625,27.2486577863522,"Normal","Average - typical case load at this point",-0.682879915987219,"Normal",48.2114728427774,"Average - typical case load at this point","Paraguay"
"PRY",1,7,0.807405343512043,1100.5625,0.807405343512043,1100.5625,1100.5625,1100.5625,0.0390035038417567,0.0390035038417567,2025,"PAHO",2025-07-01,870,870,NA,58,NA,FALSE,"no_lookup_match","current_month_missing",7,"2025/2026","Observed",870,22708,18598,86249,NA,18598,"South America","Paraguay",0.807405343512043,1100.5625,57.0824066659548,"Normal","Average - typical case load at this point",-0.188174393160142,"Normal",48.2114728427774,"Average - typical case load at this point","Paraguay"
"PRY",2,8,0.634360769587912,1710.6875,0.763880821446677,2811.25,1710.6875,2811.25,0.104007842175533,0.0650043383337758,2025,"PAHO",2025-08-01,877,877,NA,54,NA,FALSE,"no_lookup_match","current_month_missing",7,"2025/2026","Observed",1747,23585,18598,86249,NA,18598,"South America","Paraguay",0.763880821446677,2811.25,50.4725005690084,"Normal","Average - typical case load at this point",-0.330824753657097,"Normal",48.2114728427774,"Average - typical case load at this point","Paraguay"
"PRY",3,9,1.06308901569501,1196.125,0.882253310559906,4007.37499999999,1196.125,4007.375,0.137418121115603,0.03341027894007,2025,"PAHO",2025-09-01,1338,1338,NA,49,1,TRUE,"applied_mean","previous_month_missing",7,"2025/2026","Observed",3085,24923,18598,86249,NA,18598,"South America","Paraguay",0.882253310559906,4007.37499999999,55.1760980691967,"Normal","Average - typical case load at this point",-0.216170479488211,"Normal",48.2114728427774,"Average - typical case load at this point","Paraguay"
"PRY",4,10,1.22368120735,2252.3125,1.08097361249142,6259.6875,2252.3125,6259.6875,0.202006054033887,0.0645879329182843,2025,"PAHO",2025-10-01,1750,1750,1750,45,1,TRUE,"applied_mean","not_missing",7,"2025/2026","Observed",4835,26673,18598,86249,NA,18598,"South America","Paraguay",1.08097361249142,6259.6875,52.9035008260997,"Normal","Average - typical case load at this point",-0.23661213376612,"Normal",48.2114728427774,"Average - typical case load at this point","Paraguay"
"PRY",5,11,0.900945014035791,2608.5625,1.20880751867137,8868.25000000001,2608.5625,8868.25,0.269486853517336,0.0674807994834489,2025,"PAHO",2025-11-01,2523,2523,2523,41,1,TRUE,"applied_mean","not_missing",7,"2025/2026","Observed",7358,29196,18598,86249,NA,18598,"South America","Paraguay",1.20880751867137,8868.25000000001,54.4495572356164,"Normal","Average - typical case load at this point",-0.187223300230577,"Normal",48.2114728427774,"Average - typical case load at this point","Paraguay"
"PRY",6,12,0.699028409723001,5240,1.15123267610079,14108.25,5240,14108.25,0.367032051735058,0.0975451982177218,2025,"PAHO",2025-12-01,2460,2460,2460,36,1,TRUE,"applied_mean","not_missing",7,"2025/2026","Observed",9818,31656,18598,86249,NA,18598,"South America","Paraguay",1.15123267610079,14108.25,48.2114728427774,"Normal","Average - typical case load at this point",-0.326267104416082,"Normal",48.2114728427774,"Average - typical case load at this point","Paraguay"
"PRY",7,1,0.397772976479047,15056.5625,1.11921931979897,29164.8125000001,15056.5625,29164.8125,0.503470631052588,0.13643857931753,2026,"PAHO",2026-01-01,2901,2904,2901,32,0.999093584717434,TRUE,"applied_mean","not_missing",7,"2025/2026","Observed",12719,2901,18598,239773,NA,18598,"South America","Paraguay",1.11921931979897,29164.8125000001,33.0945596190559,"Normal","Average - typical case load at this point",-0.596548024627079,"Low",9.36804246564988,"Below average - fewer cases than typical at this point","Paraguay"
"PRY",8,2,0.411985266854228,15377.25,0.934872866496414,44542.0624999998,15377.25,44542.0625,0.651135102376743,0.147664471324155,2026,"PAHO",2026-02-01,1790,1794,1790,28,0.998443649700154,TRUE,"applied_mean","not_missing",7,"2025/2026","Observed",14509,4691,18598,239773,NA,18598,"South America","Paraguay",0.934872866496414,44542.0624999998,29.2707586363929,"Normal","Average - typical case load at this point",-0.651930075638351,"Low",9.36804246564988,"Below average - fewer cases than typical at this point","Paraguay"
"PRY",9,3,0.557337065825114,11389.75,0.946687349782144,55931.8125000001,11389.75,55931.8125,0.79983576716289,0.148700664786148,2026,"PAHO",2026-03-01,1667,1716,1667,23,0.991263205185791,TRUE,"applied_mean","not_missing",7,"2025/2026","Observed",16176,6358,18598,239773,NA,18598,"South America","Paraguay",0.946687349782144,55931.8125000001,26.325031558547,"Normal","Average - typical case load at this point",-0.691578291103534,"Low",9.36804246564988,"Below average - fewer cases than typical at this point","Paraguay"
"PRY",10,4,0.730968952385578,5524.0625,0.973616175645959,61455.8750000001,5524.0625,61455.875,0.890433330455556,0.0905975632926655,2026,"PAHO",2026-04-01,1354,1387,1354,19,0.988597912562101,TRUE,"applied_mean","not_missing",7,"2025/2026","Observed",17530,7712,18598,239773,NA,18598,"South America","Paraguay",0.973616175645959,61455.8750000001,25.4071745925013,"Normal","Average - typical case load at this point",-0.705257096879093,"Low",9.36804246564988,"Below average - fewer cases than typical at this point","Paraguay"
"PRY",11,5,0.738444959120704,3976.62499999999,0.996982533727407,65432.4999999997,3976.625,65432.5,0.959973034169796,0.0695397037142404,2026,"PAHO",2026-05-01,570,593,570,15,0.986697718511068,TRUE,"applied_mean","not_missing",7,"2025/2026","Observed",18100,8282,18598,239773,NA,18598,"South America","Paraguay",0.996982533727407,65432.4999999997,24.2332857521953,"Low","Below average - fewer cases than typical at this point",-0.722281341640881,"Low",9.36804246564988,"Below average - fewer cases than typical at this point","Paraguay"
"PRY",12,6,0.695530800997831,1653.0625,1.02509253317794,67085.5625,1653.0625,67085.5625,1,0.0400269658302037,2026,"PAHO",2026-06-01,498,515,498,10,0.985473085814675,TRUE,"applied_mean","not_missing",7,"2025/2026","Observed",18598,8780,18598,239773,NA,18598,"South America","Paraguay",1.02509253317794,67085.5625,23.6693955607978,"Low","Below average - fewer cases than typical at this point",-0.731778261125669,"Low",9.36804246564988,"Below average - fewer cases than typical at this point","Paraguay"
"PRY",1,7,0.807405343512043,1100.5625,0.807405343512043,1100.5625,1100.5625,1100.5625,0.0390035038417567,0.0390035038417567,2026,"PAHO",2026-07-01,572,605,572,6,0.982984670541502,TRUE,"applied_mean","not_missing",7,"2026/2027","Observed",572,9352,14665,239773,NA,17124,"South America","Paraguay",0.807405343512043,1100.5625,44.4332422721372,"Normal","Average - typical case load at this point",-0.431388138507815,"Low",9.36804246564988,"Below average - fewer cases than typical at this point","Paraguay"
"PRY",2,8,0.634360769587912,1710.6875,0.763880821446677,2811.25,1710.6875,2811.25,0.104007842175533,0.0650043383337758,2026,"Estimates",2026-08-01,1209,NA,NA,NA,NA,NA,NA,NA,7,"2026/2027","Unobserved",1781,10561,14665,239773,1208.95068433156,17124,"South America","Paraguay",0.763880821446677,2811.25,51.0359303467919,"Normal","Average - typical case load at this point",-0.320255769279046,"Low",9.36804246564988,"Below average - fewer cases than typical at this point","Paraguay"
"PRY",3,9,1.06308901569501,1196.125,0.882253310559906,4007.37499999999,1196.125,4007.375,0.137418121115603,0.03341027894007,2026,NA,2026-09-01,NA,NA,NA,NA,NA,NA,NA,NA,7,"2026/2027","Unobserved",1781,10561,14665,239773,NA,17124,"South America","Paraguay",0.882253310559906,4007.37499999999,38.3780062341985,"Normal","Average - typical case load at this point",-0.521779700523724,"Low",9.36804246564988,"Below average - fewer cases than typical at this point","Paraguay"
"PRY",4,10,1.22368120735,2252.3125,1.08097361249142,6259.6875,2252.3125,6259.6875,0.202006054033887,0.0645879329182843,2026,NA,2026-10-01,NA,NA,NA,NA,NA,NA,NA,NA,7,"2026/2027","Unobserved",1781,10561,14665,239773,NA,17124,"South America","Paraguay",1.08097361249142,6259.6875,23.07671560314,"Low","Below average - fewer cases than typical at this point",-0.743820526148122,"Low",9.36804246564988,"Below average - fewer cases than typical at this point","Paraguay"
"PRY",5,11,0.900945014035791,2608.5625,1.20880751867137,8868.25000000001,2608.5625,8868.25,0.269486853517336,0.0674807994834489,2026,NA,2026-11-01,NA,NA,NA,NA,NA,NA,NA,NA,7,"2026/2027","Unobserved",1781,10561,14665,239773,NA,17124,"South America","Paraguay",1.20880751867137,8868.25000000001,14.3271843477657,"Low","Below average - fewer cases than typical at this point",-0.878595156139149,"Low",9.36804246564988,"Below average - fewer cases than typical at this point","Paraguay"
"PRY",6,12,0.699028409723001,5240,1.15123267610079,14108.25,5240,14108.25,0.367032051735058,0.0975451982177218,2026,NA,2026-12-01,NA,NA,NA,NA,NA,NA,NA,NA,7,"2026/2027","Unobserved",1781,10561,14665,239773,NA,17124,"South America","Paraguay",1.15123267610079,14108.25,9.36804246564988,"Low","Below average - fewer cases than typical at this point",-0.937468950040937,"Low",9.36804246564988,"Below average - fewer cases than typical at this point","Paraguay"
"PYF",9,1,0.617047604416825,125.25,1.10621956124207,824.833333333333,125.25,824.833333333333,0.748882401129208,0.116149062645382,2025,"WHO",2025-01-01,223,223,NA,19,NA,FALSE,"no_lookup_match",NA,5,"2024/2025","Observed",223,223,762,1704,NA,762,"Pacific Islands","French Polynesia",1.10621956124207,824.833333333333,21.5808974519584,"Low","Below average - fewer cases than typical at this point",-0.766901648134888,"Normal",39.4175818246536,"Average - typical case load at this point","French Polynesia"
"PYF",10,2,0.678809688275694,82.8333333333334,1.19740034320894,907.666666666667,82.8333333333333,907.666666666667,0.83338730733172,0.0845049062025114,2025,"WHO",2025-02-01,131,131,NA,18,NA,FALSE,"no_lookup_match",NA,5,"2024/2025","Observed",354,354,762,1704,NA,762,"Pacific Islands","French Polynesia",1.19740034320894,907.666666666667,28.6246287836617,"Normal","Average - typical case load at this point",-0.667045420378979,"Normal",39.4175818246536,"Average - typical case load at this point","French Polynesia"
"PYF",11,3,0.565088670942762,90.75,1.25574543624601,998.416666666666,90.75,998.416666666667,0.924213756538554,0.0908264492068342,2025,"WHO",2025-03-01,240,240,NA,17,NA,FALSE,"no_lookup_match",NA,5,"2024/2025","Observed",594,594,762,1704,NA,762,"Pacific Islands","French Polynesia",1.25574543624601,998.416666666666,41.1590119831014,"Normal","Average - typical case load at this point",-0.453623019300627,"Normal",39.4175818246536,"Average - typical case load at this point","French Polynesia"
"PYF",12,4,0.608913531983005,72.25,1.28678853911194,1070.66666666667,72.25,1070.66666666667,1,0.0757862434614464,2025,"WHO",2025-04-01,168,168,NA,16,NA,FALSE,"no_lookup_match",NA,5,"2024/2025","Observed",762,762,762,1704,NA,762,"Pacific Islands","French Polynesia",1.28678853911194,1070.66666666667,47.6026097954988,"Normal","Average - typical case load at this point",-0.326834744829628,"Normal",39.4175818246536,"Average - typical case load at this point","French Polynesia"
"PYF",1,5,0.827100589124675,104.583333333334,0.827100589124675,104.583333333334,104.583333333333,104.583333333333,0.12349438231002,0.12349438231002,2025,"WHO",2025-05-01,203,203,NA,15,NA,FALSE,"no_lookup_match",NA,5,"2025/2026","Observed",203,965,340,1704,NA,340,"Pacific Islands","French Polynesia",0.827100589124675,104.583333333334,84.8497632138972,"High","Above average - more cases than typical at this point",0.852461504485438,"Normal",39.4175818246536,"Average - typical case load at this point","French Polynesia"
"PYF",2,6,0.812063729832646,80.75,0.914960926258844,185.333333333333,80.75,185.333333333333,0.205863708358713,0.0823693260486929,2025,"WHO",2025-06-01,84,84,NA,14,NA,FALSE,"no_lookup_match",NA,5,"2025/2026","Observed",287,1049,340,1704,NA,340,"Pacific Islands","French Polynesia",0.914960926258844,185.333333333333,78.6127984971271,"High","Above average - more cases than typical at this point",0.523427984598036,"Normal",39.4175818246536,"Average - typical case load at this point","French Polynesia"
"PYF",3,7,0.511818054113777,77.9166666666666,0.952145181869224,263.25,77.9166666666667,263.25,0.273071128956786,0.0672074205980731,2025,"WHO",2025-07-01,0,0,NA,13,NA,FALSE,"no_lookup_match",NA,5,"2025/2026","Observed",287,1049,340,1704,NA,340,"Pacific Islands","French Polynesia",0.952145181869224,263.25,66.6699901250067,"Normal","Average - typical case load at this point",0.0878744948169656,"Normal",39.4175818246536,"Average - typical case load at this point","French Polynesia"
"PYF",4,8,0.503890158078088,74.8333333333333,0.940554313837323,338.083333333333,74.8333333333333,338.083333333333,0.334324160328578,0.061253031371792,2025,"WHO",2025-08-01,0,0,0,12,1,TRUE,"applied_mean",NA,5,"2025/2026","Observed",287,1049,340,1704,NA,340,"Pacific Islands","French Polynesia",0.940554313837323,338.083333333333,57.8854147120337,"Normal","Average - typical case load at this point",-0.146333627181624,"Normal",39.4175818246536,"Average - typical case load at this point","French Polynesia"
"PYF",5,9,0.476226059661546,81.9166666666668,0.903950607604488,419.999999999999,81.9166666666667,420,0.40142777357759,0.0671036132490125,2025,"WHO",2025-09-01,0,0,0,11,1,TRUE,"applied_mean",NA,5,"2025/2026","Observed",287,1049,340,1704,NA,340,"Pacific Islands","French Polynesia",0.903950607604488,419.999999999999,50.9921142793281,"Normal","Average - typical case load at this point",-0.300751529904777,"Normal",39.4175818246536,"Average - typical case load at this point","French Polynesia"
"PYF",6,10,0.504198960493204,70.8333333333333,0.884907556804006,490.833333333333,70.8333333333333,490.833333333333,0.459046982497004,0.057619208919414,2025,"WHO",2025-10-01,0,0,0,10,1,TRUE,"applied_mean",NA,5,"2025/2026","Observed",287,1049,340,1704,NA,340,"Pacific Islands","French Polynesia",0.884907556804006,490.833333333333,46.3640488654066,"Normal","Average - typical case load at this point",-0.390300380406613,"Normal",39.4175818246536,"Average - typical case load at this point","French Polynesia"
"PYF",7,11,0.82821204906213,91.9166666666668,0.877701235618863,582.749999999999,91.9166666666667,582.75,0.538909575706836,0.0798625932098311,2025,"WHO",2025-11-01,29,29,29,9,1,TRUE,"applied_mean",NA,5,"2025/2026","Observed",316,1078,340,1704,NA,340,"Pacific Islands","French Polynesia",0.877701235618863,582.749999999999,44.2126932326313,"Normal","Average - typical case load at this point",-0.428517629085601,"Normal",39.4175818246536,"Average - typical case load at this point","French Polynesia"
"PYF",8,12,0.510145489951258,116.833333333333,0.858214168292991,699.583333333334,116.833333333333,699.583333333333,0.632733338483826,0.0938237627769905,2025,"WHO",2025-12-01,0,0,0,8,1,TRUE,"applied_mean",NA,5,"2025/2026","Observed",316,1078,340,1704,NA,340,"Pacific Islands","French Polynesia",0.858214168292991,699.583333333334,39.4175818246536,"Normal","Average - typical case load at this point",-0.507635390862609,"Normal",39.4175818246536,"Average - typical case load at this point","French Polynesia"
"PYF",9,1,0.617047604416825,125.25,1.10621956124207,824.833333333333,125.25,824.833333333333,0.748882401129208,0.116149062645382,2026,"WHO",2026-01-01,6,6,6,7,1,TRUE,"applied_mean",NA,5,"2025/2026","Observed",322,6,340,135,NA,340,"Pacific Islands","French Polynesia",1.10621956124207,824.833333333333,30.2906241477984,"Normal","Average - typical case load at this point",-0.640748344620038,"Low",6.92254757161617,"Below average - fewer cases than typical at this point","French Polynesia"
"PYF",10,2,0.678809688275694,82.8333333333334,1.19740034320894,907.666666666667,82.8333333333333,907.666666666667,0.83338730733172,0.0845049062025114,2026,"WHO",2026-02-01,7,7,7,6,1,TRUE,"applied_mean",NA,5,"2025/2026","Observed",329,13,340,135,NA,340,"Pacific Islands","French Polynesia",1.19740034320894,907.666666666667,26.6729455044592,"Normal","Average - typical case load at this point",-0.697164870426194,"Low",6.92254757161617,"Below average - fewer cases than typical at this point","French Polynesia"
"PYF",11,3,0.565088670942762,90.75,1.25574543624601,998.416666666666,90.75,998.416666666667,0.924213756538554,0.0908264492068342,2026,"WHO",2026-03-01,2,2,2,5,1,TRUE,"applied_mean",NA,5,"2025/2026","Observed",331,15,340,135,NA,340,"Pacific Islands","French Polynesia",1.25574543624601,998.416666666666,23.4364067700193,"Low","Below average - fewer cases than typical at this point",-0.748622864533016,"Low",6.92254757161617,"Below average - fewer cases than typical at this point","French Polynesia"
"PYF",12,4,0.608913531983005,72.25,1.28678853911194,1070.66666666667,72.25,1070.66666666667,1,0.0757862434614464,2026,"WHO",2026-04-01,9,9,9,4,0.960500963391137,TRUE,"applied_mean",NA,5,"2025/2026","Observed",340,24,340,135,NA,340,"Pacific Islands","French Polynesia",1.28678853911194,1070.66666666667,21.9016330640541,"Low","Below average - fewer cases than typical at this point",-0.773673607631258,"Low",6.92254757161617,"Below average - fewer cases than typical at this point","French Polynesia"
"PYF",1,5,0.827100589124675,104.583333333334,0.827100589124675,104.583333333334,104.583333333333,104.583333333333,0.12349438231002,0.12349438231002,2026,"WHO",2026-05-01,4,4,4,3,0.918906176331919,TRUE,"applied_mean",NA,5,"2026/2027","Observed",4,28,48,135,NA,102,"Pacific Islands","French Polynesia",0.827100589124675,104.583333333334,7.11157312843887,"Low","Below average - fewer cases than typical at this point",-0.871228650223478,"Low",6.92254757161617,"Below average - fewer cases than typical at this point","French Polynesia"
"PYF",2,6,0.812063729832646,80.75,0.914960926258844,185.333333333333,80.75,185.333333333333,0.205863708358713,0.0823693260486929,2026,"WHO",2026-06-01,5,4,5,2,1.21546444840562,TRUE,"applied_mean",NA,5,"2026/2027","Observed",9,33,48,135,NA,102,"Pacific Islands","French Polynesia",0.914960926258844,185.333333333333,6.4027162373416,"Low","Below average - fewer cases than typical at this point",-0.907847225745448,"Low",6.92254757161617,"Below average - fewer cases than typical at this point","French Polynesia"
"PYF",3,7,0.511818054113777,77.9166666666666,0.952145181869224,263.25,77.9166666666667,263.25,0.273071128956786,0.0672074205980731,2026,"WHO",2026-07-01,4,4,NA,1,NA,FALSE,"insufficient_n_rf",NA,5,"2026/2027","Observed",13,37,48,135,NA,102,"Pacific Islands","French Polynesia",0.952145181869224,263.25,5.79209859542509,"Low","Below average - fewer cases than typical at this point",-0.92591967696613,"Low",6.92254757161617,"Below average - fewer cases than typical at this point","French Polynesia"
"PYF",4,8,0.503890158078088,74.8333333333333,0.940554313837323,338.083333333333,74.8333333333333,338.083333333333,0.334324160328578,0.061253031371792,2026,"Estimates",2026-08-01,21,NA,NA,NA,NA,NA,NA,NA,5,"2026/2027","Unobserved",34,58,48,135,20.8260306664093,102,"Pacific Islands","French Polynesia",0.940554313837323,338.083333333333,10.9090359779929,"Low","Below average - fewer cases than typical at this point",-0.871078965066476,"Low",6.92254757161617,"Below average - fewer cases than typical at this point","French Polynesia"
"PYF",5,9,0.476226059661546,81.9166666666668,0.903950607604488,419.999999999999,81.9166666666667,420,0.40142777357759,0.0671036132490125,2026,NA,2026-09-01,NA,NA,NA,NA,NA,NA,NA,NA,5,"2026/2027","Unobserved",34,58,48,135,NA,102,"Pacific Islands","French Polynesia",0.903950607604488,419.999999999999,9.65605698702242,"Low","Below average - fewer cases than typical at this point",-0.872857823633419,"Low",6.92254757161617,"Below average - fewer cases than typical at this point","French Polynesia"
"PYF",6,10,0.504198960493204,70.8333333333333,0.884907556804006,490.833333333333,70.8333333333333,490.833333333333,0.459046982497004,0.057619208919414,2026,NA,2026-10-01,NA,NA,NA,NA,NA,NA,NA,NA,5,"2026/2027","Unobserved",34,58,48,135,NA,102,"Pacific Islands","French Polynesia",0.884907556804006,490.833333333333,8.78286266543057,"Low","Below average - fewer cases than typical at this point",-0.874745169823818,"Low",6.92254757161617,"Below average - fewer cases than typical at this point","French Polynesia"
"PYF",7,11,0.82821204906213,91.9166666666668,0.877701235618863,582.749999999999,91.9166666666667,582.75,0.538909575706836,0.0798625932098311,2026,NA,2026-11-01,NA,NA,NA,NA,NA,NA,NA,NA,5,"2026/2027","Unobserved",34,58,48,135,NA,102,"Pacific Islands","French Polynesia",0.877701235618863,582.749999999999,7.70851657508385,"Low","Below average - fewer cases than typical at this point",-0.881533454398216,"Low",6.92254757161617,"Below average - fewer cases than typical at this point","French Polynesia"
"PYF",8,12,0.510145489951258,116.833333333333,0.858214168292991,699.583333333334,116.833333333333,699.583333333333,0.632733338483826,0.0938237627769905,2026,NA,2026-12-01,NA,NA,NA,NA,NA,NA,NA,NA,5,"2026/2027","Unobserved",34,58,48,135,NA,102,"Pacific Islands","French Polynesia",0.858214168292991,699.583333333334,6.92254757161617,"Low","Below average - fewer cases than typical at this point",-0.880835078605182,"Low",6.92254757161617,"Below average - fewer cases than typical at this point","French Polynesia"
"REU",3,1,0.420740926747604,129.7,0.496094091536555,189.3,129.7,189.3,0.144552821313068,0.0480574851129808,2025,"WHO",2025-01-01,10,10,NA,19,NA,FALSE,"no_lookup_match",NA,11,"2024/2025","Observed",10,10,17,176,NA,17,"Sub-Saharan Africa","Reunion",0.496094091536555,189.3,19.018717189527,"Low","Below average - fewer cases than typical at this point",-0.666259438681556,"Low",10.0634437477144,"Below average - fewer cases than typical at this point","Reunion"
"REU",4,2,0.27365816934739,405.7,0.413395569530402,595,405.7,595,0.195166890123613,0.050614068810545,2025,"WHO",2025-02-01,0,0,NA,18,NA,FALSE,"no_lookup_match",NA,11,"2024/2025","Observed",10,10,17,176,NA,17,"Sub-Saharan Africa","Reunion",0.413395569530402,595,14.8389109756689,"Low","Below average - fewer cases than typical at this point",-0.63193293662893,"Low",10.0634437477144,"Below average - fewer cases than typical at this point","Reunion"
"REU",5,3,0.30750214572663,1333.3,0.36359871903899,1928.3,1333.3,1928.3,0.351786169058255,0.156619278934642,2025,"WHO",2025-03-01,2,2,NA,17,NA,FALSE,"no_lookup_match",NA,11,"2024/2025","Observed",12,12,17,176,NA,17,"Sub-Saharan Africa","Reunion",0.36359871903899,1928.3,12.5110795095607,"Low","Below average - fewer cases than typical at this point",-0.599182511987196,"Low",10.0634437477144,"Below average - fewer cases than typical at this point","Reunion"
"REU",6,4,0.328806046269697,2197.4,0.357156383875496,4125.69999999999,2197.4,4125.7,0.641203826161149,0.289417657102894,2025,"WHO",2025-04-01,5,5,NA,16,NA,FALSE,"no_lookup_match",NA,11,"2024/2025","Observed",17,17,17,176,NA,17,"Sub-Saharan Africa","Reunion",0.357156383875496,4125.69999999999,11.085705044392,"Low","Below average - fewer cases than typical at this point",-0.595137338194713,"Low",10.0634437477144,"Below average - fewer cases than typical at this point","Reunion"
"REU",7,5,0.234944404500626,2236,0.335516546936728,6361.69999999999,2236,6361.7,0.846596888047342,0.205393061886193,2025,"WHO",2025-05-01,0,0,NA,15,NA,FALSE,"no_lookup_match",NA,11,"2024/2025","Observed",17,17,17,176,NA,17,"Sub-Saharan Africa","Reunion",0.335516546936728,6361.69999999999,10.773374953636,"Low","Below average - fewer cases than typical at this point",-0.577674805068113,"Low",10.0634437477144,"Below average - fewer cases than typical at this point","Reunion"
"REU",8,6,0.276655245771212,700.900000000001,0.338272272316814,7062.6,700.9,7062.6,0.947802862685148,0.101205974637806,2025,"WHO",2025-06-01,0,0,NA,14,NA,FALSE,"no_lookup_match",NA,11,"2024/2025","Observed",17,17,17,176,NA,17,"Sub-Saharan Africa","Reunion",0.338272272316814,7062.6,10.2334270424044,"Low","Below average - fewer cases than typical at this point",-0.580197927753389,"Low",10.0634437477144,"Below average - fewer cases than typical at this point","Reunion"
"REU",9,7,0.293143932122952,176.8,0.339713802220458,7239.40000000002,176.8,7239.4,0.979873599058472,0.0320707363733236,2025,"WHO",2025-07-01,0,0,NA,13,NA,FALSE,"no_lookup_match",NA,11,"2024/2025","Observed",17,17,17,176,NA,17,"Sub-Saharan Africa","Reunion",0.339713802220458,7239.40000000002,10.0613920888526,"Low","Below average - fewer cases than typical at this point",-0.581467399305433,"Low",10.0634437477144,"Below average - fewer cases than typical at this point","Reunion"
"REU",10,8,0.230246529571229,73.4,0.3397315229781,7312.8,73.4,7312.8,0.989783427158057,0.0099098280995855,2025,"WHO",2025-08-01,0,0,0,12,1,TRUE,"applied_mean",NA,11,"2024/2025","Observed",17,17,17,176,NA,17,"Sub-Saharan Africa","Reunion",0.3397315229781,7312.8,10.0259316576597,"Low","Below average - fewer cases than typical at this point",-0.581496438886374,"Low",10.0634437477144,"Below average - fewer cases than typical at this point","Reunion"
"REU",11,9,0.240856693074986,42.3,0.339666046508068,7355.09999999999,42.3,7355.1,0.995023602215428,0.00524017505737123,2025,"WHO",2025-09-01,0,0,0,11,1,TRUE,"applied_mean",NA,11,"2024/2025","Observed",17,17,17,176,NA,17,"Sub-Saharan Africa","Reunion",0.339666046508068,7355.09999999999,10.0102347493896,"Low","Below average - fewer cases than typical at this point",-0.581448272244004,"Low",10.0634437477144,"Below average - fewer cases than typical at this point","Reunion"
"REU",12,10,0.281307409995299,24.7,0.339912114386762,7379.8,24.7,7379.8,1,0.00497639778457171,2025,"WHO",2025-10-01,0,0,0,10,1,TRUE,"applied_mean",NA,11,"2024/2025","Observed",17,17,17,176,NA,17,"Sub-Saharan Africa","Reunion",0.339912114386762,7379.8,9.98414559527327,"Low","Below average - fewer cases than typical at this point",-0.581663391837045,"Low",10.0634437477144,"Below average - fewer cases than typical at this point","Reunion"
"REU",1,11,0.515833803202528,26.5,0.515833803202528,26.5,26.5,26.5,0.0482736420049381,0.0482736420049381,2025,"WHO",2025-11-01,0,0,0,9,1,TRUE,"applied_mean",NA,11,"2025/2026","Observed",0,17,289,176,NA,289,"Sub-Saharan Africa","Reunion",0.515833803202528,26.5,12.9785353520857,"Low","Below average - fewer cases than typical at this point",-0.711325943008872,"Low",10.0634437477144,"Below average - fewer cases than typical at this point","Reunion"
"REU",2,12,0.336551417946186,33.1,0.474284037504707,59.6000000000001,33.1,59.6,0.0964953362000873,0.0482216941951492,2025,"WHO",2025-12-01,0,0,0,8,1,TRUE,"applied_mean",NA,11,"2025/2026","Observed",0,17,289,176,NA,289,"Sub-Saharan Africa","Reunion",0.474284037504707,59.6000000000001,10.0634437477144,"Low","Below average - fewer cases than typical at this point",-0.685958879418152,"Low",10.0634437477144,"Below average - fewer cases than typical at this point","Reunion"
"REU",3,1,0.420740926747604,129.7,0.496094091536555,189.3,129.7,189.3,0.144552821313068,0.0480574851129808,2026,"WHO",2026-01-01,10,10,10,7,1,TRUE,"applied_mean",NA,11,"2025/2026","Observed",10,10,289,289,NA,289,"Sub-Saharan Africa","Reunion",0.496094091536555,189.3,19.018717189527,"Low","Below average - fewer cases than typical at this point",-0.666259438681556,"Low",10.0634437477144,"Below average - fewer cases than typical at this point","Reunion"
"REU",4,2,0.27365816934739,405.7,0.413395569530402,595,405.7,595,0.195166890123613,0.050614068810545,2026,"WHO",2026-02-01,3,3,3,6,1,TRUE,"applied_mean",NA,11,"2025/2026","Observed",13,13,289,289,NA,289,"Sub-Saharan Africa","Reunion",0.413395569530402,595,16.4234702913326,"Low","Below average - fewer cases than typical at this point",-0.628692254902627,"Low",10.0634437477144,"Below average - fewer cases than typical at this point","Reunion"
"REU",5,3,0.30750214572663,1333.3,0.36359871903899,1928.3,1333.3,1928.3,0.351786169058255,0.156619278934642,2026,"WHO",2026-03-01,45,45,45,5,1,TRUE,"applied_mean",NA,11,"2025/2026","Observed",58,58,289,289,NA,289,"Sub-Saharan Africa","Reunion",0.36359871903899,1928.3,21.7855809916118,"Low","Below average - fewer cases than typical at this point",-0.584799380143846,"Low",10.0634437477144,"Below average - fewer cases than typical at this point","Reunion"
"REU",6,4,0.328806046269697,2197.4,0.357156383875496,4125.69999999999,2197.4,4125.7,0.641203826161149,0.289417657102894,2026,"WHO",2026-04-01,76,76,76,4,1,TRUE,"applied_mean",NA,11,"2025/2026","Observed",134,134,289,289,NA,289,"Sub-Saharan Africa","Reunion",0.357156383875496,4125.69999999999,22.8322762834746,"Low","Below average - fewer cases than typical at this point",-0.57819011192636,"Low",10.0634437477144,"Below average - fewer cases than typical at this point","Reunion"
"REU",7,5,0.234944404500626,2236,0.335516546936728,6361.69999999999,2236,6361.7,0.846596888047342,0.205393061886193,2026,"WHO",2026-05-01,73,73,73,3,1,TRUE,"applied_mean",NA,11,"2025/2026","Observed",207,207,289,289,NA,289,"Sub-Saharan Africa","Reunion",0.335516546936728,6361.69999999999,24.5645665197133,"Low","Below average - fewer cases than typical at this point",-0.56037560842163,"Low",10.0634437477144,"Below average - fewer cases than typical at this point","Reunion"
"REU",8,6,0.276655245771212,700.900000000001,0.338272272316814,7062.6,700.9,7062.6,0.947802862685148,0.101205974637806,2026,"WHO",2026-06-01,66,66,66,2,1,TRUE,"applied_mean",NA,11,"2025/2026","Observed",273,273,289,289,NA,289,"Sub-Saharan Africa","Reunion",0.338272272316814,7062.6,25.7755768581099,"Normal","Average - typical case load at this point",-0.559116590535144,"Low",10.0634437477144,"Below average - fewer cases than typical at this point","Reunion"
"REU",9,7,0.293143932122952,176.8,0.339713802220458,7239.40000000002,176.8,7239.4,0.979873599058472,0.0320707363733236,2026,"WHO",2026-07-01,10,10,NA,1,NA,FALSE,"insufficient_n_rf",NA,11,"2025/2026","Observed",283,283,289,289,NA,289,"Sub-Saharan Africa","Reunion",0.339713802220458,7239.40000000002,25.7526234137758,"Normal","Average - typical case load at this point",-0.560052034853831,"Low",10.0634437477144,"Below average - fewer cases than typical at this point","Reunion"
"REU",10,8,0.230246529571229,73.4,0.3397315229781,7312.8,73.4,7312.8,0.989783427158057,0.0099098280995855,2026,"Estimates",2026-08-01,3,NA,NA,NA,NA,NA,NA,NA,11,"2025/2026","Unobserved",286,286,289,289,2.86394032078021,289,"Sub-Saharan Africa","Reunion",0.3397315229781,7312.8,25.7549043936661,"Normal","Average - typical case load at this point",-0.560056358009646,"Low",10.0634437477144,"Below average - fewer cases than typical at this point","Reunion"
"REU",11,9,0.240856693074986,42.3,0.339666046508068,7355.09999999999,42.3,7355.1,0.995023602215428,0.00524017505737123,2026,NA,2026-09-01,NA,NA,NA,NA,NA,NA,NA,NA,11,"2025/2026","Unobserved",286,286,289,289,NA,289,"Sub-Saharan Africa","Reunion",0.339666046508068,7355.09999999999,25.7103995233238,"Normal","Average - typical case load at this point",-0.560133547010819,"Low",10.0634437477144,"Below average - fewer cases than typical at this point","Reunion"
"REU",12,10,0.281307409995299,24.7,0.339912114386762,7379.8,24.7,7379.8,1,0.00497639778457171,2026,NA,2026-10-01,NA,NA,NA,NA,NA,NA,NA,NA,11,"2025/2026","Unobserved",286,286,289,289,NA,289,"Sub-Saharan Africa","Reunion",0.339912114386762,7379.8,25.6610906998063,"Normal","Average - typical case load at this point",-0.560412311758248,"Low",10.0634437477144,"Below average - fewer cases than typical at this point","Reunion"
"REU",1,11,0.515833803202528,26.5,0.515833803202528,26.5,26.5,26.5,0.0482736420049381,0.0482736420049381,2026,NA,2026-11-01,NA,NA,NA,NA,NA,NA,NA,NA,11,"2026/2027","Unobserved",0,286,NA,289,NA,NA,"Sub-Saharan Africa","Reunion",0.515833803202528,26.5,12.9785353520857,"Low","Below average - fewer cases than typical at this point",-0.711325943008872,"Low",10.0634437477144,"Below average - fewer cases than typical at this point","Reunion"
"REU",2,12,0.336551417946186,33.1,0.474284037504707,59.6000000000001,33.1,59.6,0.0964953362000873,0.0482216941951492,2026,NA,2026-12-01,NA,NA,NA,NA,NA,NA,NA,NA,11,"2026/2027","Unobserved",0,286,NA,289,NA,NA,"Sub-Saharan Africa","Reunion",0.474284037504707,59.6000000000001,10.0634437477144,"Low","Below average - fewer cases than typical at this point",-0.685958879418152,"Low",10.0634437477144,"Below average - fewer cases than typical at this point","Reunion"
"SDN",9,1,0.29884567445588,196.625,0.845945793170915,3576,196.625,3576,0.953590584130014,0.0405840575374448,2025,"WHO",2025-01-01,822,822,NA,19,NA,FALSE,"no_lookup_match",NA,5,"2024/2025","Observed",822,822,3145,56810,NA,3145,"Europe, Middle East & North Africa","Sudan",0.845945793170915,3576,24.2980923928172,"Low","Below average - fewer cases than typical at this point",-0.708249588079187,"Extremely High",99.9997309388866,"Rare bad event - unusually high cases to date","Sudan"
"SDN",10,2,0.237844991032519,165,0.820391226169524,3741.00000000001,165,3741,0.971730368014439,0.0181397838844244,2025,"WHO",2025-02-01,816,816,NA,18,NA,FALSE,"no_lookup_match",NA,5,"2024/2025","Observed",1638,1638,3145,56810,NA,3145,"Europe, Middle East & North Africa","Sudan",0.820391226169524,3741.00000000001,39.4237471681173,"Normal","Average - typical case load at this point",-0.509113312674315,"Extremely High",99.9997309388866,"Rare bad event - unusually high cases to date","Sudan"
"SDN",11,3,0.138252127861018,147.625,0.798158958415404,3888.62499999999,147.625,3888.625,0.986480613005609,0.0147502449911708,2025,"WHO",2025-03-01,669,669,NA,17,NA,FALSE,"no_lookup_match",NA,5,"2024/2025","Observed",2307,2307,3145,56810,NA,3145,"Europe, Middle East & North Africa","Sudan",0.798158958415404,3888.62499999999,48.4182982145071,"Normal","Average - typical case load at this point",-0.363335294501458,"Extremely High",99.9997309388866,"Rare bad event - unusually high cases to date","Sudan"
"SDN",12,4,0.124784875985553,145.625,0.777112424611059,4034.25,145.625,4034.25,1,0.0135193869943906,2025,"WHO",2025-04-01,838,838,NA,16,NA,FALSE,"no_lookup_match",NA,5,"2024/2025","Observed",3145,3145,3145,56810,NA,3145,"Europe, Middle East & North Africa","Sudan",0.777112424611059,4034.25,57.0704842015701,"Normal","Average - typical case load at this point",-0.194294795606002,"Extremely High",99.9997309388866,"Rare bad event - unusually high cases to date","Sudan"
"SDN",1,5,0.230758707812569,26.875,0.230758707812569,26.875,26.875,26.875,0.00419780169572459,0.00419780169572459,2025,"WHO",2025-05-01,853,853,NA,15,NA,FALSE,"no_lookup_match",NA,5,"2025/2026","Observed",853,3998,53365,56810,NA,53365,"Europe, Middle East & North Africa","Sudan",0.230758707812569,26.875,99.996603687173,"Extremely High","Rare bad event - unusually high cases to date",14.7034684367794,"Extremely High",99.9997309388866,"Rare bad event - unusually high cases to date","Sudan"
"SDN",2,6,0.397705150144643,7.375,0.25103194313691,34.25,7.375,34.25,0.00643578755115864,0.00223798585543405,2025,"WHO",2025-06-01,335,335,NA,14,NA,FALSE,"no_lookup_match",NA,5,"2025/2026","Observed",1188,4333,53365,56810,NA,53365,"Europe, Middle East & North Africa","Sudan",0.25103194313691,34.25,99.9991350237248,"Extremely High","Rare bad event - unusually high cases to date",16.8162779641976,"Extremely High",99.9997309388866,"Rare bad event - unusually high cases to date","Sudan"
"SDN",3,7,0.558315809216979,18.375,0.441889197365724,52.625,18.375,52.625,0.0140917338000774,0.00765594624891873,2025,"WHO",2025-07-01,741,741,NA,13,NA,FALSE,"no_lookup_match",NA,5,"2025/2026","Observed",1929,5074,53365,56810,NA,53365,"Europe, Middle East & North Africa","Sudan",0.441889197365724,52.625,99.9999989951533,"Extremely High","Rare bad event - unusually high cases to date",23.6030681843215,"Extremely High",99.9997309388866,"Rare bad event - unusually high cases to date","Sudan"
"SDN",4,8,0.801705776492556,112.75,0.876512463413273,165.375,112.75,165.375,0.0601838963018577,0.0460921625017804,2025,"WHO",2025-08-01,3791,3791,3791,12,1,TRUE,"applied_mean",NA,5,"2025/2026","Observed",5720,8865,53365,56810,NA,53365,"Europe, Middle East & North Africa","Sudan",0.876512463413273,165.375,99.9999999999956,"Extremely High","Rare bad event - unusually high cases to date",31.3628890236826,"Extremely High",99.9997309388866,"Rare bad event - unusually high cases to date","Sudan"
"SDN",5,9,0.857381496811902,380.125,0.999186176082462,545.5,380.125,545.5,0.183566285414363,0.123382389112505,2025,"WHO",2025-09-01,12511,12511,12511,11,1,TRUE,"applied_mean",NA,5,"2025/2026","Observed",18231,21376,53365,56810,NA,53365,"Europe, Middle East & North Africa","Sudan",0.999186176082462,545.5,99.9999999999997,"Extremely High","Rare bad event - unusually high cases to date",32.3778803465388,"Extremely High",99.9997309388866,"Rare bad event - unusually high cases to date","Sudan"
"SDN",6,10,0.801594453569587,1331.375,0.889024643717304,1876.875,1331.375,1876.875,0.523438285897356,0.339872000482993,2025,"WHO",2025-10-01,18678,18678,18678,10,1,TRUE,"applied_mean",NA,5,"2025/2026","Observed",36909,40054,53365,56810,NA,53365,"Europe, Middle East & North Africa","Sudan",0.889024643717304,1876.875,99.9999982783234,"Extremely High","Rare bad event - unusually high cases to date",17.5948350517662,"Extremely High",99.9997309388866,"Rare bad event - unusually high cases to date","Sudan"
"SDN",7,11,0.766305320192734,1090.625,0.850598772941311,2967.50000000001,1090.625,2967.5,0.797393281482559,0.273954995585204,2025,"WHO",2025-11-01,9190,6632,9190,9,1.38571428571429,TRUE,"applied_mean",NA,5,"2025/2026","Observed",46099,49244,53365,56810,NA,53365,"Europe, Middle East & North Africa","Sudan",0.850598772941311,2967.50000000001,99.9998893515337,"Extremely High","Rare bad event - unusually high cases to date",13.4030604572131,"Extremely High",99.9997309388866,"Rare bad event - unusually high cases to date","Sudan"
"SDN",8,12,0.865771972049896,411.875,0.857016179687255,3379.375,411.875,3379.375,0.913006526592569,0.11561324511001,2025,"WHO",2025-12-01,2624,2006,2624,8,1.30797342192691,TRUE,"applied_mean",NA,5,"2025/2026","Observed",48723,51868,53365,56810,NA,53365,"Europe, Middle East & North Africa","Sudan",0.857016179687255,3379.375,99.9997309388866,"Extremely High","Rare bad event - unusually high cases to date",12.419934301256,"Extremely High",99.9997309388866,"Rare bad event - unusually high cases to date","Sudan"
"SDN",9,1,0.29884567445588,196.625,0.845945793170915,3576,196.625,3576,0.953590584130014,0.0405840575374448,2026,"Estimates",2026-01-01,2166,NA,NA,NA,NA,NA,NA,NA,5,"2025/2026","Unobserved",50889,2166,53365,651293,2165.76823048574,53365,"Europe, Middle East & North Africa","Sudan",0.845945793170915,3576,99.9996427994116,"Extremely High","Rare bad event - unusually high cases to date",12.1675427599094,"High",81.1662565836432,"Above average - more cases than typical at this point","Sudan"
"SDN",10,2,0.237844991032519,165,0.820391226169524,3741.00000000001,165,3741,0.971730368014439,0.0181397838844244,2026,"Estimates",2026-02-01,968,NA,NA,NA,NA,NA,NA,NA,5,"2025/2026","Unobserved",51857,3134,53365,651293,968.029566992308,53365,"Europe, Middle East & North Africa","Sudan",0.820391226169524,3741.00000000001,99.9993573362736,"Extremely High","Rare bad event - unusually high cases to date",11.648357656984,"High",81.1662565836432,"Above average - more cases than typical at this point","Sudan"
"SDN",11,3,0.138252127861018,147.625,0.798158958415404,3888.62499999999,147.625,3888.625,0.986480613005609,0.0147502449911708,2026,"Estimates",2026-03-01,787,NA,NA,NA,NA,NA,NA,NA,5,"2025/2026","Unobserved",52644,3921,53365,651293,787.146823953828,53365,"Europe, Middle East & North Africa","Sudan",0.798158958415404,3888.62499999999,99.9989412154756,"Extremely High","Rare bad event - unusually high cases to date",11.200220364596,"High",81.1662565836432,"Above average - more cases than typical at this point","Sudan"
"SDN",12,4,0.124784875985553,145.625,0.777112424611059,4034.25,145.625,4034.25,1,0.0135193869943906,2026,"Estimates",2026-04-01,721,NA,NA,NA,NA,NA,NA,NA,5,"2025/2026","Unobserved",53365,4642,53365,651293,721.462086955654,53365,"Europe, Middle East & North Africa","Sudan",0.777112424611059,4034.25,99.9983175038213,"Extremely High","Rare bad event - unusually high cases to date",10.7784177546706,"High",81.1662565836432,"Above average - more cases than typical at this point","Sudan"
"SDN",1,5,0.230758707812569,26.875,0.230758707812569,26.875,26.875,26.875,0.00419780169572459,0.00419780169572459,2026,"WHO",2026-05-01,2734,2738,2734,3,0.998649204044385,TRUE,"applied_mean",NA,5,"2026/2027","Observed",2734,7376,651293,651293,NA,95075,"Europe, Middle East & North Africa","Sudan",0.230758707812569,26.875,99.9999999998474,"Extremely High","Rare bad event - unusually high cases to date",48.1817243055425,"High",81.1662565836432,"Above average - more cases than typical at this point","Sudan"
"SDN",2,6,0.397705150144643,7.375,0.25103194313691,34.25,7.375,34.25,0.00643578755115864,0.00223798585543405,2026,"Estimates",2026-06-01,119,NA,NA,NA,NA,NA,NA,NA,5,"2026/2027","Unobserved",2853,7495,651293,651293,119.430115175238,95075,"Europe, Middle East & North Africa","Sudan",0.25103194313691,34.25,99.9999999975469,"Extremely High","Rare bad event - unusually high cases to date",41.0841893924872,"High",81.1662565836432,"Above average - more cases than typical at this point","Sudan"
"SDN",3,7,0.558315809216979,18.375,0.441889197365724,52.625,18.375,52.625,0.0140917338000774,0.00765594624891873,2026,"Estimates",2026-07-01,409,NA,NA,NA,NA,NA,NA,NA,5,"2026/2027","Unobserved",3262,7904,651293,651293,408.559571573548,95075,"Europe, Middle East & North Africa","Sudan",0.441889197365724,52.625,99.9999999999891,"Extremely High","Rare bad event - unusually high cases to date",40.3709796570818,"High",81.1662565836432,"Above average - more cases than typical at this point","Sudan"
"SDN",4,8,0.801705776492556,112.75,0.876512463413273,165.375,112.75,165.375,0.0601838963018577,0.0460921625017804,2026,"Estimates",2026-08-01,2460,NA,NA,NA,NA,NA,NA,NA,5,"2026/2027","Unobserved",5722,10364,651293,651293,2459.70825190751,95075,"Europe, Middle East & North Africa","Sudan",0.876512463413273,165.375,99.9999999999956,"Extremely High","Rare bad event - unusually high cases to date",31.3741815552302,"High",81.1662565836432,"Above average - more cases than typical at this point","Sudan"
"SDN",5,9,0.857381496811902,380.125,0.999186176082462,545.5,380.125,545.5,0.183566285414363,0.123382389112505,2026,NA,2026-09-01,NA,NA,NA,NA,NA,NA,NA,NA,5,"2026/2027","Unobserved",5722,10364,651293,651293,NA,95075,"Europe, Middle East & North Africa","Sudan",0.999186176082462,545.5,99.9971783903385,"Extremely High","Rare bad event - unusually high cases to date",9.47692163715235,"High",81.1662565836432,"Above average - more cases than typical at this point","Sudan"
"SDN",6,10,0.801594453569587,1331.375,0.889024643717304,1876.875,1331.375,1876.875,0.523438285897356,0.339872000482993,2026,NA,2026-10-01,NA,NA,NA,NA,NA,NA,NA,NA,5,"2026/2027","Unobserved",5722,10364,651293,651293,NA,95075,"Europe, Middle East & North Africa","Sudan",0.889024643717304,1876.875,94.643358841482,"High","Above average - more cases than typical at this point",1.93120857294333,"High",81.1662565836432,"Above average - more cases than typical at this point","Sudan"
"SDN",7,11,0.766305320192734,1090.625,0.850598772941311,2967.50000000001,1090.625,2967.5,0.797393281482559,0.273954995585204,2026,NA,2026-11-01,NA,NA,NA,NA,NA,NA,NA,NA,5,"2026/2027","Unobserved",5722,10364,651293,651293,NA,95075,"Europe, Middle East & North Africa","Sudan",0.850598772941311,2967.50000000001,84.7678475238733,"High","Above average - more cases than typical at this point",0.855957479554234,"High",81.1662565836432,"Above average - more cases than typical at this point","Sudan"
"SDN",8,12,0.865771972049896,411.875,0.857016179687255,3379.375,411.875,3379.375,0.913006526592569,0.11561324511001,2026,NA,2026-12-01,NA,NA,NA,NA,NA,NA,NA,NA,5,"2026/2027","Unobserved",5722,10364,651293,651293,NA,95075,"Europe, Middle East & North Africa","Sudan",0.857016179687255,3379.375,81.1662565836432,"High","Above average - more cases than typical at this point",0.641661282980349,"High",81.1662565836432,"Above average - more cases than typical at this point","Sudan"
"SEN",9,1,0.520541326036736,148.714285714286,0.500868075467418,2377,148.714285714286,2377,0.783446099807684,0.122231562194874,2025,"WHO",2025-01-01,92,92,NA,19,NA,FALSE,"no_lookup_match",NA,5,"2024/2025","Observed",92,92,451,18849,NA,451,"Sub-Saharan Africa","Senegal",0.500868075467418,2377,15.6176497250552,"Low","Below average - fewer cases than typical at this point",-0.680256886681902,"Extremely High",97.4721551179228,"Rare bad event - unusually high cases to date","Senegal"
"SEN",10,2,0.545447477113455,123.142857142857,0.536975010937936,2500.14285714286,123.142857142857,2500.14285714286,0.888181240073686,0.104735140266002,2025,"WHO",2025-02-01,140,140,NA,18,NA,FALSE,"no_lookup_match",NA,5,"2024/2025","Observed",232,232,451,18849,NA,451,"Sub-Saharan Africa","Senegal",0.536975010937936,2500.14285714286,22.1504453634507,"Low","Below average - fewer cases than typical at this point",-0.664715773172406,"Extremely High",97.4721551179228,"Rare bad event - unusually high cases to date","Senegal"
"SEN",11,3,0.610369940626789,84.2857142857143,0.558542311985579,2584.42857142857,84.2857142857143,2584.42857142857,0.963300791090206,0.0751195510165196,2025,"WHO",2025-03-01,89,89,NA,17,NA,FALSE,"no_lookup_match",NA,5,"2024/2025","Observed",321,321,451,18849,NA,451,"Sub-Saharan Africa","Senegal",0.558542311985579,2584.42857142857,24.7420817329968,"Low","Below average - fewer cases than typical at this point",-0.654460402134249,"Extremely High",97.4721551179228,"Rare bad event - unusually high cases to date","Senegal"
"SEN",12,4,0.267064161672603,68.1428571428572,0.563763003958183,2652.57142857143,68.1428571428571,2652.57142857143,1,0.0366992089097942,2025,"WHO",2025-04-01,130,130,NA,16,NA,FALSE,"no_lookup_match",NA,5,"2024/2025","Observed",451,451,451,18849,NA,451,"Sub-Saharan Africa","Senegal",0.563763003958183,2652.57142857143,28.9765444728466,"Normal","Average - typical case load at this point",-0.623114464730907,"Extremely High",97.4721551179228,"Rare bad event - unusually high cases to date","Senegal"
"SEN",1,5,0.42676290398479,39.5714285714286,0.42676290398479,39.5714285714286,39.5714285714286,39.5714285714286,0.0137383919498992,0.0137383919498992,2025,"WHO",2025-05-01,201,201,NA,15,NA,FALSE,"no_lookup_match",NA,5,"2025/2026","Observed",201,652,13256,18849,NA,13256,"Sub-Saharan Africa","Senegal",0.42676290398479,39.5714285714286,97.0413716273214,"Extremely High","Rare bad event - unusually high cases to date",2.65071290379429,"Extremely High",97.4721551179228,"Rare bad event - unusually high cases to date","Senegal"
"SEN",2,6,0.356013553582183,49.8571428571428,0.433056834417801,89.4285714285714,49.8571428571429,89.4285714285714,0.0321930134177581,0.0184546214678589,2025,"WHO",2025-06-01,225,225,NA,14,NA,FALSE,"no_lookup_match",NA,5,"2025/2026","Observed",426,877,13256,18849,NA,13256,"Sub-Saharan Africa","Senegal",0.433056834417801,89.4285714285714,96.580479195995,"Extremely High","Rare bad event - unusually high cases to date",2.4707249801837,"Extremely High",97.4721551179228,"Rare bad event - unusually high cases to date","Senegal"
"SEN",3,7,0.50713812187765,86.5714285714287,0.473800969367625,176,86.5714285714286,176,0.0737061263529963,0.0415131129352383,2025,"WHO",2025-07-01,304,304,NA,13,NA,FALSE,"no_lookup_match",NA,5,"2025/2026","Observed",730,1181,13256,18849,NA,13256,"Sub-Saharan Africa","Senegal",0.473800969367625,176,95.6166700647422,"Extremely High","Rare bad event - unusually high cases to date",2.16377093784624,"Extremely High",97.4721551179228,"Rare bad event - unusually high cases to date","Senegal"
"SEN",4,8,0.5481311497472,92.8571428571429,0.502460111310497,268.857142857143,92.8571428571429,268.857142857143,0.117208053375964,0.0435019270229676,2025,"WHO",2025-08-01,356,356,356,12,1,TRUE,"applied_mean",NA,5,"2025/2026","Observed",1086,1537,13256,18849,NA,13256,"Sub-Saharan Africa","Senegal",0.502460111310497,268.857142857143,95.571889714719,"Extremely High","Rare bad event - unusually high cases to date",2.15239395040185,"Extremely High",97.4721551179228,"Rare bad event - unusually high cases to date","Senegal"
"SEN",5,9,0.433503534046085,174.571428571428,0.477500708038208,443.428571428572,174.571428571429,443.428571428571,0.174267801569142,0.0570597481931786,2025,"WHO",2025-09-01,878,878,878,11,1,TRUE,"applied_mean",NA,5,"2025/2026","Observed",1964,2415,13256,18849,NA,13256,"Sub-Saharan Africa","Senegal",0.477500708038208,443.428571428572,96.2924558809913,"Extremely High","Rare bad event - unusually high cases to date",2.36829859132735,"Extremely High",97.4721551179228,"Rare bad event - unusually high cases to date","Senegal"
"SEN",6,10,0.391728177124597,636.714285714286,0.439268212335525,1080.14285714286,636.714285714286,1080.14285714286,0.339942671698465,0.165674870129322,2025,"WHO",2025-10-01,3616,3616,3616,10,1,TRUE,"applied_mean",NA,5,"2025/2026","Observed",5580,6031,13256,18849,NA,13256,"Sub-Saharan Africa","Senegal",0.439268212335525,1080.14285714286,97.2770492711835,"Extremely High","Rare bad event - unusually high cases to date",2.76054051914338,"Extremely High",97.4721551179228,"Rare bad event - unusually high cases to date","Senegal"
"SEN",7,11,0.38812336428334,867.142857142859,0.419672279258814,1947.28571428572,867.142857142857,1947.28571428571,0.567833145204617,0.227890473506152,2025,"WHO",2025-11-01,4923,4923,4923,9,1,TRUE,"applied_mean",NA,5,"2025/2026","Observed",10503,10954,13256,18849,NA,13256,"Sub-Saharan Africa","Senegal",0.419672279258814,1947.28571428572,97.4390063984359,"Extremely High","Rare bad event - unusually high cases to date",2.84600031157161,"Extremely High",97.4721551179228,"Rare bad event - unusually high cases to date","Senegal"
"SEN",8,12,0.451324568813434,281,0.424639390415223,2228.28571428572,281,2228.28571428571,0.66121453761281,0.0933813924081932,2025,"WHO",2025-12-01,1509,1509,1509,8,1,TRUE,"applied_mean",NA,5,"2025/2026","Observed",12012,12463,13256,18849,NA,13256,"Sub-Saharan Africa","Senegal",0.424639390415223,2228.28571428572,97.4721551179228,"Extremely High","Rare bad event - unusually high cases to date",2.86089321047364,"Extremely High",97.4721551179228,"Rare bad event - unusually high cases to date","Senegal"
"SEN",9,1,0.520541326036736,148.714285714286,0.500868075467418,2377,148.714285714286,2377,0.783446099807684,0.122231562194874,2026,"WHO",2026-01-01,455,455,455,7,1,TRUE,"applied_mean",NA,5,"2025/2026","Observed",12467,455,13256,24448,NA,13256,"Sub-Saharan Africa","Senegal",0.500868075467418,2377,97.8039255750917,"Extremely High","Rare bad event - unusually high cases to date",3.00384769655159,"Normal",55.3414501313101,"Average - typical case load at this point","Senegal"
"SEN",10,2,0.545447477113455,123.142857142857,0.536975010937936,2500.14285714286,123.142857142857,2500.14285714286,0.888181240073686,0.104735140266002,2026,"WHO",2026-02-01,312,312,312,6,1,TRUE,"applied_mean",NA,5,"2025/2026","Observed",12779,767,13256,24448,NA,13256,"Sub-Saharan Africa","Senegal",0.536975010937936,2500.14285714286,97.8505436318794,"Extremely High","Rare bad event - unusually high cases to date",3.0123845380929,"Normal",55.3414501313101,"Average - typical case load at this point","Senegal"
"SEN",11,3,0.610369940626789,84.2857142857143,0.558542311985579,2584.42857142857,84.2857142857143,2584.42857142857,0.963300791090206,0.0751195510165196,2026,"WHO",2026-03-01,230,230,230,5,1,TRUE,"applied_mean",NA,5,"2025/2026","Observed",13009,997,13256,24448,NA,13256,"Sub-Saharan Africa","Senegal",0.558542311985579,2584.42857142857,97.8723807360952,"Extremely High","Rare bad event - unusually high cases to date",3.01421891343982,"Normal",55.3414501313101,"Average - typical case load at this point","Senegal"
"SEN",12,4,0.267064161672603,68.1428571428572,0.563763003958183,2652.57142857143,68.1428571428571,2652.57142857143,1,0.0366992089097942,2026,"WHO",2026-04-01,247,247,247,4,1,TRUE,"applied_mean",NA,5,"2025/2026","Observed",13256,1244,13256,24448,NA,13256,"Sub-Saharan Africa","Senegal",0.563763003958183,2652.57142857143,97.8532482181822,"Extremely High","Rare bad event - unusually high cases to date",3.00110622478663,"Normal",55.3414501313101,"Average - typical case load at this point","Senegal"
"SEN",1,5,0.42676290398479,39.5714285714286,0.42676290398479,39.5714285714286,39.5714285714286,39.5714285714286,0.0137383919498992,0.0137383919498992,2026,"WHO",2026-05-01,116,116,116,3,1,TRUE,"applied_mean",NA,5,"2026/2027","Observed",116,1360,7571,24448,NA,9684,"Sub-Saharan Africa","Senegal",0.42676290398479,39.5714285714286,90.7680385045713,"High","Above average - more cases than typical at this point",1.25498354294686,"Normal",55.3414501313101,"Average - typical case load at this point","Senegal"
"SEN",2,6,0.356013553582183,49.8571428571428,0.433056834417801,89.4285714285714,49.8571428571429,89.4285714285714,0.0321930134177581,0.0184546214678589,2026,"WHO",2026-06-01,162,156,162,2,1.0412477666715,TRUE,"applied_mean",NA,5,"2026/2027","Observed",278,1522,7571,24448,NA,9684,"Sub-Saharan Africa","Senegal",0.433056834417801,89.4285714285714,91.6773966010442,"High","Above average - more cases than typical at this point",1.3842771535834,"Normal",55.3414501313101,"Average - typical case load at this point","Senegal"
"SEN",3,7,0.50713812187765,86.5714285714287,0.473800969367625,176,86.5714285714286,176,0.0737061263529963,0.0415131129352383,2026,"WHO",2026-07-01,280,280,NA,1,NA,FALSE,"insufficient_n_rf",NA,5,"2026/2027","Observed",558,1802,7571,24448,NA,9684,"Sub-Saharan Africa","Senegal",0.473800969367625,176,92.2890525296392,"High","Above average - more cases than typical at this point",1.49198645894813,"Normal",55.3414501313101,"Average - typical case load at this point","Senegal"
"SEN",4,8,0.5481311497472,92.8571428571429,0.502460111310497,268.857142857143,92.8571428571429,268.857142857143,0.117208053375964,0.0435019270229676,2026,"Estimates",2026-08-01,577,NA,NA,NA,NA,NA,NA,NA,5,"2026/2027","Unobserved",1135,2379,7571,24448,576.661544616458,9684,"Sub-Saharan Africa","Senegal",0.502460111310497,268.857142857143,96.0251291409183,"Extremely High","Rare bad event - unusually high cases to date",2.28146232889622,"Normal",55.3414501313101,"Average - typical case load at this point","Senegal"
"SEN",5,9,0.433503534046085,174.571428571428,0.477500708038208,443.428571428572,174.571428571429,443.428571428571,0.174267801569142,0.0570597481931786,2026,NA,2026-09-01,NA,NA,NA,NA,NA,NA,NA,NA,5,"2026/2027","Unobserved",1135,2379,7571,24448,NA,9684,"Sub-Saharan Africa","Senegal",0.477500708038208,443.428571428572,88.8960243792927,"High","Above average - more cases than typical at this point",1.0771264074235,"Normal",55.3414501313101,"Average - typical case load at this point","Senegal"
"SEN",6,10,0.391728177124597,636.714285714286,0.439268212335525,1080.14285714286,636.714285714286,1080.14285714286,0.339942671698465,0.165674870129322,2026,NA,2026-10-01,NA,NA,NA,NA,NA,NA,NA,NA,5,"2026/2027","Unobserved",1135,2379,7571,24448,NA,9684,"Sub-Saharan Africa","Senegal",0.439268212335525,1080.14285714286,70.4570625586446,"Normal","Average - typical case load at this point",0.0336533718324737,"Normal",55.3414501313101,"Average - typical case load at this point","Senegal"
"SEN",7,11,0.38812336428334,867.142857142859,0.419672279258814,1947.28571428572,867.142857142857,1947.28571428571,0.567833145204617,0.227890473506152,2026,NA,2026-11-01,NA,NA,NA,NA,NA,NA,NA,NA,5,"2026/2027","Unobserved",1135,2379,7571,24448,NA,9684,"Sub-Saharan Africa","Senegal",0.419672279258814,1947.28571428572,58.2797881629036,"Normal","Average - typical case load at this point",-0.270201331968546,"Normal",55.3414501313101,"Average - typical case load at this point","Senegal"
"SEN",8,12,0.451324568813434,281,0.424639390415223,2228.28571428572,281,2228.28571428571,0.66121453761281,0.0933813924081932,2026,NA,2026-12-01,NA,NA,NA,NA,NA,NA,NA,NA,5,"2026/2027","Unobserved",1135,2379,7571,24448,NA,9684,"Sub-Saharan Africa","Senegal",0.424639390415223,2228.28571428572,55.3414501313101,"Normal","Average - typical case load at this point",-0.319691845629104,"Normal",55.3414501313101,"Average - typical case load at this point","Senegal"
"SGP",12,1,1.9464080873496,1001.375,1.89362656998737,12649.75,1001.375,12649.75,1,0.102619872441714,2025,"WHO",2025-01-01,486,486,NA,19,NA,FALSE,"no_lookup_match",NA,2,"2024/2025","Observed",486,486,486,4498,NA,486,"East & Southeast Asia","Singapore",1.89362656998737,12649.75,0.369058908005511,"Extremely Low","Rare good event - unusually low cases to date",-1.32312296851601,"Low",15.0829947287792,"Below average - fewer cases than typical at this point","Singapore"
"SGP",1,2,1.92586102319404,805.062499999999,1.92586102319404,805.062499999999,805.0625,805.0625,0.0743645391296388,0.0743645391296388,2025,"WHO",2025-02-01,380,380,NA,18,NA,FALSE,"no_lookup_match",NA,2,"2025/2026","Observed",380,866,3699,4498,NA,3699,"East & Southeast Asia","Singapore",1.92586102319404,805.062499999999,25.165879910872,"Normal","Average - typical case load at this point",-0.731841157362946,"Low",15.0829947287792,"Below average - fewer cases than typical at this point","Singapore"
"SGP",2,3,1.69541219086068,797.625,1.86348155408988,1602.6875,797.625,1602.6875,0.140359349825143,0.065994810695504,2025,"WHO",2025-03-01,356,356,NA,17,NA,FALSE,"no_lookup_match",NA,2,"2025/2026","Observed",736,1222,3699,4498,NA,3699,"East & Southeast Asia","Singapore",1.86348155408988,1602.6875,24.808021980095,"Low","Below average - fewer cases than typical at this point",-0.737774935605081,"Low",15.0829947287792,"Below average - fewer cases than typical at this point","Singapore"
"SGP",3,4,1.62778096108952,887.9375,1.85797170687362,2490.625,887.9375,2490.625,0.211037069812616,0.0706777199874728,2025,"WHO",2025-04-01,380,380,NA,16,NA,FALSE,"no_lookup_match",NA,2,"2025/2026","Observed",1116,1602,3699,4498,NA,3699,"East & Southeast Asia","Singapore",1.85797170687362,2490.625,24.0359812460135,"Low","Below average - fewer cases than typical at this point",-0.752027140881073,"Low",15.0829947287792,"Below average - fewer cases than typical at this point","Singapore"
"SGP",4,5,1.14739480196335,1338.8125,1.60933478989647,3829.4375,1338.8125,3829.4375,0.303778771673857,0.0927417018612419,2025,"WHO",2025-05-01,532,532,NA,15,NA,FALSE,"no_lookup_match",NA,2,"2025/2026","Observed",1648,2134,3699,4498,NA,3699,"East & Southeast Asia","Singapore",1.60933478989647,3829.4375,25.5119936763493,"Normal","Average - typical case load at this point",-0.722503160051112,"Low",15.0829947287792,"Below average - fewer cases than typical at this point","Singapore"
"SGP",5,6,1.16491361235597,1676.5,1.51033357227798,5505.93749999999,1676.5,5505.9375,0.417609352609051,0.113830580935193,2025,"WHO",2025-06-01,449,449,NA,14,NA,FALSE,"no_lookup_match",NA,2,"2025/2026","Observed",2097,2583,3699,4498,NA,3699,"East & Southeast Asia","Singapore",1.51033357227798,5505.93749999999,23.1948671577773,"Low","Below average - fewer cases than typical at this point",-0.760789731510916,"Low",15.0829947287792,"Below average - fewer cases than typical at this point","Singapore"
"SGP",6,7,1.23606548689859,1650.75,1.49183702419237,7156.68749999999,1650.75,7156.6875,0.535290198069568,0.117680845460518,2025,"WHO",2025-07-01,465,465,NA,13,NA,FALSE,"no_lookup_match",NA,2,"2025/2026","Observed",2562,3048,3699,4498,NA,3699,"East & Southeast Asia","Singapore",1.49183702419237,7156.68749999999,21.7828959845701,"Low","Below average - fewer cases than typical at this point",-0.784078156616961,"Low",15.0829947287792,"Below average - fewer cases than typical at this point","Singapore"
"SGP",7,8,1.19138433696591,1320.375,1.46392721820009,8477.0625,1320.375,8477.0625,0.625982668417061,0.0906924703474931,2025,"WHO",2025-08-01,233,233,233,12,1,TRUE,"applied_mean",NA,2,"2025/2026","Observed",2795,3281,3699,4498,NA,3699,"East & Southeast Asia","Singapore",1.46392721820009,8477.0625,20.1065407547975,"Low","Below average - fewer cases than typical at this point",-0.810929066924184,"Low",15.0829947287792,"Below average - fewer cases than typical at this point","Singapore"
"SGP",8,9,1.80267189670415,988.125,1.52669337636728,9465.1875,988.125,9465.1875,0.705691538925494,0.0797088705084324,2025,"WHO",2025-09-01,176,176,176,11,1.00014467592593,TRUE,"applied_mean",NA,2,"2025/2026","Observed",2971,3457,3699,4498,NA,3699,"East & Southeast Asia","Singapore",1.52669337636728,9465.1875,18.1242777078824,"Low","Below average - fewer cases than typical at this point",-0.847688888595984,"Low",15.0829947287792,"Below average - fewer cases than typical at this point","Singapore"
"SGP",9,10,2.30606870819339,831.6875,1.59737998594162,10296.875,831.6875,10296.875,0.777555571640696,0.071864032715202,2025,"WHO",2025-10-01,224,224,224,10,1.00052985309355,TRUE,"applied_mean",NA,2,"2025/2026","Observed",3195,3681,3699,4498,NA,3699,"East & Southeast Asia","Singapore",1.59737998594162,10296.875,16.9854713286082,"Low","Below average - fewer cases than typical at this point",-0.87164173962395,"Low",15.0829947287792,"Below average - fewer cases than typical at this point","Singapore"
"SGP",10,11,1.9129931185318,683.999999999999,1.64805605789242,10980.875,684,10980.875,0.834990684595172,0.0574351129544767,2025,"WHO",2025-11-01,160,160,160,9,1.000949599069,TRUE,"applied_mean",NA,2,"2025/2026","Observed",3355,3841,3699,4498,NA,3699,"East & Southeast Asia","Singapore",1.64805605789242,10980.875,16.0504964182768,"Low","Below average - fewer cases than typical at this point",-0.891468775996072,"Low",15.0829947287792,"Below average - fewer cases than typical at this point","Singapore"
"SGP",11,12,2.35225519411003,667.5,1.73063077025101,11648.375,667.5,11648.375,0.897380127558286,0.0623894429631139,2025,"WHO",2025-12-01,195,195,195,8,1.00123475644469,TRUE,"applied_mean",NA,2,"2025/2026","Observed",3550,4036,3699,4498,NA,3699,"East & Southeast Asia","Singapore",1.73063077025101,11648.375,15.0829947287792,"Low","Below average - fewer cases than typical at this point",-0.914539547348172,"Low",15.0829947287792,"Below average - fewer cases than typical at this point","Singapore"
"SGP",12,1,1.9464080873496,1001.375,1.89362656998737,12649.75,1001.375,12649.75,1,0.102619872441714,2026,"WHO",2026-01-01,149,149,149,7,1.0015395502684,TRUE,"applied_mean",NA,2,"2025/2026","Observed",3699,149,3699,3417,NA,3699,"East & Southeast Asia","Singapore",1.89362656998737,12649.75,12.6272258378369,"Low","Below average - fewer cases than typical at this point",-0.973625971468064,"Low",6.50453713613871,"Below average - fewer cases than typical at this point","Singapore"
"SGP",1,2,1.92586102319404,805.062499999999,1.92586102319404,805.062499999999,805.0625,805.0625,0.0743645391296388,0.0743645391296388,2026,"WHO",2026-02-01,134,134,134,6,1.00145318061343,TRUE,"applied_mean",NA,2,"2026/2027","Observed",134,283,3138,3417,NA,3219,"East & Southeast Asia","Singapore",1.92586102319404,805.062499999999,4.93756832086182,"Extremely Low","Rare good event - unusually low cases to date",-1.1553857530666,"Low",6.50453713613871,"Below average - fewer cases than typical at this point","Singapore"
"SGP",2,3,1.69541219086068,797.625,1.86348155408988,1602.6875,797.625,1602.6875,0.140359349825143,0.065994810695504,2026,"WHO",2026-03-01,127,127,127,5,1.00114816157752,TRUE,"applied_mean",NA,2,"2026/2027","Observed",261,410,3138,3417,NA,3219,"East & Southeast Asia","Singapore",1.86348155408988,1602.6875,5.08108593977558,"Low","Below average - fewer cases than typical at this point",-1.14212263233823,"Low",6.50453713613871,"Below average - fewer cases than typical at this point","Singapore"
"SGP",3,4,1.62778096108952,887.9375,1.85797170687362,2490.625,887.9375,2490.625,0.211037069812616,0.0706777199874728,2026,"WHO",2026-04-01,131,131,131,4,1.00089351689751,TRUE,"applied_mean",NA,2,"2026/2027","Observed",392,541,3138,3417,NA,3219,"East & Southeast Asia","Singapore",1.85797170687362,2490.625,4.81856906783771,"Extremely Low","Rare good event - unusually low cases to date",-1.14811163665112,"Low",6.50453713613871,"Below average - fewer cases than typical at this point","Singapore"
"SGP",4,5,1.14739480196335,1338.8125,1.60933478989647,3829.4375,1338.8125,3829.4375,0.303778771673857,0.0927417018612419,2026,"WHO",2026-05-01,198,198,198,3,1.00072411521605,TRUE,"applied_mean",NA,2,"2026/2027","Observed",590,739,3138,3417,NA,3219,"East & Southeast Asia","Singapore",1.60933478989647,3829.4375,6.35018665935392,"Low","Below average - fewer cases than typical at this point",-1.07291812419016,"Low",6.50453713613871,"Below average - fewer cases than typical at this point","Singapore"
"SGP",5,6,1.16491361235597,1676.5,1.51033357227798,5505.93749999999,1676.5,5505.9375,0.417609352609051,0.113830580935193,2026,"WHO",2026-06-01,480,441,480,2,1.08913245538724,TRUE,"applied_mean",NA,2,"2026/2027","Observed",1070,1219,3138,3417,NA,3219,"East & Southeast Asia","Singapore",1.51033357227798,5505.93749999999,9.87032582714314,"Low","Below average - fewer cases than typical at this point",-0.9899904881284,"Low",6.50453713613871,"Below average - fewer cases than typical at this point","Singapore"
"SGP",6,7,1.23606548689859,1650.75,1.49183702419237,7156.68749999999,1650.75,7156.6875,0.535290198069568,0.117680845460518,2026,"WHO",2026-07-01,610,610,NA,1,NA,FALSE,"insufficient_n_rf",NA,2,"2026/2027","Observed",1680,1829,3138,3417,NA,3219,"East & Southeast Asia","Singapore",1.49183702419237,7156.68749999999,12.8883990167101,"Low","Below average - fewer cases than typical at this point",-0.934590445893688,"Low",6.50453713613871,"Below average - fewer cases than typical at this point","Singapore"
"SGP",7,8,1.19138433696591,1320.375,1.46392721820009,8477.0625,1320.375,8477.0625,0.625982668417061,0.0906924703474931,2026,"Estimates",2026-08-01,335,NA,NA,NA,NA,NA,NA,NA,2,"2026/2027","Unobserved",2015,2164,3138,3417,335.471447815377,3219,"East & Southeast Asia","Singapore",1.46392721820009,8477.0625,13.4414984583343,"Low","Below average - fewer cases than typical at this point",-0.922248622490646,"Low",6.50453713613871,"Below average - fewer cases than typical at this point","Singapore"
"SGP",8,9,1.80267189670415,988.125,1.52669337636728,9465.1875,988.125,9465.1875,0.705691538925494,0.0797088705084324,2026,NA,2026-09-01,NA,NA,NA,NA,NA,NA,NA,NA,2,"2026/2027","Unobserved",2015,2164,3138,3417,NA,3219,"East & Southeast Asia","Singapore",1.52669337636728,9465.1875,10.953542674666,"Low","Below average - fewer cases than typical at this point",-0.972475950487523,"Low",6.50453713613871,"Below average - fewer cases than typical at this point","Singapore"
"SGP",9,10,2.30606870819339,831.6875,1.59737998594162,10296.875,831.6875,10296.875,0.777555571640696,0.071864032715202,2026,NA,2026-10-01,NA,NA,NA,NA,NA,NA,NA,NA,2,"2026/2027","Unobserved",2015,2164,3138,3417,NA,3219,"East & Southeast Asia","Singapore",1.59737998594162,10296.875,9.06123507240275,"Low","Below average - fewer cases than typical at this point",-1.01646789507674,"Low",6.50453713613871,"Below average - fewer cases than typical at this point","Singapore"
"SGP",10,11,1.9129931185318,683.999999999999,1.64805605789242,10980.875,684,10980.875,0.834990684595172,0.0574351129544767,2026,NA,2026-11-01,NA,NA,NA,NA,NA,NA,NA,NA,2,"2026/2027","Unobserved",2015,2164,3138,3417,NA,3219,"East & Southeast Asia","Singapore",1.64805605789242,10980.875,7.81283594353587,"Low","Below average - fewer cases than typical at this point",-1.04811547684479,"Low",6.50453713613871,"Below average - fewer cases than typical at this point","Singapore"
"SGP",11,12,2.35225519411003,667.5,1.73063077025101,11648.375,667.5,11648.375,0.897380127558286,0.0623894429631139,2026,NA,2026-12-01,NA,NA,NA,NA,NA,NA,NA,NA,2,"2026/2027","Unobserved",2015,2164,3138,3417,NA,3219,"East & Southeast Asia","Singapore",1.73063077025101,11648.375,6.50453713613871,"Low","Below average - fewer cases than typical at this point",-1.08788521301313,"Low",6.50453713613871,"Below average - fewer cases than typical at this point","Singapore"
"SLB",9,1,0.383913710637547,286.363636363636,0.473965861356256,2790.27272727273,286.363636363636,2790.27272727273,0.80206966135514,0.0974419524368012,2025,"WHO",2025-01-01,47,47,NA,19,NA,FALSE,"no_lookup_match",NA,5,"2024/2025","Observed",47,47,141,412,NA,141,"Pacific Islands","Solomon Islands",0.473965861356256,2790.27272727273,11.4947520053861,"Low","Below average - fewer cases than typical at this point",-0.676797865243909,"Normal",29.1922780916106,"Average - typical case load at this point","Solomon Islands"
"SLB",10,2,0.457321321408802,140,0.494154718365018,2930.27272727275,140,2930.27272727273,0.872638025504551,0.0705683641494108,2025,"WHO",2025-02-01,34,34,NA,18,NA,FALSE,"no_lookup_match",NA,5,"2024/2025","Observed",81,81,141,412,NA,141,"Pacific Islands","Solomon Islands",0.494154718365018,2930.27272727275,13.5249779521608,"Low","Below average - fewer cases than typical at this point",-0.683472169661461,"Normal",29.1922780916106,"Average - typical case load at this point","Solomon Islands"
"SLB",11,3,0.671729281642123,104.181818181818,0.511505007021267,3034.45454545455,104.181818181818,3034.45454545455,0.944682730207431,0.0720447047028806,2025,"WHO",2025-03-01,30,30,NA,17,NA,FALSE,"no_lookup_match",NA,5,"2024/2025","Observed",111,111,141,412,NA,141,"Pacific Islands","Solomon Islands",0.511505007021267,3034.45454545455,14.6940034378777,"Low","Below average - fewer cases than typical at this point",-0.688975936019294,"Normal",29.1922780916106,"Average - typical case load at this point","Solomon Islands"
"SLB",12,4,0.962079994367763,50.9090909090909,0.527643349857499,3085.36363636364,50.9090909090909,3085.36363636364,1,0.0553172697925687,2025,"WHO",2025-04-01,30,30,NA,16,NA,FALSE,"no_lookup_match",NA,5,"2024/2025","Observed",141,141,141,412,NA,141,"Pacific Islands","Solomon Islands",0.527643349857499,3085.36363636364,15.6986969305217,"Low","Below average - fewer cases than typical at this point",-0.693135577365713,"Normal",29.1922780916106,"Average - typical case load at this point","Solomon Islands"
"SLB",1,5,0.399622899087564,60.1818181818182,0.399622899087564,60.1818181818182,60.1818181818182,60.1818181818182,0.0585734938962033,0.0585734938962033,2025,"WHO",2025-05-01,28,28,NA,15,NA,FALSE,"no_lookup_match",NA,5,"2025/2026","Observed",28,169,239,412,NA,239,"Pacific Islands","Solomon Islands",0.399622899087564,60.1818181818182,55.0514875960617,"Normal","Average - typical case load at this point",-0.336925054915469,"Normal",29.1922780916106,"Average - typical case load at this point","Solomon Islands"
"SLB",2,6,0.454929636383847,54.1818181818182,0.39771007481152,114.363636363636,54.1818181818182,114.363636363636,0.110538230828741,0.0519647369325377,2025,"WHO",2025-06-01,13,13,NA,14,NA,FALSE,"no_lookup_match",NA,5,"2025/2026","Observed",41,182,239,412,NA,239,"Pacific Islands","Solomon Islands",0.39771007481152,114.363636363636,50.1837093780902,"Normal","Average - typical case load at this point",-0.403852104585142,"Normal",29.1922780916106,"Average - typical case load at this point","Solomon Islands"
"SLB",3,7,0.403824634566936,62.4545454545455,0.388877420467874,176.818181818182,62.4545454545455,176.818181818182,0.156798549768075,0.0462603189393337,2025,"WHO",2025-07-01,5,5,NA,13,NA,FALSE,"no_lookup_match",NA,5,"2025/2026","Observed",46,187,239,412,NA,239,"Pacific Islands","Solomon Islands",0.388877420467874,176.818181818182,45.1618606201107,"Normal","Average - typical case load at this point",-0.460861578411855,"Normal",29.1922780916106,"Average - typical case load at this point","Solomon Islands"
"SLB",4,8,0.29776159987192,534.636363636362,0.373658068238128,711.454545454545,534.636363636364,711.454545454545,0.286884919695052,0.130086369926977,2025,"WHO",2025-08-01,23,23,23,12,1,TRUE,"applied_mean",NA,5,"2025/2026","Observed",69,210,239,412,NA,239,"Pacific Islands","Solomon Islands",0.373658068238128,711.454545454545,32.3579697351795,"Normal","Average - typical case load at this point",-0.551846653709475,"Normal",29.1922780916106,"Average - typical case load at this point","Solomon Islands"
"SLB",5,9,0.382338681586402,348.181818181818,0.374930555827111,1059.63636363636,348.181818181818,1059.63636363636,0.397905006431344,0.111020086736291,2025,"WHO",2025-09-01,20,20,20,11,1,TRUE,"applied_mean",NA,5,"2025/2026","Observed",89,230,239,412,NA,239,"Pacific Islands","Solomon Islands",0.374930555827111,1059.63636363636,30.5876862738313,"Normal","Average - typical case load at this point",-0.560787471205521,"Normal",29.1922780916106,"Average - typical case load at this point","Solomon Islands"
"SLB",6,10,0.326820634009145,625.090909090909,0.366664219606668,1684.72727272728,625.090909090909,1684.72727272727,0.539114400187244,0.141209393755901,2025,"WHO",2025-10-01,30,30,30,10,1,TRUE,"applied_mean",NA,5,"2025/2026","Observed",119,260,239,412,NA,239,"Pacific Islands","Solomon Islands",0.366664219606668,1684.72727272728,29.3014736743684,"Normal","Average - typical case load at this point",-0.562695602678147,"Normal",29.1922780916106,"Average - typical case load at this point","Solomon Islands"
"SLB",7,11,0.312215021037144,508.636363636363,0.352587161382927,2193.36363636364,508.636363636364,2193.36363636364,0.643272104373933,0.104157704186689,2025,"WHO",2025-11-01,14,14,14,9,1,TRUE,"applied_mean",NA,5,"2025/2026","Observed",133,274,239,412,NA,239,"Pacific Islands","Solomon Islands",0.352587161382927,2193.36363636364,28.8202227560826,"Normal","Average - typical case load at this point",-0.557739727974756,"Normal",29.1922780916106,"Average - typical case load at this point","Solomon Islands"
"SLB",8,12,0.3013397861389,310.545454545455,0.345558201304214,2503.90909090909,310.545454545455,2503.90909090909,0.704627708918339,0.0613556045444054,2025,"WHO",2025-12-01,16,16,16,8,1,TRUE,"applied_mean",NA,5,"2025/2026","Observed",149,290,239,412,NA,239,"Pacific Islands","Solomon Islands",0.345558201304214,2503.90909090909,29.1922780916106,"Normal","Average - typical case load at this point",-0.552823155794551,"Normal",29.1922780916106,"Average - typical case load at this point","Solomon Islands"
"SLB",9,1,0.383913710637547,286.363636363636,0.473965861356256,2790.27272727273,286.363636363636,2790.27272727273,0.80206966135514,0.0974419524368012,2026,"WHO",2026-01-01,20,20,20,7,1,TRUE,"applied_mean",NA,5,"2025/2026","Observed",169,20,239,893,NA,239,"Pacific Islands","Solomon Islands",0.473965861356256,2790.27272727273,20.8322290028067,"Low","Below average - fewer cases than typical at this point",-0.646699020627083,"Low",23.7358866087408,"Below average - fewer cases than typical at this point","Solomon Islands"
"SLB",10,2,0.457321321408802,140,0.494154718365018,2930.27272727275,140,2930.27272727273,0.872638025504551,0.0705683641494108,2026,"WHO",2026-02-01,26,26,26,6,1,TRUE,"applied_mean",NA,5,"2025/2026","Observed",195,46,239,893,NA,239,"Pacific Islands","Solomon Islands",0.494154718365018,2930.27272727275,20.6912548590341,"Low","Below average - fewer cases than typical at this point",-0.656126304663839,"Low",23.7358866087408,"Below average - fewer cases than typical at this point","Solomon Islands"
"SLB",11,3,0.671729281642123,104.181818181818,0.511505007021267,3034.45454545455,104.181818181818,3034.45454545455,0.944682730207431,0.0720447047028806,2026,"WHO",2026-03-01,25,25,25,5,1,TRUE,"applied_mean",NA,5,"2025/2026","Observed",220,71,239,893,NA,239,"Pacific Islands","Solomon Islands",0.511505007021267,3034.45454545455,20.6862572075271,"Low","Below average - fewer cases than typical at this point",-0.663287704559404,"Low",23.7358866087408,"Below average - fewer cases than typical at this point","Solomon Islands"
"SLB",12,4,0.962079994367763,50.9090909090909,0.527643349857499,3085.36363636364,50.9090909090909,3085.36363636364,1,0.0553172697925687,2026,"WHO",2026-04-01,19,19,19,4,1,TRUE,"applied_mean",NA,5,"2025/2026","Observed",239,90,239,893,NA,239,"Pacific Islands","Solomon Islands",0.527643349857499,3085.36363636364,20.5962721189371,"Low","Below average - fewer cases than typical at this point",-0.670065299719664,"Low",23.7358866087408,"Below average - fewer cases than typical at this point","Solomon Islands"
"SLB",1,5,0.399622899087564,60.1818181818182,0.399622899087564,60.1818181818182,60.1818181818182,60.1818181818182,0.0585734938962033,0.0585734938962033,2026,"WHO",2026-05-01,22,22,22,3,1,TRUE,"applied_mean",NA,5,"2026/2027","Observed",22,112,319,893,NA,282,"Pacific Islands","Solomon Islands",0.399622899087564,60.1818181818182,50.6698081523669,"Normal","Average - typical case load at this point",-0.399741590577676,"Low",23.7358866087408,"Below average - fewer cases than typical at this point","Solomon Islands"
"SLB",2,6,0.454929636383847,54.1818181818182,0.39771007481152,114.363636363636,54.1818181818182,114.363636363636,0.110538230828741,0.0519647369325377,2026,"WHO",2026-06-01,16,15,16,2,1.06602254428341,TRUE,"applied_mean",NA,5,"2026/2027","Observed",38,128,319,893,NA,282,"Pacific Islands","Solomon Islands",0.39771007481152,114.363636363636,48.8541581586138,"Normal","Average - typical case load at this point",-0.420366502913902,"Low",23.7358866087408,"Below average - fewer cases than typical at this point","Solomon Islands"
"SLB",3,7,0.403824634566936,62.4545454545455,0.388877420467874,176.818181818182,62.4545454545455,176.818181818182,0.156798549768075,0.0462603189393337,2026,"WHO",2026-07-01,12,12,NA,1,NA,FALSE,"insufficient_n_rf",NA,5,"2026/2027","Observed",50,140,319,893,NA,282,"Pacific Islands","Solomon Islands",0.388877420467874,176.818181818182,46.5176597516396,"Normal","Average - typical case load at this point",-0.446769910969102,"Low",23.7358866087408,"Below average - fewer cases than typical at this point","Solomon Islands"
"SLB",4,8,0.29776159987192,534.636363636362,0.373658068238128,711.454545454545,534.636363636364,711.454545454545,0.286884919695052,0.130086369926977,2026,"Estimates",2026-08-01,31,NA,NA,NA,NA,NA,NA,NA,5,"2026/2027","Unobserved",81,171,319,893,31.0906424125476,282,"Pacific Islands","Solomon Islands",0.373658068238128,711.454545454545,34.2790298071002,"Normal","Average - typical case load at this point",-0.54153906091343,"Low",23.7358866087408,"Below average - fewer cases than typical at this point","Solomon Islands"
"SLB",5,9,0.382338681586402,348.181818181818,0.374930555827111,1059.63636363636,348.181818181818,1059.63636363636,0.397905006431344,0.111020086736291,2026,NA,2026-09-01,NA,NA,NA,NA,NA,NA,NA,NA,5,"2026/2027","Unobserved",81,171,319,893,NA,282,"Pacific Islands","Solomon Islands",0.374930555827111,1059.63636363636,29.5573530179894,"Normal","Average - typical case load at this point",-0.565409490262006,"Low",23.7358866087408,"Below average - fewer cases than typical at this point","Solomon Islands"
"SLB",6,10,0.326820634009145,625.090909090909,0.366664219606668,1684.72727272728,625.090909090909,1684.72727272727,0.539114400187244,0.141209393755901,2026,NA,2026-10-01,NA,NA,NA,NA,NA,NA,NA,NA,5,"2026/2027","Unobserved",81,171,319,893,NA,282,"Pacific Islands","Solomon Islands",0.366664219606668,1684.72727272728,25.5280282089039,"Normal","Average - typical case load at this point",-0.576352152751855,"Low",23.7358866087408,"Below average - fewer cases than typical at this point","Solomon Islands"
"SLB",7,11,0.312215021037144,508.636363636363,0.352587161382927,2193.36363636364,508.636363636364,2193.36363636364,0.643272104373933,0.104157704186689,2026,NA,2026-11-01,NA,NA,NA,NA,NA,NA,NA,NA,5,"2026/2027","Unobserved",81,171,319,893,NA,282,"Pacific Islands","Solomon Islands",0.352587161382927,2193.36363636364,24.2772788724985,"Low","Below average - fewer cases than typical at this point",-0.571816110096251,"Low",23.7358866087408,"Below average - fewer cases than typical at this point","Solomon Islands"
"SLB",8,12,0.3013397861389,310.545454545455,0.345558201304214,2503.90909090909,310.545454545455,2503.90909090909,0.704627708918339,0.0613556045444054,2026,NA,2026-12-01,NA,NA,NA,NA,NA,NA,NA,NA,5,"2026/2027","Unobserved",81,171,319,893,NA,282,"Pacific Islands","Solomon Islands",0.345558201304214,2503.90909090909,23.7358866087408,"Low","Below average - fewer cases than typical at this point",-0.568786393925123,"Low",23.7358866087408,"Below average - fewer cases than typical at this point","Solomon Islands"
"SLV",12,1,1.95702892448805,1036.9375,1.5704851545701,19631.9375,1036.9375,19631.9375,1,0.0651374322588544,2025,"PAHO",2025-01-01,411,411,NA,84,NA,FALSE,"no_lookup_match","current_month_missing",2,"2024/2025","Observed",411,411,411,6239,NA,411,"North & Central America","El Salvador",1.5704851545701,19631.9375,0.330001592363544,"Extremely Low","Rare good event - unusually low cases to date",-1.22690504193516,"Low",16.6460126596933,"Below average - fewer cases than typical at this point","El Salvador"
"SLV",1,2,2.30972545785511,824.812499999999,2.30972545785511,824.812499999999,824.8125,824.8125,0.0574284156592147,0.0574284156592147,2025,"PAHO",2025-02-01,358,358,NA,80,NA,FALSE,"no_lookup_match","current_month_missing",2,"2025/2026","Observed",358,769,6153,6239,NA,6153,"North & Central America","El Salvador",2.30972545785511,824.812499999999,19.015678626401,"Low","Below average - fewer cases than typical at this point",-0.858934792617547,"Low",16.6460126596933,"Below average - fewer cases than typical at this point","El Salvador"
"SLV",2,3,2.30636563305986,987.874999999998,2.44412188373863,1812.6875,987.875,1812.6875,0.120425333291993,0.062996917632778,2025,"PAHO",2025-03-01,492,492,NA,75,NA,FALSE,"no_lookup_match","current_month_missing",2,"2025/2026","Observed",850,1261,6153,6239,NA,6153,"North & Central America","El Salvador",2.44412188373863,1812.6875,20.4858736145599,"Low","Below average - fewer cases than typical at this point",-0.829719374296905,"Low",16.6460126596933,"Below average - fewer cases than typical at this point","El Salvador"
"SLV",3,4,2.63438702261917,915.187499999999,2.62627164932741,2727.875,915.1875,2727.875,0.180886441028782,0.0604611077367897,2025,"PAHO",2025-04-01,379,379,NA,71,NA,FALSE,"no_lookup_match","current_month_missing",2,"2025/2026","Observed",1229,1640,6153,6239,NA,6153,"North & Central America","El Salvador",2.62627164932741,2727.875,17.8342100631242,"Low","Below average - fewer cases than typical at this point",-0.890024197818041,"Low",16.6460126596933,"Below average - fewer cases than typical at this point","El Salvador"
"SLV",4,5,2.07399146753647,1327.125,2.53309673743142,4055,1327.125,4055,0.261577887168614,0.0806914461398314,2025,"PAHO",2025-05-01,391,391,NA,67,NA,FALSE,"no_lookup_match","current_month_missing",2,"2025/2026","Observed",1620,2031,6153,6239,NA,6153,"North & Central America","El Salvador",2.53309673743142,4055,14.8453470282555,"Low","Below average - fewer cases than typical at this point",-0.955428932527754,"Low",16.6460126596933,"Below average - fewer cases than typical at this point","El Salvador"
"SLV",5,6,1.50966112738915,1926.25,2.22555058897736,5981.25000000001,1926.25,5981.25,0.360160125264429,0.098582238095815,2025,"PAHO",2025-06-01,616,616,NA,62,NA,FALSE,"no_lookup_match","current_month_missing",2,"2025/2026","Observed",2236,2647,6153,6239,NA,6153,"North & Central America","El Salvador",2.22555058897736,5981.25000000001,15.3300718783178,"Low","Below average - fewer cases than typical at this point",-0.933956846442286,"Low",16.6460126596933,"Below average - fewer cases than typical at this point","El Salvador"
"SLV",6,7,1.28617211920646,2429.6875,1.97973632185146,8410.93750000001,2429.6875,8410.9375,0.476528847932227,0.116368722667798,2025,"PAHO",2025-07-01,732,732,NA,58,NA,FALSE,"no_lookup_match","current_month_missing",2,"2025/2026","Observed",2968,3379,6153,6239,NA,6153,"North & Central America","El Salvador",1.97973632185146,8410.93750000001,15.975602947576,"Low","Below average - fewer cases than typical at this point",-0.910419417509009,"Low",16.6460126596933,"Below average - fewer cases than typical at this point","El Salvador"
"SLV",7,8,0.889629682169646,3139.125,1.62829343847218,11550.0625,3139.125,11550.0625,0.602983787600194,0.126454939667967,2025,"PAHO",2025-08-01,690,690,NA,54,NA,FALSE,"no_lookup_match","current_month_missing",2,"2025/2026","Observed",3658,4069,6153,6239,NA,6153,"North & Central America","El Salvador",1.62829343847218,11550.0625,17.0760406970718,"Low","Below average - fewer cases than typical at this point",-0.871850272067187,"Low",16.6460126596933,"Below average - fewer cases than typical at this point","El Salvador"
"SLV",8,9,1.01490927710245,2628.5625,1.52760828991535,14178.625,2628.5625,14178.625,0.71849866714481,0.115514879544616,2025,"PAHO",2025-09-01,811,811,NA,49,1,TRUE,"applied_mean","previous_month_missing",2,"2025/2026","Observed",4469,4880,6153,6239,NA,6153,"North & Central America","El Salvador",1.52760828991535,14178.625,18.2043506485801,"Low","Below average - fewer cases than typical at this point",-0.846351853869665,"Low",16.6460126596933,"Below average - fewer cases than typical at this point","El Salvador"
"SLV",9,10,1.31003345484024,2078.5,1.51427154588084,16257.125,2078.5,16257.125,0.818874345389383,0.100375678244573,2025,"PAHO",2025-10-01,458,458,458,45,1,TRUE,"applied_mean","not_missing",2,"2025/2026","Observed",4927,5338,6153,6239,NA,6153,"North & Central America","El Salvador",1.51427154588084,16257.125,17.4985789811976,"Low","Below average - fewer cases than typical at this point",-0.857575987076819,"Low",16.6460126596933,"Below average - fewer cases than typical at this point","El Salvador"
"SLV",10,11,1.13972999025959,1524.25,1.50003950806896,17781.375,1524.25,17781.375,0.890954774721057,0.0720804293316743,2025,"PAHO",2025-11-01,298,298,298,41,1,TRUE,"applied_mean","not_missing",2,"2025/2026","Observed",5225,5636,6153,6239,NA,6153,"North & Central America","El Salvador",1.50003950806896,17781.375,17.0156643793201,"Low","Below average - fewer cases than typical at this point",-0.864832431603627,"Low",16.6460126596933,"Below average - fewer cases than typical at this point","El Salvador"
"SLV",11,12,1.35228606808514,813.625,1.51605458908745,18595,813.625,18595,0.934862567741146,0.0439077930200885,2025,"PAHO",2025-12-01,197,197,197,37,1,TRUE,"applied_mean","not_missing",2,"2025/2026","Observed",5422,5833,6153,6239,NA,6153,"North & Central America","El Salvador",1.51605458908745,18595,16.6460126596933,"Low","Below average - fewer cases than typical at this point",-0.872224387571232,"Low",16.6460126596933,"Below average - fewer cases than typical at this point","El Salvador"
"SLV",12,1,1.95702892448805,1036.9375,1.5704851545701,19631.9375,1036.9375,19631.9375,1,0.0651374322588544,2026,"PAHO",2026-01-01,731,731,731,32,1,TRUE,"applied_mean","not_missing",2,"2025/2026","Observed",6153,731,6153,6377,NA,6153,"North & Central America","El Salvador",1.5704851545701,19631.9375,17.5346399313833,"Low","Below average - fewer cases than typical at this point",-0.860383442726397,"Low",7.9105167772404,"Below average - fewer cases than typical at this point","El Salvador"
"SLV",1,2,2.30972545785511,824.812499999999,2.30972545785511,824.812499999999,824.8125,824.8125,0.0574284156592147,0.0574284156592147,2026,"PAHO",2026-02-01,371,371,371,28,1,TRUE,"applied_mean","not_missing",2,"2026/2027","Observed",371,1102,4843,6377,NA,5118,"North & Central America","El Salvador",2.30972545785511,824.812499999999,20.1632142949774,"Low","Below average - fewer cases than typical at this point",-0.835014798392825,"Low",7.9105167772404,"Below average - fewer cases than typical at this point","El Salvador"
"SLV",2,3,2.30636563305986,987.874999999998,2.44412188373863,1812.6875,987.875,1812.6875,0.120425333291993,0.062996917632778,2026,"PAHO",2026-03-01,463,463,463,23,1,TRUE,"applied_mean","not_missing",2,"2026/2027","Observed",834,1565,4843,6377,NA,5118,"North & Central America","El Salvador",2.44412188373863,1812.6875,19.8351053927619,"Low","Below average - fewer cases than typical at this point",-0.843509425573929,"Low",7.9105167772404,"Below average - fewer cases than typical at this point","El Salvador"
"SLV",3,4,2.63438702261917,915.187499999999,2.62627164932741,2727.875,915.1875,2727.875,0.180886441028782,0.0604611077367897,2026,"PAHO",2026-04-01,358,358,358,19,1,TRUE,"applied_mean","not_missing",2,"2026/2027","Observed",1192,1923,4843,6377,NA,5118,"North & Central America","El Salvador",2.62627164932741,2727.875,16.8574047284578,"Low","Below average - fewer cases than typical at this point",-0.9119946058369,"Low",7.9105167772404,"Below average - fewer cases than typical at this point","El Salvador"
"SLV",4,5,2.07399146753647,1327.125,2.53309673743142,4055,1327.125,4055,0.261577887168614,0.0806914461398314,2026,"PAHO",2026-05-01,219,219,219,15,1,TRUE,"applied_mean","not_missing",2,"2026/2027","Observed",1411,2142,4843,6377,NA,5118,"North & Central America","El Salvador",2.53309673743142,4055,11.4254893811368,"Low","Below average - fewer cases than typical at this point",-1.03743494768106,"Low",7.9105167772404,"Below average - fewer cases than typical at this point","El Salvador"
"SLV",5,6,1.50966112738915,1926.25,2.22555058897736,5981.25000000001,1926.25,5981.25,0.360160125264429,0.098582238095815,2026,"PAHO",2026-06-01,439,439,439,10,1,TRUE,"applied_mean","not_missing",2,"2026/2027","Observed",1850,2581,4843,6377,NA,5118,"North & Central America","El Salvador",2.22555058897736,5981.25000000001,11.0415068868033,"Low","Below average - fewer cases than typical at this point",-1.03021406364453,"Low",7.9105167772404,"Below average - fewer cases than typical at this point","El Salvador"
"SLV",6,7,1.28617211920646,2429.6875,1.97973632185146,8410.93750000001,2429.6875,8410.9375,0.476528847932227,0.116368722667798,2026,"PAHO",2026-07-01,458,458,458,7,1,TRUE,"applied_mean","not_missing",2,"2026/2027","Observed",2308,3039,4843,6377,NA,5118,"North & Central America","El Salvador",1.97973632185146,8410.93750000001,10.7082610263859,"Low","Below average - fewer cases than typical at this point",-1.02081510284546,"Low",7.9105167772404,"Below average - fewer cases than typical at this point","El Salvador"
"SLV",7,8,0.889629682169646,3139.125,1.62829343847218,11550.0625,3139.125,11550.0625,0.602983787600194,0.126454939667967,2026,"Estimates",2026-08-01,778,NA,NA,NA,NA,NA,NA,NA,2,"2026/2027","Unobserved",3086,3817,4843,6377,778.077243777,5118,"North & Central America","El Salvador",1.62829343847218,11550.0625,13.5761697442036,"Low","Below average - fewer cases than typical at this point",-0.93504013601244,"Low",7.9105167772404,"Below average - fewer cases than typical at this point","El Salvador"
"SLV",8,9,1.01490927710245,2628.5625,1.52760828991535,14178.625,2628.5625,14178.625,0.71849866714481,0.115514879544616,2026,NA,2026-09-01,NA,NA,NA,NA,NA,NA,NA,NA,2,"2026/2027","Unobserved",3086,3817,4843,6377,NA,5118,"North & Central America","El Salvador",1.52760828991535,14178.625,11.2691064790897,"Low","Below average - fewer cases than typical at this point",-0.966902813757585,"Low",7.9105167772404,"Below average - fewer cases than typical at this point","El Salvador"
"SLV",9,10,1.31003345484024,2078.5,1.51427154588084,16257.125,2078.5,16257.125,0.818874345389383,0.100375678244573,2026,NA,2026-10-01,NA,NA,NA,NA,NA,NA,NA,NA,2,"2026/2027","Unobserved",3086,3817,4843,6377,NA,5118,"North & Central America","El Salvador",1.51427154588084,16257.125,9.51370143852739,"Low","Below average - fewer cases than typical at this point",-0.996921086288736,"Low",7.9105167772404,"Below average - fewer cases than typical at this point","El Salvador"
"SLV",10,11,1.13972999025959,1524.25,1.50003950806896,17781.375,1524.25,17781.375,0.890954774721057,0.0720804293316743,2026,NA,2026-11-01,NA,NA,NA,NA,NA,NA,NA,NA,2,"2026/2027","Unobserved",3086,3817,4843,6377,NA,5118,"North & Central America","El Salvador",1.50003950806896,17781.375,8.57076387099821,"Low","Below average - fewer cases than typical at this point",-1.01215811845195,"Low",7.9105167772404,"Below average - fewer cases than typical at this point","El Salvador"
"SLV",11,12,1.35228606808514,813.625,1.51605458908745,18595,813.625,18595,0.934862567741146,0.0439077930200885,2026,NA,2026-12-01,NA,NA,NA,NA,NA,NA,NA,NA,2,"2026/2027","Unobserved",3086,3817,4843,6377,NA,5118,"North & Central America","El Salvador",1.51605458908745,18595,7.9105167772404,"Low","Below average - fewer cases than typical at this point",-1.02689805107737,"Low",7.9105167772404,"Below average - fewer cases than typical at this point","El Salvador"
"SUR",10,1,0.981447610500975,51.1818181818182,1.19655896675614,243.727272727273,51.1818181818182,243.727272727273,0.681017267114624,0.20606169255609,2025,"PAHO",2025-01-01,75,75,NA,84,NA,FALSE,"no_lookup_match","current_month_missing",4,"2024/2025","Observed",75,75,526,2764,NA,526,"South America","Suriname",1.19655896675614,243.727272727273,22.9071754514442,"Low","Below average - fewer cases than typical at this point",-0.755413518668274,"Extremely High",95.5702642030427,"Rare bad event - unusually high cases to date","Suriname"
"SUR",11,2,0.693658272557179,74.1818181818182,1.39427952245717,317.909090909091,74.1818181818182,317.909090909091,0.887238270318264,0.20622100320364,2025,"PAHO",2025-02-01,162,162,NA,80,NA,FALSE,"no_lookup_match","current_month_missing",4,"2024/2025","Observed",237,237,526,2764,NA,526,"South America","Suriname",1.39427952245717,317.909090909091,48.5490017601966,"Normal","Average - typical case load at this point",-0.299860334429006,"Extremely High",95.5702642030427,"Rare bad event - unusually high cases to date","Suriname"
"SUR",12,3,0.457863520264418,48.6363636363636,1.36714345895353,366.545454545454,48.6363636363636,366.545454545455,1,0.112761729681736,2025,"PAHO",2025-03-01,289,289,NA,75,NA,FALSE,"no_lookup_match","current_month_missing",4,"2024/2025","Observed",526,526,526,2764,NA,526,"South America","Suriname",1.36714345895353,366.545454545454,76.7231416240711,"High","Above average - more cases than typical at this point",0.507700626867823,"Extremely High",95.5702642030427,"Rare bad event - unusually high cases to date","Suriname"
"SUR",1,4,0.333372422562774,25.5454545454546,0.333372422562774,25.5454545454546,25.5454545454545,25.5454545454545,0.0652557465845809,0.0652557465845809,2025,"PAHO",2025-04-01,98,98,NA,71,NA,FALSE,"no_lookup_match","current_month_missing",4,"2025/2026","Observed",98,624,1114,2764,NA,1114,"South America","Suriname",0.333372422562774,25.5454545454546,93.5153051245409,"High","Above average - more cases than typical at this point",1.62705172992451,"Extremely High",95.5702642030427,"Rare bad event - unusually high cases to date","Suriname"
"SUR",2,5,0.359600439639485,29.1818181818182,0.35157986883542,54.7272727272727,29.1818181818182,54.7272727272727,0.119881525072193,0.0546257784876122,2025,"PAHO",2025-05-01,204,204,NA,67,NA,FALSE,"no_lookup_match","current_month_missing",4,"2025/2026","Observed",302,828,1114,2764,NA,1114,"South America","Suriname",0.35157986883542,54.7272727272727,97.0422609454886,"Extremely High","Rare bad event - unusually high cases to date",2.67050793959556,"Extremely High",95.5702642030427,"Rare bad event - unusually high cases to date","Suriname"
"SUR",3,6,0.392063355436553,18.5454545454545,0.363263617831655,73.2727272727272,18.5454545454545,73.2727272727273,0.163708336151583,0.0438268110793894,2025,"PAHO",2025-06-01,119,119,NA,62,NA,FALSE,"no_lookup_match","current_month_missing",4,"2025/2026","Observed",421,947,1114,2764,NA,1114,"South America","Suriname",0.363263617831655,73.2727272727272,97.420547520646,"Extremely High","Rare bad event - unusually high cases to date",2.85320817889795,"Extremely High",95.5702642030427,"Rare bad event - unusually high cases to date","Suriname"
"SUR",4,7,0.335929046954333,25.3636363636364,0.35404309436265,98.6363636363636,25.3636363636364,98.6363636363636,0.222703280468792,0.0589949443172098,2025,"PAHO",2025-07-01,115,115,NA,58,NA,FALSE,"no_lookup_match","current_month_missing",4,"2025/2026","Observed",536,1062,1114,2764,NA,1114,"South America","Suriname",0.35404309436265,98.6363636363636,96.9556363714219,"Extremely High","Rare bad event - unusually high cases to date",2.63363542232342,"Extremely High",95.5702642030427,"Rare bad event - unusually high cases to date","Suriname"
"SUR",5,8,0.350917433181316,26.7272727272727,0.34883981681981,125.363636363636,26.7272727272727,125.363636363636,0.279412391384071,0.0567091109152784,2025,"PAHO",2025-08-01,133,133,NA,54,NA,FALSE,"no_lookup_match","current_month_missing",4,"2025/2026","Observed",669,1195,1114,2764,NA,1114,"South America","Suriname",0.34883981681981,125.363636363636,96.7755675702425,"Extremely High","Rare bad event - unusually high cases to date",2.55768197461957,"Extremely High",95.5702642030427,"Rare bad event - unusually high cases to date","Suriname"
"SUR",6,9,0.407704316249238,17.6363636363636,0.349008662975459,143,17.6363636363636,143,0.319733108226054,0.0403207168419831,2025,"PAHO",2025-09-01,67,67,NA,49,1,TRUE,"applied_mean","previous_month_missing",4,"2025/2026","Observed",736,1262,1114,2764,NA,1114,"South America","Suriname",0.349008662975459,143,96.4967087507197,"Extremely High","Rare bad event - unusually high cases to date",2.44685047720909,"Extremely High",95.5702642030427,"Rare bad event - unusually high cases to date","Suriname"
"SUR",7,10,0.574640543800045,21.8181818181818,0.463881349359558,164.818181818182,21.8181818181818,164.818181818182,0.396863295812895,0.0771301875868411,2025,"PAHO",2025-10-01,19,19,19,45,1,TRUE,"applied_mean","not_missing",4,"2025/2026","Observed",755,1281,1114,2764,NA,1114,"South America","Suriname",0.463881349359558,164.818181818182,96.4890940261099,"Extremely High","Rare bad event - unusually high cases to date",2.43541995250421,"Extremely High",95.5702642030427,"Rare bad event - unusually high cases to date","Suriname"
"SUR",8,11,0.646204140243466,11.2727272727273,0.474398184697182,176.090909090909,11.2727272727273,176.090909090909,0.428178125245911,0.0313148294330163,2025,"PAHO",2025-11-01,20,20,20,41,1,TRUE,"applied_mean","not_missing",4,"2025/2026","Observed",775,1301,1114,2764,NA,1114,"South America","Suriname",0.474398184697182,176.090909090909,96.2064542454592,"Extremely High","Rare bad event - unusually high cases to date",2.33943648938341,"Extremely High",95.5702642030427,"Rare bad event - unusually high cases to date","Suriname"
"SUR",9,12,0.422454608425042,16.4545454545454,0.486815474185354,192.545454545455,16.4545454545455,192.545454545455,0.474955574558533,0.0467774493126222,2025,"PAHO",2025-12-01,12,12,12,39,1,TRUE,"applied_mean","not_missing",4,"2025/2026","Observed",787,1313,1114,2764,NA,1114,"South America","Suriname",0.486815474185354,192.545454545455,95.5702642030427,"Extremely High","Rare bad event - unusually high cases to date",2.15139049321806,"Extremely High",95.5702642030427,"Rare bad event - unusually high cases to date","Suriname"
"SUR",10,1,0.981447610500975,51.1818181818182,1.19655896675614,243.727272727273,51.1818181818182,243.727272727273,0.681017267114624,0.20606169255609,2026,"PAHO",2026-01-01,109,109,109,32,1,TRUE,"applied_mean","not_missing",4,"2025/2026","Observed",896,109,1114,3487,NA,1114,"South America","Suriname",1.19655896675614,243.727272727273,98.1317635657761,"Extremely High","Rare bad event - unusually high cases to date",2.92030818773969,"High",76.3990704314464,"Above average - more cases than typical at this point","Suriname"
"SUR",11,2,0.693658272557179,74.1818181818182,1.39427952245717,317.909090909091,74.1818181818182,317.909090909091,0.887238270318264,0.20622100320364,2026,"PAHO",2026-02-01,133,133,133,28,1,TRUE,"applied_mean","not_missing",4,"2025/2026","Observed",1029,242,1114,3487,NA,1114,"South America","Suriname",1.39427952245717,317.909090909091,97.5760839427045,"Extremely High","Rare bad event - unusually high cases to date",2.63540172573448,"High",76.3990704314464,"Above average - more cases than typical at this point","Suriname"
"SUR",12,3,0.457863520264418,48.6363636363636,1.36714345895353,366.545454545454,48.6363636363636,366.545454545455,1,0.112761729681736,2026,"PAHO",2026-03-01,85,85,85,23,1,TRUE,"applied_mean","not_missing",4,"2025/2026","Observed",1114,327,1114,3487,NA,1114,"South America","Suriname",1.36714345895353,366.545454545454,96.7825059404904,"Extremely High","Rare bad event - unusually high cases to date",2.37988287007254,"High",76.3990704314464,"Above average - more cases than typical at this point","Suriname"
"SUR",1,4,0.333372422562774,25.5454545454546,0.333372422562774,25.5454545454546,25.5454545454545,25.5454545454545,0.0652557465845809,0.0652557465845809,2026,"PAHO",2026-04-01,89,89,89,19,1,TRUE,"applied_mean","not_missing",4,"2026/2027","Observed",89,416,759,3487,NA,963,"South America","Suriname",0.333372422562774,25.5454545454546,92.3886780818835,"High","Above average - more cases than typical at this point",1.42494618254367,"High",76.3990704314464,"Above average - more cases than typical at this point","Suriname"
"SUR",2,5,0.359600439639485,29.1818181818182,0.35157986883542,54.7272727272727,29.1818181818182,54.7272727272727,0.119881525072193,0.0546257784876122,2026,"PAHO",2026-05-01,2,2,2,18,1,TRUE,"applied_mean","not_missing",4,"2026/2027","Observed",91,418,759,3487,NA,963,"South America","Suriname",0.35157986883542,54.7272727272727,80.9581182840924,"High","Above average - more cases than typical at this point",0.39173995143332,"High",76.3990704314464,"Above average - more cases than typical at this point","Suriname"
"SUR",3,6,0.392063355436553,18.5454545454545,0.363263617831655,73.2727272727272,18.5454545454545,73.2727272727273,0.163708336151583,0.0438268110793894,2026,"Estimates",2026-06-01,49,NA,NA,2,NA,FALSE,"no_lookup_match",NA,4,"2026/2027","Unobserved",140,467,759,3487,48.8230675424398,963,"South America","Suriname",0.363263617831655,73.2727272727272,83.3768576092829,"High","Above average - more cases than typical at this point",0.547517595636889,"High",76.3990704314464,"Above average - more cases than typical at this point","Suriname"
"SUR",4,7,0.335929046954333,25.3636363636364,0.35404309436265,98.6363636363636,25.3636363636364,98.6363636363636,0.222703280468792,0.0589949443172098,2026,"Estimates",2026-07-01,66,NA,NA,1,NA,FALSE,"no_lookup_match",NA,4,"2026/2027","Unobserved",206,533,759,3487,65.7203679693717,963,"South America","Suriname",0.35404309436265,98.6363636363636,84.9267659497288,"High","Above average - more cases than typical at this point",0.646502480516308,"High",76.3990704314464,"Above average - more cases than typical at this point","Suriname"
"SUR",5,8,0.350917433181316,26.7272727272727,0.34883981681981,125.363636363636,26.7272727272727,125.363636363636,0.279412391384071,0.0567091109152784,2026,"Estimates",2026-08-01,63,NA,NA,NA,NA,NA,NA,NA,4,"2026/2027","Unobserved",269,596,759,3487,63.1739495596202,963,"South America","Suriname",0.34883981681981,125.363636363636,85.3783104142304,"High","Above average - more cases than typical at this point",0.675775504999818,"High",76.3990704314464,"Above average - more cases than typical at this point","Suriname"
"SUR",6,9,0.407704316249238,17.6363636363636,0.349008662975459,143,17.6363636363636,143,0.319733108226054,0.0403207168419831,2026,NA,2026-09-01,NA,NA,NA,NA,NA,NA,NA,NA,4,"2026/2027","Unobserved",269,596,759,3487,NA,963,"South America","Suriname",0.349008662975459,143,83.1244870071331,"High","Above average - more cases than typical at this point",0.51990414861441,"High",76.3990704314464,"Above average - more cases than typical at this point","Suriname"
"SUR",7,10,0.574640543800045,21.8181818181818,0.463881349359558,164.818181818182,21.8181818181818,164.818181818182,0.396863295812895,0.0771301875868411,2026,NA,2026-10-01,NA,NA,NA,NA,NA,NA,NA,NA,4,"2026/2027","Unobserved",269,596,759,3487,NA,963,"South America","Suriname",0.463881349359558,164.818181818182,79.9810910949732,"High","Above average - more cases than typical at this point",0.429912394573294,"High",76.3990704314464,"Above average - more cases than typical at this point","Suriname"
"SUR",8,11,0.646204140243466,11.2727272727273,0.474398184697182,176.090909090909,11.2727272727273,176.090909090909,0.428178125245911,0.0313148294330163,2026,NA,2026-11-01,NA,NA,NA,NA,NA,NA,NA,NA,4,"2026/2027","Unobserved",269,596,759,3487,NA,963,"South America","Suriname",0.474398184697182,176.090909090909,78.4919400763995,"High","Above average - more cases than typical at this point",0.362918046774416,"High",76.3990704314464,"Above average - more cases than typical at this point","Suriname"
"SUR",9,12,0.422454608425042,16.4545454545454,0.486815474185354,192.545454545455,16.4545454545455,192.545454545455,0.474955574558533,0.0467774493126222,2026,NA,2026-12-01,NA,NA,NA,NA,NA,NA,NA,NA,4,"2026/2027","Unobserved",269,596,759,3487,NA,963,"South America","Suriname",0.486815474185354,192.545454545455,76.3990704314464,"High","Above average - more cases than typical at this point",0.276696651597551,"High",76.3990704314464,"Above average - more cases than typical at this point","Suriname"
"SXM",10,1,0.437434376633685,10.75,4.70882506055288,143.75,10.75,143.75,0.928616305569431,0.108052104145854,2025,"WHO",2025-01-01,0,0,NA,19,NA,FALSE,"no_lookup_match",NA,4,"2024/2025","Observed",0,0,0,66,NA,0,"Caribbean","Sint Maarten",4.70882506055288,143.75,8.76828511640414e-06,"Extremely Low","Rare good event - unusually low cases to date",-2.13529161756378,"Extremely Low",0.518656722068694,"Rare good event - unusually low cases to date","Sint Maarten"
"SXM",11,2,0.432200024224639,4.5,6.04888440524991,148.25,4.5,148.25,0.975297163773726,0.0466808582042957,2025,"WHO",2025-02-01,0,0,NA,18,NA,FALSE,"no_lookup_match",NA,4,"2024/2025","Observed",0,0,0,66,NA,0,"Caribbean","Sint Maarten",6.04888440524991,148.25,3.09820330362891e-07,"Extremely Low","Rare good event - unusually low cases to date",-2.41075791085137,"Extremely Low",0.518656722068694,"Rare good event - unusually low cases to date","Sint Maarten"
"SXM",12,3,0.748936732299839,2.5,6.73424809239004,150.75,2.5,150.75,1,0.0247028362262737,2025,"WHO",2025-03-01,0,0,NA,17,NA,FALSE,"no_lookup_match",NA,4,"2024/2025","Observed",0,0,0,66,NA,0,"Caribbean","Sint Maarten",6.73424809239004,150.75,6.04177405231317e-08,"Extremely Low","Rare good event - unusually low cases to date",-2.53895296651037,"Extremely Low",0.518656722068694,"Rare good event - unusually low cases to date","Sint Maarten"
"SXM",1,4,5.88053187245633,3.25,5.88053187245633,3.25,3.25,3.25,0.0192527242530699,0.0192527242530699,2025,"WHO",2025-04-01,0,0,NA,16,NA,FALSE,"no_lookup_match",NA,4,"2025/2026","Observed",0,0,66,66,NA,20,"Caribbean","Sint Maarten",5.88053187245633,3.25,7.52230770411737,"Low","Below average - fewer cases than typical at this point",-1.44677816656919,"Extremely Low",0.518656722068694,"Rare good event - unusually low cases to date","Sint Maarten"
"SXM",2,5,3.06033375721253,4.5,2.709053246581,7.75000000000001,4.5,7.75,0.0458599147672018,0.0266071905141319,2025,"PAHO",2025-05-01,6,6,NA,67,NA,FALSE,"no_lookup_match","current_month_missing",4,"2025/2026","Observed",6,6,66,66,NA,20,"Caribbean","Sint Maarten",2.709053246581,7.75000000000001,48.7916140182557,"Normal","Average - typical case load at this point",-0.31992618043408,"Extremely Low",0.518656722068694,"Rare good event - unusually low cases to date","Sint Maarten"
"SXM",3,6,3.22169343340707,4.75,2.34787352880516,12.5,4.75,12.5,0.0737512193973062,0.0278913046301044,2025,"WHO",2025-06-01,0,0,NA,14,NA,FALSE,"no_lookup_match",NA,4,"2025/2026","Observed",6,6,66,66,NA,20,"Caribbean","Sint Maarten",2.34787352880516,12.5,28.0256675625786,"Normal","Average - typical case load at this point",-0.731077755788663,"Extremely Low",0.518656722068694,"Rare good event - unusually low cases to date","Sint Maarten"
"SXM",4,7,3.26435034858936,8,2.30321949217188,20.5,8,20.5,0.122131075161012,0.0483798557637053,2025,"PAHO",2025-07-01,2,2,NA,61,NA,FALSE,"no_lookup_match","current_month_missing",4,"2025/2026","Observed",8,8,66,66,NA,20,"Caribbean","Sint Maarten",2.30321949217188,20.5,19.7678926129597,"Low","Below average - fewer cases than typical at this point",-0.877410166732241,"Extremely Low",0.518656722068694,"Rare good event - unusually low cases to date","Sint Maarten"
"SXM",5,8,2.94005707225544,20,2.41277875723517,40.5,20,40.5,0.247252332844147,0.125121257683135,2025,"Estimates",2025-08-01,0,NA,NA,12,1,FALSE,"applied_mean",NA,4,"2025/2026","Unobserved",8,8,66,66,0,20,"Caribbean","Sint Maarten",2.41277875723517,40.5,5.54490797045252,"Low","Below average - fewer cases than typical at this point",-1.21093625179562,"Extremely Low",0.518656722068694,"Rare good event - unusually low cases to date","Sint Maarten"
"SXM",6,9,3.23856732668797,15.5,2.45287823460718,56,15.5,56,0.34406643550034,0.0968141026561934,2025,"Estimates",2025-09-01,0,NA,NA,11,1,FALSE,"applied_mean",NA,4,"2025/2026","Unobserved",8,8,66,66,0,20,"Caribbean","Sint Maarten",2.45287823460718,56,2.75293234694559,"Extremely Low","Rare good event - unusually low cases to date",-1.31396037445561,"Extremely Low",0.518656722068694,"Rare good event - unusually low cases to date","Sint Maarten"
"SXM",7,10,2.3827543203153,22.25,2.3391455111534,78.2499999999999,22.25,78.25,0.4790559965477,0.13498956104736,2025,"Estimates",2025-10-01,0,NA,NA,10,1,FALSE,"applied_mean",NA,4,"2025/2026","Unobserved",8,8,66,66,0,20,"Caribbean","Sint Maarten",2.3391455111534,78.2499999999999,1.54863428321761,"Extremely Low","Rare good event - unusually low cases to date",-1.35298972790772,"Extremely Low",0.518656722068694,"Rare good event - unusually low cases to date","Sint Maarten"
"SXM",8,11,2.5323711592327,35.25,2.33371307007158,113.5,35.25,113.5,0.698859207371721,0.219803210824021,2025,"Estimates",2025-11-01,0,NA,NA,9,1,FALSE,"applied_mean",NA,4,"2025/2026","Unobserved",8,8,66,66,0,20,"Caribbean","Sint Maarten",2.33371307007158,113.5,0.702821861194806,"Extremely Low","Rare good event - unusually low cases to date",-1.40559683034558,"Extremely Low",0.518656722068694,"Rare good event - unusually low cases to date","Sint Maarten"
"SXM",9,12,2.59709288187835,19.5,2.30982408063802,133,19.5,133,0.820564201423576,0.121704994051855,2025,"Estimates",2025-12-01,0,NA,NA,8,1,FALSE,"applied_mean",NA,4,"2025/2026","Unobserved",8,8,66,66,0,20,"Caribbean","Sint Maarten",2.30982408063802,133,0.518656722068694,"Extremely Low","Rare good event - unusually low cases to date",-1.41614909831339,"Extremely Low",0.518656722068694,"Rare good event - unusually low cases to date","Sint Maarten"
"SXM",10,1,0.437434376633685,10.75,4.70882506055288,143.75,10.75,143.75,0.928616305569431,0.108052104145854,2026,"Estimates",2026-01-01,7,NA,NA,7,1,FALSE,"applied_mean",NA,4,"2025/2026","Unobserved",15,7,66,NA,7.13143887362637,20,"Caribbean","Sint Maarten",4.70882506055288,143.75,0.0620890210928989,"Extremely Low","Rare good event - unusually low cases to date",-1.9124785792093,"Extremely Low",1.90828944315711,"Rare good event - unusually low cases to date","Sint Maarten"
"SXM",11,2,0.432200024224639,4.5,6.04888440524991,148.25,4.5,148.25,0.975297163773726,0.0466808582042957,2026,"Estimates",2026-02-01,3,NA,NA,6,1,FALSE,"applied_mean",NA,4,"2025/2026","Unobserved",18,10,66,NA,3.08093664148352,20,"Caribbean","Sint Maarten",6.04888440524991,148.25,0.0241234388200484,"Extremely Low","Rare good event - unusually low cases to date",-2.11805205995542,"Extremely Low",1.90828944315711,"Rare good event - unusually low cases to date","Sint Maarten"
"SXM",12,3,0.748936732299839,2.5,6.73424809239004,150.75,2.5,150.75,1,0.0247028362262737,2026,"Estimates",2026-03-01,2,NA,NA,5,1,FALSE,"applied_mean",NA,4,"2025/2026","Unobserved",20,12,66,NA,1.63038719093407,20,"Caribbean","Sint Maarten",6.73424809239004,150.75,0.017816422931579,"Extremely Low","Rare good event - unusually low cases to date",-2.20211011854879,"Extremely Low",1.90828944315711,"Rare good event - unusually low cases to date","Sint Maarten"
"SXM",1,4,5.88053187245633,3.25,5.88053187245633,3.25,3.25,3.25,0.0192527242530699,0.0192527242530699,2026,"Estimates",2026-04-01,1,NA,NA,4,NA,FALSE,"insufficient_n_rf",NA,4,"2026/2027","Unobserved",1,13,NA,NA,1.27067980070262,65,"Caribbean","Sint Maarten",5.88053187245633,3.25,23.2677544300925,"Low","Below average - fewer cases than typical at this point",-1.00161565377867,"Extremely Low",1.90828944315711,"Rare good event - unusually low cases to date","Sint Maarten"
"SXM",2,5,3.06033375721253,4.5,2.709053246581,7.75000000000001,4.5,7.75,0.0458599147672018,0.0266071905141319,2026,"Estimates",2026-05-01,2,NA,NA,3,NA,FALSE,"insufficient_n_rf",NA,4,"2026/2027","Unobserved",3,15,NA,NA,1.7560745739327,65,"Caribbean","Sint Maarten",2.709053246581,7.75000000000001,23.1028402364457,"Low","Below average - fewer cases than typical at this point",-0.868371061178216,"Extremely Low",1.90828944315711,"Rare good event - unusually low cases to date","Sint Maarten"
"SXM",3,6,3.22169343340707,4.75,2.34787352880516,12.5,4.75,12.5,0.0737512193973062,0.0278913046301044,2026,"Estimates",2026-06-01,2,NA,NA,2,NA,FALSE,"no_lookup_match",NA,4,"2026/2027","Unobserved",5,17,NA,NA,1.84082610558689,65,"Caribbean","Sint Maarten",2.34787352880516,12.5,22.4767081240317,"Low","Below average - fewer cases than typical at this point",-0.843551256679226,"Extremely Low",1.90828944315711,"Rare good event - unusually low cases to date","Sint Maarten"
"SXM",4,7,3.26435034858936,8,2.30321949217188,20.5,8,20.5,0.122131075161012,0.0483798557637053,2026,"Estimates",2026-07-01,3,NA,NA,1,NA,FALSE,"no_lookup_match",NA,4,"2026/2027","Unobserved",8,20,NA,NA,3.19307048040455,65,"Caribbean","Sint Maarten",2.30321949217188,20.5,19.7678926129597,"Low","Below average - fewer cases than typical at this point",-0.877410166732241,"Extremely Low",1.90828944315711,"Rare good event - unusually low cases to date","Sint Maarten"
"SXM",5,8,2.94005707225544,20,2.41277875723517,40.5,20,40.5,0.247252332844147,0.125121257683135,2026,"Estimates",2026-08-01,8,NA,NA,NA,NA,NA,NA,NA,4,"2026/2027","Unobserved",16,28,NA,NA,8.25800300708694,65,"Caribbean","Sint Maarten",2.41277875723517,40.5,17.4246860192105,"Low","Below average - fewer cases than typical at this point",-0.912859635969003,"Extremely Low",1.90828944315711,"Rare good event - unusually low cases to date","Sint Maarten"
"SXM",6,9,3.23856732668797,15.5,2.45287823460718,56,15.5,56,0.34406643550034,0.0968141026561934,2026,NA,2026-09-01,NA,NA,NA,NA,NA,NA,NA,NA,4,"2026/2027","Unobserved",16,28,NA,NA,NA,65,"Caribbean","Sint Maarten",2.45287823460718,56,9.53364431986394,"Low","Below average - fewer cases than typical at this point",-1.09496697871301,"Extremely Low",1.90828944315711,"Rare good event - unusually low cases to date","Sint Maarten"
"SXM",7,10,2.3827543203153,22.25,2.3391455111534,78.2499999999999,22.25,78.25,0.4790559965477,0.13498956104736,2026,NA,2026-10-01,NA,NA,NA,NA,NA,NA,NA,NA,4,"2026/2027","Unobserved",16,28,NA,NA,NA,65,"Caribbean","Sint Maarten",2.3391455111534,78.2499999999999,5.4220895080186,"Low","Below average - fewer cases than typical at this point",-1.1989126058684,"Extremely Low",1.90828944315711,"Rare good event - unusually low cases to date","Sint Maarten"
"SXM",8,11,2.5323711592327,35.25,2.33371307007158,113.5,35.25,113.5,0.698859207371721,0.219803210824021,2026,NA,2026-11-01,NA,NA,NA,NA,NA,NA,NA,NA,4,"2026/2027","Unobserved",16,28,NA,NA,NA,65,"Caribbean","Sint Maarten",2.33371307007158,113.5,2.57553842201764,"Extremely Low","Rare good event - unusually low cases to date",-1.299011288708,"Extremely Low",1.90828944315711,"Rare good event - unusually low cases to date","Sint Maarten"
"SXM",9,12,2.59709288187835,19.5,2.30982408063802,133,19.5,133,0.820564201423576,0.121704994051855,2026,NA,2026-12-01,NA,NA,NA,NA,NA,NA,NA,NA,4,"2026/2027","Unobserved",16,28,NA,NA,NA,65,"Caribbean","Sint Maarten",2.30982408063802,133,1.90828944315711,"Extremely Low","Rare good event - unusually low cases to date",-1.32551555602133,"Extremely Low",1.90828944315711,"Rare good event - unusually low cases to date","Sint Maarten"
"SYC",7,1,4.33116624495102,394.8,1.6095234776436,1365,394.8,1365,0.471364889393144,0.194472935363076,2025,"WHO",2025-01-01,1,1,NA,19,NA,FALSE,"no_lookup_match",NA,7,"2024/2025","Observed",1,1,13,379,NA,13,"Sub-Saharan Africa","Seychelles",1.6095234776436,1365,0.00503542865899217,"Extremely Low","Rare good event - unusually low cases to date",-1.266993775255,"Low",11.7028201692056,"Below average - fewer cases than typical at this point","Seychelles"
"SYC",8,2,1.39721791107566,436.8,1.86485970526079,1801.8,436.8,1801.8,0.616274635402875,0.144909746009732,2025,"WHO",2025-02-01,0,0,NA,18,NA,FALSE,"no_lookup_match",NA,7,"2024/2025","Observed",1,1,13,379,NA,13,"Sub-Saharan Africa","Seychelles",1.86485970526079,1801.8,0.000774915357910398,"Extremely Low","Rare good event - unusually low cases to date",-1.36413499779268,"Low",11.7028201692056,"Below average - fewer cases than typical at this point","Seychelles"
"SYC",9,3,1.52056646249907,396.199999999999,1.91117997681542,2198,396.2,2198,0.748750323810381,0.132475688407506,2025,"WHO",2025-03-01,0,0,NA,17,NA,FALSE,"no_lookup_match",NA,7,"2024/2025","Observed",1,1,13,379,NA,13,"Sub-Saharan Africa","Seychelles",1.91117997681542,2198,0.000410678021507686,"Extremely Low","Rare good event - unusually low cases to date",-1.38122500765264,"Low",11.7028201692056,"Below average - fewer cases than typical at this point","Seychelles"
"SYC",10,4,NA,NA,1.89635775685557,2471.2,273.2,2471.2,0.837926465268328,0.0891761414579472,2025,"WHO",2025-04-01,10,10,NA,16,NA,FALSE,"no_lookup_match",NA,7,"2024/2025","Observed",11,11,13,379,NA,13,"Sub-Saharan Africa","Seychelles",1.89635775685557,2471.2,0.00804540756518475,"Extremely Low","Rare good event - unusually low cases to date",-1.37042755963219,"Low",11.7028201692056,"Below average - fewer cases than typical at this point","Seychelles"
"SYC",11,5,NA,NA,1.77006778161264,2774.79999999999,303.6,2774.8,0.918054690699348,0.0801282254310193,2025,"WHO",2025-05-01,1,1,NA,15,NA,FALSE,"no_lookup_match",NA,7,"2024/2025","Observed",12,12,13,379,NA,13,"Sub-Saharan Africa","Seychelles",1.77006778161264,2774.79999999999,0.013238708466517,"Extremely Low","Rare good event - unusually low cases to date",-1.32426296725802,"Low",11.7028201692056,"Below average - fewer cases than typical at this point","Seychelles"
"SYC",12,6,NA,NA,1.73163346993929,3046,271.2,3046,1,0.0819453093006522,2025,"Estimates",2025-06-01,1,NA,NA,NA,NA,NA,NA,NA,7,"2024/2025","Unobserved",13,13,13,379,1.06528902090848,13,"Sub-Saharan Africa","Seychelles",1.73163346993929,3046,0.0151984596994009,"Extremely Low","Rare good event - unusually low cases to date",-1.3099269738819,"Low",11.7028201692056,"Below average - fewer cases than typical at this point","Seychelles"
"SYC",1,7,NA,NA,NA,NA,109.6,109.6,0.0252093127490194,0.0252093127490194,2025,"WHO",2025-07-01,0,0,NA,13,NA,FALSE,"no_lookup_match",NA,7,"2025/2026","Observed",0,13,336,379,NA,336,"Sub-Saharan Africa","Seychelles",NA,NA,NA,"Unknown","Cannot determine",NA,"Low",11.7028201692056,"Below average - fewer cases than typical at this point","Seychelles"
"SYC",2,8,0.76337542298745,120.2,0.657045124566234,229.8,120.2,229.8,0.0570399675289174,0.0318306547798981,2025,"WHO",2025-08-01,7,7,7,12,1,TRUE,"applied_mean",NA,7,"2025/2026","Observed",7,20,336,379,NA,336,"Sub-Saharan Africa","Seychelles",0.657045124566234,229.8,9.05456132039979,"Low","Below average - fewer cases than typical at this point",-0.784770696972174,"Low",11.7028201692056,"Below average - fewer cases than typical at this point","Seychelles"
"SYC",3,9,0.683318944037292,140.8,0.665985566159193,370.6,140.8,370.6,0.0922582517024443,0.0352182841735268,2025,"WHO",2025-09-01,5,5,5,11,1,TRUE,"applied_mean",NA,7,"2025/2026","Observed",12,25,336,379,NA,336,"Sub-Saharan Africa","Seychelles",0.665985566159193,370.6,8.91222773274185,"Low","Below average - fewer cases than typical at this point",-0.7889462297856,"Low",11.7028201692056,"Below average - fewer cases than typical at this point","Seychelles"
"SYC",4,10,0.680202747333674,196.2,0.670142025705623,566.8,196.2,566.8,0.14140827315152,0.0491500214490753,2025,"WHO",2025-10-01,7,7,7,10,1,TRUE,"applied_mean",NA,7,"2025/2026","Observed",19,32,336,379,NA,336,"Sub-Saharan Africa","Seychelles",0.670142025705623,566.8,8.86569350771809,"Low","Below average - fewer cases than typical at this point",-0.790713268237107,"Low",11.7028201692056,"Below average - fewer cases than typical at this point","Seychelles"
"SYC",5,11,0.742431714500075,269.4,0.694817656739431,836.2,269.4,836.2,0.211648354169779,0.0702400810182591,2025,"WHO",2025-11-01,14,14,14,9,1,TRUE,"applied_mean",NA,7,"2025/2026","Observed",33,46,336,379,NA,336,"Sub-Saharan Africa","Seychelles",0.694817656739431,836.2,9.10670964000022,"Low","Below average - fewer cases than typical at this point",-0.800329088718741,"Low",11.7028201692056,"Below average - fewer cases than typical at this point","Seychelles"
"SYC",6,12,1.85816282923183,134,0.871560664372728,970.199999999998,134,970.2,0.276891954030067,0.0652435998602886,2025,"WHO",2025-12-01,60,60,60,8,1,TRUE,"applied_mean",NA,7,"2025/2026","Observed",93,106,336,379,NA,336,"Sub-Saharan Africa","Seychelles",0.871560664372728,970.199999999998,11.7028201692056,"Low","Below average - fewer cases than typical at this point",-0.843706083993989,"Low",11.7028201692056,"Below average - fewer cases than typical at this point","Seychelles"
"SYC",7,1,4.33116624495102,394.8,1.6095234776436,1365,394.8,1365,0.471364889393144,0.194472935363076,2026,"WHO",2026-01-01,151,151,151,7,1,TRUE,"applied_median",NA,7,"2025/2026","Observed",244,151,336,10115,NA,336,"Sub-Saharan Africa","Seychelles",1.6095234776436,1365,7.90527537184123,"Low","Below average - fewer cases than typical at this point",-1.04127567599769,"Extremely Low",3.65902588628705,"Rare good event - unusually low cases to date","Seychelles"
"SYC",8,2,1.39721791107566,436.8,1.86485970526079,1801.8,436.8,1801.8,0.616274635402875,0.144909746009732,2026,"WHO",2026-02-01,29,29,29,6,1,TRUE,"applied_median",NA,7,"2025/2026","Observed",273,180,336,10115,NA,336,"Sub-Saharan Africa","Seychelles",1.86485970526079,1801.8,4.49283097021588,"Extremely Low","Rare good event - unusually low cases to date",-1.15809061785065,"Extremely Low",3.65902588628705,"Rare good event - unusually low cases to date","Seychelles"
"SYC",9,3,1.52056646249907,396.199999999999,1.91117997681542,2198,396.2,2198,0.748750323810381,0.132475688407506,2026,"WHO",2026-03-01,29,29,29,5,1,TRUE,"applied_median",NA,7,"2025/2026","Observed",302,209,336,10115,NA,336,"Sub-Saharan Africa","Seychelles",1.91117997681542,2198,3.57548907853027,"Extremely Low","Rare good event - unusually low cases to date",-1.19199026604889,"Extremely Low",3.65902588628705,"Rare good event - unusually low cases to date","Seychelles"
"SYC",10,4,NA,NA,1.89635775685557,2471.2,273.2,2471.2,0.837926465268328,0.0891761414579472,2026,"WHO",2026-04-01,22,22,22,4,1,TRUE,"applied_median",NA,7,"2025/2026","Observed",324,231,336,10115,NA,336,"Sub-Saharan Africa","Seychelles",1.89635775685557,2471.2,3.36120226644683,"Extremely Low","Rare good event - unusually low cases to date",-1.19607432568175,"Extremely Low",3.65902588628705,"Rare good event - unusually low cases to date","Seychelles"
"SYC",11,5,NA,NA,1.77006778161264,2774.79999999999,303.6,2774.8,0.918054690699348,0.0801282254310193,2026,"WHO",2026-05-01,0,0,0,3,1,TRUE,"applied_mean",NA,7,"2025/2026","Observed",324,231,336,10115,NA,336,"Sub-Saharan Africa","Seychelles",1.77006778161264,2774.79999999999,3.31518762580373,"Extremely Low","Rare good event - unusually low cases to date",-1.17471539024032,"Extremely Low",3.65902588628705,"Rare good event - unusually low cases to date","Seychelles"
"SYC",12,6,NA,NA,1.73163346993929,3046,271.2,3046,1,0.0819453093006522,2026,"WHO",2026-06-01,12,12,12,2,1,TRUE,"applied_mean",NA,7,"2025/2026","Observed",336,243,336,10115,NA,336,"Sub-Saharan Africa","Seychelles",1.73163346993929,3046,3.20431754787405,"Extremely Low","Rare good event - unusually low cases to date",-1.17042601359049,"Extremely Low",3.65902588628705,"Rare good event - unusually low cases to date","Seychelles"
"SYC",1,7,NA,NA,NA,NA,109.6,109.6,0.0252093127490194,0.0252093127490194,2026,"WHO",2026-07-01,12,12,NA,1,NA,FALSE,"insufficient_n_rf",NA,7,"2026/2027","Observed",12,255,476,10115,NA,403,"Sub-Saharan Africa","Seychelles",NA,NA,NA,"Unknown","Cannot determine",NA,"Extremely Low",3.65902588628705,"Rare good event - unusually low cases to date","Seychelles"
"SYC",2,8,0.76337542298745,120.2,0.657045124566234,229.8,120.2,229.8,0.0570399675289174,0.0318306547798981,2026,"Estimates",2026-08-01,11,NA,NA,NA,NA,NA,NA,NA,7,"2026/2027","Unobserved",23,266,476,10115,10.6951000060458,403,"Sub-Saharan Africa","Seychelles",0.657045124566234,229.8,18.4760939940546,"Low","Below average - fewer cases than typical at this point",-0.728413734891587,"Extremely Low",3.65902588628705,"Rare good event - unusually low cases to date","Seychelles"
"SYC",3,9,0.683318944037292,140.8,0.665985566159193,370.6,140.8,370.6,0.0922582517024443,0.0352182841735268,2026,NA,2026-09-01,NA,NA,NA,NA,NA,NA,NA,NA,7,"2026/2027","Unobserved",23,266,476,10115,NA,403,"Sub-Saharan Africa","Seychelles",0.665985566159193,370.6,13.353792155152,"Low","Below average - fewer cases than typical at this point",-0.76474542519095,"Extremely Low",3.65902588628705,"Rare good event - unusually low cases to date","Seychelles"
"SYC",4,10,0.680202747333674,196.2,0.670142025705623,566.8,196.2,566.8,0.14140827315152,0.0491500214490753,2026,NA,2026-10-01,NA,NA,NA,NA,NA,NA,NA,NA,7,"2026/2027","Unobserved",23,266,476,10115,NA,403,"Sub-Saharan Africa","Seychelles",0.670142025705623,566.8,10.008162458575,"Low","Below average - fewer cases than typical at this point",-0.784939531338698,"Extremely Low",3.65902588628705,"Rare good event - unusually low cases to date","Seychelles"
"SYC",5,11,0.742431714500075,269.4,0.694817656739431,836.2,269.4,836.2,0.211648354169779,0.0702400810182591,2026,NA,2026-11-01,NA,NA,NA,NA,NA,NA,NA,NA,7,"2026/2027","Unobserved",23,266,476,10115,NA,403,"Sub-Saharan Africa","Seychelles",0.694817656739431,836.2,7.1641966730097,"Low","Below average - fewer cases than typical at this point",-0.810293345301395,"Extremely Low",3.65902588628705,"Rare good event - unusually low cases to date","Seychelles"
"SYC",6,12,1.85816282923183,134,0.871560664372728,970.199999999998,134,970.2,0.276891954030067,0.0652435998602886,2026,NA,2026-12-01,NA,NA,NA,NA,NA,NA,NA,NA,7,"2026/2027","Unobserved",23,266,476,10115,NA,403,"Sub-Saharan Africa","Seychelles",0.871560664372728,970.199999999998,3.65902588628705,"Extremely Low","Rare good event - unusually low cases to date",-0.911033290879055,"Extremely Low",3.65902588628705,"Rare good event - unusually low cases to date","Seychelles"
"TCA",9,1,NA,NA,2.11975842847989,185.142857142857,31.5714285714286,185.142857142857,0.706284171567204,0.163305673221492,2025,"WHO",2025-01-01,0,0,NA,19,NA,FALSE,"no_lookup_match",NA,5,"2024/2025","Observed",0,0,0,2,NA,0,"Caribbean","Turks And Caicos Islands",2.11975842847989,185.142857142857,0.00749205477136356,"Extremely Low","Rare good event - unusually low cases to date",-1.44767516336812,"Unknown",6.5268536889073,"Cannot determine","Turks And Caicos Islands"
"TCA",10,2,NA,NA,3.17159223635747,213.285714285715,28.1428571428571,213.285714285714,0.848122425254418,0.141838253687213,2025,"WHO",2025-02-01,0,0,NA,18,NA,FALSE,"no_lookup_match",NA,5,"2024/2025","Observed",0,0,0,2,NA,0,"Caribbean","Turks And Caicos Islands",3.17159223635747,213.285714285715,0.000152404868987215,"Extremely Low","Rare good event - unusually low cases to date",-1.76780123061948,"Unknown",6.5268536889073,"Cannot determine","Turks And Caicos Islands"
"TCA",11,3,NA,NA,3.91807466471471,235.285714285714,22,235.285714285714,0.957754226190839,0.109631800936421,2025,"WHO",2025-03-01,0,0,NA,17,NA,FALSE,"no_lookup_match",NA,5,"2024/2025","Observed",0,0,0,2,NA,0,"Caribbean","Turks And Caicos Islands",3.91807466471471,235.285714285714,1.00812016846929e-05,"Extremely Low","Rare good event - unusually low cases to date",-1.96313472990054,"Unknown",6.5268536889073,"Cannot determine","Turks And Caicos Islands"
"TCA",12,4,0.948613401261463,9.00000000000001,4.10842821152714,244.285714285714,9,244.285714285714,1,0.0422457738091611,2025,"WHO",2025-04-01,0,0,NA,16,NA,FALSE,"no_lookup_match",NA,5,"2024/2025","Observed",0,0,0,2,NA,0,"Caribbean","Turks And Caicos Islands",4.10842821152714,244.285714285714,4.79707242802523e-06,"Extremely Low","Rare good event - unusually low cases to date",-2.01009327875175,"Unknown",6.5268536889073,"Cannot determine","Turks And Caicos Islands"
"TCA",1,5,0.685327833806371,7.14285714285714,0.685327833806371,7.14285714285714,7.14285714285714,7.14285714285714,0.0250317616724175,0.0250317616724175,2025,"PAHO",2025-05-01,1,1,NA,67,NA,FALSE,"no_lookup_match","current_month_missing",5,"2025/2026","Observed",1,1,9,2,NA,9,"Caribbean","Turks And Caicos Islands",0.685327833806371,7.14285714285714,30.6215607385465,"Normal","Average - typical case load at this point",-0.680069157283781,"Unknown",6.5268536889073,"Cannot determine","Turks And Caicos Islands"
"TCA",2,6,NA,NA,NA,NA,6.57142857142857,13.7142857142857,0.0479210452438485,0.022889283571431,2025,"WHO",2025-06-01,0,0,NA,14,NA,FALSE,"no_lookup_match",NA,5,"2025/2026","Observed",1,1,9,2,NA,9,"Caribbean","Turks And Caicos Islands",NA,NA,NA,"Unknown","Cannot determine",NA,"Unknown",6.5268536889073,"Cannot determine","Turks And Caicos Islands"
"TCA",3,7,NA,NA,NA,NA,7.71428571428571,21.4285714285714,0.0737836204046425,0.025862575160794,2025,"WHO",2025-07-01,0,0,NA,13,NA,FALSE,"no_lookup_match",NA,5,"2025/2026","Observed",1,1,9,2,NA,9,"Caribbean","Turks And Caicos Islands",NA,NA,NA,"Unknown","Cannot determine",NA,"Unknown",6.5268536889073,"Cannot determine","Turks And Caicos Islands"
"TCA",4,8,0.636757495610487,21.4285714285714,0.571767567372618,42.8571428571429,21.4285714285714,42.8571428571429,0.147707263690204,0.0739236432855612,2025,"WHO",2025-08-01,0,0,0,12,1,TRUE,"applied_mean",NA,5,"2025/2026","Observed",1,1,9,2,NA,9,"Caribbean","Turks And Caicos Islands",0.571767567372618,42.8571428571429,13.1540799795038,"Low","Below average - fewer cases than typical at this point",-0.733631997146669,"Unknown",6.5268536889073,"Cannot determine","Turks And Caicos Islands"
"TCA",5,9,0.960453606830475,22.1428571428571,0.725747822487228,65.0000000000001,22.1428571428571,65,0.226771579410596,0.0790643157203921,2025,"WHO",2025-09-01,0,0,0,11,1,TRUE,"applied_mean",NA,5,"2025/2026","Observed",1,1,9,2,NA,9,"Caribbean","Turks And Caicos Islands",0.725747822487228,65.0000000000001,6.5268536889073,"Low","Below average - fewer cases than typical at this point",-0.834158151827903,"Unknown",6.5268536889073,"Cannot determine","Turks And Caicos Islands"
"TCA",6,10,NA,NA,NA,NA,71.7142857142857,136.714285714286,0.484139629204905,0.257368049794309,2025,"WHO",2025-10-01,0,0,0,10,1,TRUE,"applied_mean",NA,5,"2025/2026","Observed",1,1,9,2,NA,9,"Caribbean","Turks And Caicos Islands",NA,NA,NA,"Unknown","Cannot determine",NA,"Unknown",6.5268536889073,"Cannot determine","Turks And Caicos Islands"
"TCA",7,11,NA,NA,NA,NA,8.71428571428571,145.428571428571,0.514302628246552,0.0301629990416471,2025,"WHO",2025-11-01,0,0,0,9,1,TRUE,"applied_mean",NA,5,"2025/2026","Observed",1,1,9,2,NA,9,"Caribbean","Turks And Caicos Islands",NA,NA,NA,"Unknown","Cannot determine",NA,"Unknown",6.5268536889073,"Cannot determine","Turks And Caicos Islands"
"TCA",8,12,NA,NA,NA,NA,8.14285714285714,153.571428571429,0.542978498345713,0.028675870099161,2025,"Estimates",2025-12-01,0,NA,NA,NA,NA,NA,NA,"current_month_missing",5,"2025/2026","Unobserved",1,1,9,2,0,9,"Caribbean","Turks And Caicos Islands",NA,NA,NA,"Unknown","Cannot determine",NA,"Unknown",6.5268536889073,"Cannot determine","Turks And Caicos Islands"
"TCA",9,1,NA,NA,2.11975842847989,185.142857142857,31.5714285714286,185.142857142857,0.706284171567204,0.163305673221492,2026,"PAHO",2026-01-01,8,8,NA,32,NA,FALSE,"no_lookup_match","current_month_missing",5,"2025/2026","Observed",9,8,9,8,NA,9,"Caribbean","Turks And Caicos Islands",2.11975842847989,185.142857142857,0.460257266055043,"Extremely Low","Rare good event - unusually low cases to date",-1.37730206514883,"Unknown",6.5268536889073,"Cannot determine","Turks And Caicos Islands"
"TCA",10,2,NA,NA,3.17159223635747,213.285714285715,28.1428571428571,213.285714285714,0.848122425254418,0.141838253687213,2026,"WHO",2026-02-01,0,0,0,6,1,TRUE,"applied_mean",NA,5,"2025/2026","Observed",9,8,9,8,NA,9,"Caribbean","Turks And Caicos Islands",3.17159223635747,213.285714285715,0.0375935212752672,"Extremely Low","Rare good event - unusually low cases to date",-1.69320546536227,"Unknown",6.5268536889073,"Cannot determine","Turks And Caicos Islands"
"TCA",11,3,NA,NA,3.91807466471471,235.285714285714,22,235.285714285714,0.957754226190839,0.109631800936421,2026,"WHO",2026-03-01,0,0,0,5,1,TRUE,"applied_mean",NA,5,"2025/2026","Observed",9,8,9,8,NA,9,"Caribbean","Turks And Caicos Islands",3.91807466471471,235.285714285714,0.00585270279872034,"Extremely Low","Rare good event - unusually low cases to date",-1.8880421446038,"Unknown",6.5268536889073,"Cannot determine","Turks And Caicos Islands"
"TCA",12,4,0.948613401261463,9.00000000000001,4.10842821152714,244.285714285714,9,244.285714285714,1,0.0422457738091611,2026,"Estimates",2026-04-01,0,NA,NA,4,1,FALSE,"applied_mean",NA,5,"2025/2026","Unobserved",9,8,9,8,0.38021196428245,9,"Caribbean","Turks And Caicos Islands",4.10842821152714,244.285714285714,0.00342239279683491,"Extremely Low","Rare good event - unusually low cases to date",-1.93603721058721,"Unknown",6.5268536889073,"Cannot determine","Turks And Caicos Islands"
"TCA",1,5,0.685327833806371,7.14285714285714,0.685327833806371,7.14285714285714,7.14285714285714,7.14285714285714,0.0250317616724175,0.0250317616724175,2026,"Estimates",2026-05-01,0,NA,NA,3,1,FALSE,"applied_mean",NA,5,"2026/2027","Unobserved",0,8,NA,8,0.225285855051757,7,"Caribbean","Turks And Caicos Islands",0.685327833806371,7.14285714285714,18.8402115113477,"Low","Below average - fewer cases than typical at this point",-0.790778089864862,"Unknown",6.5268536889073,"Cannot determine","Turks And Caicos Islands"
"TCA",2,6,NA,NA,NA,NA,6.57142857142857,13.7142857142857,0.0479210452438485,0.022889283571431,2026,"Estimates",2026-06-01,0,NA,NA,2,NA,FALSE,"no_lookup_match",NA,5,"2026/2027","Unobserved",0,8,NA,8,0.206003552142879,7,"Caribbean","Turks And Caicos Islands",NA,NA,NA,"Unknown","Cannot determine",NA,"Unknown",6.5268536889073,"Cannot determine","Turks And Caicos Islands"
"TCA",3,7,NA,NA,NA,NA,7.71428571428571,21.4285714285714,0.0737836204046425,0.025862575160794,2026,"Estimates",2026-07-01,0,NA,NA,1,NA,FALSE,"no_lookup_match",NA,5,"2026/2027","Unobserved",0,8,NA,8,0.232763176447146,7,"Caribbean","Turks And Caicos Islands",NA,NA,NA,"Unknown","Cannot determine",NA,"Unknown",6.5268536889073,"Cannot determine","Turks And Caicos Islands"
"TCA",4,8,0.636757495610487,21.4285714285714,0.571767567372618,42.8571428571429,21.4285714285714,42.8571428571429,0.147707263690204,0.0739236432855612,2026,"Estimates",2026-08-01,1,NA,NA,NA,NA,NA,NA,NA,5,"2026/2027","Unobserved",1,9,NA,8,0.665312789570051,7,"Caribbean","Turks And Caicos Islands",0.571767567372618,42.8571428571429,13.1540799795038,"Low","Below average - fewer cases than typical at this point",-0.733631997146669,"Unknown",6.5268536889073,"Cannot determine","Turks And Caicos Islands"
"TCA",5,9,0.960453606830475,22.1428571428571,0.725747822487228,65.0000000000001,22.1428571428571,65,0.226771579410596,0.0790643157203921,2026,NA,2026-09-01,NA,NA,NA,NA,NA,NA,NA,NA,5,"2026/2027","Unobserved",1,9,NA,8,NA,7,"Caribbean","Turks And Caicos Islands",0.725747822487228,65.0000000000001,6.5268536889073,"Low","Below average - fewer cases than typical at this point",-0.834158151827903,"Unknown",6.5268536889073,"Cannot determine","Turks And Caicos Islands"
"TCA",6,10,NA,NA,NA,NA,71.7142857142857,136.714285714286,0.484139629204905,0.257368049794309,2026,NA,2026-10-01,NA,NA,NA,NA,NA,NA,NA,NA,5,"2026/2027","Unobserved",1,9,NA,8,NA,7,"Caribbean","Turks And Caicos Islands",NA,NA,NA,"Unknown","Cannot determine",NA,"Unknown",6.5268536889073,"Cannot determine","Turks And Caicos Islands"
"TCA",7,11,NA,NA,NA,NA,8.71428571428571,145.428571428571,0.514302628246552,0.0301629990416471,2026,NA,2026-11-01,NA,NA,NA,NA,NA,NA,NA,NA,5,"2026/2027","Unobserved",1,9,NA,8,NA,7,"Caribbean","Turks And Caicos Islands",NA,NA,NA,"Unknown","Cannot determine",NA,"Unknown",6.5268536889073,"Cannot determine","Turks And Caicos Islands"
"TCA",8,12,NA,NA,NA,NA,8.14285714285714,153.571428571429,0.542978498345713,0.028675870099161,2026,NA,2026-12-01,NA,NA,NA,NA,NA,NA,NA,NA,5,"2026/2027","Unobserved",1,9,NA,8,NA,7,"Caribbean","Turks And Caicos Islands",NA,NA,NA,"Unknown","Cannot determine",NA,"Unknown",6.5268536889073,"Cannot determine","Turks And Caicos Islands"
"THA",12,1,2.1239564508486,3499.9375,2.7045016369764,84104.3125000001,3499.9375,84104.3125,1,0.0457469339377959,2025,"SEARO",2025-01-01,4005,4005,NA,20,NA,FALSE,"no_lookup_match",NA,2,"2024/2025","Observed",4005,4005,4005,60194,NA,4005,"East & Southeast Asia","Thailand",2.7045016369764,84104.3125000001,0.0851106140217284,"Extremely Low","Rare good event - unusually low cases to date",-1.56619980357005,"Normal",33.9715129273705,"Average - typical case load at this point","Thailand"
"THA",1,2,2.54294957101223,2720.0625,2.54294957101223,2720.0625,2720.0625,2720.0625,0.03737012376918,0.03737012376918,2025,"SEARO",2025-02-01,2269,2269,NA,19,NA,FALSE,"no_lookup_match",NA,2,"2025/2026","Observed",2269,6274,55338,60194,NA,55338,"East & Southeast Asia","Thailand",2.54294957101223,2720.0625,47.341598210323,"Normal","Average - typical case load at this point",-0.264316211138458,"Normal",33.9715129273705,"Average - typical case load at this point","Thailand"
"THA",2,3,2.69794191030474,2920.4375,2.66181780493205,5640.50000000001,2920.4375,5640.5,0.0758439310608258,0.0384738072916457,2025,"SEARO",2025-03-01,2447,2447,NA,18,NA,FALSE,"no_lookup_match",NA,2,"2025/2026","Observed",4716,8721,55338,60194,NA,55338,"East & Southeast Asia","Thailand",2.66181780493205,5640.50000000001,47.0201893742514,"Normal","Average - typical case load at this point",-0.267347436805408,"Normal",33.9715129273705,"Average - typical case load at this point","Thailand"
"THA",3,4,2.3968292196608,3023.75,2.70194309549726,8664.25000000001,3023.75,8664.25,0.112375986040397,0.0365320549795709,2025,"SEARO",2025-04-01,2271,2271,NA,17,NA,FALSE,"no_lookup_match",NA,2,"2025/2026","Observed",6987,10992,55338,60194,NA,55338,"East & Southeast Asia","Thailand",2.70194309549726,8664.25000000001,44.6825145993207,"Normal","Average - typical case load at this point",-0.31815387557827,"Normal",33.9715129273705,"Average - typical case load at this point","Thailand"
"THA",4,5,2.40028032607068,5658.125,2.88672216963652,14322.375,5658.125,14322.375,0.182225324078233,0.0698493380378364,2025,"SEARO",2025-05-01,4683,4683,NA,16,NA,FALSE,"no_lookup_match",NA,2,"2025/2026","Observed",11670,15675,55338,60194,NA,55338,"East & Southeast Asia","Thailand",2.88672216963652,14322.375,44.6001656888953,"Normal","Average - typical case load at this point",-0.314614414578641,"Normal",33.9715129273705,"Average - typical case load at this point","Thailand"
"THA",5,6,2.37768713306799,10646,2.83617433191888,24968.375,10646,24968.375,0.310298334997226,0.128073010918993,2025,"SEARO",2025-06-01,8697,8697,NA,15,NA,FALSE,"no_lookup_match",NA,2,"2025/2026","Observed",20367,24372,55338,60194,NA,55338,"East & Southeast Asia","Thailand",2.83617433191888,24968.375,44.8547614191159,"Normal","Average - typical case load at this point",-0.310340993999255,"Normal",33.9715129273705,"Average - typical case load at this point","Thailand"
"THA",6,7,2.14523098084328,14275.4375,2.6498436048084,39243.8124999999,14275.4375,39243.8125,0.474355647789511,0.164057312792285,2025,"SEARO",2025-07-01,10987,10987,NA,14,NA,FALSE,"no_lookup_match",NA,2,"2025/2026","Observed",31354,35359,55338,60194,NA,55338,"East & Southeast Asia","Thailand",2.6498436048084,39243.8124999999,44.337938816412,"Normal","Average - typical case load at this point",-0.327258510727737,"Normal",33.9715129273705,"Average - typical case load at this point","Thailand"
"THA",7,8,2.1559347060588,13359.8125,2.585896906136,52603.6250000001,13359.8125,52603.625,0.627457630489215,0.153101982699704,2025,"SEARO",2025-08-01,8610,8610,NA,13,NA,FALSE,"no_lookup_match",NA,2,"2025/2026","Observed",39964,43969,55338,60194,NA,55338,"East & Southeast Asia","Thailand",2.585896906136,52603.6250000001,41.7053802355754,"Normal","Average - typical case load at this point",-0.38637893857209,"Normal",33.9715129273705,"Average - typical case load at this point","Thailand"
"THA",8,9,2.1949208914771,9531,2.58667399230909,62134.6250000001,9531,62134.625,0.737357017952903,0.109899387463688,2025,"SEARO",2025-09-01,4012,4012,NA,12,NA,FALSE,"no_lookup_match",NA,2,"2025/2026","Observed",43976,47981,55338,60194,NA,55338,"East & Southeast Asia","Thailand",2.58667399230909,62134.6250000001,37.7686878077061,"Normal","Average - typical case load at this point",-0.470014316835722,"Normal",33.9715129273705,"Average - typical case load at this point","Thailand"
"THA",9,10,2.17533840166139,7307.81249999998,2.61623018493578,69442.4374999999,7307.8125,69442.4375,0.822914399708483,0.0855573817555798,2025,"SEARO",2025-10-01,3814,3814,NA,11,NA,FALSE,"no_lookup_match",NA,2,"2025/2026","Observed",47790,51795,55338,60194,NA,55338,"East & Southeast Asia","Thailand",2.61623018493578,69442.4374999999,36.1016965463245,"Normal","Average - typical case load at this point",-0.504326318106611,"Normal",33.9715129273705,"Average - typical case load at this point","Thailand"
"THA",10,11,1.78645916560573,6892.37499999999,2.62093854507766,76334.8124999999,6892.375,76334.8125,0.902664670736938,0.0797502710284556,2025,"SEARO",2025-11-01,3218,3218,NA,10,NA,FALSE,"no_lookup_match",NA,2,"2025/2026","Observed",51008,55013,55338,60194,NA,55338,"East & Southeast Asia","Thailand",2.62093854507766,76334.8124999999,34.5266583138133,"Normal","Average - typical case load at this point",-0.537129314745264,"Normal",33.9715129273705,"Average - typical case load at this point","Thailand"
"THA",11,12,1.86830735924767,4269.5625,2.64567261501576,80604.3749999999,4269.5625,80604.375,0.954253066062204,0.051588395325266,2025,"SEARO",2025-12-01,2427,2427,NA,9,NA,FALSE,"no_lookup_match",NA,2,"2025/2026","Observed",53435,57440,55338,60194,NA,55338,"East & Southeast Asia","Thailand",2.64567261501576,80604.3749999999,33.9715129273705,"Normal","Average - typical case load at this point",-0.548254186888958,"Normal",33.9715129273705,"Average - typical case load at this point","Thailand"
"THA",12,1,2.1239564508486,3499.9375,2.7045016369764,84104.3125000001,3499.9375,84104.3125,1,0.0457469339377959,2026,"SEARO",2026-01-01,1903,1903,NA,8,NA,FALSE,"no_lookup_match",NA,2,"2025/2026","Observed",55338,1903,55338,37649,NA,55338,"East & Southeast Asia","Thailand",2.7045016369764,84104.3125000001,33.2430976390017,"Normal","Average - typical case load at this point",-0.56247415340718,"Low",8.07063852261627,"Below average - fewer cases than typical at this point","Thailand"
"THA",1,2,2.54294957101223,2720.0625,2.54294957101223,2720.0625,2720.0625,2720.0625,0.03737012376918,0.03737012376918,2026,"SEARO",2026-02-01,1288,1288,NA,7,NA,FALSE,"no_lookup_match",NA,2,"2026/2027","Observed",1288,3191,33637,37649,NA,38932,"East & Southeast Asia","Thailand",2.54294957101223,2720.0625,20.0959616068041,"Low","Below average - fewer cases than typical at this point",-0.839168261856107,"Low",8.07063852261627,"Below average - fewer cases than typical at this point","Thailand"
"THA",2,3,2.69794191030474,2920.4375,2.66181780493205,5640.50000000001,2920.4375,5640.5,0.0758439310608258,0.0384738072916457,2026,"SEARO",2026-03-01,1229,1229,NA,6,NA,FALSE,"no_lookup_match",NA,2,"2026/2027","Observed",2517,4420,33637,37649,NA,38932,"East & Southeast Asia","Thailand",2.66181780493205,5640.50000000001,17.2694676488547,"Low","Below average - fewer cases than typical at this point",-0.903255509855803,"Low",8.07063852261627,"Below average - fewer cases than typical at this point","Thailand"
"THA",3,4,2.3968292196608,3023.75,2.70194309549726,8664.25000000001,3023.75,8664.25,0.112375986040397,0.0365320549795709,2026,"SEARO",2026-04-01,1661,1661,NA,5,NA,FALSE,"no_lookup_match",NA,2,"2026/2027","Observed",4178,6081,33637,37649,NA,38932,"East & Southeast Asia","Thailand",2.70194309549726,8664.25000000001,19.6358942789021,"Low","Below average - fewer cases than typical at this point",-0.85098692759756,"Low",8.07063852261627,"Below average - fewer cases than typical at this point","Thailand"
"THA",4,5,2.40028032607068,5658.125,2.88672216963652,14322.375,5658.125,14322.375,0.182225324078233,0.0698493380378364,2026,"SEARO",2026-05-01,1782,1782,NA,4,NA,FALSE,"no_lookup_match",NA,2,"2026/2027","Observed",5960,7863,33637,37649,NA,38932,"East & Southeast Asia","Thailand",2.88672216963652,14322.375,13.7567706179323,"Low","Below average - fewer cases than typical at this point",-0.991912423813395,"Low",8.07063852261627,"Below average - fewer cases than typical at this point","Thailand"
"THA",5,6,2.37768713306799,10646,2.83617433191888,24968.375,10646,24968.375,0.310298334997226,0.128073010918993,2026,"SEARO",2026-06-01,3992,3992,NA,3,NA,FALSE,"no_lookup_match",NA,2,"2026/2027","Observed",9952,11855,33637,37649,NA,38932,"East & Southeast Asia","Thailand",2.83617433191888,24968.375,12.8664967229536,"Low","Below average - fewer cases than typical at this point",-1.012783514442,"Low",8.07063852261627,"Below average - fewer cases than typical at this point","Thailand"
"THA",6,7,2.14523098084328,14275.4375,2.6498436048084,39243.8124999999,14275.4375,39243.8125,0.474355647789511,0.164057312792285,2026,"SEARO",2026-07-01,6004,6004,NA,2,NA,FALSE,"no_lookup_match",NA,2,"2026/2027","Observed",15956,17859,33637,37649,NA,38932,"East & Southeast Asia","Thailand",2.6498436048084,39243.8124999999,14.5406920274277,"Low","Below average - fewer cases than typical at this point",-0.965946254978407,"Low",8.07063852261627,"Below average - fewer cases than typical at this point","Thailand"
"THA",7,8,2.1559347060588,13359.8125,2.585896906136,52603.6250000001,13359.8125,52603.625,0.627457630489215,0.153101982699704,2026,"Estimates",2026-08-01,8472,0,NA,1,NA,FALSE,"no_lookup_match",NA,2,"2026/2027","Unobserved",24428,26331,33637,37649,8472.35751863623,38932,"East & Southeast Asia","Thailand",2.585896906136,52603.6250000001,19.0905353053199,"Low","Below average - fewer cases than typical at this point",-0.861296761660667,"Low",8.07063852261627,"Below average - fewer cases than typical at this point","Thailand"
"THA",8,9,2.1949208914771,9531,2.58667399230909,62134.6250000001,9531,62134.625,0.737357017952903,0.109899387463688,2026,"SEARO",2026-09-01,NA,0,NA,0,NA,FALSE,"no_lookup_match",NA,2,"2026/2027","Unobserved",24428,26331,33637,37649,NA,38932,"East & Southeast Asia","Thailand",2.58667399230909,62134.6250000001,14.0322569649034,"Low","Below average - fewer cases than typical at this point",-0.975990945875896,"Low",8.07063852261627,"Below average - fewer cases than typical at this point","Thailand"
"THA",9,10,2.17533840166139,7307.81249999998,2.61623018493578,69442.4374999999,7307.8125,69442.4375,0.822914399708483,0.0855573817555798,2026,"SEARO",2026-10-01,NA,0,NA,-1,NA,FALSE,"no_lookup_match",NA,2,"2026/2027","Unobserved",24428,26331,33637,37649,NA,38932,"East & Southeast Asia","Thailand",2.61623018493578,69442.4374999999,11.1346191153101,"Low","Below average - fewer cases than typical at this point",-1.04847158783002,"Low",8.07063852261627,"Below average - fewer cases than typical at this point","Thailand"
"THA",10,11,1.78645916560573,6892.37499999999,2.62093854507766,76334.8124999999,6892.375,76334.8125,0.902664670736938,0.0797502710284556,2026,"SEARO",2026-11-01,NA,0,NA,-2,NA,FALSE,"no_lookup_match",NA,2,"2026/2027","Unobserved",24428,26331,33637,37649,NA,38932,"East & Southeast Asia","Thailand",2.62093854507766,76334.8124999999,9.17393110586605,"Low","Below average - fewer cases than typical at this point",-1.10083614464852,"Low",8.07063852261627,"Below average - fewer cases than typical at this point","Thailand"
"THA",11,12,1.86830735924767,4269.5625,2.64567261501576,80604.3749999999,4269.5625,80604.375,0.954253066062204,0.051588395325266,2026,"SEARO",2026-12-01,NA,0,NA,-3,NA,FALSE,"no_lookup_match",NA,2,"2026/2027","Unobserved",24428,26331,33637,37649,NA,38932,"East & Southeast Asia","Thailand",2.64567261501576,80604.3749999999,8.07063852261627,"Low","Below average - fewer cases than typical at this point",-1.13359003650229,"Low",8.07063852261627,"Below average - fewer cases than typical at this point","Thailand"
"TLS",5,1,1.17259610705666,196.8,1.49155875534206,302.4,196.8,302.4,0.262153114000808,0.150690525286654,2025,"SEARO",2025-01-01,130,130,NA,20,NA,FALSE,"no_lookup_match",NA,9,"2024/2025","Observed",130,130,970,13547,NA,970,"East & Southeast Asia","Timor-Leste",1.49155875534206,302.4,27.1700629185155,"Normal","Average - typical case load at this point",-0.694555944310025,"Unknown",95.0260116537708,"Cannot determine","Timor-Leste"
"TLS",6,2,2.14830039505678,262.733333333333,1.89647180182736,565.133333333332,262.733333333333,565.133333333333,0.505681332259721,0.243528218258913,2025,"SEARO",2025-02-01,189,189,NA,19,NA,FALSE,"no_lookup_match",NA,9,"2024/2025","Observed",319,319,970,13547,NA,970,"East & Southeast Asia","Timor-Leste",1.89647180182736,565.133333333332,32.1978792592218,"Normal","Average - typical case load at this point",-0.598777154775522,"Unknown",95.0260116537708,"Cannot determine","Timor-Leste"
"TLS",7,3,1.91916569605518,250.733333333333,1.98581483350276,815.866666666667,250.733333333333,815.866666666667,0.725371661643334,0.219690329383613,2025,"SEARO",2025-03-01,192,192,NA,18,NA,FALSE,"no_lookup_match",NA,9,"2024/2025","Observed",511,511,970,13547,NA,970,"East & Southeast Asia","Timor-Leste",1.98581483350276,815.866666666667,35.8218030458555,"Normal","Average - typical case load at this point",-0.525935195580085,"Unknown",95.0260116537708,"Cannot determine","Timor-Leste"
"TLS",8,4,1.08796024122912,159.266666666667,1.9501731445028,975.133333333333,159.266666666667,975.133333333333,0.851600479457924,0.12622881781459,2025,"SEARO",2025-04-01,131,131,NA,17,NA,FALSE,"no_lookup_match",NA,9,"2024/2025","Observed",642,642,970,13547,NA,970,"East & Southeast Asia","Timor-Leste",1.9501731445028,975.133333333333,38.3525117777754,"Normal","Average - typical case load at this point",-0.476603068191189,"Unknown",95.0260116537708,"Cannot determine","Timor-Leste"
"TLS",9,5,0.470741094283412,101.066666666667,1.84872917200777,1076.2,101.066666666667,1076.2,0.918117392959997,0.0665169135020734,2025,"SEARO",2025-05-01,111,111,NA,16,NA,FALSE,"no_lookup_match",NA,9,"2024/2025","Observed",753,753,970,13547,NA,970,"East & Southeast Asia","Timor-Leste",1.84872917200777,1076.2,41.9427751506166,"Normal","Average - typical case load at this point",-0.407983227592609,"Unknown",95.0260116537708,"Cannot determine","Timor-Leste"
"TLS",10,6,0.460662593385297,52.6666666666666,1.80549482870001,1128.86666666666,52.6666666666667,1128.86666666667,0.954359532643024,0.0362421396830268,2025,"SEARO",2025-06-01,74,74,NA,15,NA,FALSE,"no_lookup_match",NA,9,"2024/2025","Observed",827,827,970,13547,NA,970,"East & Southeast Asia","Timor-Leste",1.80549482870001,1128.86666666666,44.4165932850679,"Normal","Average - typical case load at this point",-0.359024105770891,"Unknown",95.0260116537708,"Cannot determine","Timor-Leste"
"TLS",11,7,0.492275653439916,38.4,1.78504560150563,1167.26666666667,38.4,1167.26666666667,0.982328810995441,0.0279692783524166,2025,"SEARO",2025-07-01,85,85,NA,14,NA,FALSE,"no_lookup_match",NA,9,"2024/2025","Observed",912,912,970,13547,NA,970,"East & Southeast Asia","Timor-Leste",1.78504560150563,1167.26666666667,47.6331687298145,"Normal","Average - typical case load at this point",-0.291955634992457,"Unknown",95.0260116537708,"Cannot determine","Timor-Leste"
"TLS",12,8,0.37835812412279,24.0666666666667,1.77240467817932,1191.33333333333,24.0666666666667,1191.33333333333,1,0.0176711890045593,2025,"SEARO",2025-08-01,58,58,NA,13,NA,FALSE,"no_lookup_match",NA,9,"2024/2025","Observed",970,970,970,13547,NA,970,"East & Southeast Asia","Timor-Leste",1.77240467817932,1191.33333333333,49.7159141567501,"Normal","Average - typical case load at this point",-0.247156567186958,"Unknown",95.0260116537708,"Cannot determine","Timor-Leste"
"TLS",1,9,0.486073261232126,14.1333333333333,0.486073261232126,14.1333333333333,14.1333333333333,14.1333333333333,0.0144007848720202,0.0144007848720202,2025,"SEARO",2025-09-01,51,51,NA,12,NA,FALSE,"no_lookup_match",NA,9,"2025/2026","Observed",51,1021,5364,13547,NA,5364,"East & Southeast Asia","Timor-Leste",0.486073261232126,14.1333333333333,94.1047981706913,"High","Above average - more cases than typical at this point",1.78812372110556,"Unknown",95.0260116537708,"Cannot determine","Timor-Leste"
"TLS",2,10,0.462233672460618,21.9333333333333,0.402775276118595,36.0666666666667,21.9333333333333,36.0666666666667,0.0382632846383324,0.0238624997663122,2025,"SEARO",2025-10-01,99,99,NA,11,NA,FALSE,"no_lookup_match",NA,9,"2025/2026","Observed",150,1120,5364,13547,NA,5364,"East & Southeast Asia","Timor-Leste",0.402775276118595,36.0666666666667,95.0260116537708,"Extremely High","Rare bad event - unusually high cases to date",1.99372219558343,"Unknown",95.0260116537708,"Cannot determine","Timor-Leste"
"TLS",3,11,NA,NA,NA,NA,19.2,55.2666666666667,0.0591990379966395,0.0209357533583071,2025,"SEARO",2025-11-01,111,111,NA,10,NA,FALSE,"no_lookup_match",NA,9,"2025/2026","Observed",261,1231,5364,13547,NA,5364,"East & Southeast Asia","Timor-Leste",NA,NA,NA,"Unknown","Cannot determine",NA,"Unknown",95.0260116537708,"Cannot determine","Timor-Leste"
"TLS",4,12,0.360913723179406,50.3333333333333,NA,NA,50.3333333333333,105.6,0.111462588714154,0.052263550717514,2025,"SEARO",2025-12-01,279,279,NA,9,NA,FALSE,"no_lookup_match",NA,9,"2025/2026","Observed",540,1510,5364,13547,NA,5364,"East & Southeast Asia","Timor-Leste",NA,NA,NA,"Unknown","Cannot determine",NA,"Unknown",95.0260116537708,"Cannot determine","Timor-Leste"
"TLS",5,1,1.17259610705666,196.8,1.49155875534206,302.4,196.8,302.4,0.262153114000808,0.150690525286654,2026,"SEARO",2026-01-01,1281,1281,NA,8,NA,FALSE,"no_lookup_match",NA,9,"2025/2026","Observed",1821,1281,5364,4798,NA,5364,"East & Southeast Asia","Timor-Leste",1.49155875534206,302.4,99.9554306673581,"Extremely High","Rare bad event - unusually high cases to date",6.11805485515781,"Unknown",16.286307491126,"Cannot determine","Timor-Leste"
"TLS",6,2,2.14830039505678,262.733333333333,1.89647180182736,565.133333333332,262.733333333333,565.133333333333,0.505681332259721,0.243528218258913,2026,"SEARO",2026-02-01,2105,2105,NA,7,NA,FALSE,"no_lookup_match",NA,9,"2025/2026","Observed",3926,3386,5364,4798,NA,5364,"East & Southeast Asia","Timor-Leste",1.89647180182736,565.133333333332,99.9978376995737,"Extremely High","Rare bad event - unusually high cases to date",8.17609769872658,"Unknown",16.286307491126,"Cannot determine","Timor-Leste"
"TLS",7,3,1.91916569605518,250.733333333333,1.98581483350276,815.866666666667,250.733333333333,815.866666666667,0.725371661643334,0.219690329383613,2026,"SEARO",2026-03-01,780,780,NA,6,NA,FALSE,"no_lookup_match",NA,9,"2025/2026","Observed",4706,4166,5364,4798,NA,5364,"East & Southeast Asia","Timor-Leste",1.98581483350276,815.866666666667,99.9870615033471,"Extremely High","Rare bad event - unusually high cases to date",6.71099290017256,"Unknown",16.286307491126,"Cannot determine","Timor-Leste"
"TLS",8,4,1.08796024122912,159.266666666667,1.9501731445028,975.133333333333,159.266666666667,975.133333333333,0.851600479457924,0.12622881781459,2026,"SEARO",2026-04-01,203,203,NA,5,NA,FALSE,"no_lookup_match",NA,9,"2025/2026","Observed",4909,4369,5364,4798,NA,5364,"East & Southeast Asia","Timor-Leste",1.9501731445028,975.133333333333,99.9462556821338,"Extremely High","Rare bad event - unusually high cases to date",5.6280556029269,"Unknown",16.286307491126,"Cannot determine","Timor-Leste"
"TLS",9,5,0.470741094283412,101.066666666667,1.84872917200777,1076.2,101.066666666667,1076.2,0.918117392959997,0.0665169135020734,2026,"SEARO",2026-05-01,126,126,NA,4,NA,FALSE,"no_lookup_match",NA,9,"2025/2026","Observed",5035,4495,5364,4798,NA,5364,"East & Southeast Asia","Timor-Leste",1.84872917200777,1076.2,99.8725349637127,"Extremely High","Rare bad event - unusually high cases to date",4.99728960827237,"Unknown",16.286307491126,"Cannot determine","Timor-Leste"
"TLS",10,6,0.460662593385297,52.6666666666666,1.80549482870001,1128.86666666666,52.6666666666667,1128.86666666667,0.954359532643024,0.0362421396830268,2026,"SEARO",2026-06-01,84,84,NA,3,NA,FALSE,"no_lookup_match",NA,9,"2025/2026","Observed",5119,4579,5364,4798,NA,5364,"East & Southeast Asia","Timor-Leste",1.80549482870001,1128.86666666666,99.8214860249384,"Extremely High","Rare bad event - unusually high cases to date",4.74565167371898,"Unknown",16.286307491126,"Cannot determine","Timor-Leste"
"TLS",11,7,0.492275653439916,38.4,1.78504560150563,1167.26666666667,38.4,1167.26666666667,0.982328810995441,0.0279692783524166,2026,"Estimates",2026-07-01,150,0,NA,2,NA,FALSE,"no_lookup_match",NA,9,"2025/2026","Unobserved",5269,4729,5364,4798,150.027209082363,5364,"East & Southeast Asia","Timor-Leste",1.78504560150563,1167.26666666667,99.8068996513855,"Extremely High","Rare bad event - unusually high cases to date",4.69126727567135,"Unknown",16.286307491126,"Cannot determine","Timor-Leste"
"TLS",12,8,0.37835812412279,24.0666666666667,1.77240467817932,1191.33333333333,24.0666666666667,1191.33333333333,1,0.0176711890045593,2026,"Estimates",2026-08-01,95,0,NA,1,NA,FALSE,"no_lookup_match",NA,9,"2025/2026","Unobserved",5364,4824,5364,4798,94.7882578204562,5364,"East & Southeast Asia","Timor-Leste",1.77240467817932,1191.33333333333,99.7977946897174,"Extremely High","Rare bad event - unusually high cases to date",4.65949684946736,"Unknown",16.286307491126,"Cannot determine","Timor-Leste"
"TLS",1,9,0.486073261232126,14.1333333333333,0.486073261232126,14.1333333333333,14.1333333333333,14.1333333333333,0.0144007848720202,0.0144007848720202,2026,"SEARO",2026-09-01,NA,0,NA,0,NA,FALSE,"no_lookup_match",NA,9,"2026/2027","Unobserved",0,4824,NA,4798,NA,NA,"East & Southeast Asia","Timor-Leste",0.486073261232126,14.1333333333333,19.119339659351,"Low","Below average - fewer cases than typical at this point",-0.685501318036853,"Unknown",16.286307491126,"Cannot determine","Timor-Leste"
"TLS",2,10,0.462233672460618,21.9333333333333,0.402775276118595,36.0666666666667,21.9333333333333,36.0666666666667,0.0382632846383324,0.0238624997663122,2026,"SEARO",2026-10-01,NA,0,NA,-1,NA,FALSE,"no_lookup_match",NA,9,"2026/2027","Unobserved",0,4824,NA,4798,NA,NA,"East & Southeast Asia","Timor-Leste",0.402775276118595,36.0666666666667,16.286307491126,"Low","Below average - fewer cases than typical at this point",-0.63113148496819,"Unknown",16.286307491126,"Cannot determine","Timor-Leste"
"TLS",3,11,NA,NA,NA,NA,19.2,55.2666666666667,0.0591990379966395,0.0209357533583071,2026,"SEARO",2026-11-01,NA,0,NA,-2,NA,FALSE,"no_lookup_match",NA,9,"2026/2027","Unobserved",0,4824,NA,4798,NA,NA,"East & Southeast Asia","Timor-Leste",NA,NA,NA,"Unknown","Cannot determine",NA,"Unknown",16.286307491126,"Cannot determine","Timor-Leste"
"TLS",4,12,0.360913723179406,50.3333333333333,NA,NA,50.3333333333333,105.6,0.111462588714154,0.052263550717514,2026,"SEARO",2026-12-01,NA,0,NA,-3,NA,FALSE,"no_lookup_match",NA,9,"2026/2027","Unobserved",0,4824,NA,4798,NA,NA,"East & Southeast Asia","Timor-Leste",NA,NA,NA,"Unknown","Cannot determine",NA,"Unknown",16.286307491126,"Cannot determine","Timor-Leste"
"TON",9,1,NA,NA,0.63390476627992,546,47.3333333333333,546,0.565389444219568,0.0667177338730211,2025,"WHO",2025-01-01,0,0,NA,19,NA,FALSE,"no_lookup_match",NA,5,"2024/2025","Observed",0,0,1285,4380,NA,1285,"Pacific Islands","Tonga",0.63390476627992,546,1.37740983503201,"Extremely Low","Rare good event - unusually low cases to date",-0.795719584865153,"High",82.070615266199,"Above average - more cases than typical at this point","Tonga"
"TON",10,2,NA,NA,1.15757549407429,652.5,106.5,652.5,0.688780485937149,0.123391041717581,2025,"WHO",2025-02-01,249,249,NA,18,NA,FALSE,"no_lookup_match",NA,5,"2024/2025","Observed",249,249,1285,4380,NA,1285,"Pacific Islands","Tonga",1.15757549407429,652.5,28.7588510312801,"Normal","Average - typical case load at this point",-0.664741501553865,"High",82.070615266199,"Above average - more cases than typical at this point","Tonga"
"TON",11,3,NA,NA,1.47184463876134,832.833333333333,180.333333333333,832.833333333333,0.87875531648103,0.189974830543881,2025,"WHO",2025-03-01,603,603,NA,17,NA,FALSE,"no_lookup_match",NA,5,"2024/2025","Observed",852,852,1285,4380,NA,1285,"Pacific Islands","Tonga",1.47184463876134,832.833333333333,62.006355982956,"Normal","Average - typical case load at this point",0.0278956224236774,"High",82.070615266199,"Above average - more cases than typical at this point","Tonga"
"TON",12,4,NA,NA,1.45518100538418,960.666666666666,127.833333333333,960.666666666667,1,0.12124468351897,2025,"WHO",2025-04-01,433,433,NA,16,NA,FALSE,"no_lookup_match",NA,5,"2024/2025","Observed",1285,1285,1285,4380,NA,1285,"Pacific Islands","Tonga",1.45518100538418,960.666666666666,73.9528046949975,"Normal","Average - typical case load at this point",0.406957161029483,"High",82.070615266199,"Above average - more cases than typical at this point","Tonga"
"TON",1,5,0.428798036173267,109.166666666667,0.428798036173267,109.166666666667,109.166666666667,109.166666666667,0.146584656184454,0.146584656184454,2025,"WHO",2025-05-01,563,563,NA,15,NA,FALSE,"no_lookup_match",NA,5,"2025/2026","Observed",563,1848,1069,4380,NA,1069,"Pacific Islands","Tonga",0.428798036173267,109.166666666667,97.1808807348026,"Extremely High","Rare bad event - unusually high cases to date",2.71694889008458,"High",82.070615266199,"Above average - more cases than typical at this point","Tonga"
"TON",2,6,0.659472074002865,67.3333333333334,0.524188663780866,176.5,67.3333333333333,176.5,0.268359149160006,0.121774492975553,2025,"WHO",2025-06-01,207,207,NA,14,NA,FALSE,"no_lookup_match",NA,5,"2025/2026","Observed",770,2055,1069,4380,NA,1069,"Pacific Islands","Tonga",0.524188663780866,176.5,96.5020356756571,"Extremely High","Rare bad event - unusually high cases to date",2.43094914963394,"High",82.070615266199,"Above average - more cases than typical at this point","Tonga"
"TON",3,7,0.53374224850415,48.8333333333333,0.538793095673592,225.333333333333,48.8333333333333,225.333333333333,0.324418088360385,0.0560589392003787,2025,"WHO",2025-07-01,109,109,NA,13,NA,FALSE,"no_lookup_match",NA,5,"2025/2026","Observed",879,2164,1069,4380,NA,1069,"Pacific Islands","Tonga",0.538793095673592,225.333333333333,95.4771780360799,"Extremely High","Rare bad event - unusually high cases to date",2.12678363084119,"High",82.070615266199,"Above average - more cases than typical at this point","Tonga"
"TON",4,8,0.304272821002172,30.5,0.533117984486198,255.833333333334,30.5,255.833333333333,0.350054739995365,0.0256366516349798,2025,"WHO",2025-08-01,11,11,11,12,1,TRUE,"applied_mean",NA,5,"2025/2026","Observed",890,2175,1069,4380,NA,1069,"Pacific Islands","Tonga",0.533117984486198,255.833333333334,94.0517587093399,"High","Above average - more cases than typical at this point",1.80803118461634,"High",82.070615266199,"Above average - more cases than typical at this point","Tonga"
"TON",5,9,0.247607084700203,108,0.486765090459327,363.833333333334,108,363.833333333333,0.416441950049769,0.066387210054404,2025,"WHO",2025-09-01,1,1,1,11,1,TRUE,"applied_mean",NA,5,"2025/2026","Observed",891,2176,1069,4380,NA,1069,"Pacific Islands","Tonga",0.486765090459327,363.833333333334,88.1651039006198,"High","Above average - more cases than typical at this point",1.01021740262832,"High",82.070615266199,"Above average - more cases than typical at this point","Tonga"
"TON",6,10,0.261990030976406,106.833333333333,0.454177513749099,470.666666666667,106.833333333333,470.666666666667,0.477542169233149,0.0611002191833804,2025,"WHO",2025-10-01,7,7,7,10,1,TRUE,"applied_mean",NA,5,"2025/2026","Observed",898,2183,1069,4380,NA,1069,"Pacific Islands","Tonga",0.454177513749099,470.666666666667,83.2381957516305,"High","Above average - more cases than typical at this point",0.611584829354531,"High",82.070615266199,"Above average - more cases than typical at this point","Tonga"
"TON",7,11,0.385854846978806,19.1666666666667,0.460145088772451,489.833333333334,19.1666666666667,489.833333333333,0.491762836090589,0.0142206668574401,2025,"WHO",2025-11-01,1,1,1,9,1,TRUE,"applied_mean",NA,5,"2025/2026","Observed",899,2184,1069,4380,NA,1069,"Pacific Islands","Tonga",0.460145088772451,489.833333333334,82.4468506544555,"High","Above average - more cases than typical at this point",0.566363706757858,"High",82.070615266199,"Above average - more cases than typical at this point","Tonga"
"TON",8,12,0.325534457757481,8.83333333333334,0.471869569865406,498.666666666666,8.83333333333333,498.666666666667,0.498671710346547,0.00690887425595723,2025,"WHO",2025-12-01,0,0,0,8,1,TRUE,"applied_mean",NA,5,"2025/2026","Observed",899,2184,1069,4380,NA,1069,"Pacific Islands","Tonga",0.471869569865406,498.666666666666,82.070615266199,"High","Above average - more cases than typical at this point",0.551209911756262,"High",82.070615266199,"Above average - more cases than typical at this point","Tonga"
"TON",9,1,NA,NA,0.63390476627992,546,47.3333333333333,546,0.565389444219568,0.0667177338730211,2026,"WHO",2026-01-01,0,0,0,7,1,TRUE,"applied_mean",NA,5,"2025/2026","Observed",899,0,1069,845,NA,1069,"Pacific Islands","Tonga",0.63390476627992,546,79.9916776106523,"High","Above average - more cases than typical at this point",0.51444874259597,"Normal",40.6335468712344,"Average - typical case load at this point","Tonga"
"TON",10,2,NA,NA,1.15757549407429,652.5,106.5,652.5,0.688780485937149,0.123391041717581,2026,"WHO",2026-02-01,0,0,0,6,1,TRUE,"applied_mean",NA,5,"2025/2026","Observed",899,0,1069,845,NA,1069,"Pacific Islands","Tonga",1.15757549407429,652.5,74.8669338537092,"Normal","Average - typical case load at this point",0.406093631060787,"Normal",40.6335468712344,"Average - typical case load at this point","Tonga"
"TON",11,3,NA,NA,1.47184463876134,832.833333333333,180.333333333333,832.833333333333,0.87875531648103,0.189974830543881,2026,"WHO",2026-03-01,0,0,0,5,1,TRUE,"applied_mean",NA,5,"2025/2026","Observed",899,0,1069,845,NA,1069,"Pacific Islands","Tonga",1.47184463876134,832.833333333333,64.4555765987938,"Normal","Average - typical case load at this point",0.0963005400191287,"Normal",40.6335468712344,"Average - typical case load at this point","Tonga"
"TON",12,4,NA,NA,1.45518100538418,960.666666666666,127.833333333333,960.666666666667,1,0.12124468351897,2026,"WHO",2026-04-01,170,170,170,4,1,TRUE,"applied_mean",NA,5,"2025/2026","Observed",1069,170,1069,845,NA,1069,"Pacific Islands","Tonga",1.45518100538418,960.666666666666,65.8644024279216,"Normal","Average - typical case load at this point",0.135931220282202,"Normal",40.6335468712344,"Average - typical case load at this point","Tonga"
"TON",1,5,0.428798036173267,109.166666666667,0.428798036173267,109.166666666667,109.166666666667,109.166666666667,0.146584656184454,0.146584656184454,2026,"WHO",2026-05-01,73,73,73,3,1,TRUE,"applied_mean",NA,5,"2026/2027","Observed",73,243,321,845,NA,374,"Pacific Islands","Tonga",0.428798036173267,109.166666666667,60.9846629370125,"Normal","Average - typical case load at this point",-0.216517777873064,"Normal",40.6335468712344,"Average - typical case load at this point","Tonga"
"TON",2,6,0.659472074002865,67.3333333333334,0.524188663780866,176.5,67.3333333333333,176.5,0.268359149160006,0.121774492975553,2026,"WHO",2026-06-01,23,23,23,2,1,TRUE,"applied_mean",NA,5,"2026/2027","Observed",96,266,321,845,NA,374,"Pacific Islands","Tonga",0.524188663780866,176.5,53.266403984448,"Normal","Average - typical case load at this point",-0.329724358122212,"Normal",40.6335468712344,"Average - typical case load at this point","Tonga"
"TON",3,7,0.53374224850415,48.8333333333333,0.538793095673592,225.333333333333,48.8333333333333,225.333333333333,0.324418088360385,0.0560589392003787,2026,"WHO",2026-07-01,8,8,NA,1,NA,FALSE,"insufficient_n_rf",NA,5,"2026/2027","Observed",104,274,321,845,NA,374,"Pacific Islands","Tonga",0.538793095673592,225.333333333333,49.0349649720582,"Normal","Average - typical case load at this point",-0.394772688233652,"Normal",40.6335468712344,"Average - typical case load at this point","Tonga"
"TON",4,8,0.304272821002172,30.5,0.533117984486198,255.833333333334,30.5,255.833333333333,0.350054739995365,0.0256366516349798,2026,"Estimates",2026-08-01,27,NA,NA,NA,NA,NA,NA,NA,5,"2026/2027","Unobserved",131,301,321,845,27.4055805977934,374,"Pacific Islands","Tonga",0.533117984486198,255.833333333334,51.5501454850802,"Normal","Average - typical case load at this point",-0.35590416748427,"Normal",40.6335468712344,"Average - typical case load at this point","Tonga"
"TON",5,9,0.247607084700203,108,0.486765090459327,363.833333333334,108,363.833333333333,0.416441950049769,0.066387210054404,2026,NA,2026-09-01,NA,NA,NA,NA,NA,NA,NA,NA,5,"2026/2027","Unobserved",131,301,321,845,NA,374,"Pacific Islands","Tonga",0.486765090459327,363.833333333334,45.8229449519051,"Normal","Average - typical case load at this point",-0.446182014376151,"Normal",40.6335468712344,"Average - typical case load at this point","Tonga"
"TON",6,10,0.261990030976406,106.833333333333,0.454177513749099,470.666666666667,106.833333333333,470.666666666667,0.477542169233149,0.0611002191833804,2026,NA,2026-10-01,NA,NA,NA,NA,NA,NA,NA,NA,5,"2026/2027","Unobserved",131,301,321,845,NA,374,"Pacific Islands","Tonga",0.454177513749099,470.666666666667,42.5468004327559,"Normal","Average - typical case load at this point",-0.486119298839523,"Normal",40.6335468712344,"Average - typical case load at this point","Tonga"
"TON",7,11,0.385854846978806,19.1666666666667,0.460145088772451,489.833333333334,19.1666666666667,489.833333333333,0.491762836090589,0.0142206668574401,2026,NA,2026-11-01,NA,NA,NA,NA,NA,NA,NA,NA,5,"2026/2027","Unobserved",131,301,321,845,NA,374,"Pacific Islands","Tonga",0.460145088772451,489.833333333334,41.5394119091231,"Normal","Average - typical case load at this point",-0.496692896394978,"Normal",40.6335468712344,"Average - typical case load at this point","Tonga"
"TON",8,12,0.325534457757481,8.83333333333334,0.471869569865406,498.666666666666,8.83333333333333,498.666666666667,0.498671710346547,0.00690887425595723,2026,NA,2026-12-01,NA,NA,NA,NA,NA,NA,NA,NA,5,"2026/2027","Unobserved",131,301,321,845,NA,374,"Pacific Islands","Tonga",0.471869569865406,498.666666666666,40.6335468712344,"Normal","Average - typical case load at this point",-0.506231917291552,"Normal",40.6335468712344,"Average - typical case load at this point","Tonga"
"TTO",10,1,0.440238945741006,91,0.716788261073877,880.583333333333,91,880.583333333333,0.935219066759704,0.185420697092611,2025,"WHO",2025-01-01,0,0,NA,19,NA,FALSE,"no_lookup_match",NA,4,"2024/2025","Observed",0,0,0,97,NA,0,"Caribbean","Trinidad And Tobago",0.716788261073877,880.583333333333,0.609980139002827,"Extremely Low","Rare good event - unusually low cases to date",-0.846289120410502,"Low",19.6224594474738,"Below average - fewer cases than typical at this point","Trinidad And Tobago"
"TTO",11,2,0.429974717974194,15.5833333333333,0.726740408967219,896.166666666668,15.5833333333333,896.166666666667,0.963191147213405,0.0279720804537013,2025,"WHO",2025-02-01,0,0,NA,18,NA,FALSE,"no_lookup_match",NA,4,"2024/2025","Observed",0,0,0,97,NA,0,"Caribbean","Trinidad And Tobago",0.726740408967219,896.166666666668,0.566738430037718,"Extremely Low","Rare good event - unusually low cases to date",-0.852145258272072,"Low",19.6224594474738,"Below average - fewer cases than typical at this point","Trinidad And Tobago"
"TTO",12,3,0.425371359250588,10.3333333333333,0.750164331940207,906.500000000001,10.3333333333333,906.5,1,0.036808852786595,2025,"WHO",2025-03-01,0,0,NA,17,NA,FALSE,"no_lookup_match",NA,4,"2024/2025","Observed",0,0,0,97,NA,0,"Caribbean","Trinidad And Tobago",0.750164331940207,906.500000000001,0.487040920665973,"Extremely Low","Rare good event - unusually low cases to date",-0.86576212368857,"Low",19.6224594474738,"Below average - fewer cases than typical at this point","Trinidad And Tobago"
"TTO",1,4,0.325724313866813,7,0.325724313866813,7,7,7,0.00431159469782277,0.00431159469782277,2025,"WHO",2025-04-01,0,0,NA,16,NA,FALSE,"no_lookup_match",NA,4,"2025/2026","Observed",0,0,102,97,NA,102,"Caribbean","Trinidad And Tobago",0.325724313866813,7,36.2761007682446,"Normal","Average - typical case load at this point",-0.557890316749739,"Low",19.6224594474738,"Below average - fewer cases than typical at this point","Trinidad And Tobago"
"TTO",2,5,0.577174979288998,9.24999999999999,0.507333528894968,16.25,9.25,16.25,0.0194277224248581,0.0151161277270353,2025,"PAHO",2025-05-01,9,9,NA,67,NA,FALSE,"no_lookup_match","current_month_missing",4,"2025/2026","Observed",9,9,102,97,NA,102,"Caribbean","Trinidad And Tobago",0.507333528894968,16.25,55.5768273785747,"Normal","Average - typical case load at this point",-0.312936088327582,"Low",19.6224594474738,"Below average - fewer cases than typical at this point","Trinidad And Tobago"
"TTO",3,6,0.510968037810871,17.5,0.493355133989046,33.75,17.5,33.75,0.050734297496433,0.0313065750715749,2025,"PAHO",2025-06-01,23,23,NA,62,NA,FALSE,"no_lookup_match","current_month_missing",4,"2025/2026","Observed",32,32,102,97,NA,102,"Caribbean","Trinidad And Tobago",0.493355133989046,33.75,67.4810406222121,"Normal","Average - typical case load at this point",-0.0361570367898797,"Low",19.6224594474738,"Below average - fewer cases than typical at this point","Trinidad And Tobago"
"TTO",4,7,0.450752952947954,30.1666666666667,0.463292295494826,63.9166666666668,30.1666666666667,63.9166666666667,0.0795805874816304,0.0288462899851974,2025,"PAHO",2025-07-01,8,8,NA,58,NA,FALSE,"no_lookup_match","current_month_missing",4,"2025/2026","Observed",40,40,102,97,NA,102,"Caribbean","Trinidad And Tobago",0.463292295494826,63.9166666666668,58.5785359441671,"Normal","Average - typical case load at this point",-0.253773215742883,"Low",19.6224594474738,"Below average - fewer cases than typical at this point","Trinidad And Tobago"
"TTO",5,8,0.562111144164891,229.333333333334,0.619244288424109,293.25,229.333333333333,293.25,0.30505270649313,0.2254721190115,2025,"PAHO",2025-08-01,7,7,NA,54,NA,FALSE,"no_lookup_match","current_month_missing",4,"2025/2026","Observed",47,47,102,97,NA,102,"Caribbean","Trinidad And Tobago",0.619244288424109,293.25,25.9574699528352,"Normal","Average - typical case load at this point",-0.660102177681073,"Low",19.6224594474738,"Below average - fewer cases than typical at this point","Trinidad And Tobago"
"TTO",6,9,0.531517165565918,87.7500000000002,0.608252874633252,380.999999999999,87.75,381,0.379385582830929,0.074332876337799,2025,"PAHO",2025-09-01,12,12,NA,49,1,TRUE,"applied_mean","previous_month_missing",4,"2025/2026","Observed",59,59,102,97,NA,102,"Caribbean","Trinidad And Tobago",0.608252874633252,380.999999999999,25.837347276683,"Normal","Average - typical case load at this point",-0.658607375180387,"Low",19.6224594474738,"Below average - fewer cases than typical at this point","Trinidad And Tobago"
"TTO",7,10,0.612457717467236,162.333333333334,0.612203737320681,543.333333333333,162.333333333333,543.333333333333,0.53864008139081,0.159254498559881,2025,"PAHO",2025-10-01,14,14,14,45,1,TRUE,"applied_mean","not_missing",4,"2025/2026","Observed",73,73,102,97,NA,102,"Caribbean","Trinidad And Tobago",0.612203737320681,543.333333333333,23.6185839754316,"Low","Below average - fewer cases than typical at this point",-0.676928600392549,"Low",19.6224594474738,"Below average - fewer cases than typical at this point","Trinidad And Tobago"
"TTO",8,11,0.438561115077107,189.916666666667,0.599492121239274,733.250000000001,189.916666666667,733.25,0.702578756763584,0.163938675372774,2025,"WHO",2025-11-01,0,0,0,9,1,TRUE,"applied_mean",NA,4,"2025/2026","Observed",73,73,102,97,NA,102,"Caribbean","Trinidad And Tobago",0.599492121239274,733.250000000001,20.3256921656379,"Low","Below average - fewer cases than typical at this point",-0.696900241395392,"Low",19.6224594474738,"Below average - fewer cases than typical at this point","Trinidad And Tobago"
"TTO",9,12,0.355614598109485,56.3333333333333,0.595828169235035,789.583333333332,56.3333333333333,789.583333333333,0.749798369667093,0.0472196129035094,2025,"WHO",2025-12-01,0,0,0,8,1,TRUE,"applied_mean",NA,4,"2025/2026","Observed",73,73,102,97,NA,102,"Caribbean","Trinidad And Tobago",0.595828169235035,789.583333333332,19.6224594474738,"Low","Below average - fewer cases than typical at this point",-0.700269879038081,"Low",19.6224594474738,"Below average - fewer cases than typical at this point","Trinidad And Tobago"
"TTO",10,1,0.440238945741006,91,0.716788261073877,880.583333333333,91,880.583333333333,0.935219066759704,0.185420697092611,2026,"PAHO",2026-01-01,2,2,2,32,1,TRUE,"applied_mean","previous_month_missing",4,"2025/2026","Observed",75,2,102,741,NA,102,"Caribbean","Trinidad And Tobago",0.716788261073877,880.583333333333,14.5187696240698,"Low","Below average - fewer cases than typical at this point",-0.774209986468091,"Low",16.3447413147722,"Below average - fewer cases than typical at this point","Trinidad And Tobago"
"TTO",11,2,0.429974717974194,15.5833333333333,0.726740408967219,896.166666666668,15.5833333333333,896.166666666667,0.963191147213405,0.0279720804537013,2026,"WHO",2026-02-01,0,0,0,6,1,TRUE,"applied_mean",NA,4,"2025/2026","Observed",75,2,102,741,NA,102,"Caribbean","Trinidad And Tobago",0.726740408967219,896.166666666668,14.0509056936305,"Low","Below average - fewer cases than typical at this point",-0.780829400689325,"Low",16.3447413147722,"Below average - fewer cases than typical at this point","Trinidad And Tobago"
"TTO",12,3,0.425371359250588,10.3333333333333,0.750164331940207,906.500000000001,10.3333333333333,906.5,1,0.036808852786595,2026,"PAHO",2026-03-01,27,27,27,23,1,TRUE,"applied_mean","not_missing",4,"2025/2026","Observed",102,29,102,741,NA,102,"Caribbean","Trinidad And Tobago",0.750164331940207,906.500000000001,16.5272324870138,"Low","Below average - fewer cases than typical at this point",-0.768345977393773,"Low",16.3447413147722,"Below average - fewer cases than typical at this point","Trinidad And Tobago"
"TTO",1,4,0.325724313866813,7,0.325724313866813,7,7,7,0.00431159469782277,0.00431159469782277,2026,"PAHO",2026-04-01,14,14,NA,19,NA,FALSE,"no_lookup_match","current_month_missing",4,"2026/2027","Observed",14,43,377,741,NA,174,"Caribbean","Trinidad And Tobago",0.325724313866813,7,84.6129184221256,"High","Above average - more cases than typical at this point",0.557890316749739,"Low",16.3447413147722,"Below average - fewer cases than typical at this point","Trinidad And Tobago"
"TTO",2,5,0.577174979288998,9.24999999999999,0.507333528894968,16.25,9.25,16.25,0.0194277224248581,0.0151161277270353,2026,"WHO",2026-05-01,0,0,0,3,1,TRUE,"applied_mean",NA,4,"2026/2027","Observed",14,43,377,741,NA,174,"Caribbean","Trinidad And Tobago",0.507333528894968,16.25,65.4221318017624,"Normal","Average - typical case load at this point",-0.0971180963775255,"Low",16.3447413147722,"Below average - fewer cases than typical at this point","Trinidad And Tobago"
"TTO",3,6,0.510968037810871,17.5,0.493355133989046,33.75,17.5,33.75,0.050734297496433,0.0313065750715749,2026,"PAHO",2026-06-01,11,11,NA,10,1,TRUE,"applied_mean","previous_month_missing",4,"2026/2027","Observed",25,54,377,741,NA,174,"Caribbean","Trinidad And Tobago",0.493355133989046,33.75,61.7507699443776,"Normal","Average - typical case load at this point",-0.180785183949399,"Low",16.3447413147722,"Below average - fewer cases than typical at this point","Trinidad And Tobago"
"TTO",4,7,0.450752952947954,30.1666666666667,0.463292295494826,63.9166666666668,30.1666666666667,63.9166666666667,0.0795805874816304,0.0288462899851974,2026,"PAHO",2026-07-01,5,5,5,9,1,TRUE,"applied_mean","not_missing",4,"2026/2027","Observed",30,59,377,741,NA,174,"Caribbean","Trinidad And Tobago",0.463292295494826,63.9166666666668,52.5169200946003,"Normal","Average - typical case load at this point",-0.359880483649314,"Low",16.3447413147722,"Below average - fewer cases than typical at this point","Trinidad And Tobago"
"TTO",5,8,0.562111144164891,229.333333333334,0.619244288424109,293.25,229.333333333333,293.25,0.30505270649313,0.2254721190115,2026,"Estimates",2026-08-01,23,NA,NA,NA,NA,NA,NA,NA,4,"2026/2027","Unobserved",53,82,377,741,22.998156139173,174,"Caribbean","Trinidad And Tobago",0.619244288424109,293.25,27.7975964835855,"Normal","Average - typical case load at this point",-0.644018469798488,"Low",16.3447413147722,"Below average - fewer cases than typical at this point","Trinidad And Tobago"
"TTO",6,9,0.531517165565918,87.7500000000002,0.608252874633252,380.999999999999,87.75,381,0.379385582830929,0.074332876337799,2026,NA,2026-09-01,NA,NA,NA,NA,NA,NA,NA,NA,4,"2026/2027","Unobserved",53,82,377,741,NA,174,"Caribbean","Trinidad And Tobago",0.608252874633252,380.999999999999,24.3141140154667,"Low","Below average - fewer cases than typical at this point",-0.67087956229555,"Low",16.3447413147722,"Below average - fewer cases than typical at this point","Trinidad And Tobago"
"TTO",7,10,0.612457717467236,162.333333333334,0.612203737320681,543.333333333333,162.333333333333,543.333333333333,0.53864008139081,0.159254498559881,2026,NA,2026-10-01,NA,NA,NA,NA,NA,NA,NA,NA,4,"2026/2027","Unobserved",53,82,377,741,NA,174,"Caribbean","Trinidad And Tobago",0.612203737320681,543.333333333333,19.6279374807616,"Low","Below average - fewer cases than typical at this point",-0.705713657815336,"Low",16.3447413147722,"Below average - fewer cases than typical at this point","Trinidad And Tobago"
"TTO",8,11,0.438561115077107,189.916666666667,0.599492121239274,733.250000000001,189.916666666667,733.25,0.702578756763584,0.163938675372774,2026,NA,2026-11-01,NA,NA,NA,NA,NA,NA,NA,NA,4,"2026/2027","Unobserved",53,82,377,741,NA,174,"Caribbean","Trinidad And Tobago",0.599492121239274,733.250000000001,16.9191562618146,"Low","Below average - fewer cases than typical at this point",-0.718010434243415,"Low",16.3447413147722,"Below average - fewer cases than typical at this point","Trinidad And Tobago"
"TTO",9,12,0.355614598109485,56.3333333333333,0.595828169235035,789.583333333332,56.3333333333333,789.583333333333,0.749798369667093,0.0472196129035094,2026,NA,2026-12-01,NA,NA,NA,NA,NA,NA,NA,NA,4,"2026/2027","Unobserved",53,82,377,741,NA,174,"Caribbean","Trinidad And Tobago",0.595828169235035,789.583333333332,16.3447413147722,"Low","Below average - fewer cases than typical at this point",-0.719814566905175,"Low",16.3447413147722,"Below average - fewer cases than typical at this point","Trinidad And Tobago"
"TUV",10,1,1.38378170772476,14.4,1.15198224362321,212.6,14.4,212.6,0.934561107585055,0.183263361396495,2025,"WHO",2025-01-01,0,0,NA,19,NA,FALSE,"no_lookup_match",NA,4,"2024/2025","Observed",0,0,0,40,NA,0,"Pacific Islands","Tuvalu",1.15198224362321,212.6,0.24365163512998,"Extremely Low","Rare good event - unusually low cases to date",-1.07040824871044,"Low",21.6493138419089,"Below average - fewer cases than typical at this point","Tuvalu"
"TUV",11,2,0.490119326064863,3.6,1.22071530726141,216.2,3.6,216.2,0.972106848779005,0.0375457411939506,2025,"WHO",2025-02-01,0,0,NA,18,NA,FALSE,"no_lookup_match",NA,4,"2024/2025","Observed",0,0,0,40,NA,0,"Pacific Islands","Tuvalu",1.22071530726141,216.2,0.178876175711117,"Extremely Low","Rare good event - unusually low cases to date",-1.10175385796687,"Low",21.6493138419089,"Below average - fewer cases than typical at this point","Tuvalu"
"TUV",12,3,0.588346358981623,2.6,1.26501721748846,218.8,2.6,218.8,1,0.0278931512209945,2025,"WHO",2025-03-01,0,0,NA,17,NA,FALSE,"no_lookup_match",NA,4,"2024/2025","Observed",0,0,0,40,NA,0,"Pacific Islands","Tuvalu",1.26501721748846,218.8,0.146482717874563,"Extremely Low","Rare good event - unusually low cases to date",-1.12149249598076,"Low",21.6493138419089,"Below average - fewer cases than typical at this point","Tuvalu"
"TUV",1,4,0.565417684698438,2.2,0.565417684698438,2.2,2.2,2.2,0.00813081564930696,0.00813081564930696,2025,"WHO",2025-04-01,0,0,NA,16,NA,FALSE,"no_lookup_match",NA,4,"2025/2026","Observed",0,0,42,40,NA,42,"Pacific Islands","Tuvalu",0.565417684698438,2.2,40.7573501247795,"Normal","Average - typical case load at this point",-0.670680479954021,"Low",21.6493138419089,"Below average - fewer cases than typical at this point","Tuvalu"
"TUV",2,5,0.48057483482075,2.8,0.380265474042733,5,2.8,5,0.0192385477732943,0.0111077321239874,2025,"WHO",2025-05-01,0,0,NA,15,NA,FALSE,"no_lookup_match",NA,4,"2025/2026","Observed",0,0,42,40,NA,42,"Pacific Islands","Tuvalu",0.380265474042733,5,36.5108653990635,"Normal","Average - typical case load at this point",-0.59446542080877,"Low",21.6493138419089,"Below average - fewer cases than typical at this point","Tuvalu"
"TUV",3,6,0.432232277490121,2.8,0.318265013968625,7.80000000000001,2.8,7.8,0.0286432487729197,0.00940470099962543,2025,"WHO",2025-06-01,0,0,NA,14,NA,FALSE,"no_lookup_match",NA,4,"2025/2026","Observed",0,0,42,40,NA,42,"Pacific Islands","Tuvalu",0.318265013968625,7.80000000000001,35.6701369399043,"Normal","Average - typical case load at this point",-0.552980910629629,"Low",21.6493138419089,"Below average - fewer cases than typical at this point","Tuvalu"
"TUV",4,7,0.398957605740579,42.2,0.378826639680766,49.9999999999999,42.2,50,0.174066279150377,0.145423030377458,2025,"WHO",2025-07-01,0,0,NA,13,NA,FALSE,"no_lookup_match",NA,4,"2025/2026","Observed",0,0,42,40,NA,42,"Pacific Islands","Tuvalu",0.378826639680766,49.9999999999999,15.6835772569499,"Low","Below average - fewer cases than typical at this point",-0.613170473692467,"Low",21.6493138419089,"Below average - fewer cases than typical at this point","Tuvalu"
"TUV",5,8,NA,NA,NA,NA,86.2,136.2,0.450830861985003,0.276764582834626,2025,"WHO",2025-08-01,0,0,0,12,1,TRUE,"applied_mean",NA,4,"2025/2026","Observed",0,0,42,40,NA,42,"Pacific Islands","Tuvalu",NA,NA,NA,"Unknown","Cannot determine",NA,"Low",21.6493138419089,"Below average - fewer cases than typical at this point","Tuvalu"
"TUV",6,9,0.808546895761555,34.4,0.750667146359667,170.6,34.4,170.6,0.659229141901783,0.20839827991678,2025,"WHO",2025-09-01,26,26,NA,11,NA,FALSE,"insufficient_n_rf",NA,4,"2025/2026","Observed",26,26,42,40,NA,42,"Pacific Islands","Tuvalu",0.750667146359667,170.6,20.8050392088697,"Low","Below average - fewer cases than typical at this point",-0.73275633905542,"Low",21.6493138419089,"Below average - fewer cases than typical at this point","Tuvalu"
"TUV",7,10,0.564055893742158,11.8,0.743233070321947,182.4,11.8,182.4,0.704233718046651,0.0450045761448676,2025,"WHO",2025-10-01,3,3,NA,10,NA,FALSE,"insufficient_n_rf",NA,4,"2025/2026","Observed",29,29,42,40,NA,42,"Pacific Islands","Tuvalu",0.743233070321947,182.4,21.6135432766267,"Low","Below average - fewer cases than typical at this point",-0.723569108297775,"Low",21.6493138419089,"Below average - fewer cases than typical at this point","Tuvalu"
"TUV",8,11,0.491478103842333,9,0.730699585150465,191.4,9,191.4,0.732431348097334,0.0281976300506839,2025,"WHO",2025-11-01,1,1,NA,9,NA,FALSE,"insufficient_n_rf",NA,4,"2025/2026","Observed",30,30,42,40,NA,42,"Pacific Islands","Tuvalu",0.730699585150465,191.4,21.7845016705852,"Low","Below average - fewer cases than typical at this point",-0.719454961641541,"Low",21.6493138419089,"Below average - fewer cases than typical at this point","Tuvalu"
"TUV",9,12,NA,NA,0.719011267892766,198.2,6.8,198.2,0.75129774618856,0.0188663980912253,2025,"WHO",2025-12-01,0,0,NA,8,NA,FALSE,"insufficient_n_rf",NA,4,"2025/2026","Observed",30,30,42,40,NA,42,"Pacific Islands","Tuvalu",0.719011267892766,198.2,21.6493138419089,"Low","Below average - fewer cases than typical at this point",-0.718296695786275,"Low",21.6493138419089,"Below average - fewer cases than typical at this point","Tuvalu"
"TUV",10,1,1.38378170772476,14.4,1.15198224362321,212.6,14.4,212.6,0.934561107585055,0.183263361396495,2026,"WHO",2026-01-01,12,12,NA,7,NA,FALSE,"insufficient_n_rf",NA,4,"2025/2026","Observed",42,12,42,92,NA,42,"Pacific Islands","Tuvalu",1.15198224362321,212.6,15.3637688397791,"Low","Below average - fewer cases than typical at this point",-0.858944718861721,"Low",14.3128776906515,"Below average - fewer cases than typical at this point","Tuvalu"
"TUV",11,2,0.490119326064863,3.6,1.22071530726141,216.2,3.6,216.2,0.972106848779005,0.0375457411939506,2026,"WHO",2026-02-01,0,0,NA,6,NA,FALSE,"insufficient_n_rf",NA,4,"2025/2026","Observed",42,12,42,92,NA,42,"Pacific Islands","Tuvalu",1.22071530726141,216.2,13.976043859233,"Low","Below average - fewer cases than typical at this point",-0.887722118676355,"Low",14.3128776906515,"Below average - fewer cases than typical at this point","Tuvalu"
"TUV",12,3,0.588346358981623,2.6,1.26501721748846,218.8,2.6,218.8,1,0.0278931512209945,2026,"WHO",2026-03-01,0,0,NA,5,NA,FALSE,"insufficient_n_rf",NA,4,"2025/2026","Observed",42,12,42,92,NA,42,"Pacific Islands","Tuvalu",1.26501721748846,218.8,13.1259518784962,"Low","Below average - fewer cases than typical at this point",-0.906215143004562,"Low",14.3128776906515,"Below average - fewer cases than typical at this point","Tuvalu"
"TUV",1,4,0.565417684698438,2.2,0.565417684698438,2.2,2.2,2.2,0.00813081564930696,0.00813081564930696,2026,"WHO",2026-04-01,2,2,NA,4,NA,FALSE,"insufficient_n_rf",NA,4,"2026/2027","Observed",2,14,23,92,NA,35,"Pacific Islands","Tuvalu",0.565417684698438,2.2,70.506126584882,"Normal","Average - typical case load at this point",-0.0609709527230929,"Low",14.3128776906515,"Below average - fewer cases than typical at this point","Tuvalu"
"TUV",2,5,0.48057483482075,2.8,0.380265474042733,5,2.8,5,0.0192385477732943,0.0111077321239874,2026,"WHO",2026-05-01,2,2,NA,3,NA,FALSE,"insufficient_n_rf",NA,4,"2026/2027","Observed",4,16,23,92,NA,35,"Pacific Islands","Tuvalu",0.380265474042733,5,68.5819755818738,"Normal","Average - typical case load at this point",-0.118893084161754,"Low",14.3128776906515,"Below average - fewer cases than typical at this point","Tuvalu"
"TUV",3,6,0.432232277490121,2.8,0.318265013968625,7.80000000000001,2.8,7.8,0.0286432487729197,0.00940470099962543,2026,"WHO",2026-06-01,0,0,NA,2,NA,FALSE,"no_lookup_match",NA,4,"2026/2027","Observed",4,16,23,92,NA,35,"Pacific Islands","Tuvalu",0.318265013968625,7.80000000000001,62.7016608006117,"Normal","Average - typical case load at this point",-0.269400956460589,"Low",14.3128776906515,"Below average - fewer cases than typical at this point","Tuvalu"
"TUV",4,7,0.398957605740579,42.2,0.378826639680766,49.9999999999999,42.2,50,0.174066279150377,0.145423030377458,2026,"WHO",2026-07-01,0,0,NA,1,NA,FALSE,"no_lookup_match",NA,4,"2026/2027","Observed",4,16,23,92,NA,35,"Pacific Islands","Tuvalu",0.378826639680766,49.9999999999999,31.452105094309,"Normal","Average - typical case load at this point",-0.56411683579707,"Low",14.3128776906515,"Below average - fewer cases than typical at this point","Tuvalu"
"TUV",5,8,NA,NA,NA,NA,86.2,136.2,0.450830861985003,0.276764582834626,2026,"Estimates",2026-08-01,12,NA,NA,NA,NA,NA,NA,NA,4,"2026/2027","Unobserved",16,28,23,92,11.6241124790543,35,"Pacific Islands","Tuvalu",NA,NA,NA,"Unknown","Cannot determine",NA,"Low",14.3128776906515,"Below average - fewer cases than typical at this point","Tuvalu"
"TUV",6,9,0.808546895761555,34.4,0.750667146359667,170.6,34.4,170.6,0.659229141901783,0.20839827991678,2026,NA,2026-09-01,NA,NA,NA,NA,NA,NA,NA,NA,4,"2026/2027","Unobserved",16,28,23,92,NA,35,"Pacific Islands","Tuvalu",0.750667146359667,170.6,14.9445825249264,"Low","Below average - fewer cases than typical at this point",-0.783431051299916,"Low",14.3128776906515,"Below average - fewer cases than typical at this point","Tuvalu"
"TUV",7,10,0.564055893742158,11.8,0.743233070321947,182.4,11.8,182.4,0.704233718046651,0.0450045761448676,2026,NA,2026-10-01,NA,NA,NA,NA,NA,NA,NA,NA,4,"2026/2027","Unobserved",16,28,23,92,NA,35,"Pacific Islands","Tuvalu",0.743233070321947,182.4,14.4523152441247,"Low","Below average - fewer cases than typical at this point",-0.784888524255214,"Low",14.3128776906515,"Below average - fewer cases than typical at this point","Tuvalu"
"TUV",8,11,0.491478103842333,9,0.730699585150465,191.4,9,191.4,0.732431348097334,0.0281976300506839,2026,NA,2026-11-01,NA,NA,NA,NA,NA,NA,NA,NA,4,"2026/2027","Unobserved",16,28,23,92,NA,35,"Pacific Islands","Tuvalu",0.730699585150465,191.4,14.3207487865578,"Low","Below average - fewer cases than typical at this point",-0.781861216059023,"Low",14.3128776906515,"Below average - fewer cases than typical at this point","Tuvalu"
"TUV",9,12,NA,NA,0.719011267892766,198.2,6.8,198.2,0.75129774618856,0.0188663980912253,2026,NA,2026-12-01,NA,NA,NA,NA,NA,NA,NA,NA,4,"2026/2027","Unobserved",16,28,23,92,NA,35,"Pacific Islands","Tuvalu",0.719011267892766,198.2,14.3128776906515,"Low","Below average - fewer cases than typical at this point",-0.778083578907606,"Low",14.3128776906515,"Below average - fewer cases than typical at this point","Tuvalu"
"URY",10,1,0.325296144065629,35.4,1.70774778966262,117.6,35.4,117.6,0.530564596536859,0.0700651836480544,2025,"WHO",2025-01-01,0,0,NA,19,NA,FALSE,"no_lookup_match",NA,4,"2024/2025","Observed",0,0,1,15,NA,1,"South America","Uruguay",1.70774778966262,117.6,0.0708752855835474,"Extremely Low","Rare good event - unusually low cases to date",-1.29742183636921,"Low",9.84378753690809,"Below average - fewer cases than typical at this point","Uruguay"
"URY",11,2,0.220592104381145,229.8,0.89551706367904,347.399999999999,229.8,347.4,0.798484939731816,0.267920343194958,2025,"WHO",2025-02-01,0,0,NA,18,NA,FALSE,"no_lookup_match",NA,4,"2024/2025","Observed",0,0,1,15,NA,1,"South America","Uruguay",0.89551706367904,347.399999999999,0.479428252359119,"Extremely Low","Rare good event - unusually low cases to date",-0.945100292338614,"Low",9.84378753690809,"Below average - fewer cases than typical at this point","Uruguay"
"URY",12,3,0.356661958492052,139.8,0.789384861502586,487.2,139.8,487.2,1,0.201515060268184,2025,"PAHO",2025-03-01,1,1,NA,75,NA,FALSE,"no_lookup_match","current_month_missing",4,"2024/2025","Observed",1,1,1,15,NA,1,"South America","Uruguay",0.789384861502586,487.2,1.11975911512217,"Extremely Low","Rare good event - unusually low cases to date",-0.885932275721482,"Low",9.84378753690809,"Below average - fewer cases than typical at this point","Uruguay"
"URY",1,4,0.43729743680428,39.6,0.43729743680428,39.6,39.6,39.6,0.219432028296657,0.219432028296657,2025,"PAHO",2025-04-01,1,1,NA,71,NA,FALSE,"no_lookup_match","current_month_missing",4,"2025/2026","Observed",1,2,6,15,NA,6,"South America","Uruguay",0.43729743680428,39.6,19.8728424871992,"Low","Below average - fewer cases than typical at this point",-0.641055750587017,"Low",9.84378753690809,"Below average - fewer cases than typical at this point","Uruguay"
"URY",2,5,0.641252663681382,6.6,0.428659851517824,46.2,6.6,46.2,0.256788908797642,0.0373568805009853,2025,"PAHO",2025-05-01,4,4,NA,67,NA,FALSE,"no_lookup_match","current_month_missing",4,"2025/2026","Observed",5,6,6,15,NA,6,"South America","Uruguay",0.428659851517824,46.2,31.4959434993595,"Normal","Average - typical case load at this point",-0.581173985307977,"Low",9.84378753690809,"Below average - fewer cases than typical at this point","Uruguay"
"URY",3,6,0.663474191554928,2.8,0.423979375315892,49,2.8,49,0.27213276992753,0.0153438611298873,2025,"WHO",2025-06-01,0,0,NA,14,NA,FALSE,"no_lookup_match",NA,4,"2025/2026","Observed",5,6,6,15,NA,6,"South America","Uruguay",0.423979375315892,49,31.0309524663468,"Normal","Average - typical case load at this point",-0.582181159770172,"Low",9.84378753690809,"Below average - fewer cases than typical at this point","Uruguay"
"URY",4,7,0.761337629619619,3,0.420565061067633,52,3,52,0.287913312280125,0.0157805423525948,2025,"WHO",2025-07-01,0,0,NA,13,NA,FALSE,"no_lookup_match",NA,4,"2025/2026","Observed",5,6,6,15,NA,6,"South America","Uruguay",0.420565061067633,52,30.5008661559422,"Normal","Average - typical case load at this point",-0.583797098580791,"Low",9.84378753690809,"Below average - fewer cases than typical at this point","Uruguay"
"URY",5,8,0.922137938640059,2.2,0.419151798343512,54.2,2.2,54.2,0.301230146382985,0.0133168341028603,2025,"WHO",2025-08-01,0,0,0,12,1.12455464889093,TRUE,"applied_mean",NA,4,"2025/2026","Observed",5,6,6,15,NA,6,"South America","Uruguay",0.419151798343512,54.2,30.0814685728556,"Normal","Average - typical case load at this point",-0.585434956378502,"Low",9.84378753690809,"Below average - fewer cases than typical at this point","Uruguay"
"URY",6,9,0.922137938640059,2.2,0.417702790627669,56.4000000000001,2.2,56.4,0.314546980485845,0.0133168341028603,2025,"WHO",2025-09-01,0,0,0,11,1.32800867397106,TRUE,"applied_mean",NA,4,"2025/2026","Observed",5,6,6,15,NA,6,"South America","Uruguay",0.417702790627669,56.4000000000001,29.6925147353159,"Normal","Average - typical case load at this point",-0.586834205352858,"Low",9.84378753690809,"Below average - fewer cases than typical at this point","Uruguay"
"URY",7,10,0.818860667532324,3.4,0.415217687934838,59.8,3.4,59.8,0.33544764295856,0.0209006624727149,2025,"WHO",2025-10-01,0,0,0,10,1.64659274476752,TRUE,"applied_mean",NA,4,"2025/2026","Observed",5,6,6,15,NA,6,"South America","Uruguay",0.415217687934838,59.8,29.1568590401946,"Normal","Average - typical case load at this point",-0.588457034769314,"Low",9.84378753690809,"Below average - fewer cases than typical at this point","Uruguay"
"URY",8,11,0.685618181277655,6.4,0.411675839799352,66.2,6.4,66.2,0.374722469591465,0.0392748266329052,2025,"PAHO",2025-11-01,1,1,1,41,1,TRUE,"applied_mean","not_missing",4,"2025/2026","Observed",6,7,6,15,NA,6,"South America","Uruguay",0.411675839799352,66.2,30.097262385672,"Normal","Average - typical case load at this point",-0.581661081733808,"Low",9.84378753690809,"Below average - fewer cases than typical at this point","Uruguay"
"URY",9,12,1.07258429691658,16,0.899359716330096,82.1999999999999,16,82.2,0.460499412888804,0.0857769432973389,2025,"WHO",2025-12-01,0,0,0,8,1.39941705295688,TRUE,"applied_mean",NA,4,"2025/2026","Observed",6,7,6,15,NA,6,"South America","Uruguay",0.899359716330096,82.1999999999999,9.84378753690809,"Low","Below average - fewer cases than typical at this point",-0.874353271374738,"Low",9.84378753690809,"Below average - fewer cases than typical at this point","Uruguay"
"URY",10,1,0.325296144065629,35.4,1.70774778966262,117.6,35.4,117.6,0.530564596536859,0.0700651836480544,2026,"WHO",2026-01-01,0,0,0,7,1.70238095238095,TRUE,"applied_median",NA,4,"2025/2026","Observed",6,0,6,0,NA,6,"South America","Uruguay",1.70774778966262,117.6,1.30052260976704,"Extremely Low","Rare good event - unusually low cases to date",-1.23122684471772,"Extremely Low",1.70671403861013,"Rare good event - unusually low cases to date","Uruguay"
"URY",11,2,0.220592104381145,229.8,0.89551706367904,347.399999999999,229.8,347.4,0.798484939731816,0.267920343194958,2026,"WHO",2026-02-01,0,0,0,6,2.62552675937632,TRUE,"applied_median",NA,4,"2025/2026","Observed",6,0,6,0,NA,6,"South America","Uruguay",0.89551706367904,347.399999999999,2.81276801876767,"Extremely Low","Rare good event - unusually low cases to date",-0.928777316650555,"Extremely Low",1.70671403861013,"Rare good event - unusually low cases to date","Uruguay"
"URY",12,3,0.356661958492052,139.8,0.789384861502586,487.2,139.8,487.2,1,0.201515060268184,2026,"WHO",2026-03-01,0,0,0,5,1.51983552337535,TRUE,"applied_mean",NA,4,"2025/2026","Observed",6,0,6,0,NA,6,"South America","Uruguay",0.789384861502586,487.2,3.08363675312217,"Extremely Low","Rare good event - unusually low cases to date",-0.876821495428172,"Extremely Low",1.70671403861013,"Rare good event - unusually low cases to date","Uruguay"
"URY",1,4,0.43729743680428,39.6,0.43729743680428,39.6,39.6,39.6,0.219432028296657,0.219432028296657,2026,"WHO",2026-04-01,0,0,0,4,0.816137566137566,TRUE,"applied_mean",NA,4,"2026/2027","Observed",0,0,0,0,NA,0,"South America","Uruguay",0.43729743680428,39.6,13.8726344743124,"Low","Below average - fewer cases than typical at this point",-0.657663412519323,"Extremely Low",1.70671403861013,"Rare good event - unusually low cases to date","Uruguay"
"URY",2,5,0.641252663681382,6.6,0.428659851517824,46.2,6.6,46.2,0.256788908797642,0.0373568805009853,2026,"WHO",2026-05-01,0,0,NA,3,NA,FALSE,"insufficient_n_rf",NA,4,"2026/2027","Observed",0,0,0,0,NA,0,"South America","Uruguay",0.428659851517824,46.2,13.3972916770123,"Low","Below average - fewer cases than typical at this point",-0.651704808767683,"Extremely Low",1.70671403861013,"Rare good event - unusually low cases to date","Uruguay"
"URY",3,6,0.663474191554928,2.8,0.423979375315892,49,2.8,49,0.27213276992753,0.0153438611298873,2026,"WHO",2026-06-01,0,0,NA,2,NA,FALSE,"insufficient_n_rf",NA,4,"2026/2027","Observed",0,0,0,0,NA,0,"South America","Uruguay",0.423979375315892,49,13.2986390831385,"Low","Below average - fewer cases than typical at this point",-0.648338109744055,"Extremely Low",1.70671403861013,"Rare good event - unusually low cases to date","Uruguay"
"URY",4,7,0.761337629619619,3,0.420565061067633,52,3,52,0.287913312280125,0.0157805423525948,2026,"WHO",2026-07-01,0,0,NA,1,NA,FALSE,"insufficient_n_rf",NA,4,"2026/2027","Observed",0,0,0,0,NA,0,"South America","Uruguay",0.420565061067633,52,13.1412006372238,"Low","Below average - fewer cases than typical at this point",-0.645903172897896,"Extremely Low",1.70671403861013,"Rare good event - unusually low cases to date","Uruguay"
"URY",5,8,0.922137938640059,2.2,0.419151798343512,54.2,2.2,54.2,0.301230146382985,0.0133168341028603,2026,"Estimates",2026-08-01,0,NA,NA,NA,NA,NA,NA,NA,4,"2026/2027","Unobserved",0,0,0,0,0.0799010046171618,0,"South America","Uruguay",0.419151798343512,54.2,12.9868852945222,"Low","Below average - fewer cases than typical at this point",-0.644930378774692,"Extremely Low",1.70671403861013,"Rare good event - unusually low cases to date","Uruguay"
"URY",6,9,0.922137938640059,2.2,0.417702790627669,56.4000000000001,2.2,56.4,0.314546980485845,0.0133168341028603,2026,NA,2026-09-01,NA,NA,NA,NA,NA,NA,NA,NA,4,"2026/2027","Unobserved",0,0,0,0,NA,0,"South America","Uruguay",0.417702790627669,56.4000000000001,12.8464319263593,"Low","Below average - fewer cases than typical at this point",-0.64391924478407,"Extremely Low",1.70671403861013,"Rare good event - unusually low cases to date","Uruguay"
"URY",7,10,0.818860667532324,3.4,0.415217687934838,59.8,3.4,59.8,0.33544764295856,0.0209006624727149,2026,NA,2026-10-01,NA,NA,NA,NA,NA,NA,NA,NA,4,"2026/2027","Unobserved",0,0,0,0,NA,0,"South America","Uruguay",0.415217687934838,59.8,12.6629782371604,"Low","Below average - fewer cases than typical at this point",-0.642148370058485,"Extremely Low",1.70671403861013,"Rare good event - unusually low cases to date","Uruguay"
"URY",8,11,0.685618181277655,6.4,0.411675839799352,66.2,6.4,66.2,0.374722469591465,0.0392748266329052,2026,NA,2026-11-01,NA,NA,NA,NA,NA,NA,NA,NA,4,"2026/2027","Unobserved",0,0,0,0,NA,0,"South America","Uruguay",0.411675839799352,66.2,12.3199837947338,"Low","Below average - fewer cases than typical at this point",-0.639633947022891,"Extremely Low",1.70671403861013,"Rare good event - unusually low cases to date","Uruguay"
"URY",9,12,1.07258429691658,16,0.899359716330096,82.1999999999999,16,82.2,0.460499412888804,0.0857769432973389,2026,NA,2026-12-01,NA,NA,NA,NA,NA,NA,NA,NA,4,"2026/2027","Unobserved",0,0,0,0,NA,0,"South America","Uruguay",0.899359716330096,82.1999999999999,1.70671403861013,"Extremely Low","Rare good event - unusually low cases to date",-0.943199985656214,"Extremely Low",1.70671403861013,"Rare good event - unusually low cases to date","Uruguay"
"USA",11,1,0.616131284362325,31.4,1.27784089145936,723.799999999999,31.4,723.8,0.93823481808197,0.0476524382493009,2025,"PAHO",2025-01-01,78,78,NA,84,NA,FALSE,"no_lookup_match","current_month_missing",3,"2024/2025","Observed",78,78,143,1295,NA,143,"North & Central America","United States Of America",1.27784089145936,723.799999999999,6.49132492318139,"Low","Below average - fewer cases than typical at this point",-1.00770827687939,"High",77.1068082278048,"Above average - more cases than typical at this point","United States Of America"
"USA",12,2,0.477106328604878,29.6666666666667,1.365546850619,753.466666666667,29.6666666666667,753.466666666667,1,0.0617651819180299,2025,"PAHO",2025-02-01,65,65,NA,80,NA,FALSE,"no_lookup_match","current_month_missing",3,"2024/2025","Observed",143,143,143,1295,NA,143,"North & Central America","United States Of America",1.365546850619,753.466666666667,11.3407928520693,"Low","Below average - fewer cases than typical at this point",-0.945927872878463,"High",77.1068082278048,"Above average - more cases than typical at this point","United States Of America"
"USA",1,3,0.680173023719839,39,0.680173023719839,39,39,39,0.0473074574400276,0.0473074574400276,2025,"PAHO",2025-03-01,71,71,NA,75,NA,FALSE,"no_lookup_match","current_month_missing",3,"2025/2026","Observed",71,214,1064,1295,NA,1064,"North & Central America","United States Of America",0.680173023719839,39,82.6975335453094,"High","Above average - more cases than typical at this point",0.67087343921948,"High",77.1068082278048,"Above average - more cases than typical at this point","United States Of America"
"USA",2,4,0.630864721080939,29.5333333333333,0.639722894304417,68.5333333333333,29.5333333333333,68.5333333333333,0.0811389197465922,0.0338314623065647,2025,"PAHO",2025-04-01,62,62,NA,71,NA,FALSE,"no_lookup_match","current_month_missing",3,"2025/2026","Observed",133,276,1064,1295,NA,1064,"North & Central America","United States Of America",0.639722894304417,68.5333333333333,84.0811519160233,"High","Above average - more cases than typical at this point",0.748879171610444,"High",77.1068082278048,"Above average - more cases than typical at this point","United States Of America"
"USA",3,5,0.848403901069728,30,0.691284832250521,98.5333333333334,30,98.5333333333333,0.120111990667998,0.0389730709214062,2025,"PAHO",2025-05-01,46,46,NA,67,NA,FALSE,"no_lookup_match","current_month_missing",3,"2025/2026","Observed",179,322,1064,1295,NA,1064,"North & Central America","United States Of America",0.691284832250521,98.5333333333334,82.6290600613451,"High","Above average - more cases than typical at this point",0.676617489382773,"High",77.1068082278048,"Above average - more cases than typical at this point","United States Of America"
"USA",4,6,0.56164593240154,35.7333333333334,0.664240403839497,134.266666666667,35.7333333333333,134.266666666667,0.161449633752842,0.0413376430848438,2025,"PAHO",2025-06-01,79,79,NA,62,NA,FALSE,"no_lookup_match","current_month_missing",3,"2025/2026","Observed",258,401,1064,1295,NA,1064,"North & Central America","United States Of America",0.664240403839497,134.266666666667,83.917492714372,"High","Above average - more cases than typical at this point",0.749220296152756,"High",77.1068082278048,"Above average - more cases than typical at this point","United States Of America"
"USA",5,7,0.92478242588781,70.0666666666665,0.721212095682681,204.333333333333,70.0666666666667,204.333333333333,0.259839213940869,0.098389580188027,2025,"PAHO",2025-07-01,79,79,NA,58,NA,FALSE,"no_lookup_match","current_month_missing",3,"2025/2026","Observed",337,480,1064,1295,NA,1064,"North & Central America","United States Of America",0.721212095682681,204.333333333333,80.1411167712472,"High","Above average - more cases than typical at this point",0.550413412171192,"High",77.1068082278048,"Above average - more cases than typical at this point","United States Of America"
"USA",6,8,0.756036035804906,89.3999999999999,0.707800793826673,293.733333333333,89.4,293.733333333333,0.369436441336158,0.109597227395289,2025,"PAHO",2025-08-01,120,120,NA,54,NA,FALSE,"no_lookup_match","current_month_missing",3,"2025/2026","Observed",457,600,1064,1295,NA,1064,"North & Central America","United States Of America",0.707800793826673,293.733333333333,78.5235283440734,"High","Above average - more cases than typical at this point",0.467064856686269,"High",77.1068082278048,"Above average - more cases than typical at this point","United States Of America"
"USA",7,9,0.618510127580289,116.133333333333,0.670340414018785,409.866666666666,116.133333333333,409.866666666667,0.493738859361579,0.124302418025421,2025,"PAHO",2025-09-01,213,213,NA,49,NA,FALSE,"no_lookup_match","current_month_missing",3,"2025/2026","Observed",670,813,1064,1295,NA,1064,"North & Central America","United States Of America",0.670340414018785,409.866666666666,79.8323806972046,"High","Above average - more cases than typical at this point",0.51921382978428,"High",77.1068082278048,"Above average - more cases than typical at this point","United States Of America"
"USA",8,10,0.728998966444021,109.4,0.675455182220643,519.266666666667,109.4,519.266666666667,0.629834506608855,0.136095647247276,2025,"PAHO",2025-10-01,133,133,NA,45,NA,FALSE,"no_lookup_match","current_month_missing",3,"2025/2026","Observed",803,946,1064,1295,NA,1064,"North & Central America","United States Of America",0.675455182220643,519.266666666667,78.34964727474,"High","Above average - more cases than typical at this point",0.448782491975228,"High",77.1068082278048,"Above average - more cases than typical at this point","United States Of America"
"USA",9,11,0.88688753507418,88.0666666666666,0.686887555590331,607.333333333333,88.0666666666667,607.333333333333,0.75050369217831,0.120669185569455,2025,"PAHO",2025-11-01,132,132,NA,41,NA,FALSE,"no_lookup_match","current_month_missing",3,"2025/2026","Observed",935,1078,1064,1295,NA,1064,"North & Central America","United States Of America",0.686887555590331,607.333333333333,78.2239170712226,"High","Above average - more cases than typical at this point",0.446891934810544,"High",77.1068082278048,"Above average - more cases than typical at this point","United States Of America"
"USA",10,12,1.39273907737728,85.0666666666666,1.23579252907906,692.399999999998,85.0666666666667,692.4,0.890582379832669,0.14007868765436,2025,"PAHO",2025-12-01,75,75,NA,36,NA,FALSE,"no_lookup_match","current_month_missing",3,"2025/2026","Observed",1010,1153,1064,1295,NA,1064,"North & Central America","United States Of America",1.23579252907906,692.399999999998,77.1068082278048,"High","Above average - more cases than typical at this point",0.509458718968554,"High",77.1068082278048,"Above average - more cases than typical at this point","United States Of America"
"USA",11,1,0.616131284362325,31.4,1.27784089145936,723.799999999999,31.4,723.8,0.93823481808197,0.0476524382493009,2026,"PAHO",2026-01-01,27,27,NA,32,NA,FALSE,"no_lookup_match","current_month_missing",3,"2025/2026","Observed",1037,27,1064,777,NA,1064,"North & Central America","United States Of America",1.27784089145936,723.799999999999,76.4967317596227,"High","Above average - more cases than typical at this point",0.488718229047115,"Low",24.1631841246263,"Below average - fewer cases than typical at this point","United States Of America"
"USA",12,2,0.477106328604878,29.6666666666667,1.365546850619,753.466666666667,29.6666666666667,753.466666666667,1,0.0617651819180299,2026,"PAHO",2026-02-01,27,27,NA,28,NA,FALSE,"no_lookup_match","current_month_missing",3,"2025/2026","Observed",1064,54,1064,777,NA,1064,"North & Central America","United States Of America",1.365546850619,753.466666666667,76.0721924429973,"High","Above average - more cases than typical at this point",0.481176371286216,"Low",24.1631841246263,"Below average - fewer cases than typical at this point","United States Of America"
"USA",1,3,0.680173023719839,39,0.680173023719839,39,39,39,0.0473074574400276,0.0473074574400276,2026,"PAHO",2026-03-01,37,37,NA,23,NA,FALSE,"no_lookup_match","current_month_missing",3,"2026/2027","Observed",37,91,631,777,NA,631,"North & Central America","United States Of America",0.680173023719839,39,64.733594833836,"Normal","Average - typical case load at this point",-0.0419295899512174,"Low",24.1631841246263,"Below average - fewer cases than typical at this point","United States Of America"
"USA",2,4,0.630864721080939,29.5333333333333,0.639722894304417,68.5333333333333,29.5333333333333,68.5333333333333,0.0811389197465922,0.0338314623065647,2026,"PAHO",2026-04-01,16,16,NA,19,NA,FALSE,"no_lookup_match","current_month_missing",3,"2026/2027","Observed",53,107,631,777,NA,631,"North & Central America","United States Of America",0.639722894304417,68.5333333333333,59.4218858871189,"Normal","Average - typical case load at this point",-0.180443481887522,"Low",24.1631841246263,"Below average - fewer cases than typical at this point","United States Of America"
"USA",3,5,0.848403901069728,30,0.691284832250521,98.5333333333334,30,98.5333333333333,0.120111990667998,0.0389730709214062,2026,"PAHO",2026-05-01,22,22,NA,15,NA,FALSE,"no_lookup_match","current_month_missing",3,"2026/2027","Observed",75,129,631,777,NA,631,"North & Central America","United States Of America",0.691284832250521,98.5333333333334,57.9662505864837,"Normal","Average - typical case load at this point",-0.197883988195625,"Low",24.1631841246263,"Below average - fewer cases than typical at this point","United States Of America"
"USA",4,6,0.56164593240154,35.7333333333334,0.664240403839497,134.266666666667,35.7333333333333,134.266666666667,0.161449633752842,0.0413376430848438,2026,"PAHO",2026-06-01,44,44,NA,10,NA,FALSE,"no_lookup_match","current_month_missing",3,"2026/2027","Observed",119,173,631,777,NA,631,"North & Central America","United States Of America",0.664240403839497,134.266666666667,62.6970013685611,"Normal","Average - typical case load at this point",-0.0924415128335019,"Low",24.1631841246263,"Below average - fewer cases than typical at this point","United States Of America"
"USA",5,7,0.92478242588781,70.0666666666665,0.721212095682681,204.333333333333,70.0666666666667,204.333333333333,0.259839213940869,0.098389580188027,2026,"PAHO",2026-07-01,49,49,NA,6,NA,FALSE,"no_lookup_match","current_month_missing",3,"2026/2027","Observed",168,222,631,777,NA,631,"North & Central America","United States Of America",0.721212095682681,204.333333333333,59.6262527218513,"Normal","Average - typical case load at this point",-0.150741361624774,"Low",24.1631841246263,"Below average - fewer cases than typical at this point","United States Of America"
"USA",6,8,0.756036035804906,89.3999999999999,0.707800793826673,293.733333333333,89.4,293.733333333333,0.369436441336158,0.109597227395289,2026,"PAHO",2026-08-01,65,65,NA,5,NA,FALSE,"no_lookup_match","current_month_missing",3,"2026/2027","Observed",233,287,631,777,NA,631,"North & Central America","United States Of America",0.707800793826673,293.733333333333,58.7416382306448,"Normal","Average - typical case load at this point",-0.173742786623598,"Low",24.1631841246263,"Below average - fewer cases than typical at this point","United States Of America"
"USA",7,9,0.618510127580289,116.133333333333,0.670340414018785,409.866666666666,116.133333333333,409.866666666667,0.493738859361579,0.124302418025421,2026,NA,2026-09-01,NA,NA,NA,NA,NA,NA,NA,NA,3,"2026/2027","Unobserved",233,287,631,777,NA,631,"North & Central America","United States Of America",0.670340414018785,409.866666666666,50.1520442937121,"Normal","Average - typical case load at this point",-0.353017501388437,"Low",24.1631841246263,"Below average - fewer cases than typical at this point","United States Of America"
"USA",8,10,0.728998966444021,109.4,0.675455182220643,519.266666666667,109.4,519.266666666667,0.629834506608855,0.136095647247276,2026,NA,2026-10-01,NA,NA,NA,NA,NA,NA,NA,NA,3,"2026/2027","Unobserved",233,287,631,777,NA,631,"North & Central America","United States Of America",0.675455182220643,519.266666666667,43.9511728517054,"Normal","Average - typical case load at this point",-0.452789478510721,"Low",24.1631841246263,"Below average - fewer cases than typical at this point","United States Of America"
"USA",9,11,0.88688753507418,88.0666666666666,0.686887555590331,607.333333333333,88.0666666666667,607.333333333333,0.75050369217831,0.120669185569455,2026,NA,2026-11-01,NA,NA,NA,NA,NA,NA,NA,NA,3,"2026/2027","Unobserved",233,287,631,777,NA,631,"North & Central America","United States Of America",0.686887555590331,607.333333333333,39.8517357889611,"Normal","Average - typical case load at this point",-0.51053880243361,"Low",24.1631841246263,"Below average - fewer cases than typical at this point","United States Of America"
"USA",10,12,1.39273907737728,85.0666666666666,1.23579252907906,692.399999999998,85.0666666666667,692.4,0.890582379832669,0.14007868765436,2026,NA,2026-12-01,NA,NA,NA,NA,NA,NA,NA,NA,3,"2026/2027","Unobserved",233,287,631,777,NA,631,"North & Central America","United States Of America",1.23579252907906,692.399999999998,24.1631841246263,"Low","Below average - fewer cases than typical at this point",-0.736918562639017,"Low",24.1631841246263,"Below average - fewer cases than typical at this point","United States Of America"
"VCT",10,1,0.390499541260215,58.909090909091,1.16604984756516,269.272727272727,58.9090909090909,269.272727272727,0.883567919395684,0.196160496580249,2025,"WHO",2025-01-01,0,0,NA,19,NA,FALSE,"no_lookup_match",NA,4,"2024/2025","Observed",0,0,2,12,NA,2,"Caribbean","Saint Vincent And The Grenadines",1.16604984756516,269.272727272727,0.174534722336799,"Extremely Low","Rare good event - unusually low cases to date",-1.07750739898561,"Low",9.39485228921366,"Below average - fewer cases than typical at this point","Saint Vincent And The Grenadines"
"VCT",11,2,0.42034904215891,21.6363636363636,1.18851530418525,290.90909090909,21.6363636363636,290.909090909091,0.953118040698411,0.0695501213027267,2025,"PAHO",2025-02-01,2,2,NA,80,NA,FALSE,"no_lookup_match","current_month_missing",4,"2024/2025","Observed",2,2,2,12,NA,2,"Caribbean","Saint Vincent And The Grenadines",1.18851530418525,290.90909090909,0.500741735334551,"Extremely Low","Rare good event - unusually low cases to date",-1.08049049652407,"Low",9.39485228921366,"Below average - fewer cases than typical at this point","Saint Vincent And The Grenadines"
"VCT",12,3,0.370249541668507,14.7272727272727,1.18934528211858,305.636363636364,14.7272727272727,305.636363636364,1,0.0468819593015894,2025,"WHO",2025-03-01,0,0,NA,17,NA,FALSE,"no_lookup_match",NA,4,"2024/2025","Observed",2,2,2,12,NA,2,"Caribbean","Saint Vincent And The Grenadines",1.18934528211858,305.636363636364,0.470922601432746,"Extremely Low","Rare good event - unusually low cases to date",-1.0813327924772,"Low",9.39485228921366,"Below average - fewer cases than typical at this point","Saint Vincent And The Grenadines"
"VCT",1,4,0.641227945051362,15.8181818181818,0.641227945051362,15.8181818181818,15.8181818181818,15.8181818181818,0.0511055841935099,0.0511055841935099,2025,"PAHO",2025-04-01,1,1,NA,71,NA,FALSE,"no_lookup_match","current_month_missing",4,"2025/2026","Observed",1,3,8,12,NA,8,"Caribbean","Saint Vincent And The Grenadines",0.641227945051362,15.8181818181818,20.1725069642119,"Low","Below average - fewer cases than typical at this point",-0.735386629560315,"Low",9.39485228921366,"Below average - fewer cases than typical at this point","Saint Vincent And The Grenadines"
"VCT",2,5,0.794852426950799,21.5454545454546,0.725971165750233,37.3636363636364,21.5454545454545,37.3636363636364,0.124785528665567,0.0736799444720576,2025,"WHO",2025-05-01,0,0,NA,15,NA,FALSE,"no_lookup_match",NA,4,"2025/2026","Observed",1,3,8,12,NA,8,"Caribbean","Saint Vincent And The Grenadines",0.725971165750233,37.3636363636364,9.65938352832554,"Low","Below average - fewer cases than typical at this point",-0.82129499221356,"Low",9.39485228921366,"Below average - fewer cases than typical at this point","Saint Vincent And The Grenadines"
"VCT",3,6,0.617838660952152,22.5454545454546,0.688517003301232,59.909090909091,22.5454545454545,59.9090909090909,0.191268360210275,0.0664828315447076,2025,"PAHO",2025-06-01,2,2,NA,62,NA,FALSE,"no_lookup_match","current_month_missing",4,"2025/2026","Observed",3,5,8,12,NA,8,"Caribbean","Saint Vincent And The Grenadines",0.688517003301232,59.909090909091,12.6134597501894,"Low","Below average - fewer cases than typical at this point",-0.783727124670096,"Low",9.39485228921366,"Below average - fewer cases than typical at this point","Saint Vincent And The Grenadines"
"VCT",4,7,0.508553165056184,13.9090909090909,0.669343584173043,73.8181818181818,13.9090909090909,73.8181818181818,0.238021543725182,0.0467531835149069,2025,"WHO",2025-07-01,0,0,NA,13,NA,FALSE,"no_lookup_match",NA,4,"2025/2026","Observed",3,5,8,12,NA,8,"Caribbean","Saint Vincent And The Grenadines",0.669343584173043,73.8181818181818,11.5060508776448,"Low","Below average - fewer cases than typical at this point",-0.781350473486251,"Low",9.39485228921366,"Below average - fewer cases than typical at this point","Saint Vincent And The Grenadines"
"VCT",5,8,0.481022497668337,18.6363636363636,0.647455201989519,92.4545454545454,18.6363636363636,92.4545454545455,0.299248151349766,0.061226607624584,2025,"WHO",2025-08-01,0,0,0,12,1,TRUE,"applied_mean",NA,4,"2025/2026","Observed",3,5,8,12,NA,8,"Caribbean","Saint Vincent And The Grenadines",0.647455201989519,92.4545454545454,10.5408332081274,"Low","Below average - fewer cases than typical at this point",-0.775824758465718,"Low",9.39485228921366,"Below average - fewer cases than typical at this point","Saint Vincent And The Grenadines"
"VCT",6,9,0.663793468775953,17.9090909090909,0.649282303558168,110.363636363636,17.9090909090909,110.363636363636,0.367424382281285,0.0681762309315188,2025,"WHO",2025-09-01,0,0,0,11,1,TRUE,"applied_mean",NA,4,"2025/2026","Observed",3,5,8,12,NA,8,"Caribbean","Saint Vincent And The Grenadines",0.649282303558168,110.363636363636,9.36853628093414,"Low","Below average - fewer cases than typical at this point",-0.781581433730402,"Low",9.39485228921366,"Below average - fewer cases than typical at this point","Saint Vincent And The Grenadines"
"VCT",7,10,0.611911946678092,26.7272727272727,0.685916482711123,137.090909090909,26.7272727272727,137.090909090909,0.456703458483829,0.0892790762025447,2025,"PAHO",2025-10-01,1,1,1,45,1,TRUE,"applied_mean","not_missing",4,"2025/2026","Observed",4,6,8,12,NA,8,"Caribbean","Saint Vincent And The Grenadines",0.685916482711123,137.090909090909,8.51021474195897,"Low","Below average - fewer cases than typical at this point",-0.802031814303175,"Low",9.39485228921366,"Below average - fewer cases than typical at this point","Saint Vincent And The Grenadines"
"VCT",8,11,0.44787504835964,23,0.662764130677089,160.090909090909,23,160.090909090909,0.528924344639231,0.0722208861554018,2025,"WHO",2025-11-01,0,0,0,9,1,TRUE,"applied_mean",NA,4,"2025/2026","Observed",4,6,8,12,NA,8,"Caribbean","Saint Vincent And The Grenadines",0.662764130677089,160.090909090909,8.22224138421872,"Low","Below average - fewer cases than typical at this point",-0.792124270071163,"Low",9.39485228921366,"Below average - fewer cases than typical at this point","Saint Vincent And The Grenadines"
"VCT",9,12,0.495826572374646,50.2727272727273,0.634363855708824,210.363636363636,50.2727272727273,210.363636363636,0.687407422815435,0.158483078176204,2025,"PAHO",2025-12-01,2,2,2,37,1,TRUE,"applied_mean","not_missing",4,"2025/2026","Observed",6,8,8,12,NA,8,"Caribbean","Saint Vincent And The Grenadines",0.634363855708824,210.363636363636,9.39485228921366,"Low","Below average - fewer cases than typical at this point",-0.772588665622208,"Low",9.39485228921366,"Below average - fewer cases than typical at this point","Saint Vincent And The Grenadines"
"VCT",10,1,0.390499541260215,58.909090909091,1.16604984756516,269.272727272727,58.9090909090909,269.272727272727,0.883567919395684,0.196160496580249,2026,"PAHO",2026-01-01,1,1,1,32,1,TRUE,"applied_mean","not_missing",4,"2025/2026","Observed",7,1,8,13,NA,8,"Caribbean","Saint Vincent And The Grenadines",1.16604984756516,269.272727272727,1.81454721690655,"Extremely Low","Rare good event - unusually low cases to date",-1.04949657193568,"Extremely Low",4.10217450965002,"Rare good event - unusually low cases to date","Saint Vincent And The Grenadines"
"VCT",11,2,0.42034904215891,21.6363636363636,1.18851530418525,290.90909090909,21.6363636363636,290.909090909091,0.953118040698411,0.0695501213027267,2026,"PAHO",2026-02-01,1,1,1,28,1,TRUE,"applied_mean","not_missing",4,"2025/2026","Observed",8,2,8,13,NA,8,"Caribbean","Saint Vincent And The Grenadines",1.18851530418525,290.90909090909,1.78300891324723,"Extremely Low","Rare good event - unusually low cases to date",-1.05805110924572,"Extremely Low",4.10217450965002,"Rare good event - unusually low cases to date","Saint Vincent And The Grenadines"
"VCT",12,3,0.370249541668507,14.7272727272727,1.18934528211858,305.636363636364,14.7272727272727,305.636363636364,1,0.0468819593015894,2026,"WHO",2026-03-01,0,0,0,5,1,TRUE,"applied_mean",NA,4,"2025/2026","Observed",8,2,8,13,NA,8,"Caribbean","Saint Vincent And The Grenadines",1.18934528211858,305.636363636364,1.67921532131491,"Extremely Low","Rare good event - unusually low cases to date",-1.05996513849412,"Extremely Low",4.10217450965002,"Rare good event - unusually low cases to date","Saint Vincent And The Grenadines"
"VCT",1,4,0.641227945051362,15.8181818181818,0.641227945051362,15.8181818181818,15.8181818181818,15.8181818181818,0.0511055841935099,0.0511055841935099,2026,"PAHO",2026-04-01,1,1,1,19,1,TRUE,"applied_mean","not_missing",4,"2026/2027","Observed",1,3,4,13,NA,3,"Caribbean","Saint Vincent And The Grenadines",0.641227945051362,15.8181818181818,20.1725069642119,"Low","Below average - fewer cases than typical at this point",-0.735386629560315,"Extremely Low",4.10217450965002,"Rare good event - unusually low cases to date","Saint Vincent And The Grenadines"
"VCT",2,5,0.794852426950799,21.5454545454546,0.725971165750233,37.3636363636364,21.5454545454545,37.3636363636364,0.124785528665567,0.0736799444720576,2026,"WHO",2026-05-01,0,0,0,3,1,TRUE,"applied_mean",NA,4,"2026/2027","Observed",1,3,4,13,NA,3,"Caribbean","Saint Vincent And The Grenadines",0.725971165750233,37.3636363636364,9.65938352832554,"Low","Below average - fewer cases than typical at this point",-0.82129499221356,"Extremely Low",4.10217450965002,"Rare good event - unusually low cases to date","Saint Vincent And The Grenadines"
"VCT",3,6,0.617838660952152,22.5454545454546,0.688517003301232,59.909090909091,22.5454545454545,59.9090909090909,0.191268360210275,0.0664828315447076,2026,"WHO",2026-06-01,0,0,NA,2,NA,FALSE,"insufficient_n_rf",NA,4,"2026/2027","Observed",1,3,4,13,NA,3,"Caribbean","Saint Vincent And The Grenadines",0.688517003301232,59.909090909091,7.70263353572813,"Low","Below average - fewer cases than typical at this point",-0.811270250457223,"Extremely Low",4.10217450965002,"Rare good event - unusually low cases to date","Saint Vincent And The Grenadines"
"VCT",4,7,0.508553165056184,13.9090909090909,0.669343584173043,73.8181818181818,13.9090909090909,73.8181818181818,0.238021543725182,0.0467531835149069,2026,"WHO",2026-07-01,0,0,NA,1,NA,FALSE,"no_lookup_match",NA,4,"2026/2027","Observed",1,3,4,13,NA,3,"Caribbean","Saint Vincent And The Grenadines",0.669343584173043,73.8181818181818,7.09921555252267,"Low","Below average - fewer cases than typical at this point",-0.80341685399549,"Extremely Low",4.10217450965002,"Rare good event - unusually low cases to date","Saint Vincent And The Grenadines"
"VCT",5,8,0.481022497668337,18.6363636363636,0.647455201989519,92.4545454545454,18.6363636363636,92.4545454545455,0.299248151349766,0.061226607624584,2026,"Estimates",2026-08-01,0,NA,NA,NA,NA,NA,NA,NA,4,"2026/2027","Unobserved",1,3,4,13,0.489812860996672,3,"Caribbean","Saint Vincent And The Grenadines",0.647455201989519,92.4545454545454,6.5853527125497,"Low","Below average - fewer cases than typical at this point",-0.79317043395987,"Extremely Low",4.10217450965002,"Rare good event - unusually low cases to date","Saint Vincent And The Grenadines"
"VCT",6,9,0.663793468775953,17.9090909090909,0.649282303558168,110.363636363636,17.9090909090909,110.363636363636,0.367424382281285,0.0681762309315188,2026,NA,2026-09-01,NA,NA,NA,NA,NA,NA,NA,NA,4,"2026/2027","Unobserved",1,3,4,13,NA,3,"Caribbean","Saint Vincent And The Grenadines",0.649282303558168,110.363636363636,5.84097688967305,"Low","Below average - fewer cases than typical at this point",-0.796140952394304,"Extremely Low",4.10217450965002,"Rare good event - unusually low cases to date","Saint Vincent And The Grenadines"
"VCT",7,10,0.611911946678092,26.7272727272727,0.685916482711123,137.090909090909,26.7272727272727,137.090909090909,0.456703458483829,0.0892790762025447,2026,NA,2026-10-01,NA,NA,NA,NA,NA,NA,NA,NA,4,"2026/2027","Unobserved",1,3,4,13,NA,3,"Caribbean","Saint Vincent And The Grenadines",0.685916482711123,137.090909090909,4.42950352948829,"Extremely Low","Rare good event - unusually low cases to date",-0.82011040028132,"Extremely Low",4.10217450965002,"Rare good event - unusually low cases to date","Saint Vincent And The Grenadines"
"VCT",8,11,0.44787504835964,23,0.662764130677089,160.090909090909,23,160.090909090909,0.528924344639231,0.0722208861554018,2026,NA,2026-11-01,NA,NA,NA,NA,NA,NA,NA,NA,4,"2026/2027","Unobserved",1,3,4,13,NA,3,"Caribbean","Saint Vincent And The Grenadines",0.662764130677089,160.090909090909,4.3606899012809,"Extremely Low","Rare good event - unusually low cases to date",-0.807348557148827,"Extremely Low",4.10217450965002,"Rare good event - unusually low cases to date","Saint Vincent And The Grenadines"
"VCT",9,12,0.495826572374646,50.2727272727273,0.634363855708824,210.363636363636,50.2727272727273,210.363636363636,0.687407422815435,0.158483078176204,2026,NA,2026-12-01,NA,NA,NA,NA,NA,NA,NA,NA,4,"2026/2027","Unobserved",1,3,4,13,NA,3,"Caribbean","Saint Vincent And The Grenadines",0.634363855708824,210.363636363636,4.10217450965002,"Extremely Low","Rare good event - unusually low cases to date",-0.791490968384317,"Extremely Low",4.10217450965002,"Rare good event - unusually low cases to date","Saint Vincent And The Grenadines"
"VEN",10,1,1.12610116122961,3985.625,1.29032815210952,27920.9375,3985.625,27920.9375,0.838226673166804,0.125909345042082,2025,"PAHO",2025-01-01,6008,6008,NA,84,NA,FALSE,"no_lookup_match","current_month_missing",4,"2024/2025","Observed",6008,6008,15279,58261,NA,15279,"South America","Venezuela",1.29032815210952,27920.9375,14.1541851251926,"Low","Below average - fewer cases than typical at this point",-0.891478051143825,"Normal",65.7139441073401,"Average - typical case load at this point","Venezuela"
"VEN",11,2,1.25846240964256,2735.6875,1.32070849166934,30656.6249999999,2735.6875,30656.625,0.927391895335383,0.0891652221685794,2025,"PAHO",2025-02-01,4840,4840,NA,80,NA,FALSE,"no_lookup_match","current_month_missing",4,"2024/2025","Observed",10848,10848,15279,58261,NA,15279,"South America","Venezuela",1.32070849166934,30656.6249999999,23.9516992445083,"Low","Below average - fewer cases than typical at this point",-0.742547293254906,"Normal",65.7139441073401,"Average - typical case load at this point","Venezuela"
"VEN",12,3,1.42568940257577,2023.9375,1.35699353541744,32680.5625,2023.9375,32680.5625,1,0.0726081046646165,2025,"PAHO",2025-03-01,4431,4431,NA,75,NA,FALSE,"no_lookup_match","current_month_missing",4,"2024/2025","Observed",15279,15279,15279,58261,NA,15279,"South America","Venezuela",1.35699353541744,32680.5625,31.4391927594189,"Normal","Average - typical case load at this point",-0.620266885096273,"Normal",65.7139441073401,"Average - typical case load at this point","Venezuela"
"VEN",1,4,1.17657738978992,1888.6875,1.17657738978992,1888.6875,1888.6875,1888.6875,0.0660688374415952,0.0660688374415952,2025,"PAHO",2025-04-01,2355,2355,NA,71,NA,FALSE,"no_lookup_match","current_month_missing",4,"2025/2026","Observed",2355,17634,31393,58261,NA,31393,"South America","Venezuela",1.17657738978992,1888.6875,71.0341903189806,"Normal","Average - typical case load at this point",0.267726874809656,"Normal",65.7139441073401,"Average - typical case load at this point","Venezuela"
"VEN",2,5,1.25958236979196,2556.25,1.23869053643981,4444.93749999999,2556.25,4444.9375,0.152470131383486,0.0864012939418912,2025,"PAHO",2025-05-01,3201,3201,NA,67,NA,FALSE,"no_lookup_match","current_month_missing",4,"2025/2026","Observed",5556,20835,31393,58261,NA,31393,"South America","Venezuela",1.23869053643981,4444.93749999999,71.0819218478565,"Normal","Average - typical case load at this point",0.278159396771825,"Normal",65.7139441073401,"Average - typical case load at this point","Venezuela"
"VEN",3,6,0.684343202851773,2385.3125,1.24883996393111,6830.24999999999,2385.3125,6830.25,0.222981110619306,0.0705109792358198,2025,"PAHO",2025-06-01,5379,5379,NA,62,NA,FALSE,"no_lookup_match","current_month_missing",4,"2025/2026","Observed",10935,26214,31393,58261,NA,31393,"South America","Venezuela",1.24883996393111,6830.24999999999,80.5336263709515,"High","Above average - more cases than typical at this point",0.671527505843959,"Normal",65.7139441073401,"Average - typical case load at this point","Venezuela"
"VEN",4,7,0.73917454910162,2471.6875,1.29152950504514,9301.93750000001,2471.6875,9301.9375,0.299235918602353,0.076254807983047,2025,"PAHO",2025-07-01,3409,3409,NA,58,NA,FALSE,"no_lookup_match","current_month_missing",4,"2025/2026","Observed",14344,29623,31393,58261,NA,31393,"South America","Venezuela",1.29152950504514,9301.93750000001,79.2964378706737,"High","Above average - more cases than typical at this point",0.615966120844238,"Normal",65.7139441073401,"Average - typical case load at this point","Venezuela"
"VEN",5,8,0.729765571836839,2446.375,1.30209115140944,11748.3125,2446.375,11748.3125,0.371926849060528,0.0726909304581743,2025,"PAHO",2025-08-01,2914,2914,NA,54,NA,FALSE,"no_lookup_match","current_month_missing",4,"2025/2026","Observed",17258,32537,31393,58261,NA,31393,"South America","Venezuela",1.30209115140944,11748.3125,77.4940323994745,"High","Above average - more cases than typical at this point",0.535116207852011,"Normal",65.7139441073401,"Average - typical case load at this point","Venezuela"
"VEN",6,9,0.687593425473246,2762.875,1.30558995755341,14511.1875,2762.875,14511.1875,0.452914053873993,0.0809872048134652,2025,"PAHO",2025-09-01,2793,2793,NA,49,NA,FALSE,"no_lookup_match","current_month_missing",4,"2025/2026","Observed",20051,35330,31393,58261,NA,31393,"South America","Venezuela",1.30558995755341,14511.1875,75.1126002611724,"High","Above average - more cases than typical at this point",0.436190272871861,"Normal",65.7139441073401,"Average - typical case load at this point","Venezuela"
"VEN",7,10,0.665348755679893,3342.25,1.27812542247632,17853.4375,3342.25,17853.4375,0.546319676409415,0.0934056225354221,2025,"PAHO",2025-10-01,2154,2154,NA,45,NA,FALSE,"no_lookup_match","current_month_missing",4,"2025/2026","Observed",22205,37484,31393,58261,NA,31393,"South America","Venezuela",1.27812542247632,17853.4375,70.8546779554792,"Normal","Average - typical case load at this point",0.275546291034618,"Normal",65.7139441073401,"Average - typical case load at this point","Venezuela"
"VEN",8,11,0.657055810274814,3286.5625,1.26126082042745,21140,3286.5625,21140,0.638932446915401,0.0926127705059863,2025,"PAHO",2025-11-01,2319,2319,NA,41,NA,FALSE,"no_lookup_match","current_month_missing",4,"2025/2026","Observed",24524,39803,31393,58261,NA,31393,"South America","Venezuela",1.26126082042745,21140,68.006590524108,"Normal","Average - typical case load at this point",0.1797690274217,"Normal",65.7139441073401,"Average - typical case load at this point","Venezuela"
"VEN",9,12,0.625451199978136,2795.3125,1.23094248875835,23935.3125,2795.3125,23935.3125,0.712317328124722,0.0733848812093211,2025,"PAHO",2025-12-01,1697,1697,NA,36,NA,FALSE,"no_lookup_match","current_month_missing",4,"2025/2026","Observed",26221,41500,31393,58261,NA,31393,"South America","Venezuela",1.23094248875835,23935.3125,65.7139441073401,"Normal","Average - typical case load at this point",0.105946219760093,"Normal",65.7139441073401,"Average - typical case load at this point","Venezuela"
"VEN",10,1,1.12610116122961,3985.625,1.29032815210952,27920.9375,3985.625,27920.9375,0.838226673166804,0.125909345042082,2026,"PAHO",2026-01-01,2036,2036,NA,32,NA,FALSE,"no_lookup_match","current_month_missing",4,"2025/2026","Observed",28257,2036,31393,27659,NA,31393,"South America","Venezuela",1.29032815210952,27920.9375,62.1795702105089,"Normal","Average - typical case load at this point",0.0136719388973988,"Low",14.9548706853518,"Below average - fewer cases than typical at this point","Venezuela"
"VEN",11,2,1.25846240964256,2735.6875,1.32070849166934,30656.6249999999,2735.6875,30656.625,0.927391895335383,0.0891652221685794,2026,"PAHO",2026-02-01,1657,1657,NA,28,NA,FALSE,"no_lookup_match","current_month_missing",4,"2025/2026","Observed",29914,3693,31393,27659,NA,31393,"South America","Venezuela",1.32070849166934,30656.6249999999,60.4818253939428,"Normal","Average - typical case load at this point",-0.0278380848571457,"Low",14.9548706853518,"Below average - fewer cases than typical at this point","Venezuela"
"VEN",12,3,1.42568940257577,2023.9375,1.35699353541744,32680.5625,2023.9375,32680.5625,1,0.0726081046646165,2026,"PAHO",2026-03-01,1479,1479,NA,23,NA,FALSE,"no_lookup_match","current_month_missing",4,"2025/2026","Observed",31393,5172,31393,27659,NA,31393,"South America","Venezuela",1.35699353541744,32680.5625,59.6280296407249,"Normal","Average - typical case load at this point",-0.0458942914604232,"Low",14.9548706853518,"Below average - fewer cases than typical at this point","Venezuela"
"VEN",1,4,1.17657738978992,1888.6875,1.17657738978992,1888.6875,1888.6875,1888.6875,0.0660688374415952,0.0660688374415952,2026,"PAHO",2026-04-01,965,965,NA,19,NA,FALSE,"no_lookup_match","current_month_missing",4,"2026/2027","Observed",965,6137,13753,27659,NA,13753,"South America","Venezuela",1.17657738978992,1888.6875,37.0403299654015,"Normal","Average - typical case load at this point",-0.530322407560907,"Low",14.9548706853518,"Below average - fewer cases than typical at this point","Venezuela"
"VEN",2,5,1.25958236979196,2556.25,1.23869053643981,4444.93749999999,2556.25,4444.9375,0.152470131383486,0.0864012939418912,2026,"PAHO",2026-05-01,1041,1041,NA,15,NA,FALSE,"no_lookup_match","current_month_missing",4,"2026/2027","Observed",2006,7178,13753,27659,NA,13753,"South America","Venezuela",1.23869053643981,4444.93749999999,32.1191039333384,"Normal","Average - typical case load at this point",-0.610598759083469,"Low",14.9548706853518,"Below average - fewer cases than typical at this point","Venezuela"
"VEN",3,6,0.684343202851773,2385.3125,1.24883996393111,6830.24999999999,2385.3125,6830.25,0.222981110619306,0.0705109792358198,2026,"PAHO",2026-06-01,1386,1386,NA,10,NA,FALSE,"no_lookup_match","current_month_missing",4,"2026/2027","Observed",3392,8564,13753,27659,NA,13753,"South America","Venezuela",1.24883996393111,6830.24999999999,34.9846281665345,"Normal","Average - typical case load at this point",-0.562489663674518,"Low",14.9548706853518,"Below average - fewer cases than typical at this point","Venezuela"
"VEN",4,7,0.73917454910162,2471.6875,1.29152950504514,9301.93750000001,2471.6875,9301.9375,0.299235918602353,0.076254807983047,2026,"PAHO",2026-07-01,1384,1384,NA,6,NA,FALSE,"no_lookup_match","current_month_missing",4,"2026/2027","Observed",4776,9948,13753,27659,NA,13753,"South America","Venezuela",1.29152950504514,9301.93750000001,35.4635840493447,"Normal","Average - typical case load at this point",-0.552913448625137,"Low",14.9548706853518,"Below average - fewer cases than typical at this point","Venezuela"
"VEN",5,8,0.729765571836839,2446.375,1.30209115140944,11748.3125,2446.375,11748.3125,0.371926849060528,0.0726909304581743,2026,"PAHO",2026-08-01,339,339,NA,5,NA,FALSE,"no_lookup_match","current_month_missing",4,"2026/2027","Observed",5115,10287,13753,27659,NA,13753,"South America","Venezuela",1.30209115140944,11748.3125,30.0330420627203,"Normal","Average - typical case load at this point",-0.644245799874736,"Low",14.9548706853518,"Below average - fewer cases than typical at this point","Venezuela"
"VEN",6,9,0.687593425473246,2762.875,1.30558995755341,14511.1875,2762.875,14511.1875,0.452914053873993,0.0809872048134652,2026,NA,2026-09-01,NA,NA,NA,NA,NA,NA,NA,NA,4,"2026/2027","Unobserved",5115,10287,13753,27659,NA,13753,"South America","Venezuela",1.30558995755341,14511.1875,24.0922080002075,"Low","Below average - fewer cases than typical at this point",-0.739831102511163,"Low",14.9548706853518,"Below average - fewer cases than typical at this point","Venezuela"
"VEN",7,10,0.665348755679893,3342.25,1.27812542247632,17853.4375,3342.25,17853.4375,0.546319676409415,0.0934056225354221,2026,NA,2026-10-01,NA,NA,NA,NA,NA,NA,NA,NA,4,"2026/2027","Unobserved",5115,10287,13753,27659,NA,13753,"South America","Venezuela",1.27812542247632,17853.4375,19.683212361632,"Low","Below average - fewer cases than typical at this point",-0.806613534035478,"Low",14.9548706853518,"Below average - fewer cases than typical at this point","Venezuela"
"VEN",8,11,0.657055810274814,3286.5625,1.26126082042745,21140,3286.5625,21140,0.638932446915401,0.0926127705059863,2026,NA,2026-11-01,NA,NA,NA,NA,NA,NA,NA,NA,4,"2026/2027","Unobserved",5115,10287,13753,27659,NA,13753,"South America","Venezuela",1.26126082042745,21140,16.6163430604455,"Low","Below average - fewer cases than typical at this point",-0.851299841735457,"Low",14.9548706853518,"Below average - fewer cases than typical at this point","Venezuela"
"VEN",9,12,0.625451199978136,2795.3125,1.23094248875835,23935.3125,2795.3125,23935.3125,0.712317328124722,0.0733848812093211,2026,NA,2026-12-01,NA,NA,NA,NA,NA,NA,NA,NA,4,"2026/2027","Unobserved",5115,10287,13753,27659,NA,13753,"South America","Venezuela",1.23094248875835,23935.3125,14.9548706853518,"Low","Below average - fewer cases than typical at this point",-0.872359394746047,"Low",14.9548706853518,"Below average - fewer cases than typical at this point","Venezuela"
"VGB",10,1,1.13135175308869,18.25,1.2699220220079,150,18.25,150,0.834121746987984,0.170415229559994,2025,"PAHO",2025-01-01,11,11,NA,84,NA,FALSE,"no_lookup_match","current_month_missing",4,"2024/2025","Observed",11,11,21,88,NA,21,"Caribbean","Virgin Islands (Uk)",1.2699220220079,150,4.55645632601438,"Extremely Low","Rare good event - unusually low cases to date",-1.03987564442519,"Normal",29.8440029147696,"Average - typical case load at this point","Virgin Islands (Uk)"
"VGB",11,2,0.914643431350346,8.58333333333332,1.41949347409874,158.583333333333,8.58333333333333,158.583333333333,0.910618011836935,0.0764962648489507,2025,"PAHO",2025-02-01,4,4,NA,80,NA,FALSE,"no_lookup_match","current_month_missing",4,"2024/2025","Observed",15,15,21,88,NA,21,"Caribbean","Virgin Islands (Uk)",1.41949347409874,158.583333333333,4.68694139403986,"Extremely Low","Rare good event - unusually low cases to date",-1.0739353368205,"Normal",29.8440029147696,"Average - typical case load at this point","Virgin Islands (Uk)"
"VGB",12,3,0.995845211696987,10.1666666666667,1.55170432871029,168.75,10.1666666666667,168.75,1,0.0893819881630654,2025,"PAHO",2025-03-01,6,6,NA,75,NA,FALSE,"no_lookup_match","current_month_missing",4,"2024/2025","Observed",21,21,21,88,NA,21,"Caribbean","Virgin Islands (Uk)",1.55170432871029,168.75,5.4372966510457,"Low","Below average - fewer cases than typical at this point",-1.08567687518793,"Normal",29.8440029147696,"Average - typical case load at this point","Virgin Islands (Uk)"
"VGB",1,4,0.451940849060067,6.16666666666667,0.451940849060067,6.16666666666667,6.16666666666667,6.16666666666667,0.0296710062280538,0.0296710062280538,2025,"PAHO",2025-04-01,4,4,NA,71,NA,FALSE,"no_lookup_match","current_month_missing",4,"2025/2026","Observed",4,25,35,88,NA,36,"Caribbean","Virgin Islands (Uk)",0.451940849060067,6.16666666666667,62.3469981568197,"Normal","Average - typical case load at this point",-0.227994489046051,"Normal",29.8440029147696,"Average - typical case load at this point","Virgin Islands (Uk)"
"VGB",2,5,0.655849397400397,16.3333333333333,0.663629945881764,22.5,16.3333333333333,22.5,0.105368001331889,0.0756969951038354,2025,"PAHO",2025-05-01,1,1,NA,67,NA,FALSE,"no_lookup_match","current_month_missing",4,"2025/2026","Observed",5,26,35,88,NA,36,"Caribbean","Virgin Islands (Uk)",0.663629945881764,22.5,31.9555132740628,"Normal","Average - typical case load at this point",-0.624462650509986,"Normal",29.8440029147696,"Average - typical case load at this point","Virgin Islands (Uk)"
"VGB",3,6,0.401157917970503,6.58333333333333,0.639729986081729,29.0833333333333,6.58333333333333,29.0833333333333,0.133994903792406,0.0286269024605171,2025,"PAHO",2025-06-01,1,1,NA,62,NA,FALSE,"no_lookup_match","current_month_missing",4,"2025/2026","Observed",6,27,35,88,NA,36,"Caribbean","Virgin Islands (Uk)",0.639729986081729,29.0833333333333,31.0299103820395,"Normal","Average - typical case load at this point",-0.627954248668963,"Normal",29.8440029147696,"Average - typical case load at this point","Virgin Islands (Uk)"
"VGB",4,7,0.550904487703221,9.83333333333333,0.652901343403373,38.9166666666667,9.83333333333333,38.9166666666667,0.179798459683261,0.0458035558908549,2025,"PAHO",2025-07-01,1,1,NA,58,NA,FALSE,"no_lookup_match","current_month_missing",4,"2025/2026","Observed",7,28,35,88,NA,36,"Caribbean","Virgin Islands (Uk)",0.652901343403373,38.9166666666667,27.8964796675429,"Normal","Average - typical case load at this point",-0.65719286124142,"Normal",29.8440029147696,"Average - typical case load at this point","Virgin Islands (Uk)"
"VGB",5,8,0.610075605020036,23.1666666666667,0.65909705862038,62.0833333333333,23.1666666666667,62.0833333333333,0.29365197061313,0.113853510929868,2025,"WHO",2025-08-01,0,0,0,12,1,TRUE,"applied_mean",NA,4,"2025/2026","Observed",7,28,35,88,NA,36,"Caribbean","Virgin Islands (Uk)",0.65909705862038,62.0833333333333,20.7716905123782,"Low","Below average - fewer cases than typical at this point",-0.716517361642117,"Normal",29.8440029147696,"Average - typical case load at this point","Virgin Islands (Uk)"
"VGB",6,9,0.599742572487239,16.25,0.693378984222482,78.3333333333334,16.25,78.3333333333333,0.380807460102879,0.0871554894897492,2025,"PAHO",2025-09-01,8,8,NA,49,NA,FALSE,"no_lookup_match","current_month_missing",4,"2025/2026","Observed",15,36,35,88,NA,36,"Caribbean","Virgin Islands (Uk)",0.693378984222482,78.3333333333334,26.6051024665929,"Normal","Average - typical case load at this point",-0.670281792330571,"Normal",29.8440029147696,"Average - typical case load at this point","Virgin Islands (Uk)"
"VGB",7,10,0.71998078349389,27.5833333333333,0.697762583996958,105.916666666667,27.5833333333333,105.916666666667,0.522871423284795,0.142063963181916,2025,"WHO",2025-10-01,7,7,7,10,1,TRUE,"applied_mean",NA,4,"2025/2026","Observed",22,43,35,88,NA,36,"Caribbean","Virgin Islands (Uk)",0.697762583996958,105.916666666667,27.5835749765582,"Normal","Average - typical case load at this point",-0.659647495560657,"Normal",29.8440029147696,"Average - typical case load at this point","Virgin Islands (Uk)"
"VGB",8,11,0.608251700030651,14.8333333333333,0.711957191735276,120.75,14.8333333333333,120.75,0.601946324441233,0.0790749011564383,2025,"PAHO",2025-11-01,10,10,NA,41,NA,FALSE,"no_lookup_match","current_month_missing",4,"2025/2026","Observed",32,53,35,88,NA,36,"Caribbean","Virgin Islands (Uk)",0.711957191735276,120.75,31.4728898593542,"Normal","Average - typical case load at this point",-0.618346056239034,"Normal",29.8440029147696,"Average - typical case load at this point","Virgin Islands (Uk)"
"VGB",9,12,0.721026985796383,11,0.727671902514329,131.75,11,131.75,0.66370651742799,0.0617601929867567,2025,"Estimates",2025-12-01,1,NA,NA,NA,NA,NA,NA,"current_month_missing",4,"2025/2026","Unobserved",33,54,35,88,1.29696405272189,36,"Caribbean","Virgin Islands (Uk)",0.727671902514329,131.75,29.8440029147696,"Normal","Average - typical case load at this point",-0.637614598062843,"Normal",29.8440029147696,"Average - typical case load at this point","Virgin Islands (Uk)"
"VGB",10,1,1.13135175308869,18.25,1.2699220220079,150,18.25,150,0.834121746987984,0.170415229559994,2026,"WHO",2026-01-01,0,0,0,7,1,TRUE,"applied_mean",NA,4,"2025/2026","Observed",33,0,35,112,NA,36,"Caribbean","Virgin Islands (Uk)",1.2699220220079,150,15.3192235910912,"Low","Below average - fewer cases than typical at this point",-0.875291010055735,"Low",20.1656948095047,"Below average - fewer cases than typical at this point","Virgin Islands (Uk)"
"VGB",11,2,0.914643431350346,8.58333333333332,1.41949347409874,158.583333333333,8.58333333333333,158.583333333333,0.910618011836935,0.0764962648489507,2026,"WHO",2026-02-01,0,0,0,6,1,TRUE,"applied_mean",NA,4,"2025/2026","Observed",33,0,35,112,NA,36,"Caribbean","Virgin Islands (Uk)",1.41949347409874,158.583333333333,12.3498544891402,"Low","Below average - fewer cases than typical at this point",-0.939303861049617,"Low",20.1656948095047,"Below average - fewer cases than typical at this point","Virgin Islands (Uk)"
"VGB",12,3,0.995845211696987,10.1666666666667,1.55170432871029,168.75,10.1666666666667,168.75,1,0.0893819881630654,2026,"PAHO",2026-03-01,3,3,NA,23,NA,FALSE,"no_lookup_match","current_month_missing",4,"2025/2026","Observed",36,3,35,112,NA,36,"Caribbean","Virgin Islands (Uk)",1.55170432871029,168.75,11.1488120419049,"Low","Below average - fewer cases than typical at this point",-0.975455872630784,"Low",20.1656948095047,"Below average - fewer cases than typical at this point","Virgin Islands (Uk)"
"VGB",1,4,0.451940849060067,6.16666666666667,0.451940849060067,6.16666666666667,6.16666666666667,6.16666666666667,0.0296710062280538,0.0296710062280538,2026,"PAHO",2026-04-01,8,8,NA,19,NA,FALSE,"no_lookup_match","current_month_missing",4,"2026/2027","Observed",8,11,90,112,NA,61,"Caribbean","Virgin Islands (Uk)",0.451940849060067,6.16666666666667,76.1302083558757,"High","Above average - more cases than typical at this point",0.192918413808197,"Low",20.1656948095047,"Below average - fewer cases than typical at this point","Virgin Islands (Uk)"
"VGB",2,5,0.655849397400397,16.3333333333333,0.663629945881764,22.5,16.3333333333333,22.5,0.105368001331889,0.0756969951038354,2026,"PAHO",2026-05-01,4,4,NA,15,NA,FALSE,"no_lookup_match","current_month_missing",4,"2026/2027","Observed",12,15,90,112,NA,61,"Caribbean","Virgin Islands (Uk)",0.663629945881764,22.5,49.9508806673735,"Normal","Average - typical case load at this point",-0.374677590305991,"Low",20.1656948095047,"Below average - fewer cases than typical at this point","Virgin Islands (Uk)"
"VGB",3,6,0.401157917970503,6.58333333333333,0.639729986081729,29.0833333333333,6.58333333333333,29.0833333333333,0.133994903792406,0.0286269024605171,2026,"WHO",2026-06-01,0,0,NA,2,NA,FALSE,"insufficient_n_rf",NA,4,"2026/2027","Observed",12,15,90,112,NA,61,"Caribbean","Virgin Islands (Uk)",0.639729986081729,29.0833333333333,44.2575355647182,"Normal","Average - typical case load at this point",-0.464731483671976,"Low",20.1656948095047,"Below average - fewer cases than typical at this point","Virgin Islands (Uk)"
"VGB",4,7,0.550904487703221,9.83333333333333,0.652901343403373,38.9166666666667,9.83333333333333,38.9166666666667,0.179798459683261,0.0458035558908549,2026,"Estimates",2026-07-01,2,NA,NA,1,NA,FALSE,"no_lookup_match",NA,4,"2026/2027","Unobserved",14,17,90,112,1.60312445617992,61,"Caribbean","Virgin Islands (Uk)",0.652901343403373,38.9166666666667,40.50430783327,"Normal","Average - typical case load at this point",-0.51305656791432,"Low",20.1656948095047,"Below average - fewer cases than typical at this point","Virgin Islands (Uk)"
"VGB",5,8,0.610075605020036,23.1666666666667,0.65909705862038,62.0833333333333,23.1666666666667,62.0833333333333,0.29365197061313,0.113853510929868,2026,"Estimates",2026-08-01,4,NA,NA,NA,NA,NA,NA,NA,4,"2026/2027","Unobserved",18,21,90,112,3.98487288254539,61,"Caribbean","Virgin Islands (Uk)",0.65909705862038,62.0833333333333,35.4125577337346,"Normal","Average - typical case load at this point",-0.573430687305113,"Low",20.1656948095047,"Below average - fewer cases than typical at this point","Virgin Islands (Uk)"
"VGB",6,9,0.599742572487239,16.25,0.693378984222482,78.3333333333334,16.25,78.3333333333333,0.380807460102879,0.0871554894897492,2026,NA,2026-09-01,NA,NA,NA,NA,NA,NA,NA,NA,4,"2026/2027","Unobserved",18,21,90,112,NA,61,"Caribbean","Virgin Islands (Uk)",0.693378984222482,78.3333333333334,29.6907565779405,"Normal","Average - typical case load at this point",-0.638531602167544,"Low",20.1656948095047,"Below average - fewer cases than typical at this point","Virgin Islands (Uk)"
"VGB",7,10,0.71998078349389,27.5833333333333,0.697762583996958,105.916666666667,27.5833333333333,105.916666666667,0.522871423284795,0.142063963181916,2026,NA,2026-10-01,NA,NA,NA,NA,NA,NA,NA,NA,4,"2026/2027","Unobserved",18,21,90,112,NA,61,"Caribbean","Virgin Islands (Uk)",0.697762583996958,105.916666666667,24.3717500518532,"Low","Below average - fewer cases than typical at this point",-0.691090474495028,"Low",20.1656948095047,"Below average - fewer cases than typical at this point","Virgin Islands (Uk)"
"VGB",8,11,0.608251700030651,14.8333333333333,0.711957191735276,120.75,14.8333333333333,120.75,0.601946324441233,0.0790749011564383,2026,NA,2026-11-01,NA,NA,NA,NA,NA,NA,NA,NA,4,"2026/2027","Unobserved",18,21,90,112,NA,61,"Caribbean","Virgin Islands (Uk)",0.711957191735276,120.75,21.9094312675497,"Low","Below average - fewer cases than typical at this point",-0.715887969335896,"Low",20.1656948095047,"Below average - fewer cases than typical at this point","Virgin Islands (Uk)"
"VGB",9,12,0.721026985796383,11,0.727671902514329,131.75,11,131.75,0.66370651742799,0.0617601929867567,2026,NA,2026-12-01,NA,NA,NA,NA,NA,NA,NA,NA,4,"2026/2027","Unobserved",18,21,90,112,NA,61,"Caribbean","Virgin Islands (Uk)",0.727671902514329,131.75,20.1656948095047,"Low","Below average - fewer cases than typical at this point",-0.734467448401503,"Low",20.1656948095047,"Below average - fewer cases than typical at this point","Virgin Islands (Uk)"
"VNM",11,1,2.32400059888069,8929.66666666668,3.23526699517763,134916.933333333,8929.66666666667,134916.933333333,0.960122336806749,0.0734331070895342,2025,"WHO",2025-01-01,8655,8655,NA,19,NA,FALSE,"no_lookup_match",NA,3,"2024/2025","Observed",8655,8655,13578,182941,NA,13578,"East & Southeast Asia","Viet Nam",3.23526699517763,134916.933333333,0.0649562821845946,"Extremely Low","Rare good event - unusually low cases to date",-1.68327793459576,"Extremely Low",2.37804228719558,"Rare good event - unusually low cases to date","Viet Nam"
"VNM",12,2,2.03076844049551,4871.06666666666,3.34792830753395,139788,4871.06666666667,139788,1,0.0398776631932507,2025,"WHO",2025-02-01,4923,4923,NA,18,NA,FALSE,"no_lookup_match",NA,3,"2024/2025","Observed",13578,13578,13578,182941,NA,13578,"East & Southeast Asia","Viet Nam",3.34792830753395,139788,0.192189695727447,"Extremely Low","Rare good event - unusually low cases to date",-1.65198747215161,"Extremely Low",2.37804228719558,"Rare good event - unusually low cases to date","Viet Nam"
"VNM",1,3,1.80064534434873,4319.26666666666,1.80064534434873,4319.26666666666,4319.26666666667,4319.26666666667,0.0291613983799255,0.0291613983799255,2025,"WHO",2025-03-01,2903,2903,NA,17,NA,FALSE,"no_lookup_match",NA,3,"2025/2026","Observed",2903,16481,96653,182941,NA,36062,"East & Southeast Asia","Viet Nam",1.80064534434873,4319.26666666666,40.4382996652644,"Normal","Average - typical case load at this point",-0.439904698154908,"Extremely Low",2.37804228719558,"Rare good event - unusually low cases to date","Viet Nam"
"VNM",2,4,1.30473351544785,4031.06666666666,1.68868486809027,8350.3333333333,4031.06666666667,8350.33333333333,0.0573811853075917,0.0282197869276662,2025,"WHO",2025-04-01,2654,2654,NA,16,NA,FALSE,"no_lookup_match",NA,3,"2025/2026","Observed",5557,19135,96653,182941,NA,36062,"East & Southeast Asia","Viet Nam",1.68868486809027,8350.3333333333,40.9407440468465,"Normal","Average - typical case load at this point",-0.434659672451164,"Extremely Low",2.37804228719558,"Rare good event - unusually low cases to date","Viet Nam"
"VNM",3,5,2.13328476041997,5411.06666666666,1.95088557640887,13761.4,5411.06666666667,13761.4,0.0956953046786677,0.038314119371076,2025,"WHO",2025-05-01,4792,4792,NA,15,NA,FALSE,"no_lookup_match",NA,3,"2025/2026","Observed",10349,23927,96653,182941,NA,36062,"East & Southeast Asia","Viet Nam",1.95088557640887,13761.4,44.6656948733949,"Normal","Average - typical case load at this point",-0.346323874822894,"Extremely Low",2.37804228719558,"Rare good event - unusually low cases to date","Viet Nam"
"VNM",4,6,2.06123303719755,9018.73333333334,2.21604467384851,22780.1333333334,9018.73333333333,22780.1333333333,0.157357142299149,0.0616618376204813,2025,"WHO",2025-06-01,4860,4860,NA,14,NA,FALSE,"no_lookup_match",NA,3,"2025/2026","Observed",15209,28787,96653,182941,NA,36062,"East & Southeast Asia","Viet Nam",2.21604467384851,22780.1333333334,37.0267448685864,"Normal","Average - typical case load at this point",-0.494735147891727,"Extremely Low",2.37804228719558,"Rare good event - unusually low cases to date","Viet Nam"
"VNM",5,7,2.13739324544816,15311.8666666666,2.30543645736531,38092,15311.8666666667,38092,0.263594741807637,0.106237599508487,2025,"Estimates",2025-07-01,1442,NA,NA,NA,NA,NA,NA,NA,3,"2025/2026","Unobserved",16651,30229,96653,182941,1442.49412612624,36062,"East & Southeast Asia","Viet Nam",2.30543645736531,38092,19.1745698147963,"Low","Below average - fewer cases than typical at this point",-0.854623238014827,"Extremely Low",2.37804228719558,"Rare good event - unusually low cases to date","Viet Nam"
"VNM",6,8,2.47855965615707,17818.8,2.42799548497207,55910.8,17818.8,55910.8,0.389050446145085,0.125455704337449,2025,"Estimates",2025-08-01,1703,NA,NA,NA,NA,NA,NA,NA,3,"2025/2026","Unobserved",18354,31932,96653,182941,1703.43755349388,36062,"East & Southeast Asia","Viet Nam",2.42799548497207,55910.8,10.837393698367,"Low","Below average - fewer cases than typical at this point",-1.0466642310371,"Extremely Low",2.37804228719558,"Rare good event - unusually low cases to date","Viet Nam"
"VNM",7,9,2.60906192230011,18766.8666666667,2.54503466198304,74677.6666666665,18766.8666666667,74677.6666666667,0.519432427522883,0.130381981377797,2025,"Estimates",2025-09-01,1770,NA,NA,NA,NA,NA,NA,NA,3,"2025/2026","Unobserved",20124,33702,96653,182941,1770.32654314773,36062,"East & Southeast Asia","Viet Nam",2.54503466198304,74677.6666666665,6.7735073020368,"Low","Below average - fewer cases than typical at this point",-1.16539367432154,"Extremely Low",2.37804228719558,"Rare good event - unusually low cases to date","Viet Nam"
"VNM",8,10,2.76240559091845,20075.0666666666,2.70595822507314,94752.7333333336,20075.0666666667,94752.7333333333,0.661095088293197,0.141662660770314,2025,"Estimates",2025-10-01,1923,NA,NA,NA,NA,NA,NA,NA,3,"2025/2026","Unobserved",22047,35625,96653,182941,1923.49560793933,36062,"East & Southeast Asia","Viet Nam",2.70595822507314,94752.7333333336,4.33736944901651,"Extremely Low","Rare good event - unusually low cases to date",-1.26220894877787,"Extremely Low",2.37804228719558,"Rare good event - unusually low cases to date","Viet Nam"
"VNM",9,11,2.90030252937867,17522.3333333334,2.85952676549212,112275.066666666,17522.3333333333,112275.066666667,0.787184683284784,0.126089594991587,2025,"Estimates",2025-11-01,1712,NA,NA,NA,NA,NA,NA,NA,3,"2025/2026","Unobserved",23759,37337,96653,182941,1712.04452079577,36062,"East & Southeast Asia","Viet Nam",2.85952676549212,112275.066666666,3.03403034873375,"Extremely Low","Rare good event - unusually low cases to date",-1.33315405544707,"Extremely Low",2.37804228719558,"Rare good event - unusually low cases to date","Viet Nam"
"VNM",10,12,2.71019900495582,13712.2,2.96117297430444,125987.266666666,13712.2,125987.266666667,0.886689229717215,0.0995045464324309,2025,"Estimates",2025-12-01,1351,NA,NA,NA,NA,NA,NA,NA,3,"2025/2026","Unobserved",25110,38688,96653,182941,1351.07273145955,36062,"East & Southeast Asia","Viet Nam",2.96117297430444,125987.266666666,2.37804228719558,"Extremely Low","Rare good event - unusually low cases to date",-1.37782302227425,"Extremely Low",2.37804228719558,"Rare good event - unusually low cases to date","Viet Nam"
"VNM",11,1,2.32400059888069,8929.66666666668,3.23526699517763,134916.933333333,8929.66666666667,134916.933333333,0.960122336806749,0.0734331070895342,2026,"Estimates",2026-01-01,7098,NA,NA,NA,NA,NA,NA,NA,3,"2025/2026","Unobserved",32208,7098,96653,NA,7097.53009952475,36062,"East & Southeast Asia","Viet Nam",3.23526699517763,134916.933333333,2.99012510270349,"Extremely Low","Rare good event - unusually low cases to date",-1.36927794943105,"Low",6.36793842613658,"Below average - fewer cases than typical at this point","Viet Nam"
"VNM",12,2,2.03076844049551,4871.06666666666,3.34792830753395,139788,4871.06666666667,139788,1,0.0398776631932507,2026,"Estimates",2026-02-01,3854,NA,NA,NA,NA,NA,NA,NA,3,"2025/2026","Unobserved",36062,10952,96653,NA,3854.29578061726,36062,"East & Southeast Asia","Viet Nam",3.34792830753395,139788,3.37756383497045,"Extremely Low","Rare good event - unusually low cases to date",-1.35768998127247,"Low",6.36793842613658,"Below average - fewer cases than typical at this point","Viet Nam"
"VNM",1,3,1.80064534434873,4319.26666666666,1.80064534434873,4319.26666666666,4319.26666666667,4319.26666666667,0.0291613983799255,0.0291613983799255,2026,"Estimates",2026-03-01,2819,NA,NA,NA,NA,NA,NA,NA,3,"2026/2027","Unobserved",2819,13771,NA,NA,2818.53663761494,96656,"East & Southeast Asia","Viet Nam",1.80064534434873,4319.26666666666,39.1254050690504,"Normal","Average - typical case load at this point",-0.465995825987482,"Low",6.36793842613658,"Below average - fewer cases than typical at this point","Viet Nam"
"VNM",2,4,1.30473351544785,4031.06666666666,1.68868486809027,8350.3333333333,4031.06666666667,8350.33333333333,0.0573811853075917,0.0282197869276662,2026,"Estimates",2026-04-01,2728,NA,NA,NA,NA,NA,NA,NA,3,"2026/2027","Unobserved",5547,16499,NA,NA,2727.52706591972,96656,"East & Southeast Asia","Viet Nam",1.68868486809027,8350.3333333333,40.8621470532581,"Normal","Average - typical case load at this point",-0.436215733331061,"Low",6.36793842613658,"Below average - fewer cases than typical at this point","Viet Nam"
"VNM",3,5,2.13328476041997,5411.06666666666,1.95088557640887,13761.4,5411.06666666667,13761.4,0.0956953046786677,0.038314119371076,2026,"Estimates",2026-05-01,3703,NA,NA,NA,NA,NA,NA,NA,3,"2026/2027","Unobserved",9250,20202,NA,NA,3703.17457957261,96656,"East & Southeast Asia","Viet Nam",1.95088557640887,13761.4,39.2525190175907,"Normal","Average - typical case load at this point",-0.457861191207363,"Low",6.36793842613658,"Below average - fewer cases than typical at this point","Viet Nam"
"VNM",4,6,2.06123303719755,9018.73333333334,2.21604467384851,22780.1333333334,9018.73333333333,22780.1333333333,0.157357142299149,0.0616618376204813,2026,"Estimates",2026-06-01,5960,NA,NA,NA,NA,NA,NA,NA,3,"2026/2027","Unobserved",15210,26162,NA,NA,5959.80159153238,96656,"East & Southeast Asia","Viet Nam",2.21604467384851,22780.1333333334,37.0299540116264,"Normal","Average - typical case load at this point",-0.494669802965663,"Low",6.36793842613658,"Below average - fewer cases than typical at this point","Viet Nam"
"VNM",5,7,2.13739324544816,15311.8666666666,2.30543645736531,38092,15311.8666666667,38092,0.263594741807637,0.106237599508487,2026,"Estimates",2026-07-01,10268,NA,NA,NA,NA,NA,NA,NA,3,"2026/2027","Unobserved",25478,36430,NA,NA,10268.1827052938,96656,"East & Southeast Asia","Viet Nam",2.30543645736531,38092,36.5192061253597,"Normal","Average - typical case load at this point",-0.502785202384172,"Low",6.36793842613658,"Below average - fewer cases than typical at this point","Viet Nam"
"VNM",6,8,2.47855965615707,17818.8,2.42799548497207,55910.8,17818.8,55910.8,0.389050446145085,0.125455704337449,2026,"Estimates",2026-08-01,12126,NA,NA,NA,NA,NA,NA,NA,3,"2026/2027","Unobserved",37604,48556,NA,NA,12125.6701913274,96656,"East & Southeast Asia","Viet Nam",2.42799548497207,55910.8,36.0175161139601,"Normal","Average - typical case load at this point",-0.510189173325469,"Low",6.36793842613658,"Below average - fewer cases than typical at this point","Viet Nam"
"VNM",7,9,2.60906192230011,18766.8666666667,2.54503466198304,74677.6666666665,18766.8666666667,74677.6666666667,0.519432427522883,0.130381981377797,2026,NA,2026-09-01,NA,NA,NA,NA,NA,NA,NA,NA,3,"2026/2027","Unobserved",37604,48556,NA,NA,NA,96656,"East & Southeast Asia","Viet Nam",2.54503466198304,74677.6666666665,22.2982684984963,"Low","Below average - fewer cases than typical at this point",-0.791980067650301,"Low",6.36793842613658,"Below average - fewer cases than typical at this point","Viet Nam"
"VNM",8,10,2.76240559091845,20075.0666666666,2.70595822507314,94752.7333333336,20075.0666666667,94752.7333333333,0.661095088293197,0.141662660770314,2026,NA,2026-10-01,NA,NA,NA,NA,NA,NA,NA,NA,3,"2026/2027","Unobserved",37604,48556,NA,NA,NA,96656,"East & Southeast Asia","Viet Nam",2.70595822507314,94752.7333333336,13.5247704137551,"Low","Below average - fewer cases than typical at this point",-0.992131422345238,"Low",6.36793842613658,"Below average - fewer cases than typical at this point","Viet Nam"
"VNM",9,11,2.90030252937867,17522.3333333334,2.85952676549212,112275.066666666,17522.3333333333,112275.066666667,0.787184683284784,0.126089594991587,2026,NA,2026-11-01,NA,NA,NA,NA,NA,NA,NA,NA,3,"2026/2027","Unobserved",37604,48556,NA,NA,NA,96656,"East & Southeast Asia","Viet Nam",2.85952676549212,112275.066666666,8.78543889699763,"Low","Below average - fewer cases than typical at this point",-1.12463238709084,"Low",6.36793842613658,"Below average - fewer cases than typical at this point","Viet Nam"
"VNM",10,12,2.71019900495582,13712.2,2.96117297430444,125987.266666666,13712.2,125987.266666667,0.886689229717215,0.0995045464324309,2026,NA,2026-12-01,NA,NA,NA,NA,NA,NA,NA,NA,3,"2026/2027","Unobserved",37604,48556,NA,NA,NA,96656,"East & Southeast Asia","Viet Nam",2.96117297430444,125987.266666666,6.36793842613658,"Low","Below average - fewer cases than typical at this point",-1.20717485337434,"Low",6.36793842613658,"Below average - fewer cases than typical at this point","Viet Nam"
"VUT",3,1,0.636367963259218,13,0.400798565606375,53.1111111111112,13,53.1111111111111,0.279356783034319,0.127623374833512,2025,"WHO",2025-01-01,74,74,NA,19,NA,FALSE,"no_lookup_match",NA,11,"2024/2025","Observed",74,74,92,883,NA,92,"Pacific Islands","Vanuatu",0.400798565606375,53.1111111111112,77.1442570871269,"High","Above average - more cases than typical at this point",0.24806214834164,"High",77.7948074254731,"Above average - more cases than typical at this point","Vanuatu"
"VUT",4,2,1.12608231110575,11.5555555555556,0.560816380602605,64.6666666666666,11.5555555555556,64.6666666666667,0.403675703391732,0.124318920357412,2025,"WHO",2025-02-01,10,10,NA,18,NA,FALSE,"no_lookup_match",NA,11,"2024/2025","Observed",84,84,92,883,NA,92,"Pacific Islands","Vanuatu",0.560816380602605,64.6666666666666,74.2302706472797,"Normal","Average - typical case load at this point",0.222926417104803,"High",77.7948074254731,"Above average - more cases than typical at this point","Vanuatu"
"VUT",5,3,1.31666376556409,10.1111111111111,0.766965912583189,74.7777777777779,10.1111111111111,74.7777777777778,0.516728151383127,0.113052447991396,2025,"WHO",2025-03-01,0,0,NA,17,NA,FALSE,"no_lookup_match",NA,11,"2024/2025","Observed",84,84,92,883,NA,92,"Pacific Islands","Vanuatu",0.766965912583189,74.7777777777779,68.8227687090093,"Normal","Average - typical case load at this point",0.107457123466955,"High",77.7948074254731,"Above average - more cases than typical at this point","Vanuatu"
"VUT",6,4,1.36992174613763,11.7777777777778,0.938464271344848,86.5555555555556,11.7777777777778,86.5555555555556,0.61625206023953,0.0995239088564027,2025,"WHO",2025-04-01,1,1,NA,16,NA,FALSE,"no_lookup_match",NA,11,"2024/2025","Observed",85,85,92,883,NA,92,"Pacific Islands","Vanuatu",0.938464271344848,86.5555555555556,63.1906070570204,"Normal","Average - typical case load at this point",-0.0173164051558329,"High",77.7948074254731,"Above average - more cases than typical at this point","Vanuatu"
"VUT",7,5,1.28638341083598,9.44444444444444,1.36086757098842,96.0000000000001,9.44444444444444,96,0.710476688757059,0.0942246285175288,2025,"WHO",2025-05-01,0,0,NA,15,NA,FALSE,"no_lookup_match",NA,11,"2024/2025","Observed",85,85,92,883,NA,92,"Pacific Islands","Vanuatu",1.36086757098842,96.0000000000001,56.3466391084599,"Normal","Average - typical case load at this point",-0.132731127508059,"High",77.7948074254731,"Above average - more cases than typical at this point","Vanuatu"
"VUT",8,6,0.561273222404962,4.44444444444445,1.54944397775078,100.444444444444,4.44444444444444,100.444444444444,0.742615013483864,0.0321383247268052,2025,"WHO",2025-06-01,0,0,NA,14,NA,FALSE,"no_lookup_match",NA,11,"2024/2025","Observed",85,85,92,883,NA,92,"Pacific Islands","Vanuatu",1.54944397775078,100.444444444444,53.1904845483402,"Normal","Average - typical case load at this point",-0.189937271469815,"High",77.7948074254731,"Above average - more cases than typical at this point","Vanuatu"
"VUT",9,7,0.758500786200682,7.55555555555556,1.7876854943005,108,7.55555555555556,108,0.78328459181977,0.0406695783359063,2025,"WHO",2025-07-01,1,1,NA,13,NA,FALSE,"no_lookup_match",NA,11,"2024/2025","Observed",86,86,92,883,NA,92,"Pacific Islands","Vanuatu",1.7876854943005,108,48.8859046086854,"Normal","Average - typical case load at this point",-0.270134184719792,"High",77.7948074254731,"Above average - more cases than typical at this point","Vanuatu"
"VUT",10,8,0.203268456603007,61.0000000000001,1.20919112709318,169,61,169,0.850473811714471,0.0671892198947004,2025,"WHO",2025-08-01,0,0,0,12,1,TRUE,"applied_mean",NA,11,"2024/2025","Observed",86,86,92,883,NA,92,"Pacific Islands","Vanuatu",1.20919112709318,169,36.6789850363273,"Normal","Average - typical case load at this point",-0.538134346702001,"High",77.7948074254731,"Above average - more cases than typical at this point","Vanuatu"
"VUT",11,9,0.19232020888565,110.333333333333,0.729633062234843,279.333333333334,110.333333333333,279.333333333333,0.925837836658096,0.0753640249436257,2025,"WHO",2025-09-01,2,2,2,11,1,TRUE,"applied_mean",NA,11,"2024/2025","Observed",88,88,92,883,NA,92,"Pacific Islands","Vanuatu",0.729633062234843,279.333333333334,34.2081786527134,"Normal","Average - typical case load at this point",-0.584323921373805,"High",77.7948074254731,"Above average - more cases than typical at this point","Vanuatu"
"VUT",12,10,0.158095318876866,121.555555555555,0.567716591548192,400.88888888889,121.555555555556,400.888888888889,1,0.0741621633419037,2025,"WHO",2025-10-01,4,4,4,10,1,TRUE,"applied_mean",NA,11,"2024/2025","Observed",92,92,92,883,NA,92,"Pacific Islands","Vanuatu",0.567716591548192,400.88888888889,33.8519120477606,"Normal","Average - typical case load at this point",-0.580145283792197,"High",77.7948074254731,"Above average - more cases than typical at this point","Vanuatu"
"VUT",1,11,0.141579903562647,29.4444444444445,0.141579903562647,29.4444444444445,29.4444444444444,29.4444444444444,0.095034316455775,0.095034316455775,2025,"WHO",2025-11-01,12,12,12,9,1,TRUE,"applied_mean",NA,11,"2025/2026","Observed",12,104,297,883,NA,297,"Pacific Islands","Vanuatu",0.141579903562647,29.4444444444445,71.2702225397377,"Normal","Average - typical case load at this point",-0.222388825722847,"High",77.7948074254731,"Above average - more cases than typical at this point","Vanuatu"
"VUT",2,12,0.284677641422156,10.6666666666667,0.186697136387055,40.1111111111111,10.6666666666667,40.1111111111111,0.151733408200808,0.0566990917450326,2025,"WHO",2025-12-01,30,30,30,8,1,TRUE,"applied_mean",NA,11,"2025/2026","Observed",42,134,297,883,NA,297,"Pacific Islands","Vanuatu",0.186697136387055,40.1111111111111,77.7948074254731,"High","Above average - more cases than typical at this point",0.0203002871471534,"High",77.7948074254731,"Above average - more cases than typical at this point","Vanuatu"
"VUT",3,1,0.636367963259218,13,0.400798565606375,53.1111111111112,13,53.1111111111111,0.279356783034319,0.127623374833512,2026,"WHO",2026-01-01,16,16,16,7,1,TRUE,"applied_mean",NA,11,"2025/2026","Observed",58,16,297,244,NA,297,"Pacific Islands","Vanuatu",0.400798565606375,53.1111111111112,72.1457026379307,"Normal","Average - typical case load at this point",0.0580570985480428,"Normal",36.6624971603938,"Average - typical case load at this point","Vanuatu"
"VUT",4,2,1.12608231110575,11.5555555555556,0.560816380602605,64.6666666666666,11.5555555555556,64.6666666666667,0.403675703391732,0.124318920357412,2026,"WHO",2026-02-01,0,0,0,6,1,TRUE,"applied_mean",NA,11,"2025/2026","Observed",58,16,297,244,NA,297,"Pacific Islands","Vanuatu",0.560816380602605,64.6666666666666,64.7551785824281,"Normal","Average - typical case load at this point",-0.0768711783119999,"Normal",36.6624971603938,"Average - typical case load at this point","Vanuatu"
"VUT",5,3,1.31666376556409,10.1111111111111,0.766965912583189,74.7777777777779,10.1111111111111,74.7777777777778,0.516728151383127,0.113052447991396,2026,"WHO",2026-03-01,1,1,1,5,1,TRUE,"applied_mean",NA,11,"2025/2026","Observed",59,17,297,244,NA,297,"Pacific Islands","Vanuatu",0.766965912583189,74.7777777777779,57.8904127385986,"Normal","Average - typical case load at this point",-0.183842307618166,"Normal",36.6624971603938,"Average - typical case load at this point","Vanuatu"
"VUT",6,4,1.36992174613763,11.7777777777778,0.938464271344848,86.5555555555556,11.7777777777778,86.5555555555556,0.61625206023953,0.0995239088564027,2026,"WHO",2026-04-01,6,6,6,4,1,TRUE,"applied_mean",NA,11,"2025/2026","Observed",65,23,297,244,NA,297,"Pacific Islands","Vanuatu",0.938464271344848,86.5555555555556,53.9101345067439,"Normal","Average - typical case load at this point",-0.23995590001654,"Normal",36.6624971603938,"Average - typical case load at this point","Vanuatu"
"VUT",7,5,1.28638341083598,9.44444444444444,1.36086757098842,96.0000000000001,9.44444444444444,96,0.710476688757059,0.0942246285175288,2026,"WHO",2026-05-01,6,6,6,3,1,TRUE,"applied_mean",NA,11,"2025/2026","Observed",71,29,297,244,NA,297,"Pacific Islands","Vanuatu",1.36086757098842,96.0000000000001,48.7914701446913,"Normal","Average - typical case load at this point",-0.301661653427406,"Normal",36.6624971603938,"Average - typical case load at this point","Vanuatu"
"VUT",8,6,0.561273222404962,4.44444444444445,1.54944397775078,100.444444444444,4.44444444444444,100.444444444444,0.742615013483864,0.0321383247268052,2026,"WHO",2026-06-01,42,42,42,2,1,TRUE,"applied_mean",NA,11,"2025/2026","Observed",113,71,297,244,NA,297,"Pacific Islands","Vanuatu",1.54944397775078,100.444444444444,66.35668612454,"Normal","Average - typical case load at this point",0.154409436518627,"Normal",36.6624971603938,"Average - typical case load at this point","Vanuatu"
"VUT",9,7,0.758500786200682,7.55555555555556,1.7876854943005,108,7.55555555555556,108,0.78328459181977,0.0406695783359063,2026,"WHO",2026-07-01,120,120,NA,1,NA,FALSE,"no_lookup_match",NA,11,"2025/2026","Observed",233,191,297,244,NA,297,"Pacific Islands","Vanuatu",1.7876854943005,108,92.0600593822372,"High","Above average - more cases than typical at this point",1.53485332227153,"Normal",36.6624971603938,"Average - typical case load at this point","Vanuatu"
"VUT",10,8,0.203268456603007,61.0000000000001,1.20919112709318,169,61,169,0.850473811714471,0.0671892198947004,2026,"Estimates",2026-08-01,20,NA,NA,NA,NA,NA,NA,NA,11,"2025/2026","Unobserved",253,211,297,244,19.955198308726,297,"Pacific Islands","Vanuatu",1.20919112709318,169,78.037384190275,"High","Above average - more cases than typical at this point",0.544617893047804,"Normal",36.6624971603938,"Average - typical case load at this point","Vanuatu"
"VUT",11,9,0.19232020888565,110.333333333333,0.729633062234843,279.333333333334,110.333333333333,279.333333333333,0.925837836658096,0.0753640249436257,2026,NA,2026-09-01,NA,NA,NA,NA,NA,NA,NA,NA,11,"2025/2026","Unobserved",253,211,297,244,NA,297,"Pacific Islands","Vanuatu",0.729633062234843,279.333333333334,62.399151555118,"Normal","Average - typical case load at this point",-0.0804208881333294,"Normal",36.6624971603938,"Average - typical case load at this point","Vanuatu"
"VUT",12,10,0.158095318876866,121.555555555555,0.567716591548192,400.88888888889,121.555555555556,400.888888888889,1,0.0741621633419037,2026,NA,2026-10-01,NA,NA,NA,NA,NA,NA,NA,NA,11,"2025/2026","Unobserved",253,211,297,244,NA,297,"Pacific Islands","Vanuatu",0.567716591548192,400.88888888889,55.459227356089,"Normal","Average - typical case load at this point",-0.277760206017057,"Normal",36.6624971603938,"Average - typical case load at this point","Vanuatu"
"VUT",1,11,0.141579903562647,29.4444444444445,0.141579903562647,29.4444444444445,29.4444444444444,29.4444444444444,0.095034316455775,0.095034316455775,2026,NA,2026-11-01,NA,NA,NA,NA,NA,NA,NA,NA,11,"2026/2027","Unobserved",0,211,NA,244,NA,NA,"Pacific Islands","Vanuatu",0.141579903562647,29.4444444444445,46.9377848238765,"Normal","Average - typical case load at this point",-0.375369673990793,"Normal",36.6624971603938,"Average - typical case load at this point","Vanuatu"
"VUT",2,12,0.284677641422156,10.6666666666667,0.186697136387055,40.1111111111111,10.6666666666667,40.1111111111111,0.151733408200808,0.0566990917450326,2026,NA,2026-12-01,NA,NA,NA,NA,NA,NA,NA,NA,11,"2026/2027","Unobserved",0,211,NA,244,NA,NA,"Pacific Islands","Vanuatu",0.186697136387055,40.1111111111111,36.6624971603938,"Normal","Average - typical case load at this point",-0.431082568242486,"Normal",36.6624971603938,"Average - typical case load at this point","Vanuatu"
"WLF",9,1,2.92178582055878,12.4444444444444,0.641580975205061,286.222222222222,12.4444444444444,286.222222222222,0.779220088729362,0.0926302979568562,2025,"WHO",2025-01-01,7,7,NA,19,NA,FALSE,"no_lookup_match",NA,5,"2024/2025","Observed",7,7,14,47,NA,14,"Pacific Islands","Wallis And Futuna",0.641580975205061,286.222222222222,8.2488032670463,"Low","Below average - fewer cases than typical at this point",-0.780523830509501,"Low",16.5319582394686,"Below average - fewer cases than typical at this point","Wallis And Futuna"
"WLF",10,2,4.13789799546211,8,0.673202781891974,294.222222222222,8,294.222222222222,0.840250341476638,0.0610302527472762,2025,"WHO",2025-02-01,4,4,NA,18,NA,FALSE,"no_lookup_match",NA,5,"2024/2025","Observed",11,11,14,47,NA,14,"Pacific Islands","Wallis And Futuna",0.673202781891974,294.222222222222,9.63384100440823,"Low","Below average - fewer cases than typical at this point",-0.788911930548752,"Low",16.5319582394686,"Below average - fewer cases than typical at this point","Wallis And Futuna"
"WLF",11,3,10.4819508949436,7.66666666666667,0.707411253322655,301.888888888889,7.66666666666667,301.888888888889,0.900817147058107,0.0605668055814688,2025,"WHO",2025-03-01,2,2,NA,17,NA,FALSE,"no_lookup_match",NA,5,"2024/2025","Observed",13,13,14,47,NA,14,"Pacific Islands","Wallis And Futuna",0.707411253322655,301.888888888889,9.58801763005069,"Low","Below average - fewer cases than typical at this point",-0.803917438321212,"Low",16.5319582394686,"Below average - fewer cases than typical at this point","Wallis And Futuna"
"WLF",12,4,3.26663427464522,10.2222222222222,0.772247995209955,312.111111111112,10.2222222222222,312.111111111111,1,0.0991828529418932,2025,"WHO",2025-04-01,1,1,NA,16,NA,FALSE,"no_lookup_match",NA,5,"2024/2025","Observed",14,14,14,47,NA,14,"Pacific Islands","Wallis And Futuna",0.772247995209955,312.111111111112,8.31057144057877,"Low","Below average - fewer cases than typical at this point",-0.838321704449849,"Low",16.5319582394686,"Below average - fewer cases than typical at this point","Wallis And Futuna"
"WLF",1,5,1.26137778148139,8.22222222222222,1.26137778148139,8.22222222222222,8.22222222222222,8.22222222222222,0.0710864213814359,0.0710864213814359,2025,"WHO",2025-05-01,1,1,NA,15,NA,FALSE,"no_lookup_match",NA,5,"2025/2026","Observed",1,15,45,47,NA,45,"Pacific Islands","Wallis And Futuna",1.26137778148139,8.22222222222222,16.4348838861993,"Low","Below average - fewer cases than typical at this point",-0.918569913101497,"Low",16.5319582394686,"Below average - fewer cases than typical at this point","Wallis And Futuna"
"WLF",2,6,2.57667126249885,7.44444444444445,4.18600064981286,15.6666666666667,7.44444444444444,15.6666666666667,0.132545416132644,0.0614589947512085,2025,"WHO",2025-06-01,1,1,NA,14,NA,FALSE,"no_lookup_match",NA,5,"2025/2026","Observed",2,16,45,47,NA,45,"Pacific Islands","Wallis And Futuna",4.18600064981286,15.6666666666667,1.63700900635534,"Extremely Low","Rare good event - unusually low cases to date",-1.5854936743151,"Low",16.5319582394686,"Below average - fewer cases than typical at this point","Wallis And Futuna"
"WLF",3,7,2.37999968934818,6.66666666666667,5.23895488822307,22.3333333333334,6.66666666666667,22.3333333333333,0.170280203672853,0.0377347875402088,2025,"WHO",2025-07-01,3,3,NA,13,NA,FALSE,"no_lookup_match",NA,5,"2025/2026","Observed",5,19,45,47,NA,45,"Pacific Islands","Wallis And Futuna",5.23895488822307,22.3333333333334,2.06869222898702,"Extremely Low","Rare good event - unusually low cases to date",-1.59878932375928,"Low",16.5319582394686,"Below average - fewer cases than typical at this point","Wallis And Futuna"
"WLF",4,8,0.392259424859251,67.6666666666667,0.70064019106723,89.9999999999999,67.6666666666667,90,0.275494274697789,0.105214071024936,2025,"WHO",2025-08-01,2,2,2,12,1,TRUE,"applied_mean",NA,5,"2025/2026","Observed",7,21,45,47,NA,45,"Pacific Islands","Wallis And Futuna",0.70064019106723,89.9999999999999,15.1068896400597,"Low","Below average - fewer cases than typical at this point",-0.76895191807051,"Low",16.5319582394686,"Below average - fewer cases than typical at this point","Wallis And Futuna"
"WLF",5,9,0.395989550843915,43.8888888888889,0.636006060276825,133.888888888889,43.8888888888889,133.888888888889,0.366999368317607,0.0915050936198177,2025,"WHO",2025-09-01,2,2,2,11,1,TRUE,"applied_mean",NA,5,"2025/2026","Observed",9,23,45,47,NA,45,"Pacific Islands","Wallis And Futuna",0.636006060276825,133.888888888889,15.5453741487057,"Low","Below average - fewer cases than typical at this point",-0.742131437593235,"Low",16.5319582394686,"Below average - fewer cases than typical at this point","Wallis And Futuna"
"WLF",6,10,0.519803363564641,51.2222222222223,0.606199172403182,185.111111111111,51.2222222222222,185.111111111111,0.479588692670509,0.112589324352902,2025,"WHO",2025-10-01,3,3,3,10,1,TRUE,"applied_mean",NA,5,"2025/2026","Observed",12,26,45,47,NA,45,"Pacific Islands","Wallis And Futuna",0.606199172403182,185.111111111111,16.0803650362879,"Low","Below average - fewer cases than typical at this point",-0.72692595726201,"Low",16.5319582394686,"Below average - fewer cases than typical at this point","Wallis And Futuna"
"WLF",7,11,0.493298600462169,56.6666666666667,0.581831260734563,241.777777777777,56.6666666666667,241.777777777778,0.596174062245927,0.116585369575418,2025,"WHO",2025-11-01,3,3,3,9,1,TRUE,"applied_mean",NA,5,"2025/2026","Observed",15,29,45,47,NA,45,"Pacific Islands","Wallis And Futuna",0.581831260734563,241.777777777777,16.4890742628555,"Low","Below average - fewer cases than typical at this point",-0.714596210080198,"Low",16.5319582394686,"Below average - fewer cases than typical at this point","Wallis And Futuna"
"WLF",8,12,0.619351650142478,32,0.592723756210007,273.777777777778,32,273.777777777778,0.686589790772506,0.0904157285265784,2025,"WHO",2025-12-01,3,3,3,8,1,TRUE,"applied_mean",NA,5,"2025/2026","Observed",18,32,45,47,NA,45,"Pacific Islands","Wallis And Futuna",0.592723756210007,273.777777777778,16.5319582394686,"Low","Below average - fewer cases than typical at this point",-0.718490733376109,"Low",16.5319582394686,"Below average - fewer cases than typical at this point","Wallis And Futuna"
"WLF",9,1,2.92178582055878,12.4444444444444,0.641580975205061,286.222222222222,12.4444444444444,286.222222222222,0.779220088729362,0.0926302979568562,2026,"WHO",2026-01-01,3,3,3,7,1,TRUE,"applied_mean",NA,5,"2025/2026","Observed",21,3,45,899,NA,45,"Pacific Islands","Wallis And Futuna",0.641580975205061,286.222222222222,15.7367507864912,"Low","Below average - fewer cases than typical at this point",-0.741388930929638,"Normal",48.0492768069022,"Average - typical case load at this point","Wallis And Futuna"
"WLF",10,2,4.13789799546211,8,0.673202781891974,294.222222222222,8,294.222222222222,0.840250341476638,0.0610302527472762,2026,"WHO",2026-02-01,2,2,2,6,1,TRUE,"applied_mean",NA,5,"2025/2026","Observed",23,5,45,899,NA,45,"Pacific Islands","Wallis And Futuna",0.673202781891974,294.222222222222,15.2644216254806,"Low","Below average - fewer cases than typical at this point",-0.755486081784819,"Normal",48.0492768069022,"Average - typical case load at this point","Wallis And Futuna"
"WLF",11,3,10.4819508949436,7.66666666666667,0.707411253322655,301.888888888889,7.66666666666667,301.888888888889,0.900817147058107,0.0605668055814688,2026,"WHO",2026-03-01,4,4,4,5,1,TRUE,"applied_mean",NA,5,"2025/2026","Observed",27,9,45,899,NA,45,"Pacific Islands","Wallis And Futuna",0.707411253322655,301.888888888889,15.5038544251565,"Low","Below average - fewer cases than typical at this point",-0.764958362464107,"Normal",48.0492768069022,"Average - typical case load at this point","Wallis And Futuna"
"WLF",12,4,3.26663427464522,10.2222222222222,0.772247995209955,312.111111111112,10.2222222222222,312.111111111111,1,0.0991828529418932,2026,"WHO",2026-04-01,18,18,18,4,1,TRUE,"applied_mean",NA,5,"2025/2026","Observed",45,27,45,899,NA,45,"Pacific Islands","Wallis And Futuna",0.772247995209955,312.111111111112,19.1815428485587,"Low","Below average - fewer cases than typical at this point",-0.751146245805977,"Normal",48.0492768069022,"Average - typical case load at this point","Wallis And Futuna"
"WLF",1,5,1.26137778148139,8.22222222222222,1.26137778148139,8.22222222222222,8.22222222222222,8.22222222222222,0.0710864213814359,0.0710864213814359,2026,"WHO",2026-05-01,37,37,37,3,1,TRUE,"applied_mean",NA,5,"2026/2027","Observed",37,64,740,899,NA,476,"Pacific Islands","Wallis And Futuna",1.26137778148139,8.22222222222222,99.2219948908522,"Extremely High","Rare bad event - unusually high cases to date",3.66014780758905,"Normal",48.0492768069022,"Average - typical case load at this point","Wallis And Futuna"
"WLF",2,6,2.57667126249885,7.44444444444445,4.18600064981286,15.6666666666667,7.44444444444444,15.6666666666667,0.132545416132644,0.0614589947512085,2026,"WHO",2026-06-01,28,25,28,2,1.1,TRUE,"applied_mean",NA,5,"2026/2027","Observed",65,92,740,899,NA,476,"Pacific Islands","Wallis And Futuna",4.18600064981286,15.6666666666667,99.987511512119,"Extremely High","Rare bad event - unusually high cases to date",5.72324545850328,"Normal",48.0492768069022,"Average - typical case load at this point","Wallis And Futuna"
"WLF",3,7,2.37999968934818,6.66666666666667,5.23895488822307,22.3333333333334,6.66666666666667,22.3333333333333,0.170280203672853,0.0377347875402088,2026,"WHO",2026-07-01,61,61,NA,1,NA,FALSE,"insufficient_n_rf",NA,5,"2026/2027","Observed",126,153,740,899,NA,476,"Pacific Islands","Wallis And Futuna",5.23895488822307,22.3333333333334,99.9999936973,"Extremely High","Rare bad event - unusually high cases to date",9.56198999402183,"Normal",48.0492768069022,"Average - typical case load at this point","Wallis And Futuna"
"WLF",4,8,0.392259424859251,67.6666666666667,0.70064019106723,89.9999999999999,67.6666666666667,90,0.275494274697789,0.105214071024936,2026,"Estimates",2026-08-01,5,NA,NA,NA,NA,NA,NA,NA,5,"2026/2027","Unobserved",131,158,740,899,4.73463319612211,476,"Pacific Islands","Wallis And Futuna",0.70064019106723,89.9999999999999,76.719814046647,"High","Above average - more cases than typical at this point",0.379843718564952,"Normal",48.0492768069022,"Average - typical case load at this point","Wallis And Futuna"
"WLF",5,9,0.395989550843915,43.8888888888889,0.636006060276825,133.888888888889,43.8888888888889,133.888888888889,0.366999368317607,0.0915050936198177,2026,NA,2026-09-01,NA,NA,NA,NA,NA,NA,NA,NA,5,"2026/2027","Unobserved",131,158,740,899,NA,476,"Pacific Islands","Wallis And Futuna",0.636006060276825,133.888888888889,65.8689670401073,"Normal","Average - typical case load at this point",-0.0171667414389902,"Normal",48.0492768069022,"Average - typical case load at this point","Wallis And Futuna"
"WLF",6,10,0.519803363564641,51.2222222222223,0.606199172403182,185.111111111111,51.2222222222222,185.111111111111,0.479588692670509,0.112589324352902,2026,NA,2026-10-01,NA,NA,NA,NA,NA,NA,NA,NA,5,"2026/2027","Unobserved",131,158,740,899,NA,476,"Pacific Islands","Wallis And Futuna",0.606199172403182,185.111111111111,57.5244304073966,"Normal","Average - typical case load at this point",-0.227222683688446,"Normal",48.0492768069022,"Average - typical case load at this point","Wallis And Futuna"
"WLF",7,11,0.493298600462169,56.6666666666667,0.581831260734563,241.777777777777,56.6666666666667,241.777777777778,0.596174062245927,0.116585369575418,2026,NA,2026-11-01,NA,NA,NA,NA,NA,NA,NA,NA,5,"2026/2027","Unobserved",131,158,740,899,NA,476,"Pacific Islands","Wallis And Futuna",0.581831260734563,241.777777777777,51.3661607955661,"Normal","Average - typical case load at this point",-0.349070270186162,"Normal",48.0492768069022,"Average - typical case load at this point","Wallis And Futuna"
"WLF",8,12,0.619351650142478,32,0.592723756210007,273.777777777778,32,273.777777777778,0.686589790772506,0.0904157285265784,2026,NA,2026-12-01,NA,NA,NA,NA,NA,NA,NA,NA,5,"2026/2027","Unobserved",131,158,740,899,NA,476,"Pacific Islands","Wallis And Futuna",0.592723756210007,273.777777777778,48.0492768069022,"Normal","Average - typical case load at this point",-0.401068893305082,"Normal",48.0492768069022,"Average - typical case load at this point","Wallis And Futuna"
"WSM",6,1,0.354109434224428,172.222222222222,0.349236348471982,3332.88888888889,172.222222222222,3332.88888888889,0.484941905845256,0.0423728897704589,2025,"WHO",2025-01-01,4,4,NA,19,NA,FALSE,"no_lookup_match",NA,8,"2024/2025","Observed",4,4,6002,37273,NA,6002,"Pacific Islands","Samoa",0.349236348471982,3332.88888888889,7.83867974971573,"Low","Below average - fewer cases than typical at this point",-0.590222050946415,"High",91.5560492328753,"Above average - more cases than typical at this point","Samoa"
"WSM",7,2,0.249489017837066,252.555555555556,0.373706320091325,3585.44444444444,252.555555555556,3585.44444444444,0.531806092462853,0.046864186617597,2025,"WHO",2025-02-01,1,1,NA,18,NA,FALSE,"no_lookup_match",NA,8,"2024/2025","Observed",5,5,6002,37273,NA,6002,"Pacific Islands","Samoa",0.373706320091325,3585.44444444444,7.00146177021654,"Low","Below average - fewer cases than typical at this point",-0.610430930749942,"High",91.5560492328753,"Above average - more cases than typical at this point","Samoa"
"WSM",8,3,0.251843414649197,337.333333333333,0.395032152530115,3922.77777777778,337.333333333333,3922.77777777778,0.591434726304016,0.0596286338411627,2025,"WHO",2025-03-01,0,0,NA,17,NA,FALSE,"no_lookup_match",NA,8,"2024/2025","Observed",5,5,6002,37273,NA,6002,"Pacific Islands","Samoa",0.395032152530115,3922.77777777778,5.9089036185506,"Low","Below average - fewer cases than typical at this point",-0.627683118755832,"High",91.5560492328753,"Above average - more cases than typical at this point","Samoa"
"WSM",9,4,0.357710484299504,635.666666666668,0.419184695410088,4558.44444444445,635.666666666667,4558.44444444444,0.704658614043659,0.113223887739643,2025,"WHO",2025-04-01,40,40,NA,16,NA,FALSE,"no_lookup_match",NA,8,"2024/2025","Observed",45,45,6002,37273,NA,6002,"Pacific Islands","Samoa",0.419184695410088,4558.44444444445,11.3679161436457,"Low","Below average - fewer cases than typical at this point",-0.641023832578805,"High",91.5560492328753,"Above average - more cases than typical at this point","Samoa"
"WSM",10,5,0.355355040139143,479.222222222222,0.445236509043206,5037.66666666667,479.222222222222,5037.66666666667,0.790032778743025,0.0853741646993664,2025,"WHO",2025-05-01,227,227,NA,15,NA,FALSE,"no_lookup_match",NA,8,"2024/2025","Observed",272,272,6002,37273,NA,6002,"Pacific Islands","Samoa",0.445236509043206,5037.66666666667,21.3366316319311,"Low","Below average - fewer cases than typical at this point",-0.631204996985263,"High",91.5560492328753,"Above average - more cases than typical at this point","Samoa"
"WSM",11,6,0.332825875116094,390.222222222223,0.469957748466095,5427.88888888889,390.222222222222,5427.88888888889,0.852291604077814,0.0622588253347887,2025,"WHO",2025-06-01,599,599,NA,14,NA,FALSE,"no_lookup_match",NA,8,"2024/2025","Observed",871,871,6002,37273,NA,6002,"Pacific Islands","Samoa",0.469957748466095,5427.88888888889,32.7329947117741,"Normal","Average - typical case load at this point",-0.575503669842128,"High",91.5560492328753,"Above average - more cases than typical at this point","Samoa"
"WSM",12,7,0.263183856932987,965.999999999999,0.50050077481514,6393.88888888892,966,6393.88888888889,1,0.147708395922186,2025,"WHO",2025-07-01,5131,5131,NA,13,NA,FALSE,"no_lookup_match",NA,8,"2024/2025","Observed",6002,6002,6002,37273,NA,6002,"Pacific Islands","Samoa",0.50050077481514,6393.88888888892,66.7319221078961,"Normal","Average - typical case load at this point",-0.0433593981304251,"High",91.5560492328753,"Above average - more cases than typical at this point","Samoa"
"WSM",1,8,0.228316450805898,979.88888888889,0.228316450805898,979.88888888889,979.888888888889,979.888888888889,0.0979801937205955,0.0979801937205955,2025,"WHO",2025-08-01,5925,5925,5925,12,1,TRUE,"applied_mean",NA,8,"2025/2026","Observed",5925,11927,15279,37273,NA,15279,"Pacific Islands","Samoa",0.228316450805898,979.88888888889,96.4787506491692,"Extremely High","Rare bad event - unusually high cases to date",2.41111116103384,"High",91.5560492328753,"Above average - more cases than typical at this point","Samoa"
"WSM",2,9,0.264543456509251,859.222222222222,0.250142613751689,1839.11111111111,859.222222222222,1839.11111111111,0.191407462969106,0.093427269248511,2025,"WHO",2025-09-01,2410,2410,2410,11,1,TRUE,"applied_mean",NA,8,"2025/2026","Observed",8335,14337,15279,37273,NA,15279,"Pacific Islands","Samoa",0.250142613751689,1839.11111111111,94.4158492238826,"High","Above average - more cases than typical at this point",1.76642388509881,"High",91.5560492328753,"Above average - more cases than typical at this point","Samoa"
"WSM",3,10,0.264744854751349,669,0.25641156760733,2508.11111111111,669,2508.11111111111,0.267295018358247,0.0758875553891406,2025,"WHO",2025-10-01,1528,1528,1528,10,1,TRUE,"applied_mean",NA,8,"2025/2026","Observed",9863,15865,15279,37273,NA,15279,"Pacific Islands","Samoa",0.25641156760733,2508.11111111111,93.088477286827,"High","Above average - more cases than typical at this point",1.48482732940129,"High",91.5560492328753,"Above average - more cases than typical at this point","Samoa"
"WSM",4,11,0.377287079766781,386.333333333335,0.281370737210805,2894.44444444444,386.333333333333,2894.44444444444,0.35440986995093,0.0871148515926827,2025,"WHO",2025-11-01,485,485,485,9,1,TRUE,"applied_mean",NA,8,"2025/2026","Observed",10348,16350,15279,37273,NA,15279,"Pacific Islands","Samoa",0.281370737210805,2894.44444444444,92.2563713938514,"High","Above average - more cases than typical at this point",1.36589284765128,"High",91.5560492328753,"Above average - more cases than typical at this point","Samoa"
"WSM",5,12,0.442318448757916,266.222222222222,0.305045525272692,3160.66666666667,266.222222222222,3160.66666666667,0.442569016074797,0.0881591461238674,2025,"WHO",2025-12-01,146,146,146,8,1,TRUE,"applied_mean",NA,8,"2025/2026","Observed",10494,16496,15279,37273,NA,15279,"Pacific Islands","Samoa",0.305045525272692,3160.66666666667,91.5560492328753,"High","Above average - more cases than typical at this point",1.28139817952362,"High",91.5560492328753,"Above average - more cases than typical at this point","Samoa"
"WSM",6,1,0.354109434224428,172.222222222222,0.349236348471982,3332.88888888889,172.222222222222,3332.88888888889,0.484941905845256,0.0423728897704589,2026,"WHO",2026-01-01,348,348,348,7,1,TRUE,"applied_mean",NA,8,"2025/2026","Observed",10842,348,15279,4785,NA,15279,"Pacific Islands","Samoa",0.349236348471982,3332.88888888889,91.6338704123315,"High","Above average - more cases than typical at this point",1.33138807233179,"Normal",59.8099369107951,"Average - typical case load at this point","Samoa"
"WSM",7,2,0.249489017837066,252.555555555556,0.373706320091325,3585.44444444444,252.555555555556,3585.44444444444,0.531806092462853,0.046864186617597,2026,"WHO",2026-02-01,958,958,958,6,1,TRUE,"applied_mean",NA,8,"2025/2026","Observed",11800,1306,15279,4785,NA,15279,"Pacific Islands","Samoa",0.373706320091325,3585.44444444444,91.9846481336838,"High","Above average - more cases than typical at this point",1.40050177325205,"Normal",59.8099369107951,"Average - typical case load at this point","Samoa"
"WSM",8,3,0.251843414649197,337.333333333333,0.395032152530115,3922.77777777778,337.333333333333,3922.77777777778,0.591434726304016,0.0596286338411627,2026,"WHO",2026-03-01,1030,1030,1030,5,1,TRUE,"applied_mean",NA,8,"2025/2026","Observed",12830,2336,15279,4785,NA,15279,"Pacific Islands","Samoa",0.395032152530115,3922.77777777778,92.0768749320445,"High","Above average - more cases than typical at this point",1.42706231466424,"Normal",59.8099369107951,"Average - typical case load at this point","Samoa"
"WSM",9,4,0.357710484299504,635.666666666668,0.419184695410088,4558.44444444445,635.666666666667,4558.44444444444,0.704658614043659,0.113223887739643,2026,"WHO",2026-04-01,915,915,915,4,1,TRUE,"applied_mean",NA,8,"2025/2026","Observed",13745,3251,15279,4785,NA,15279,"Pacific Islands","Samoa",0.419184695410088,4558.44444444445,91.121008103612,"High","Above average - more cases than typical at this point",1.30472439018692,"Normal",59.8099369107951,"Average - typical case load at this point","Samoa"
"WSM",10,5,0.355355040139143,479.222222222222,0.445236509043206,5037.66666666667,479.222222222222,5037.66666666667,0.790032778743025,0.0853741646993664,2026,"WHO",2026-05-01,736,736,736,3,1,TRUE,"applied_mean",NA,8,"2025/2026","Observed",14481,3987,15279,4785,NA,15279,"Pacific Islands","Samoa",0.445236509043206,5037.66666666667,90.5919351725515,"High","Above average - more cases than typical at this point",1.25075453344006,"Normal",59.8099369107951,"Average - typical case load at this point","Samoa"
"WSM",11,6,0.332825875116094,390.222222222223,0.469957748466095,5427.88888888889,390.222222222222,5427.88888888889,0.852291604077814,0.0622588253347887,2026,"WHO",2026-06-01,631,526,631,2,1.2,TRUE,"applied_mean",NA,8,"2025/2026","Observed",15112,4618,15279,4785,NA,15279,"Pacific Islands","Samoa",0.469957748466095,5427.88888888889,90.2624423333709,"High","Above average - more cases than typical at this point",1.2230365101051,"Normal",59.8099369107951,"Average - typical case load at this point","Samoa"
"WSM",12,7,0.263183856932987,965.999999999999,0.50050077481514,6393.88888888892,966,6393.88888888889,1,0.147708395922186,2026,"WHO",2026-07-01,167,167,NA,1,NA,FALSE,"insufficient_n_rf",NA,8,"2025/2026","Observed",15279,4785,15279,4785,NA,15279,"Pacific Islands","Samoa",0.50050077481514,6393.88888888892,87.7886876795034,"High","Above average - more cases than typical at this point",0.983067091266609,"Normal",59.8099369107951,"Average - typical case load at this point","Samoa"
"WSM",1,8,0.228316450805898,979.88888888889,0.228316450805898,979.88888888889,979.888888888889,979.888888888889,0.0979801937205955,0.0979801937205955,2026,"Estimates",2026-08-01,1497,NA,NA,NA,NA,NA,NA,NA,8,"2026/2027","Unobserved",1497,6282,NA,4785,1497.03937985698,15279,"Pacific Islands","Samoa",0.228316450805898,979.88888888889,81.200100167759,"High","Above average - more cases than typical at this point",0.252130304755572,"Normal",59.8099369107951,"Average - typical case load at this point","Samoa"
"WSM",2,9,0.264543456509251,859.222222222222,0.250142613751689,1839.11111111111,859.222222222222,1839.11111111111,0.191407462969106,0.093427269248511,2026,NA,2026-09-01,NA,NA,NA,NA,NA,NA,NA,NA,8,"2026/2027","Unobserved",1497,6282,NA,4785,NA,15279,"Pacific Islands","Samoa",0.250142613751689,1839.11111111111,71.245583127408,"Normal","Average - typical case load at this point",-0.0930301069431804,"Normal",59.8099369107951,"Average - typical case load at this point","Samoa"
"WSM",3,10,0.264744854751349,669,0.25641156760733,2508.11111111111,669,2508.11111111111,0.267295018358247,0.0758875553891406,2026,NA,2026-10-01,NA,NA,NA,NA,NA,NA,NA,NA,8,"2026/2027","Unobserved",1497,6282,NA,4785,NA,15279,"Pacific Islands","Samoa",0.25641156760733,2508.11111111111,66.2383248070045,"Normal","Average - typical case load at this point",-0.204126185115747,"Normal",59.8099369107951,"Average - typical case load at this point","Samoa"
"WSM",4,11,0.377287079766781,386.333333333335,0.281370737210805,2894.44444444444,386.333333333333,2894.44444444444,0.35440986995093,0.0871148515926827,2026,NA,2026-11-01,NA,NA,NA,NA,NA,NA,NA,NA,8,"2026/2027","Unobserved",1497,6282,NA,4785,NA,15279,"Pacific Islands","Samoa",0.281370737210805,2894.44444444444,62.5896507104381,"Normal","Average - typical case load at this point",-0.256087092586834,"Normal",59.8099369107951,"Average - typical case load at this point","Samoa"
"WSM",5,12,0.442318448757916,266.222222222222,0.305045525272692,3160.66666666667,266.222222222222,3160.66666666667,0.442569016074797,0.0881591461238674,2026,NA,2026-12-01,NA,NA,NA,NA,NA,NA,NA,NA,8,"2026/2027","Unobserved",1497,6282,NA,4785,NA,15279,"Pacific Islands","Samoa",0.305045525272692,3160.66666666667,59.8099369107951,"Normal","Average - typical case load at this point",-0.290702650636472,"Normal",59.8099369107951,"Average - typical case load at this point","Samoa"
