"iso3","season_nMonth","Month","nb_size","nb_mean","nb_size_cum","nb_mean_cum","Ave_season_monthly_cases","Ave_season_monthly_cum_cases","Ave_cum_monthly_proportion","Ave_monthly_proportion","Year","source","date","cases","raw_cases","corrected_cases","d","rf","correction_applied","correction_reason","missing_reason","mean_low_month","season","Data_status","cum_todate_cases_season","cum_todate_cases_year","Predicted_total_seasonal_cases","Predicted_total_year_cases","estimate_formula_result_raw","pred_total_post_fill","Region","country","nb_size_cum_at_month","nb_mean_cum_at_month","percentile_cumulative","severity","severity_interpretation","z_score_cumulative","current_season_severity","current_season_percentile","current_season_interpretation","Country"
"ABW",7,1,0.521570873648564,99.1249999999999,0.83371028290912,368.125000000001,99.125,368.125,0.421383925304704,0.0935820945480467,2025,"WHO",2025-01-01,0,0,NA,20,NA,FALSE,"no_lookup_match",NA,7,"2024/2025","Observed",0,0,10,59,NA,10,"Caribbean","Aruba",0.83371028290912,368.125000000001,0.622348667923623,"Extremely Low","Rare good event - unusually low cases to date",-0.912045177548012,"Low",5.13443246616463,"Below average - fewer cases than typical at this point","Aruba"
"ABW",8,2,0.481031998655489,107,0.926075275418018,475.125,107,475.125,0.53851059553503,0.117126670230326,2025,"PAHO",2025-02-01,2,2,NA,82,NA,FALSE,"no_lookup_match","current_month_missing",7,"2024/2025","Observed",2,2,10,59,NA,10,"Caribbean","Aruba",0.926075275418018,475.125,0.86799915131775,"Extremely Low","Rare good event - unusually low cases to date",-0.957344672952898,"Low",5.13443246616463,"Below average - fewer cases than typical at this point","Aruba"
"ABW",9,3,0.619549925715247,136.875,1.01362170347693,612.000000000001,136.875,612,0.70439933810287,0.16588874256784,2025,"WHO",2025-03-01,0,0,NA,18,NA,FALSE,"no_lookup_match",NA,7,"2024/2025","Observed",2,2,10,59,NA,10,"Caribbean","Aruba",1.01362170347693,612.000000000001,0.459017431284155,"Extremely Low","Rare good event - unusually low cases to date",-1.00266767032834,"Low",5.13443246616463,"Below average - fewer cases than typical at this point","Aruba"
"ABW",10,4,0.679858106517792,109.125,1.08043418914402,721.125,109.125,721.125,0.845458501977914,0.141059163875044,2025,"PAHO",2025-04-01,2,2,NA,73,NA,FALSE,"no_lookup_match","current_month_missing",7,"2024/2025","Observed",4,4,10,59,NA,10,"Caribbean","Aruba",1.08043418914402,721.125,0.489235684555487,"Extremely Low","Rare good event - unusually low cases to date",-1.03290022064181,"Low",5.13443246616463,"Below average - fewer cases than typical at this point","Aruba"
"ABW",11,5,0.512203900807769,80.9999999999999,1.10213339536528,802.125,81,802.125,0.944061152979573,0.0986026510016587,2025,"PAHO",2025-05-01,2,2,NA,69,NA,FALSE,"no_lookup_match","current_month_missing",7,"2024/2025","Observed",6,6,10,59,NA,10,"Caribbean","Aruba",1.10213339536528,802.125,0.572498543324143,"Extremely Low","Rare good event - unusually low cases to date",-1.04125747316175,"Low",5.13443246616463,"Below average - fewer cases than typical at this point","Aruba"
"ABW",12,6,0.377496575760617,49.25,1.09998096019267,851.374999999997,49.25,851.375,1,0.0559388470204273,2025,"PAHO",2025-06-01,4,4,NA,64,NA,FALSE,"no_lookup_match","current_month_missing",7,"2024/2025","Observed",10,10,10,59,NA,10,"Caribbean","Aruba",1.09998096019267,851.374999999997,0.88472818823424,"Extremely Low","Rare good event - unusually low cases to date",-1.03581195679731,"Low",5.13443246616463,"Below average - fewer cases than typical at this point","Aruba"
"ABW",1,7,NA,NA,NA,NA,22.75,22.75,0.0257073901321915,0.0257073901321915,2025,"PAHO",2025-07-01,2,2,NA,60,NA,FALSE,"no_lookup_match","current_month_missing",7,"2025/2026","Observed",2,12,17,59,NA,17,"Caribbean","Aruba",NA,NA,NA,"Unknown","Cannot determine",NA,"Low",5.13443246616463,"Below average - fewer cases than typical at this point","Aruba"
"ABW",2,8,0.906741678475552,34.375,0.771868640055386,57.1250000000001,34.375,57.125,0.069050339970192,0.0433429498380004,2025,"PAHO",2025-08-01,2,2,NA,56,NA,FALSE,"no_lookup_match","current_month_missing",7,"2025/2026","Observed",4,14,17,59,NA,17,"Caribbean","Aruba",0.771868640055386,57.1250000000001,12.8475782014517,"Low","Below average - fewer cases than typical at this point",-0.811577497738156,"Low",5.13443246616463,"Below average - fewer cases than typical at this point","Aruba"
"ABW",3,9,0.812301439049523,67.625,0.807692782842357,124.75,67.625,124.75,0.156387184130328,0.0873368441601358,2025,"WHO",2025-09-01,0,0,0,12,1,TRUE,"applied_mean",NA,7,"2025/2026","Observed",4,14,17,59,NA,17,"Caribbean","Aruba",0.807692782842357,124.75,6.49731121494722,"Low","Below average - fewer cases than typical at this point",-0.867098230781821,"Low",5.13443246616463,"Below average - fewer cases than typical at this point","Aruba"
"ABW",4,10,0.675299034724498,67.4999999999999,0.760337536710361,192.25,67.5,192.25,0.236872007352316,0.080484823221988,2025,"WHO",2025-10-01,0,0,0,11,1,TRUE,"applied_mean",NA,7,"2025/2026","Observed",4,14,17,59,NA,17,"Caribbean","Aruba",0.760337536710361,192.25,5.34525895926949,"Low","Below average - fewer cases than typical at this point",-0.852147435335974,"Low",5.13443246616463,"Below average - fewer cases than typical at this point","Aruba"
"ABW",5,11,0.767526658310305,42.2499999999999,0.767616137833929,234.5,42.25,234.5,0.288236495345069,0.0513644879927534,2025,"Estimates",2025-11-01,1,NA,NA,10,1,FALSE,"applied_mean",NA,7,"2025/2026","Unobserved",5,15,17,59,0.513644879927534,17,"Caribbean","Aruba",0.767616137833929,234.5,5.17591816046232,"Low","Below average - fewer cases than typical at this point",-0.856056124278149,"Low",5.13443246616463,"Below average - fewer cases than typical at this point","Aruba"
"ABW",6,12,NA,NA,0.738605260870607,269,34.5,269,0.327801830756658,0.0395653354115886,2025,"Estimates",2025-12-01,0,NA,NA,9,1,FALSE,"applied_mean",NA,7,"2025/2026","Unobserved",5,15,17,59,0.395653354115886,17,"Caribbean","Aruba",0.738605260870607,269,5.13443246616463,"Low","Below average - fewer cases than typical at this point",-0.842291525994107,"Low",5.13443246616463,"Below average - fewer cases than typical at this point","Aruba"
"ABW",7,1,0.521570873648564,99.1249999999999,0.83371028290912,368.125000000001,99.125,368.125,0.421383925304704,0.0935820945480467,2026,"Estimates",2026-01-01,2,NA,NA,8,1,FALSE,"applied_mean",NA,7,"2025/2026","Unobserved",7,2,17,NA,1.59089560731679,17,"Caribbean","Aruba",0.83371028290912,368.125000000001,3.68669722253777,"Extremely Low","Rare good event - unusually low cases to date",-0.89470238300041,"Extremely Low",2.22329365833224,"Rare good event - unusually low cases to date","Aruba"
"ABW",8,2,0.481031998655489,107,0.926075275418018,475.125,107,475.125,0.53851059553503,0.117126670230326,2026,"Estimates",2026-02-01,2,NA,NA,7,1,FALSE,"applied_mean",NA,7,"2025/2026","Unobserved",9,4,17,NA,1.99115339391554,17,"Caribbean","Aruba",0.926075275418018,475.125,2.64945606134833,"Extremely Low","Rare good event - unusually low cases to date",-0.943180524555181,"Extremely Low",2.22329365833224,"Rare good event - unusually low cases to date","Aruba"
"ABW",9,3,0.619549925715247,136.875,1.01362170347693,612.000000000001,136.875,612,0.70439933810287,0.16588874256784,2026,"Estimates",2026-03-01,3,NA,NA,6,1,FALSE,"applied_mean",NA,7,"2025/2026","Unobserved",12,7,17,NA,2.82010862365328,17,"Caribbean","Aruba",1.01362170347693,612.000000000001,2.00909446032363,"Extremely Low","Rare good event - unusually low cases to date",-0.986230495404928,"Extremely Low",2.22329365833224,"Rare good event - unusually low cases to date","Aruba"
"ABW",10,4,0.679858106517792,109.125,1.08043418914402,721.125,109.125,721.125,0.845458501977914,0.141059163875044,2026,"Estimates",2026-04-01,2,NA,NA,5,1,FALSE,"applied_mean",NA,7,"2025/2026","Unobserved",14,9,17,NA,2.39800578587574,17,"Caribbean","Aruba",1.08043418914402,721.125,1.58219007710563,"Extremely Low","Rare good event - unusually low cases to date",-1.01849687086818,"Extremely Low",2.22329365833224,"Rare good event - unusually low cases to date","Aruba"
"ABW",11,5,0.512203900807769,80.9999999999999,1.10213339536528,802.125,81,802.125,0.944061152979573,0.0986026510016587,2026,"Estimates",2026-05-01,2,NA,NA,4,1.1875,FALSE,"applied_mean",NA,7,"2025/2026","Unobserved",16,11,17,NA,1.6762450670282,17,"Caribbean","Aruba",1.10213339536528,802.125,1.50449821518242,"Extremely Low","Rare good event - unusually low cases to date",-1.02817840300114,"Extremely Low",2.22329365833224,"Rare good event - unusually low cases to date","Aruba"
"ABW",12,6,0.377496575760617,49.25,1.09998096019267,851.374999999997,49.25,851.375,1,0.0559388470204273,2026,"Estimates",2026-06-01,1,NA,NA,3,1,FALSE,"applied_mean",NA,7,"2025/2026","Unobserved",17,12,17,NA,0.950960399347265,17,"Caribbean","Aruba",1.09998096019267,851.374999999997,1.51078839566029,"Extremely Low","Rare good event - unusually low cases to date",-1.02719429677938,"Extremely Low",2.22329365833224,"Rare good event - unusually low cases to date","Aruba"
"ABW",1,7,NA,NA,NA,NA,22.75,22.75,0.0257073901321915,0.0257073901321915,2026,"Estimates",2026-07-01,0,NA,NA,2,NA,FALSE,"no_lookup_match",NA,7,"2026/2027","Unobserved",0,12,NA,NA,0.437025632247256,14,"Caribbean","Aruba",NA,NA,NA,"Unknown","Cannot determine",NA,"Extremely Low",2.22329365833224,"Rare good event - unusually low cases to date","Aruba"
"ABW",2,8,0.906741678475552,34.375,0.771868640055386,57.1250000000001,34.375,57.125,0.069050339970192,0.0433429498380004,2026,"Estimates",2026-08-01,1,NA,NA,1,NA,FALSE,"no_lookup_match",NA,7,"2026/2027","Unobserved",1,13,NA,NA,0.736830147246008,14,"Caribbean","Aruba",0.771868640055386,57.1250000000001,6.2887168144938,"Low","Below average - fewer cases than typical at this point",-0.857407756433958,"Extremely Low",2.22329365833224,"Rare good event - unusually low cases to date","Aruba"
"ABW",3,9,0.812301439049523,67.625,0.807692782842357,124.75,67.625,124.75,0.156387184130328,0.0873368441601358,2026,NA,2026-09-01,NA,NA,NA,NA,NA,NA,NA,NA,7,"2026/2027","Unobserved",1,13,NA,NA,NA,14,"Caribbean","Aruba",0.807692782842357,124.75,3.06011237981757,"Extremely Low","Rare good event - unusually low cases to date",-0.888641043968947,"Extremely Low",2.22329365833224,"Rare good event - unusually low cases to date","Aruba"
"ABW",4,10,0.675299034724498,67.4999999999999,0.760337536710361,192.25,67.5,192.25,0.236872007352316,0.080484823221988,2026,NA,2026-10-01,NA,NA,NA,NA,NA,NA,NA,NA,7,"2026/2027","Unobserved",1,13,NA,NA,NA,14,"Caribbean","Aruba",0.760337536710361,192.25,2.60956658921043,"Extremely Low","Rare good event - unusually low cases to date",-0.86572747414611,"Extremely Low",2.22329365833224,"Rare good event - unusually low cases to date","Aruba"
"ABW",5,11,0.767526658310305,42.2499999999999,0.767616137833929,234.5,42.25,234.5,0.288236495345069,0.0513644879927534,2026,NA,2026-11-01,NA,NA,NA,NA,NA,NA,NA,NA,7,"2026/2027","Unobserved",1,13,NA,NA,NA,14,"Caribbean","Aruba",0.767616137833929,234.5,2.17849991058604,"Extremely Low","Rare good event - unusually low cases to date",-0.870976492457289,"Extremely Low",2.22329365833224,"Rare good event - unusually low cases to date","Aruba"
"ABW",6,12,NA,NA,0.738605260870607,269,34.5,269,0.327801830756658,0.0395653354115886,2026,NA,2026-12-01,NA,NA,NA,NA,NA,NA,NA,NA,7,"2026/2027","Unobserved",1,13,NA,NA,NA,14,"Caribbean","Aruba",0.738605260870607,269,2.22329365833224,"Extremely Low","Rare good event - unusually low cases to date",-0.855053518812199,"Extremely Low",2.22329365833224,"Rare good event - unusually low cases to date","Aruba"
"AFG",11,1,3.00018783369168,116.8,1.2564763608471,3707.4,116.8,3707.4,0.968615854763714,0.0610002813112007,2025,"WHO",2025-01-01,71,71,NA,20,NA,FALSE,"no_lookup_match",NA,3,"2024/2025","Observed",71,71,97,11776,NA,97,"South Asia","Afghanistan",1.2564763608471,3707.4,0.81838356053311,"Extremely Low","Rare good event - unusually low cases to date",-1.09927356328777,"Extremely High",95.6031751648765,"Rare bad event - unusually high cases to date","Afghanistan"
"AFG",12,2,NA,NA,1.28117226641539,3794.40000000001,87,3794.4,1,0.0313841452362858,2025,"WHO",2025-02-01,26,26,NA,19,NA,FALSE,"no_lookup_match",NA,3,"2024/2025","Observed",97,97,97,11776,NA,97,"South Asia","Afghanistan",1.28117226641539,3794.40000000001,1.08145455400738,"Extremely Low","Rare good event - unusually low cases to date",-1.10276705386314,"Extremely High",95.6031751648765,"Rare bad event - unusually high cases to date","Afghanistan"
"AFG",1,3,0.473049150980887,51,0.473049150980887,51,51,51,0.0190753963526679,0.0190753963526679,2025,"WHO",2025-03-01,19,19,NA,18,NA,FALSE,"no_lookup_match",NA,3,"2025/2026","Observed",19,116,10894,11776,NA,10894,"South Asia","Afghanistan",0.473049150980887,51,47.6641196583078,"Normal","Average - typical case load at this point",-0.429564196180523,"Extremely High",95.6031751648765,"Rare bad event - unusually high cases to date","Afghanistan"
"AFG",2,4,0.421184735775715,93.1999999999999,NA,NA,93.2,144.2,0.0428251127134544,0.0237497163607864,2025,"WHO",2025-04-01,262,262,NA,17,NA,FALSE,"no_lookup_match",NA,3,"2025/2026","Observed",281,378,10894,11776,NA,10894,"South Asia","Afghanistan",NA,NA,NA,"Unknown","Cannot determine",NA,"Extremely High",95.6031751648765,"Rare bad event - unusually high cases to date","Afghanistan"
"AFG",3,5,NA,NA,NA,NA,158.2,302.4,0.0781796428720698,0.0353545301586154,2025,"WHO",2025-05-01,432,432,NA,16,NA,FALSE,"no_lookup_match",NA,3,"2025/2026","Observed",713,810,10894,11776,NA,10894,"South Asia","Afghanistan",NA,NA,NA,"Unknown","Cannot determine",NA,"Extremely High",95.6031751648765,"Rare bad event - unusually high cases to date","Afghanistan"
"AFG",4,6,0.919264813259245,113.2,0.737737847387086,415.599999999999,113.2,415.6,0.104822758678458,0.0266431158063884,2025,"WHO",2025-06-01,332,332,NA,15,NA,FALSE,"no_lookup_match",NA,3,"2025/2026","Observed",1045,1142,10894,11776,NA,10894,"South Asia","Afghanistan",0.737737847387086,415.599999999999,90.2813748940697,"High","Above average - more cases than typical at this point",1.29962217258755,"Extremely High",95.6031751648765,"Rare bad event - unusually high cases to date","Afghanistan"
"AFG",5,7,1.18610830415771,254,0.96050470447741,669.600000000001,254,669.6,0.17185120838885,0.067028449710392,2025,"WHO",2025-07-01,678,678,NA,14,NA,FALSE,"no_lookup_match",NA,3,"2025/2026","Observed",1723,1820,10894,11776,NA,10894,"South Asia","Afghanistan",0.96050470447741,669.600000000001,92.1375495613183,"High","Above average - more cases than typical at this point",1.54069386959404,"Extremely High",95.6031751648765,"Rare bad event - unusually high cases to date","Afghanistan"
"AFG",6,8,0.931330541297377,265.4,0.958210129874869,934.999999999999,265.4,935,0.24118630246351,0.0693350940746603,2025,"WHO",2025-08-01,546,546,NA,13,NA,FALSE,"no_lookup_match",NA,3,"2025/2026","Observed",2269,2366,10894,11776,NA,10894,"South Asia","Afghanistan",0.958210129874869,934.999999999999,90.9224112389235,"High","Above average - more cases than typical at this point",1.39589314307103,"Extremely High",95.6031751648765,"Rare bad event - unusually high cases to date","Afghanistan"
"AFG",7,9,1.13610965117774,249.8,1.02683077014972,1184.8,249.8,1184.8,0.306034875556291,0.0648485730927805,2025,"WHO",2025-09-01,594,594,594,12,1,TRUE,"applied_mean",NA,3,"2025/2026","Observed",2863,2960,10894,11776,NA,10894,"South Asia","Afghanistan",1.02683077014972,1184.8,91.2277884619092,"High","Above average - more cases than typical at this point",1.43469635481286,"Extremely High",95.6031751648765,"Rare bad event - unusually high cases to date","Afghanistan"
"AFG",8,10,0.88475734164576,1165.4,1.06191824908262,2350.2,1165.4,2350.2,0.567169694569753,0.261134819013462,2025,"WHO",2025-10-01,3763,3763,3763,11,1,TRUE,"applied_mean",NA,3,"2025/2026","Observed",6626,6723,10894,11776,NA,10894,"South Asia","Afghanistan",1.06191824908262,2350.2,94.3683844107912,"High","Above average - more cases than typical at this point",1.87439021800068,"Extremely High",95.6031751648765,"Rare bad event - unusually high cases to date","Afghanistan"
"AFG",9,11,0.927029587693913,1007.2,1.05068862558047,3357.40000000001,1007.2,3357.4,0.802345087036377,0.235175392466624,2025,"WHO",2025-11-01,3639,3378,3639,10,1.07738853503185,TRUE,"applied_mean",NA,3,"2025/2026","Observed",10265,10362,10894,11776,NA,10894,"South Asia","Afghanistan",1.05068862558047,3357.40000000001,95.5544070134671,"Extremely High","Rare bad event - unusually high cases to date",2.10859496494512,"Extremely High",95.6031751648765,"Rare bad event - unusually high cases to date","Afghanistan"
"AFG",10,12,9.18348714021628,233.2,1.17036119545852,3590.6,233.2,3590.6,0.907615573452514,0.105270486416136,2025,"WHO",2025-12-01,326,337,326,9,0.967024738933371,TRUE,"applied_mean",NA,3,"2025/2026","Observed",10591,10688,10894,11776,NA,10894,"South Asia","Afghanistan",1.17036119545852,3590.6,95.6031751648765,"Extremely High","Rare bad event - unusually high cases to date",2.1088467398726,"Extremely High",95.6031751648765,"Rare bad event - unusually high cases to date","Afghanistan"
"AFG",11,1,3.00018783369168,116.8,1.2564763608471,3707.4,116.8,3707.4,0.968615854763714,0.0610002813112007,2026,"WHO",2026-01-01,129,128,129,8,1.0046422937923,TRUE,"applied_mean",NA,3,"2025/2026","Observed",10720,129,10894,7973,NA,10894,"South Asia","Afghanistan",1.2564763608471,3707.4,95.6877735286325,"Extremely High","Rare bad event - unusually high cases to date",2.11988939333181,"Normal",33.2289658811886,"Average - typical case load at this point","Afghanistan"
"AFG",12,2,NA,NA,1.28117226641539,3794.40000000001,87,3794.4,1,0.0313841452362858,2026,"WHO",2026-02-01,174,173,174,7,1.0046422937923,TRUE,"applied_mean",NA,3,"2025/2026","Observed",10894,303,10894,7973,NA,10894,"South Asia","Afghanistan",1.28117226641539,3794.40000000001,95.6865511005381,"Extremely High","Rare bad event - unusually high cases to date",2.11748931021981,"Normal",33.2289658811886,"Average - typical case load at this point","Afghanistan"
"AFG",1,3,0.473049150980887,51,0.473049150980887,51,51,51,0.0190753963526679,0.0190753963526679,2026,"WHO",2026-03-01,156,152,156,6,1.02809336501408,TRUE,"applied_mean",NA,3,"2026/2027","Observed",156,459,6717,7973,NA,6717,"South Asia","Afghanistan",0.473049150980887,51,91.7576171961709,"High","Above average - more cases than typical at this point",1.40950751871734,"Normal",33.2289658811886,"Average - typical case load at this point","Afghanistan"
"AFG",2,4,0.421184735775715,93.1999999999999,NA,NA,93.2,144.2,0.0428251127134544,0.0237497163607864,2026,"WHO",2026-04-01,243,246,243,5,0.985833516362838,TRUE,"applied_mean",NA,3,"2026/2027","Observed",399,702,6717,7973,NA,6717,"South Asia","Afghanistan",NA,NA,NA,"Unknown","Cannot determine",NA,"Normal",33.2289658811886,"Average - typical case load at this point","Afghanistan"
"AFG",3,5,NA,NA,NA,NA,158.2,302.4,0.0781796428720698,0.0353545301586154,2026,"WHO",2026-05-01,225,224,225,4,1.0046422937923,TRUE,"applied_mean",NA,3,"2026/2027","Observed",624,927,6717,7973,NA,6717,"South Asia","Afghanistan",NA,NA,NA,"Unknown","Cannot determine",NA,"Normal",33.2289658811886,"Average - typical case load at this point","Afghanistan"
"AFG",4,6,0.919264813259245,113.2,0.737737847387086,415.599999999999,113.2,415.6,0.104822758678458,0.0266431158063884,2026,"WHO",2026-06-01,256,255,256,3,1.00510652317154,TRUE,"applied_mean",NA,3,"2026/2027","Observed",880,1183,6717,7973,NA,6717,"South Asia","Afghanistan",0.737737847387086,415.599999999999,86.5545390081962,"High","Above average - more cases than typical at this point",0.958920459087474,"Normal",33.2289658811886,"Average - typical case load at this point","Afghanistan"
"AFG",5,7,1.18610830415771,254,0.96050470447741,669.600000000001,254,669.6,0.17185120838885,0.067028449710392,2026,"WHO",2026-07-01,461,473,461,2,0.974137931034483,TRUE,"applied_mean",NA,3,"2026/2027","Observed",1341,1644,6717,7973,NA,6717,"South Asia","Afghanistan",0.96050470447741,669.600000000001,86.3058144896524,"High","Above average - more cases than typical at this point",0.981983922579683,"Normal",33.2289658811886,"Average - typical case load at this point","Afghanistan"
"AFG",6,8,0.931330541297377,265.4,0.958210129874869,934.999999999999,265.4,935,0.24118630246351,0.0693350940746603,2026,"WHO",2026-08-01,279,279,NA,1,NA,FALSE,"no_lookup_match",NA,3,"2026/2027","Observed",1620,1923,6717,7973,NA,6717,"South Asia","Afghanistan",0.958210129874869,934.999999999999,82.1726690741177,"High","Above average - more cases than typical at this point",0.716781711397043,"Normal",33.2289658811886,"Average - typical case load at this point","Afghanistan"
"AFG",7,9,1.13610965117774,249.8,1.02683077014972,1184.8,249.8,1184.8,0.306034875556291,0.0648485730927805,2026,NA,2026-09-01,NA,NA,NA,NA,NA,NA,NA,NA,3,"2026/2027","Unobserved",1620,1923,6717,7973,NA,6717,"South Asia","Afghanistan",1.02683077014972,1184.8,74.5282880924238,"Normal","Average - typical case load at this point",0.372053303309829,"Normal",33.2289658811886,"Average - typical case load at this point","Afghanistan"
"AFG",8,10,0.88475734164576,1165.4,1.06191824908262,2350.2,1165.4,2350.2,0.567169694569753,0.261134819013462,2026,NA,2026-10-01,NA,NA,NA,NA,NA,NA,NA,NA,3,"2026/2027","Unobserved",1620,1923,6717,7973,NA,6717,"South Asia","Afghanistan",1.06191824908262,2350.2,48.9897382439237,"Normal","Average - typical case load at this point",-0.320099101263878,"Normal",33.2289658811886,"Average - typical case load at this point","Afghanistan"
"AFG",9,11,0.927029587693913,1007.2,1.05068862558047,3357.40000000001,1007.2,3357.4,0.802345087036377,0.235175392466624,2026,NA,2026-11-01,NA,NA,NA,NA,NA,NA,NA,NA,3,"2026/2027","Unobserved",1620,1923,6717,7973,NA,6717,"South Asia","Afghanistan",1.05068862558047,3357.40000000001,37.3506773441592,"Normal","Average - typical case load at this point",-0.530353942338246,"Normal",33.2289658811886,"Average - typical case load at this point","Afghanistan"
"AFG",10,12,9.18348714021628,233.2,1.17036119545852,3590.6,233.2,3590.6,0.907615573452514,0.105270486416136,2026,NA,2026-12-01,NA,NA,NA,NA,NA,NA,NA,NA,3,"2026/2027","Unobserved",1620,1923,6717,7973,NA,6717,"South Asia","Afghanistan",1.17036119545852,3590.6,33.2289658811886,"Normal","Average - typical case load at this point",-0.593636561566903,"Normal",33.2289658811886,"Average - typical case load at this point","Afghanistan"
"ARG",6,1,0.244958895095962,2533.125,0.291879269665576,4569,2533.125,4569,0.171529542440986,0.0355754120532199,2025,"PAHO",2025-01-01,275,275,NA,86,NA,FALSE,"no_lookup_match","current_month_missing",8,"2024/2025","Observed",275,275,17635,140849,NA,17635,"South America","Argentina",0.291879269665576,4569,34.0883624365259,"Normal","Average - typical case load at this point",-0.50772510259295,"Normal",68.5471943423525,"Average - typical case load at this point","Argentina"
"ARG",7,2,0.247380887384525,6903.62499999998,0.291376662117097,11472.625,6903.625,11472.625,0.258475118269284,0.0869455758282981,2025,"PAHO",2025-02-01,1341,1341,NA,82,NA,FALSE,"no_lookup_match","current_month_missing",8,"2024/2025","Observed",1616,1616,17635,140849,NA,17635,"South America","Argentina",0.291376662117097,11472.625,43.4820148723389,"Normal","Average - typical case load at this point",-0.463753609333774,"Normal",68.5471943423525,"Average - typical case load at this point","Argentina"
"ARG",8,3,0.242936133973905,23878.4374999999,0.272577481362492,35351.0624999999,23878.4375,35351.0625,0.502599618783095,0.244124500513811,2025,"PAHO",2025-03-01,8513,8513,NA,77,NA,FALSE,"no_lookup_match","current_month_missing",8,"2024/2025","Observed",10129,10129,17635,140849,NA,17635,"South America","Argentina",0.272577481362492,35351.0624999999,54.422537654098,"Normal","Average - typical case load at this point",-0.372495850347691,"Normal",68.5471943423525,"Average - typical case load at this point","Argentina"
"ARG",9,4,0.292349322082491,16448.5,0.287810784950572,51799.5625,16448.5,51799.5625,0.78665895412216,0.284059335339065,2025,"PAHO",2025-04-01,5428,5428,NA,73,NA,FALSE,"no_lookup_match","current_month_missing",8,"2024/2025","Observed",15557,15557,17635,140849,NA,17635,"South America","Argentina",0.287810784950572,51799.5625,53.920855652539,"Normal","Average - typical case load at this point",-0.375357527972003,"Normal",68.5471943423525,"Average - typical case load at this point","Argentina"
"ARG",10,5,0.403399680117145,4240.8125,0.300983274722107,56040.375,4240.8125,56040.375,0.952242906064081,0.165583951941921,2025,"PAHO",2025-05-01,1976,1976,NA,69,NA,FALSE,"no_lookup_match","current_month_missing",8,"2024/2025","Observed",17533,17533,17635,140849,NA,17635,"South America","Argentina",0.300983274722107,56040.375,53.5676014498343,"Normal","Average - typical case load at this point",-0.376975301156344,"Normal",68.5471943423525,"Average - typical case load at this point","Argentina"
"ARG",11,6,0.341034934709604,883.437500000001,0.303354100544084,56923.8125,883.4375,56923.8125,0.98696763749258,0.0347247314284983,2025,"PAHO",2025-06-01,86,86,NA,64,NA,FALSE,"no_lookup_match","current_month_missing",8,"2024/2025","Observed",17619,17619,17635,140849,NA,17635,"South America","Argentina",0.303354100544084,56923.8125,53.238874683194,"Normal","Average - typical case load at this point",-0.380299300939146,"Normal",68.5471943423525,"Average - typical case load at this point","Argentina"
"ARG",12,7,0.280329923673444,314.1875,0.30424078002129,57238,314.1875,57238,1,0.0130323625074204,2025,"PAHO",2025-07-01,16,16,NA,60,NA,FALSE,"no_lookup_match","current_month_missing",8,"2024/2025","Observed",17635,17635,17635,140849,NA,17635,"South America","Argentina",0.30424078002129,57238,53.1072845216175,"Normal","Average - typical case load at this point",-0.381637633514436,"Normal",68.5471943423525,"Average - typical case load at this point","Argentina"
"ARG",1,8,0.476601053026123,50.3125,0.476601053026123,50.3125,50.3125,50.3125,0.0126828066900255,0.0126828066900255,2025,"PAHO",2025-08-01,4,4,NA,56,NA,FALSE,"no_lookup_match","current_month_missing",8,"2025/2026","Observed",4,17639,1602,140849,NA,1602,"South America","Argentina",0.476601053026123,50.3125,25.3161855688929,"Normal","Average - typical case load at this point",-0.632488323355681,"Normal",68.5471943423525,"Average - typical case load at this point","Argentina"
"ARG",2,9,0.268433831042404,123.1875,0.350716388411559,173.5,123.1875,173.5,0.0235152279326129,0.0108324212425875,2025,"PAHO",2025-09-01,1370,0,NA,51,1.07765144105627,TRUE,"applied_mean","previous_month_missing",8,"2025/2026","Observed",1374,19009,1602,140849,NA,1602,"South America","Argentina",0.350716388411559,173.5,98.9349838010843,"Extremely High","Rare bad event - unusually high cases to date",4.09356991908864,"Normal",68.5471943423525,"Average - typical case load at this point","Argentina"
"ARG",3,10,0.395345627430189,95.8749999999999,0.364558592213496,269.375,95.875,269.375,0.0455581075714993,0.0220428796388864,2025,"PAHO",2025-10-01,3,3,-27,47,1.07596276183578,TRUE,"applied_mean","replaced_with_uncor",8,"2025/2026","Observed",1377,19012,1602,140849,NA,1602,"South America","Argentina",0.364558592213496,269.375,96.5838830456454,"Extremely High","Rare bad event - unusually high cases to date",2.48099251378149,"Normal",68.5471943423525,"Average - typical case load at this point","Argentina"
"ARG",4,11,0.366171184468913,158.5625,0.408130076374531,427.9375,158.5625,427.9375,0.0707805324267664,0.025222424855267,2025,"PAHO",2025-11-01,12,3,12,43,1.07645735360104,TRUE,"applied_mean","not_missing",8,"2025/2026","Observed",1389,19024,1602,140849,NA,1602,"South America","Argentina",0.408130076374531,427.9375,92.081535886039,"High","Above average - more cases than typical at this point",1.43404767266829,"Normal",68.5471943423525,"Average - typical case load at this point","Argentina"
"ARG",5,12,0.201546059613561,1607.9375,0.278430583622534,2035.875,1607.9375,2035.875,0.135954130387766,0.0651735979610002,2025,"PAHO",2025-12-01,125,3,125,38,1.08333042036328,TRUE,"applied_mean","not_missing",8,"2025/2026","Observed",1514,19149,1602,140849,NA,1602,"South America","Argentina",0.278430583622534,2035.875,68.5471943423525,"Normal","Average - typical case load at this point",-0.135252143565443,"Normal",68.5471943423525,"Average - typical case load at this point","Argentina"
"ARG",6,1,0.244958895095962,2533.125,0.291879269665576,4569,2533.125,4569,0.171529542440986,0.0355754120532199,2026,"PAHO",2026-01-01,6,6,6,34,1.0679618680138,TRUE,"applied_mean","not_missing",8,"2025/2026","Observed",1520,6,1602,7017,NA,1602,"South America","Argentina",0.291879269665576,4569,55.1355704507712,"Normal","Average - typical case load at this point",-0.360515565394947,"Low",10.7345141222806,"Below average - fewer cases than typical at this point","Argentina"
"ARG",7,2,0.247380887384525,6903.62499999998,0.291376662117097,11472.625,6903.625,11472.625,0.258475118269284,0.0869455758282981,2026,"PAHO",2026-02-01,10,8,10,30,1.12479666993151,TRUE,"applied_mean","not_missing",8,"2025/2026","Observed",1530,16,1602,7017,NA,1602,"South America","Argentina",0.291376662117097,11472.625,42.8157429045296,"Normal","Average - typical case load at this point",-0.467799904125623,"Low",10.7345141222806,"Below average - fewer cases than typical at this point","Argentina"
"ARG",8,3,0.242936133973905,23878.4374999999,0.272577481362492,35351.0624999999,23878.4375,35351.0625,0.502599618783095,0.244124500513811,2026,"PAHO",2026-03-01,35,24,35,25,1.3323773655213,TRUE,"applied_mean","not_missing",8,"2025/2026","Observed",1565,51,1602,7017,NA,1602,"South America","Argentina",0.272577481362492,35351.0624999999,33.1736016068292,"Normal","Average - typical case load at this point",-0.498974581513218,"Low",10.7345141222806,"Below average - fewer cases than typical at this point","Argentina"
"ARG",9,4,0.292349322082491,16448.5,0.287810784950572,51799.5625,16448.5,51799.5625,0.78665895412216,0.284059335339065,2026,"PAHO",2026-04-01,28,14,28,21,1.52129266231469,TRUE,"applied_mean","not_missing",8,"2025/2026","Observed",1593,79,1602,7017,NA,1602,"South America","Argentina",0.287810784950572,51799.5625,28.4683878770969,"Normal","Average - typical case load at this point",-0.519980097653742,"Low",10.7345141222806,"Below average - fewer cases than typical at this point","Argentina"
"ARG",10,5,0.403399680117145,4240.8125,0.300983274722107,56040.375,4240.8125,56040.375,0.952242906064081,0.165583951941921,2026,"PAHO",2026-05-01,5,4,5,17,1.49331089195434,TRUE,"applied_mean","not_missing",8,"2025/2026","Observed",1598,84,1602,7017,NA,1602,"South America","Argentina",0.300983274722107,56040.375,26.5642007160934,"Normal","Average - typical case load at this point",-0.532974026697266,"Low",10.7345141222806,"Below average - fewer cases than typical at this point","Argentina"
"ARG",11,6,0.341034934709604,883.437500000001,0.303354100544084,56923.8125,883.4375,56923.8125,0.98696763749258,0.0347247314284983,2026,"WHO",2026-06-01,2,2,2,3,0.751761398414319,TRUE,"applied_mean",NA,8,"2025/2026","Observed",1600,86,1602,7017,NA,1602,"South America","Argentina",0.303354100544084,56923.8125,26.2245520827223,"Normal","Average - typical case load at this point",-0.535293412709662,"Low",10.7345141222806,"Below average - fewer cases than typical at this point","Argentina"
"ARG",12,7,0.280329923673444,314.1875,0.30424078002129,57238,314.1875,57238,1,0.0130323625074204,2026,"PAHO",2026-07-01,2,2,-5,8,1.16155924388553,TRUE,"applied_mean","replaced_with_uncor",8,"2025/2026","Observed",1602,88,1602,7017,NA,1602,"South America","Argentina",0.30424078002129,57238,26.1071585398349,"Normal","Average - typical case load at this point",-0.536140983718636,"Low",10.7345141222806,"Below average - fewer cases than typical at this point","Argentina"
"ARG",1,8,0.476601053026123,50.3125,0.476601053026123,50.3125,50.3125,50.3125,0.0126828066900255,0.0126828066900255,2026,"PAHO",2026-08-01,1,1,-1,4,1.11409122655788,TRUE,"applied_mean","replaced_with_uncor",8,"2026/2027","Observed",1,89,79,7017,NA,79,"South America","Argentina",0.476601053026123,50.3125,15.9067726277334,"Low","Below average - fewer cases than typical at this point",-0.673459226892891,"Low",10.7345141222806,"Below average - fewer cases than typical at this point","Argentina"
"ARG",2,9,0.268433831042404,123.1875,0.350716388411559,173.5,123.1875,173.5,0.0235152279326129,0.0108324212425875,2026,NA,2026-09-01,NA,NA,NA,NA,NA,NA,NA,NA,8,"2026/2027","Unobserved",1,89,79,7017,NA,79,"South America","Argentina",0.350716388411559,173.5,15.313647636347,"Low","Below average - fewer cases than typical at this point",-0.588205590206406,"Low",10.7345141222806,"Below average - fewer cases than typical at this point","Argentina"
"ARG",3,10,0.395345627430189,95.8749999999999,0.364558592213496,269.375,95.875,269.375,0.0455581075714993,0.0220428796388864,2026,NA,2026-10-01,NA,NA,NA,NA,NA,NA,NA,NA,8,"2026/2027","Unobserved",1,89,79,7017,NA,79,"South America","Argentina",0.364558592213496,269.375,12.2702131846426,"Low","Below average - fewer cases than typical at this point",-0.601138802289682,"Low",10.7345141222806,"Below average - fewer cases than typical at this point","Argentina"
"ARG",4,11,0.366171184468913,158.5625,0.408130076374531,427.9375,158.5625,427.9375,0.0707805324267664,0.025222424855267,2026,NA,2026-11-01,NA,NA,NA,NA,NA,NA,NA,NA,8,"2026/2027","Unobserved",1,89,79,7017,NA,79,"South America","Argentina",0.408130076374531,427.9375,8.23310399986689,"Low","Below average - fewer cases than typical at this point",-0.637054019119273,"Low",10.7345141222806,"Below average - fewer cases than typical at this point","Argentina"
"ARG",5,12,0.201546059613561,1607.9375,0.278430583622534,2035.875,1607.9375,2035.875,0.135954130387766,0.0651735979610002,2026,NA,2026-12-01,NA,NA,NA,NA,NA,NA,NA,NA,8,"2026/2027","Unobserved",1,89,79,7017,NA,79,"South America","Argentina",0.278430583622534,2035.875,10.7345141222806,"Low","Below average - fewer cases than typical at this point",-0.527369974874694,"Low",10.7345141222806,"Below average - fewer cases than typical at this point","Argentina"
"ATG",10,1,0.327218840715795,53,0.707047399815856,238,53,238,0.77320172346974,0.195967255847884,2025,"WHO",2025-01-01,0,0,NA,20,NA,FALSE,"no_lookup_match",NA,4,"2024/2025","Observed",0,0,2,43,NA,2,"Caribbean","Antigua And Barbuda",0.707047399815856,238,1.63038262532259,"Extremely Low","Rare good event - unusually low cases to date",-0.839614872386191,"Low",20.7161855854859,"Below average - fewer cases than typical at this point","Antigua And Barbuda"
"ATG",11,2,0.552853587482319,25.375,0.772342853495662,263.375,25.375,263.375,0.90062660524776,0.127424881778021,2025,"WHO",2025-02-01,0,0,NA,19,NA,FALSE,"no_lookup_match",NA,4,"2024/2025","Observed",0,0,2,43,NA,2,"Caribbean","Antigua And Barbuda",0.772342853495662,263.375,1.10371086267289,"Extremely Low","Rare good event - unusually low cases to date",-0.877544638806845,"Low",20.7161855854859,"Below average - fewer cases than typical at this point","Antigua And Barbuda"
"ATG",12,3,0.73698289844142,17,0.816444938781167,280.375,17,280.375,1,0.0993733947522397,2025,"PAHO",2025-03-01,2,2,NA,77,NA,FALSE,"no_lookup_match","current_month_missing",4,"2024/2025","Observed",2,2,2,43,NA,2,"Caribbean","Antigua And Barbuda",0.816444938781167,280.375,2.16459835114385,"Extremely Low","Rare good event - unusually low cases to date",-0.895824602658204,"Low",20.7161855854859,"Below average - fewer cases than typical at this point","Antigua And Barbuda"
"ATG",1,4,0.64039009288843,4.875,0.64039009288843,4.875,4.875,4.875,0.0218752733053452,0.0218752733053452,2025,"PAHO",2025-04-01,1,1,NA,73,NA,FALSE,"no_lookup_match","current_month_missing",4,"2025/2026","Observed",1,3,17,43,NA,17,"Caribbean","Antigua And Barbuda",0.64039009288843,4.875,39.4414003142324,"Normal","Average - typical case load at this point",-0.598023956292949,"Low",20.7161855854859,"Below average - fewer cases than typical at this point","Antigua And Barbuda"
"ATG",2,5,0.670426344697858,8.5,0.608328230966742,13.375,8.5,13.375,0.0613307898012109,0.0394555164958657,2025,"PAHO",2025-05-01,1,1,NA,69,NA,FALSE,"no_lookup_match","current_month_missing",4,"2025/2026","Observed",2,4,17,43,NA,17,"Caribbean","Antigua And Barbuda",0.608328230966742,13.375,30.140471151946,"Normal","Average - typical case load at this point",-0.648736330144434,"Low",20.7161855854859,"Below average - fewer cases than typical at this point","Antigua And Barbuda"
"ATG",3,6,0.702281793228583,7.375,0.58898568543905,20.75,7.375,20.75,0.0947922827367588,0.0334614929355479,2025,"PAHO",2025-06-01,2,2,NA,64,NA,FALSE,"no_lookup_match","current_month_missing",4,"2025/2026","Observed",4,6,17,43,NA,17,"Caribbean","Antigua And Barbuda",0.58898568543905,20.75,32.7171170543808,"Normal","Average - typical case load at this point",-0.610901574942088,"Low",20.7161855854859,"Below average - fewer cases than typical at this point","Antigua And Barbuda"
"ATG",4,7,0.58169039685263,9.625,0.547033319116655,30.375,9.625,30.375,0.13352235778922,0.0387300750524609,2025,"PAHO",2025-07-01,2,2,NA,60,NA,FALSE,"no_lookup_match","current_month_missing",4,"2025/2026","Observed",6,8,17,43,NA,17,"Caribbean","Antigua And Barbuda",0.547033319116655,30.375,33.9775518590955,"Normal","Average - typical case load at this point",-0.588246496011623,"Low",20.7161855854859,"Below average - fewer cases than typical at this point","Antigua And Barbuda"
"ATG",5,8,0.630933591855899,17.125,0.613511321479911,47.5,17.125,47.5,0.198523179149873,0.065000821360653,2025,"PAHO",2025-08-01,2,2,NA,56,NA,FALSE,"no_lookup_match","current_month_missing",4,"2025/2026","Observed",8,10,17,43,NA,17,"Caribbean","Antigua And Barbuda",0.613511321479911,47.5,28.1124530971962,"Normal","Average - typical case load at this point",-0.647184422033916,"Low",20.7161855854859,"Below average - fewer cases than typical at this point","Antigua And Barbuda"
"ATG",6,9,0.561840035278288,20.125,0.603803970936885,67.625,20.125,67.625,0.266056373108688,0.0675331939588151,2025,"PAHO",2025-09-01,4,4,NA,51,1,TRUE,"applied_mean","previous_month_missing",4,"2025/2026","Observed",12,14,17,43,NA,17,"Caribbean","Antigua And Barbuda",0.603803970936885,67.625,28.8711152352767,"Normal","Average - typical case load at this point",-0.636327200763734,"Low",20.7161855854859,"Below average - fewer cases than typical at this point","Antigua And Barbuda"
"ATG",7,10,0.504411376715252,27.75,0.576197536387566,95.3750000000002,27.75,95.375,0.351172019278287,0.0851156461695991,2025,"PAHO",2025-10-01,1,1,1,47,1,TRUE,"applied_mean","not_missing",4,"2025/2026","Observed",13,15,17,43,NA,17,"Caribbean","Antigua And Barbuda",0.576197536387566,95.3750000000002,25.9658585184357,"Normal","Average - typical case load at this point",-0.653640044598846,"Low",20.7161855854859,"Below average - fewer cases than typical at this point","Antigua And Barbuda"
"ATG",8,11,0.450967874525964,36.25,0.542601258446713,131.625,36.25,131.625,0.449785139663828,0.0986131203855415,2025,"Estimates",2025-11-01,0,NA,NA,NA,NA,NA,NA,"current_month_missing",4,"2025/2026","Unobserved",13,15,17,43,0.197226240771083,17,"Caribbean","Antigua And Barbuda",0.542601258446713,131.625,23.2465306434612,"Low","Below average - fewer cases than typical at this point",-0.66249854332488,"Low",20.7161855854859,"Below average - fewer cases than typical at this point","Antigua And Barbuda"
"ATG",9,12,0.439544441890894,53.375,0.515299847794874,185,53.375,185,0.577234467621855,0.127449327958027,2025,"Estimates",2025-12-01,0,NA,NA,NA,NA,NA,NA,"current_month_missing",4,"2025/2026","Unobserved",13,15,17,43,0.254898655916054,17,"Caribbean","Antigua And Barbuda",0.515299847794874,185,20.7161855854859,"Low","Below average - fewer cases than typical at this point",-0.66647325077434,"Low",20.7161855854859,"Below average - fewer cases than typical at this point","Antigua And Barbuda"
"ATG",10,1,0.327218840715795,53,0.707047399815856,238,53,238,0.77320172346974,0.195967255847884,2026,"PAHO",2026-01-01,2,2,2,34,1,TRUE,"applied_mean","previous_month_missing",4,"2025/2026","Observed",15,2,17,84,NA,17,"Caribbean","Antigua And Barbuda",0.707047399815856,238,12.412567315731,"Low","Below average - fewer cases than typical at this point",-0.786697968664372,"Low",14.4603614193879,"Below average - fewer cases than typical at this point","Antigua And Barbuda"
"ATG",11,2,0.552853587482319,25.375,0.772342853495662,263.375,25.375,263.375,0.90062660524776,0.127424881778021,2026,"PAHO",2026-02-01,2,2,2,30,1,TRUE,"applied_mean","not_missing",4,"2025/2026","Observed",17,4,17,84,NA,17,"Caribbean","Antigua And Barbuda",0.772342853495662,263.375,10.8404848433155,"Low","Below average - fewer cases than typical at this point",-0.820901985329041,"Low",14.4603614193879,"Below average - fewer cases than typical at this point","Antigua And Barbuda"
"ATG",12,3,0.73698289844142,17,0.816444938781167,280.375,17,280.375,1,0.0993733947522397,2026,"WHO",2026-03-01,0,0,0,6,1,TRUE,"applied_mean",NA,4,"2025/2026","Observed",17,4,17,84,NA,17,"Caribbean","Antigua And Barbuda",0.816444938781167,280.375,9.35139973962676,"Low","Below average - fewer cases than typical at this point",-0.847553856219504,"Low",14.4603614193879,"Below average - fewer cases than typical at this point","Antigua And Barbuda"
"ATG",1,4,0.64039009288843,4.875,0.64039009288843,4.875,4.875,4.875,0.0218752733053452,0.0218752733053452,2026,"WHO",2026-04-01,0,0,0,5,1,TRUE,"applied_mean",NA,4,"2026/2027","Observed",0,4,42,84,NA,30,"Caribbean","Antigua And Barbuda",0.64039009288843,4.875,25.1855226948069,"Normal","Average - typical case load at this point",-0.752352719207258,"Low",14.4603614193879,"Below average - fewer cases than typical at this point","Antigua And Barbuda"
"ATG",2,5,0.670426344697858,8.5,0.608328230966742,13.375,8.5,13.375,0.0613307898012109,0.0394555164958657,2026,"WHO",2026-05-01,0,0,0,4,1,TRUE,"applied_mean",NA,4,"2026/2027","Observed",0,4,42,84,NA,30,"Caribbean","Antigua And Barbuda",0.608328230966742,13.375,14.8517555894591,"Low","Below average - fewer cases than typical at this point",-0.76279986071928,"Low",14.4603614193879,"Below average - fewer cases than typical at this point","Antigua And Barbuda"
"ATG",3,6,0.702281793228583,7.375,0.58898568543905,20.75,7.375,20.75,0.0947922827367588,0.0334614929355479,2026,"PAHO",2026-06-01,4,4,4,12,1,TRUE,"applied_mean","not_missing",4,"2026/2027","Observed",4,8,42,84,NA,30,"Caribbean","Antigua And Barbuda",0.58898568543905,20.75,32.7171170543808,"Normal","Average - typical case load at this point",-0.610901574942088,"Low",14.4603614193879,"Below average - fewer cases than typical at this point","Antigua And Barbuda"
"ATG",4,7,0.58169039685263,9.625,0.547033319116655,30.375,9.625,30.375,0.13352235778922,0.0387300750524609,2026,"Estimates",2026-07-01,1,0,0,11,1.05927349913893,TRUE,"applied_mean","not_missing",4,"2026/2027","Unobserved",5,9,42,84,0.658411275891835,30,"Caribbean","Antigua And Barbuda",0.547033319116655,30.375,31.3301629410371,"Normal","Average - typical case load at this point",-0.612379685591587,"Low",14.4603614193879,"Below average - fewer cases than typical at this point","Antigua And Barbuda"
"ATG",5,8,0.630933591855899,17.125,0.613511321479911,47.5,17.125,47.5,0.198523179149873,0.065000821360653,2026,"Estimates",2026-08-01,1,NA,NA,1,NA,FALSE,"no_lookup_match",NA,4,"2026/2027","Unobserved",6,10,42,84,1.1050139631311,30,"Caribbean","Antigua And Barbuda",0.613511321479911,47.5,24.2359447991952,"Low","Below average - fewer cases than typical at this point",-0.679953253529304,"Low",14.4603614193879,"Below average - fewer cases than typical at this point","Antigua And Barbuda"
"ATG",6,9,0.561840035278288,20.125,0.603803970936885,67.625,20.125,67.625,0.266056373108688,0.0675331939588151,2026,NA,2026-09-01,NA,NA,NA,NA,NA,NA,NA,NA,4,"2026/2027","Unobserved",6,10,42,84,NA,30,"Caribbean","Antigua And Barbuda",0.603803970936885,67.625,20.1038493037498,"Low","Below average - fewer cases than typical at this point",-0.704964741520271,"Low",14.4603614193879,"Below average - fewer cases than typical at this point","Antigua And Barbuda"
"ATG",7,10,0.504411376715252,27.75,0.576197536387566,95.3750000000002,27.75,95.375,0.351172019278287,0.0851156461695991,2026,NA,2026-10-01,NA,NA,NA,NA,NA,NA,NA,NA,4,"2026/2027","Unobserved",6,10,42,84,NA,30,"Caribbean","Antigua And Barbuda",0.576197536387566,95.3750000000002,17.5299424788951,"Low","Below average - fewer cases than typical at this point",-0.709184570391767,"Low",14.4603614193879,"Below average - fewer cases than typical at this point","Antigua And Barbuda"
"ATG",8,11,0.450967874525964,36.25,0.542601258446713,131.625,36.25,131.625,0.449785139663828,0.0986131203855415,2026,NA,2026-11-01,NA,NA,NA,NA,NA,NA,NA,NA,4,"2026/2027","Unobserved",6,10,42,84,NA,30,"Caribbean","Antigua And Barbuda",0.542601258446713,131.625,15.9785936053726,"Low","Below average - fewer cases than typical at this point",-0.701592240296632,"Low",14.4603614193879,"Below average - fewer cases than typical at this point","Antigua And Barbuda"
"ATG",9,12,0.439544441890894,53.375,0.515299847794874,185,53.375,185,0.577234467621855,0.127449327958027,2026,NA,2026-12-01,NA,NA,NA,NA,NA,NA,NA,NA,4,"2026/2027","Unobserved",6,10,42,84,NA,30,"Caribbean","Antigua And Barbuda",0.515299847794874,185,14.4603614193879,"Low","Below average - fewer cases than typical at this point",-0.693597162143063,"Low",14.4603614193879,"Below average - fewer cases than typical at this point","Antigua And Barbuda"
"AUS",5,1,NA,NA,NA,NA,178.8,551,0.409273871247643,0.125110785257914,2025,"WHO",2025-01-01,283,283,NA,20,NA,FALSE,"no_lookup_match",NA,9,"2024/2025","Observed",283,283,1458,6767,NA,1458,"Pacific Islands","Australia",NA,NA,NA,"Unknown","Cannot determine",NA,"Unknown",60.293986110532,"Cannot determine","Australia"
"AUS",6,2,2.01678308298673,139.333333333333,NA,NA,139.333333333333,690.333333333333,0.503966311688921,0.0946924404412776,2025,"WHO",2025-02-01,220,220,NA,19,NA,FALSE,"no_lookup_match",NA,9,"2024/2025","Observed",503,503,1458,6767,NA,1458,"Pacific Islands","Australia",NA,NA,NA,"Unknown","Cannot determine",NA,"Unknown",60.293986110532,"Cannot determine","Australia"
"AUS",7,3,2.49551094925656,136.933333333333,NA,NA,136.933333333333,827.266666666667,0.597852206180175,0.0938858944912541,2025,"WHO",2025-03-01,219,219,NA,18,NA,FALSE,"no_lookup_match",NA,9,"2024/2025","Observed",722,722,1458,6767,NA,1458,"Pacific Islands","Australia",NA,NA,NA,"Unknown","Cannot determine",NA,"Unknown",60.293986110532,"Cannot determine","Australia"
"AUS",8,4,1.42577387284494,136.866666666667,2.87674511574154,964.133333333336,136.866666666667,964.133333333333,0.684691589957154,0.0868393837769792,2025,"WHO",2025-04-01,195,195,NA,17,NA,FALSE,"no_lookup_match",NA,9,"2024/2025","Observed",917,917,1458,6767,NA,1458,"Pacific Islands","Australia",2.87674511574154,964.133333333336,54.5930305493039,"Normal","Average - typical case load at this point",-0.0827932245972337,"Unknown",60.293986110532,"Cannot determine","Australia"
"AUS",9,5,1.34453995502113,125.4,3.13786120186224,1089.53333333333,125.4,1089.53333333333,0.76936681537531,0.0846752254181556,2025,"WHO",2025-05-01,135,135,NA,16,NA,FALSE,"no_lookup_match",NA,9,"2024/2025","Observed",1052,1052,1458,6767,NA,1458,"Pacific Islands","Australia",3.13786120186224,1089.53333333333,55.1356609384922,"Normal","Average - typical case load at this point",-0.0609353054658383,"Unknown",60.293986110532,"Cannot determine","Australia"
"AUS",10,6,1.61439666128493,102.466666666666,3.42616379605749,1192,102.466666666667,1192,0.843133349593364,0.0737665342180543,2025,"WHO",2025-06-01,120,120,NA,15,NA,FALSE,"no_lookup_match",NA,9,"2024/2025","Observed",1172,1172,1458,6767,NA,1458,"Pacific Islands","Australia",3.42616379605749,1192,56.0012527251411,"Normal","Average - typical case load at this point",-0.0310123409785866,"Unknown",60.293986110532,"Cannot determine","Australia"
"AUS",11,7,1.82631197507851,116.066666666667,3.80603211758946,1308.06666666667,116.066666666667,1308.06666666667,0.932816211168702,0.0896828615753374,2025,"WHO",2025-07-01,159,159,NA,14,NA,FALSE,"no_lookup_match",NA,9,"2024/2025","Observed",1331,1331,1458,6767,NA,1458,"Pacific Islands","Australia",3.80603211758946,1308.06666666667,58.1701940417799,"Normal","Average - typical case load at this point",0.0341540823716736,"Unknown",60.293986110532,"Cannot determine","Australia"
"AUS",12,8,1.58561545319597,83.4000000000001,4.07249555102412,1391.46666666666,83.4,1391.46666666667,1,0.0671837888312985,2025,"WHO",2025-08-01,127,127,NA,13,NA,FALSE,"no_lookup_match",NA,9,"2024/2025","Observed",1458,1458,1458,6767,NA,1458,"Pacific Islands","Australia",4.07249555102412,1391.46666666666,60.293986110532,"Normal","Average - typical case load at this point",0.0963523194710719,"Unknown",60.293986110532,"Cannot determine","Australia"
"AUS",1,9,NA,NA,NA,NA,75.4,75.4,0.0565233056170954,0.0565233056170954,2025,"WHO",2025-09-01,86,86,86,12,1.00523007286013,TRUE,"applied_mean",NA,9,"2025/2026","Observed",86,1544,1219,6767,NA,1219,"Pacific Islands","Australia",NA,NA,NA,"Unknown","Cannot determine",NA,"Unknown",60.293986110532,"Cannot determine","Australia"
"AUS",2,10,2.70703453399493,102.066666666667,NA,NA,102.066666666667,177.466666666667,0.136861783810962,0.0803384781938663,2025,"WHO",2025-10-01,146,145,146,11,1.0035336955642,TRUE,"applied_mean",NA,9,"2025/2026","Observed",232,1690,1219,6767,NA,1219,"Pacific Islands","Australia",NA,NA,NA,"Unknown","Cannot determine",NA,"Unknown",60.293986110532,"Cannot determine","Australia"
"AUS",3,11,2.86229673206689,95.7333333333333,NA,NA,95.7333333333333,273.2,0.211486670154881,0.0746248863439194,2025,"WHO",2025-11-01,119,118,119,10,1.00766746783567,TRUE,"applied_mean",NA,9,"2025/2026","Observed",351,1809,1219,6767,NA,1219,"Pacific Islands","Australia",NA,NA,NA,"Unknown","Cannot determine",NA,"Unknown",60.293986110532,"Cannot determine","Australia"
"AUS",4,12,NA,NA,NA,NA,99,372.2,0.284163085989729,0.0726764158348478,2025,"WHO",2025-12-01,114,113,114,9,1.00533855340587,TRUE,"applied_mean",NA,9,"2025/2026","Observed",465,1923,1219,6767,NA,1219,"Pacific Islands","Australia",NA,NA,NA,"Unknown","Cannot determine",NA,"Unknown",60.293986110532,"Cannot determine","Australia"
"AUS",5,1,NA,NA,NA,NA,178.8,551,0.409273871247643,0.125110785257914,2026,"WHO",2026-01-01,223,221,223,8,1.00826894398644,TRUE,"applied_mean",NA,9,"2025/2026","Observed",688,223,1219,754,NA,1219,"Pacific Islands","Australia",NA,NA,NA,"Unknown","Cannot determine",NA,"Unknown",46.3212452580867,"Cannot determine","Australia"
"AUS",6,2,2.01678308298673,139.333333333333,NA,NA,139.333333333333,690.333333333333,0.503966311688921,0.0946924404412776,2026,"WHO",2026-02-01,101,100,101,7,1.00874184868519,TRUE,"applied_mean",NA,9,"2025/2026","Observed",789,324,1219,754,NA,1219,"Pacific Islands","Australia",NA,NA,NA,"Unknown","Cannot determine",NA,"Unknown",46.3212452580867,"Cannot determine","Australia"
"AUS",7,3,2.49551094925656,136.933333333333,NA,NA,136.933333333333,827.266666666667,0.597852206180175,0.0938858944912541,2026,"WHO",2026-03-01,80,79,80,6,1.00933214198207,TRUE,"applied_mean",NA,9,"2025/2026","Observed",869,404,1219,754,NA,1219,"Pacific Islands","Australia",NA,NA,NA,"Unknown","Cannot determine",NA,"Unknown",46.3212452580867,"Cannot determine","Australia"
"AUS",8,4,1.42577387284494,136.866666666667,2.87674511574154,964.133333333336,136.866666666667,964.133333333333,0.684691589957154,0.0868393837769792,2026,"WHO",2026-04-01,69,68,69,5,1.02067626279258,TRUE,"applied_mean",NA,9,"2025/2026","Observed",938,473,1219,754,NA,1219,"Pacific Islands","Australia",2.87674511574154,964.133333333336,56.0752793223846,"Normal","Average - typical case load at this point",-0.0459051542321314,"Unknown",46.3212452580867,"Cannot determine","Australia"
"AUS",9,5,1.34453995502113,125.4,3.13786120186224,1089.53333333333,125.4,1089.53333333333,0.76936681537531,0.0846752254181556,2026,"WHO",2026-05-01,55,53,55,4,1.03080576359184,TRUE,"applied_mean",NA,9,"2025/2026","Observed",993,528,1219,754,NA,1219,"Pacific Islands","Australia",3.13786120186224,1089.53333333333,51.1973335819363,"Normal","Average - typical case load at this point",-0.156721709262047,"Unknown",46.3212452580867,"Cannot determine","Australia"
"AUS",10,6,1.61439666128493,102.466666666666,3.42616379605749,1192,102.466666666667,1192,0.843133349593364,0.0737665342180543,2026,"WHO",2026-06-01,58,55,58,3,1.0509078468718,TRUE,"applied_mean",NA,9,"2025/2026","Observed",1051,586,1219,754,NA,1219,"Pacific Islands","Australia",3.42616379605749,1192,48.2405377568342,"Normal","Average - typical case load at this point",-0.218637003899061,"Unknown",46.3212452580867,"Cannot determine","Australia"
"AUS",11,7,1.82631197507851,116.066666666667,3.80603211758946,1308.06666666667,116.066666666667,1308.06666666667,0.932816211168702,0.0896828615753374,2026,"WHO",2026-07-01,138,105,138,2,1.31340649013769,TRUE,"applied_mean",NA,9,"2025/2026","Observed",1189,724,1219,754,NA,1219,"Pacific Islands","Australia",3.80603211758946,1308.06666666667,49.6360647692339,"Normal","Average - typical case load at this point",-0.177323229987846,"Unknown",46.3212452580867,"Cannot determine","Australia"
"AUS",12,8,1.58561545319597,83.4000000000001,4.07249555102412,1391.46666666666,83.4,1391.46666666667,1,0.0671837888312985,2026,"WHO",2026-08-01,30,30,NA,1,NA,FALSE,"no_lookup_match",NA,9,"2025/2026","Observed",1219,754,1219,754,NA,1219,"Pacific Islands","Australia",4.07249555102412,1391.46666666666,46.3212452580867,"Normal","Average - typical case load at this point",-0.249762976424499,"Unknown",46.3212452580867,"Cannot determine","Australia"
"AUS",1,9,NA,NA,NA,NA,75.4,75.4,0.0565233056170954,0.0565233056170954,2026,NA,2026-09-01,NA,NA,NA,NA,NA,NA,NA,NA,9,"2026/2027","Unobserved",0,754,NA,754,NA,NA,"Pacific Islands","Australia",NA,NA,NA,"Unknown","Cannot determine",NA,"Unknown",46.3212452580867,"Cannot determine","Australia"
"AUS",2,10,2.70703453399493,102.066666666667,NA,NA,102.066666666667,177.466666666667,0.136861783810962,0.0803384781938663,2026,NA,2026-10-01,NA,NA,NA,NA,NA,NA,NA,NA,9,"2026/2027","Unobserved",0,754,NA,754,NA,NA,"Pacific Islands","Australia",NA,NA,NA,"Unknown","Cannot determine",NA,"Unknown",46.3212452580867,"Cannot determine","Australia"
"AUS",3,11,2.86229673206689,95.7333333333333,NA,NA,95.7333333333333,273.2,0.211486670154881,0.0746248863439194,2026,NA,2026-11-01,NA,NA,NA,NA,NA,NA,NA,NA,9,"2026/2027","Unobserved",0,754,NA,754,NA,NA,"Pacific Islands","Australia",NA,NA,NA,"Unknown","Cannot determine",NA,"Unknown",46.3212452580867,"Cannot determine","Australia"
"AUS",4,12,NA,NA,NA,NA,99,372.2,0.284163085989729,0.0726764158348478,2026,NA,2026-12-01,NA,NA,NA,NA,NA,NA,NA,NA,9,"2026/2027","Unobserved",0,754,NA,754,NA,NA,"Pacific Islands","Australia",NA,NA,NA,"Unknown","Cannot determine",NA,"Unknown",46.3212452580867,"Cannot determine","Australia"
"BFA",9,1,NA,NA,0.386168788071215,52853,2220.42857142857,52853,0.917818457421131,0.0453415231929268,2025,"WHO",2025-01-01,4242,4242,NA,20,NA,FALSE,"no_lookup_match",NA,5,"2024/2025","Observed",4242,4242,10941,61245,NA,10941,"Sub-Saharan Africa","Burkina Faso",0.386168788071215,52853,29.1882614066415,"Normal","Average - typical case load at this point",-0.571546947789404,"Normal",66.9269724768101,"Average - typical case load at this point","Burkina Faso"
"BFA",10,2,0.272008701918593,1601.57142857143,0.386970746319451,54454.5714285716,1601.57142857143,54454.5714285714,0.948100450152092,0.0302819927309613,2025,"WHO",2025-02-01,2543,2543,NA,19,NA,FALSE,"no_lookup_match",NA,5,"2024/2025","Observed",6785,6785,10941,61245,NA,10941,"Sub-Saharan Africa","Burkina Faso",0.386970746319451,54454.5714285716,34.3726009413131,"Normal","Average - typical case load at this point",-0.54455835724954,"Normal",66.9269724768101,"Average - typical case load at this point","Burkina Faso"
"BFA",11,3,NA,NA,0.388954638035899,55650.9999999999,1196.42857142857,55651,0.977900809373588,0.0298003592214959,2025,"WHO",2025-03-01,2130,2130,NA,18,NA,FALSE,"no_lookup_match",NA,5,"2024/2025","Observed",8915,8915,10941,61245,NA,10941,"Sub-Saharan Africa","Burkina Faso",0.388954638035899,55650.9999999999,37.6066018304604,"Normal","Average - typical case load at this point",-0.523753003639009,"Normal",66.9269724768101,"Average - typical case load at this point","Burkina Faso"
"BFA",12,4,NA,NA,0.389476129641275,56769.7142857142,1118.71428571429,56769.7142857143,1,0.0220991906264119,2025,"WHO",2025-04-01,2026,2026,NA,17,NA,FALSE,"no_lookup_match",NA,5,"2024/2025","Observed",10941,10941,10941,61245,NA,10941,"Sub-Saharan Africa","Burkina Faso",0.389476129641275,56769.7142857142,40.236472020566,"Normal","Average - typical case load at this point",-0.503802012425108,"Normal",66.9269724768101,"Average - typical case load at this point","Burkina Faso"
"BFA",1,5,NA,NA,NA,NA,678.857142857143,678.857142857143,0.016031622456119,0.016031622456119,2025,"WHO",2025-05-01,1981,1981,NA,16,NA,FALSE,"no_lookup_match",NA,5,"2025/2026","Observed",1981,12922,56277,61245,NA,56277,"Sub-Saharan Africa","Burkina Faso",NA,NA,NA,"Unknown","Cannot determine",NA,"Normal",66.9269724768101,"Average - typical case load at this point","Burkina Faso"
"BFA",2,6,NA,NA,NA,NA,590.857142857143,1269.71428571429,0.0307253207623252,0.0146936983062062,2025,"WHO",2025-06-01,1894,1894,NA,15,NA,FALSE,"no_lookup_match",NA,5,"2025/2026","Observed",3875,14816,56277,61245,NA,56277,"Sub-Saharan Africa","Burkina Faso",NA,NA,NA,"Unknown","Cannot determine",NA,"Normal",66.9269724768101,"Average - typical case load at this point","Burkina Faso"
"BFA",3,7,0.249800331622406,1053.85714285714,0.228088681325206,2323.57142857143,1053.85714285714,2323.57142857143,0.057715653500722,0.0269903327383968,2025,"WHO",2025-07-01,3584,3584,NA,14,NA,FALSE,"no_lookup_match",NA,5,"2025/2026","Observed",7459,18400,56277,61245,NA,56277,"Sub-Saharan Africa","Burkina Faso",0.228088681325206,2323.57142857143,90.7060410029939,"High","Above average - more cases than typical at this point",1.05548293930152,"Normal",66.9269724768101,"Average - typical case load at this point","Burkina Faso"
"BFA",4,8,0.24903286487001,2768.42857142857,NA,NA,2768.42857142857,5092,0.11569744634886,0.0579817928481379,2025,"WHO",2025-08-01,3123,3123,NA,13,NA,FALSE,"no_lookup_match",NA,5,"2025/2026","Observed",10582,21523,56277,61245,NA,56277,"Sub-Saharan Africa","Burkina Faso",NA,NA,NA,"Unknown","Cannot determine",NA,"Normal",66.9269724768101,"Average - typical case load at this point","Burkina Faso"
"BFA",5,9,0.219831529185514,7827.71428571429,NA,NA,7827.71428571429,12919.7142857143,0.222839258253438,0.107141811904578,2025,"WHO",2025-09-01,6374,6374,6374,12,1,TRUE,"applied_mean",NA,5,"2025/2026","Observed",16956,27897,56277,61245,NA,56277,"Sub-Saharan Africa","Burkina Faso",NA,NA,NA,"Unknown","Cannot determine",NA,"Normal",66.9269724768101,"Average - typical case load at this point","Burkina Faso"
"BFA",6,10,0.389451063890989,20321.1428571429,0.394266115263797,33240.8571428572,20321.1428571429,33240.8571428571,0.604552847227907,0.381713588974469,2025,"WHO",2025-10-01,11453,11453,11453,11,1,TRUE,"applied_mean",NA,5,"2025/2026","Observed",28409,39350,56277,61245,NA,56277,"Sub-Saharan Africa","Burkina Faso",0.394266115263797,33240.8571428572,67.0153643459112,"Normal","Average - typical case load at this point",-0.0912712551698981,"Normal",66.9269724768101,"Average - typical case load at this point","Burkina Faso"
"BFA",7,11,0.342956274612762,12799.5714285714,0.384299770523491,46040.4285714287,12799.5714285714,46040.4285714286,0.795132513340441,0.190579666112534,2025,"WHO",2025-11-01,9011,9011,9011,10,1,TRUE,"applied_mean",NA,5,"2025/2026","Observed",37420,48361,56277,61245,NA,56277,"Sub-Saharan Africa","Burkina Faso",0.384299770523491,46040.4285714287,66.2732290679824,"Normal","Average - typical case load at this point",-0.116070739143358,"Normal",66.9269724768101,"Average - typical case load at this point","Burkina Faso"
"BFA",8,12,0.378734064376965,4592.14285714286,0.384174339603154,50632.5714285713,4592.14285714286,50632.5714285714,0.872476934228204,0.0773444208877631,2025,"WHO",2025-12-01,5074,5074,5074,9,1,TRUE,"applied_mean",NA,5,"2025/2026","Observed",42494,53435,56277,61245,NA,56277,"Sub-Saharan Africa","Burkina Faso",0.384174339603154,50632.5714285713,66.9269724768101,"Normal","Average - typical case load at this point",-0.0996278422648998,"Normal",66.9269724768101,"Average - typical case load at this point","Burkina Faso"
"BFA",9,1,NA,NA,0.386168788071215,52853,2220.42857142857,52853,0.917818457421131,0.0453415231929268,2026,"WHO",2026-01-01,4017,4017,4017,8,1,TRUE,"applied_mean",NA,5,"2025/2026","Observed",46511,4017,56277,212304,NA,56277,"Sub-Saharan Africa","Burkina Faso",0.386168788071215,52853,67.8357874091747,"Normal","Average - typical case load at this point",-0.0745664714340463,"Normal",42.0760307487072,"Average - typical case load at this point","Burkina Faso"
"BFA",10,2,0.272008701918593,1601.57142857143,0.386970746319451,54454.5714285716,1601.57142857143,54454.5714285714,0.948100450152092,0.0302819927309613,2026,"WHO",2026-02-01,3367,3367,3367,7,1,TRUE,"applied_mean",NA,5,"2025/2026","Observed",49878,7384,56277,212304,NA,56277,"Sub-Saharan Africa","Burkina Faso",0.386970746319451,54454.5714285716,68.6329065323445,"Normal","Average - typical case load at this point",-0.0522809445164082,"Normal",42.0760307487072,"Average - typical case load at this point","Burkina Faso"
"BFA",11,3,NA,NA,0.388954638035899,55650.9999999999,1196.42857142857,55651,0.977900809373588,0.0298003592214959,2026,"WHO",2026-03-01,3143,3143,3143,6,1,TRUE,"applied_mean",NA,5,"2025/2026","Observed",53021,10527,56277,212304,NA,56277,"Sub-Saharan Africa","Burkina Faso",0.388954638035899,55650.9999999999,69.3913321317489,"Normal","Average - typical case load at this point",-0.029473433746374,"Normal",42.0760307487072,"Average - typical case load at this point","Burkina Faso"
"BFA",12,4,NA,NA,0.389476129641275,56769.7142857142,1118.71428571429,56769.7142857143,1,0.0220991906264119,2026,"WHO",2026-04-01,3256,3256,3256,5,1,TRUE,"applied_mean",NA,5,"2025/2026","Observed",56277,13783,56277,212304,NA,56277,"Sub-Saharan Africa","Burkina Faso",0.389476129641275,56769.7142857142,70.1956397383542,"Normal","Average - typical case load at this point",-0.00541648293133145,"Normal",42.0760307487072,"Average - typical case load at this point","Burkina Faso"
"BFA",1,5,NA,NA,NA,NA,678.857142857143,678.857142857143,0.016031622456119,0.016031622456119,2026,"WHO",2026-05-01,2506,2506,2506,4,1,TRUE,"applied_mean",NA,5,"2026/2027","Observed",2506,16289,93174,212304,NA,93174,"Sub-Saharan Africa","Burkina Faso",NA,NA,NA,"Unknown","Cannot determine",NA,"Normal",42.0760307487072,"Average - typical case load at this point","Burkina Faso"
"BFA",2,6,NA,NA,NA,NA,590.857142857143,1269.71428571429,0.0307253207623252,0.0146936983062062,2026,"WHO",2026-06-01,2804,2804,2804,3,1,TRUE,"applied_mean",NA,5,"2026/2027","Observed",5310,19093,93174,212304,NA,93174,"Sub-Saharan Africa","Burkina Faso",NA,NA,NA,"Unknown","Cannot determine",NA,"Normal",42.0760307487072,"Average - typical case load at this point","Burkina Faso"
"BFA",3,7,0.249800331622406,1053.85714285714,0.228088681325206,2323.57142857143,1053.85714285714,2323.57142857143,0.057715653500722,0.0269903327383968,2026,"WHO",2026-07-01,4328,4138,4328,2,1.04600883567977,TRUE,"applied_mean",NA,5,"2026/2027","Observed",9638,23421,93174,212304,NA,93174,"Sub-Saharan Africa","Burkina Faso",0.228088681325206,2323.57142857143,93.378976228289,"High","Above average - more cases than typical at this point",1.5033320901073,"Normal",42.0760307487072,"Average - typical case load at this point","Burkina Faso"
"BFA",4,8,0.24903286487001,2768.42857142857,NA,NA,2768.42857142857,5092,0.11569744634886,0.0579817928481379,2026,"WHO",2026-08-01,1142,1142,NA,1,NA,FALSE,"insufficient_n_rf",NA,5,"2026/2027","Observed",10780,24563,93174,212304,NA,93174,"Sub-Saharan Africa","Burkina Faso",NA,NA,NA,"Unknown","Cannot determine",NA,"Normal",42.0760307487072,"Average - typical case load at this point","Burkina Faso"
"BFA",5,9,0.219831529185514,7827.71428571429,NA,NA,7827.71428571429,12919.7142857143,0.222839258253438,0.107141811904578,2026,NA,2026-09-01,NA,NA,NA,NA,NA,NA,NA,NA,5,"2026/2027","Unobserved",10780,24563,93174,212304,NA,93174,"Sub-Saharan Africa","Burkina Faso",NA,NA,NA,"Unknown","Cannot determine",NA,"Normal",42.0760307487072,"Average - typical case load at this point","Burkina Faso"
"BFA",6,10,0.389451063890989,20321.1428571429,0.394266115263797,33240.8571428572,20321.1428571429,33240.8571428571,0.604552847227907,0.381713588974469,2026,NA,2026-10-01,NA,NA,NA,NA,NA,NA,NA,NA,5,"2026/2027","Unobserved",10780,24563,93174,212304,NA,93174,"Sub-Saharan Africa","Burkina Faso",0.394266115263797,33240.8571428572,48.3289728837881,"Normal","Average - typical case load at this point",-0.424273848131223,"Normal",42.0760307487072,"Average - typical case load at this point","Burkina Faso"
"BFA",7,11,0.342956274612762,12799.5714285714,0.384299770523491,46040.4285714287,12799.5714285714,46040.4285714286,0.795132513340441,0.190579666112534,2026,NA,2026-11-01,NA,NA,NA,NA,NA,NA,NA,NA,5,"2026/2027","Unobserved",10780,24563,93174,212304,NA,93174,"Sub-Saharan Africa","Burkina Faso",0.384299770523491,46040.4285714287,43.5372414926264,"Normal","Average - typical case load at this point",-0.474768043477797,"Normal",42.0760307487072,"Average - typical case load at this point","Burkina Faso"
"BFA",8,12,0.378734064376965,4592.14285714286,0.384174339603154,50632.5714285713,4592.14285714286,50632.5714285714,0.872476934228204,0.0773444208877631,2026,NA,2026-12-01,NA,NA,NA,NA,NA,NA,NA,NA,5,"2026/2027","Unobserved",10780,24563,93174,212304,NA,93174,"Sub-Saharan Africa","Burkina Faso",0.384174339603154,50632.5714285713,42.0760307487072,"Normal","Average - typical case load at this point",-0.48785290329919,"Normal",42.0760307487072,"Average - typical case load at this point","Burkina Faso"
"BGD",11,1,0.225692146243214,271.5,0.364658393216197,46835.25,271.5,46835.25,0.997588436176293,0.00637263591871241,2025,"SEARO",2025-01-01,1161,1161,NA,20,NA,FALSE,"no_lookup_match",NA,3,"2024/2025","Observed",1161,1161,1535,103779,NA,1535,"South Asia","Bangladesh",0.364658393216197,46835.25,20.1585519399355,"Low","Below average - fewer cases than typical at this point",-0.588897889958879,"High",85.6055243899878,"Above average - more cases than typical at this point","Bangladesh"
"BGD",12,2,0.249179908361317,91.9375,0.364736703667862,46927.1875,91.9375,46927.1875,1,0.00241156382370649,2025,"SEARO",2025-02-01,374,374,NA,19,NA,FALSE,"no_lookup_match",NA,3,"2024/2025","Observed",1535,1535,1535,103779,NA,1535,"South Asia","Bangladesh",0.364736703667862,46927.1875,22.2793527354739,"Low","Below average - fewer cases than typical at this point",-0.584177240303317,"High",85.6055243899878,"Above average - more cases than typical at this point","Bangladesh"
"BGD",1,3,0.26516583322372,57.5625,0.26516583322372,57.5625,57.5625,57.5625,0.00326666288879608,0.00326666288879608,2025,"SEARO",2025-03-01,336,336,NA,18,NA,FALSE,"no_lookup_match",NA,3,"2025/2026","Observed",336,1871,102822,103779,NA,102822,"South Asia","Bangladesh",0.26516583322372,57.5625,96.6231000088383,"Extremely High","Rare bad event - unusually high cases to date",2.48512851566037,"High",85.6055243899878,"Above average - more cases than typical at this point","Bangladesh"
"BGD",2,4,0.205421236808404,99.7499999999999,0.228963702970501,157.3125,99.75,157.3125,0.00785733171999653,0.00459066883120044,2025,"SEARO",2025-04-01,701,701,NA,17,NA,FALSE,"no_lookup_match",NA,3,"2025/2026","Observed",1037,2572,102822,103779,NA,102822,"South Asia","Bangladesh",0.228963702970501,157.3125,97.0414697762842,"Extremely High","Rare bad event - unusually high cases to date",2.67382319528805,"High",85.6055243899878,"Above average - more cases than typical at this point","Bangladesh"
"BGD",3,5,0.252914234053666,240.875,0.246357361433635,398.187499999999,240.875,398.1875,0.0162650848467494,0.00840775312675292,2025,"SEARO",2025-05-01,1773,1773,NA,16,NA,FALSE,"no_lookup_match",NA,3,"2025/2026","Observed",2810,4345,102822,103779,NA,102822,"South Asia","Bangladesh",0.246357361433635,398.187499999999,97.6159635490744,"Extremely High","Rare bad event - unusually high cases to date",3.00541454925956,"High",85.6055243899878,"Above average - more cases than typical at this point","Bangladesh"
"BGD",4,6,0.307212809154055,1107.8125,0.319284997947323,1506,1107.8125,1506,0.0437224062683749,0.0274573214216255,2025,"SEARO",2025-06-01,5951,5951,NA,15,NA,FALSE,"no_lookup_match",NA,3,"2025/2026","Observed",8761,10296,102822,103779,NA,102822,"South Asia","Bangladesh",0.319284997947323,1506,97.1287423840773,"Extremely High","Rare bad event - unusually high cases to date",2.72179661260074,"High",85.6055243899878,"Above average - more cases than typical at this point","Bangladesh"
"BGD",5,7,0.348366596192268,4820.5,0.366274020547509,6326.5,4820.5,6326.5,0.156794080422711,0.113071674154336,2025,"SEARO",2025-07-01,10684,10684,NA,14,NA,FALSE,"no_lookup_match",NA,3,"2025/2026","Observed",19445,20980,102822,103779,NA,102822,"South Asia","Bangladesh",0.366274020547509,6326.5,90.9952665865253,"High","Above average - more cases than typical at this point",1.25490587836793,"High",85.6055243899878,"Above average - more cases than typical at this point","Bangladesh"
"BGD",6,8,0.330255835206668,10632.75,0.350854771605931,16959.25,10632.75,16959.25,0.385725236923641,0.22893115650093,2025,"SEARO",2025-08-01,10496,10496,NA,13,NA,FALSE,"no_lookup_match",NA,3,"2025/2026","Observed",29941,31476,102822,103779,NA,102822,"South Asia","Bangladesh",0.350854771605931,16959.25,81.9689013523941,"High","Above average - more cases than typical at this point",0.453404473105217,"High",85.6055243899878,"Above average - more cases than typical at this point","Bangladesh"
"BGD",7,9,0.361901157424526,9672.31249999998,0.363125970822794,26631.5625,9672.3125,26631.5625,0.610987258574946,0.225262021651305,2025,"SEARO",2025-09-01,15866,15866,NA,12,NA,FALSE,"no_lookup_match",NA,3,"2025/2026","Observed",45807,47342,102822,103779,NA,102822,"South Asia","Bangladesh",0.363125970822794,26631.5625,81.4273973103641,"High","Above average - more cases than typical at this point",0.433884692424275,"High",85.6055243899878,"Above average - more cases than typical at this point","Bangladesh"
"BGD",8,10,0.34048329341038,9591.68750000001,0.36567787928508,36223.25,9591.6875,36223.25,0.799942616459103,0.188955357884157,2025,"SEARO",2025-10-01,22520,22520,NA,11,NA,FALSE,"no_lookup_match",NA,3,"2025/2026","Observed",68327,69862,102822,103779,NA,102822,"South Asia","Bangladesh",0.36567787928508,36223.25,83.0976066999434,"High","Above average - more cases than typical at this point",0.535939176073606,"High",85.6055243899878,"Above average - more cases than typical at this point","Bangladesh"
"BGD",9,11,0.260697521834677,8118.06250000002,0.364151168402771,44341.3125,8118.0625,44341.3125,0.943601670137094,0.143659053677991,2025,"SEARO",2025-11-01,24540,24540,NA,10,NA,FALSE,"no_lookup_match",NA,3,"2025/2026","Observed",92867,94402,102822,103779,NA,102822,"South Asia","Bangladesh",0.364151168402771,44341.3125,84.947425188082,"High","Above average - more cases than typical at this point",0.660392638692638,"High",85.6055243899878,"Above average - more cases than typical at this point","Bangladesh"
"BGD",10,12,0.239024885479222,2222.43749999999,0.364550534533789,46563.75,2222.4375,46563.75,0.991215800257581,0.047614130120487,2025,"SEARO",2025-12-01,8465,8465,NA,9,NA,FALSE,"no_lookup_match",NA,3,"2025/2026","Observed",101332,102867,102822,103779,NA,102822,"South Asia","Bangladesh",0.364550534533789,46563.75,85.6055243899878,"High","Above average - more cases than typical at this point",0.710163071130584,"High",85.6055243899878,"Above average - more cases than typical at this point","Bangladesh"
"BGD",11,1,0.225692146243214,271.5,0.364658393216197,46835.25,271.5,46835.25,0.997588436176293,0.00637263591871241,2026,"SEARO",2026-01-01,1081,1081,NA,8,NA,FALSE,"no_lookup_match",NA,3,"2025/2026","Observed",102413,1081,102822,92931,NA,102822,"South Asia","Bangladesh",0.364658393216197,46835.25,85.6872741030906,"High","Above average - more cases than typical at this point",0.716588005356675,"Normal",64.9954553561612,"Average - typical case load at this point","Bangladesh"
"BGD",12,2,0.249179908361317,91.9375,0.364736703667862,46927.1875,91.9375,46927.1875,1,0.00241156382370649,2026,"SEARO",2026-02-01,409,409,NA,7,NA,FALSE,"no_lookup_match",NA,3,"2025/2026","Observed",102822,1490,102822,92931,NA,102822,"South Asia","Bangladesh",0.364736703667862,46927.1875,85.7217674329969,"High","Above average - more cases than typical at this point",0.719341347308309,"Normal",64.9954553561612,"Average - typical case load at this point","Bangladesh"
"BGD",1,3,0.26516583322372,57.5625,0.26516583322372,57.5625,57.5625,57.5625,0.00326666288879608,0.00326666288879608,2026,"SEARO",2026-03-01,353,353,NA,6,NA,FALSE,"no_lookup_match",NA,3,"2026/2027","Observed",353,1843,89069,92931,NA,89069,"South Asia","Bangladesh",0.26516583322372,57.5625,96.9577618592949,"Extremely High","Rare bad event - unusually high cases to date",2.63685802323828,"Normal",64.9954553561612,"Average - typical case load at this point","Bangladesh"
"BGD",2,4,0.205421236808404,99.7499999999999,0.228963702970501,157.3125,99.75,157.3125,0.00785733171999653,0.00459066883120044,2026,"SEARO",2026-04-01,640,640,NA,5,NA,FALSE,"no_lookup_match",NA,3,"2026/2027","Observed",993,2483,89069,92931,NA,89069,"South Asia","Bangladesh",0.228963702970501,157.3125,96.7695396476572,"Extremely High","Rare bad event - unusually high cases to date",2.54008454310455,"Normal",64.9954553561612,"Average - typical case load at this point","Bangladesh"
"BGD",3,5,0.252914234053666,240.875,0.246357361433635,398.187499999999,240.875,398.1875,0.0162650848467494,0.00840775312675292,2026,"SEARO",2026-05-01,714,714,NA,4,NA,FALSE,"no_lookup_match",NA,3,"2026/2027","Observed",1707,3197,89069,92931,NA,89069,"South Asia","Bangladesh",0.246357361433635,398.187499999999,93.8587520369924,"High","Above average - more cases than typical at this point",1.63094109917449,"Normal",64.9954553561612,"Average - typical case load at this point","Bangladesh"
"BGD",4,6,0.307212809154055,1107.8125,0.319284997947323,1506,1107.8125,1506,0.0437224062683749,0.0274573214216255,2026,"SEARO",2026-06-01,2907,2907,NA,3,NA,FALSE,"no_lookup_match",NA,3,"2026/2027","Observed",4614,6104,89069,92931,NA,89069,"South Asia","Bangladesh",0.319284997947323,1506,90.6220142948322,"High","Above average - more cases than typical at this point",1.16600191205556,"Normal",64.9954553561612,"Average - typical case load at this point","Bangladesh"
"BGD",5,7,0.348366596192268,4820.5,0.366274020547509,6326.5,4820.5,6326.5,0.156794080422711,0.113071674154336,2026,"SEARO",2026-07-01,9206,9206,NA,2,NA,FALSE,"no_lookup_match",NA,3,"2026/2027","Observed",13820,15310,89069,92931,NA,89069,"South Asia","Bangladesh",0.366274020547509,6326.5,85.6722254129632,"High","Above average - more cases than typical at this point",0.716822594012282,"Normal",64.9954553561612,"Average - typical case load at this point","Bangladesh"
"BGD",6,8,0.330255835206668,10632.75,0.350854771605931,16959.25,10632.75,16959.25,0.385725236923641,0.22893115650093,2026,"SEARO",2026-08-01,20536,20536,NA,1,NA,FALSE,"no_lookup_match",NA,3,"2026/2027","Observed",34356,35846,89069,92931,NA,89069,"South Asia","Bangladesh",0.350854771605931,16959.25,84.3832550118606,"High","Above average - more cases than typical at this point",0.607604080150456,"Normal",64.9954553561612,"Average - typical case load at this point","Bangladesh"
"BGD",7,9,0.361901157424526,9672.31249999998,0.363125970822794,26631.5625,9672.3125,26631.5625,0.610987258574946,0.225262021651305,2026,"SEARO",2026-09-01,NA,0,NA,0,NA,FALSE,"no_lookup_match",NA,3,"2026/2027","Unobserved",34356,35846,89069,92931,NA,89069,"South Asia","Bangladesh",0.363125970822794,26631.5625,75.9698139954802,"High","Above average - more cases than typical at this point",0.174781680409536,"Normal",64.9954553561612,"Average - typical case load at this point","Bangladesh"
"BGD",8,10,0.34048329341038,9591.68750000001,0.36567787928508,36223.25,9591.6875,36223.25,0.799942616459103,0.188955357884157,2026,"SEARO",2026-10-01,NA,0,NA,-1,NA,FALSE,"no_lookup_match",NA,3,"2026/2027","Unobserved",34356,35846,89069,92931,NA,89069,"South Asia","Bangladesh",0.36567787928508,36223.25,69.8814852313208,"Normal","Average - typical case load at this point",-0.0311718234325725,"Normal",64.9954553561612,"Average - typical case load at this point","Bangladesh"
"BGD",9,11,0.260697521834677,8118.06250000002,0.364151168402771,44341.3125,8118.0625,44341.3125,0.943601670137094,0.143659053677991,2026,"SEARO",2026-11-01,NA,0,NA,-2,NA,FALSE,"no_lookup_match",NA,3,"2026/2027","Unobserved",34356,35846,89069,92931,NA,89069,"South Asia","Bangladesh",0.364151168402771,44341.3125,65.9595401330951,"Normal","Average - typical case load at this point",-0.135891467174898,"Normal",64.9954553561612,"Average - typical case load at this point","Bangladesh"
"BGD",10,12,0.239024885479222,2222.43749999999,0.364550534533789,46563.75,2222.4375,46563.75,0.991215800257581,0.047614130120487,2026,"SEARO",2026-12-01,NA,0,NA,-3,NA,FALSE,"no_lookup_match",NA,3,"2026/2027","Unobserved",34356,35846,89069,92931,NA,89069,"South Asia","Bangladesh",0.364550534533789,46563.75,64.9954553561612,"Normal","Average - typical case load at this point",-0.158294143625081,"Normal",64.9954553561612,"Average - typical case load at this point","Bangladesh"
"BHS",10,1,NA,NA,0.45392086017832,1646.75,114.75,1646.75,0.85770295202952,0.10761143325719,2025,"Estimates",2025-01-01,0,NA,NA,NA,NA,NA,NA,"current_month_missing",4,"2024/2025","Unobserved",0,0,NA,NA,0,0,"Caribbean","Bahamas",0.45392086017832,1646.75,2.42185087912855,"Extremely Low","Rare good event - unusually low cases to date",-0.67364365429028,"Low",8.01658569236297,"Below average - fewer cases than typical at this point","Bahamas"
"BHS",11,2,NA,NA,0.479416896030784,1732.5,85.75,1732.5,0.936808118081181,0.0791051660516605,2025,"Estimates",2025-02-01,0,NA,NA,NA,NA,NA,NA,"current_month_missing",4,"2024/2025","Unobserved",0,0,NA,NA,0,0,"Caribbean","Bahamas",0.479416896030784,1732.5,1.96877595952575,"Extremely Low","Rare good event - unusually low cases to date",-0.692303595705951,"Low",8.01658569236297,"Below average - fewer cases than typical at this point","Bahamas"
"BHS",12,3,NA,NA,0.490290787482507,1801,68.5,1801,1,0.0631918819188192,2025,"Estimates",2025-03-01,0,NA,NA,NA,NA,NA,NA,"current_month_missing",4,"2024/2025","Unobserved",0,0,NA,NA,0,0,"Caribbean","Bahamas",0.490290787482507,1801,1.78659443264844,"Extremely Low","Rare good event - unusually low cases to date",-0.700112384340234,"Low",8.01658569236297,"Below average - fewer cases than typical at this point","Bahamas"
"BHS",1,4,0.214178118258259,70,0.214178118258259,70,70,70,0.0337618203309693,0.0337618203309693,2025,"Estimates",2025-04-01,0,NA,NA,NA,NA,NA,NA,"current_month_missing",4,"2025/2026","Unobserved",0,0,0,NA,0,0,"Caribbean","Bahamas",0.214178118258259,70,28.9203055578738,"Normal","Average - typical case load at this point",-0.462087436661089,"Low",8.01658569236297,"Below average - fewer cases than typical at this point","Bahamas"
"BHS",2,5,0.214389784798398,69.7499999999999,0.202751807828538,139.75,69.75,139.75,0.0674814251941911,0.0337196048632219,2025,"Estimates",2025-05-01,0,NA,NA,NA,NA,NA,NA,"current_month_missing",4,"2025/2026","Unobserved",0,0,0,NA,0,0,"Caribbean","Bahamas",0.202751807828538,139.75,26.5695519122735,"Normal","Average - typical case load at this point",-0.449953417606558,"Low",8.01658569236297,"Below average - fewer cases than typical at this point","Bahamas"
"BHS",3,6,0.213072917691831,83.5000000000001,0.195919315611872,223.25,83.5,223.25,0.108894799054374,0.0414133738601824,2025,"Estimates",2025-06-01,0,NA,NA,NA,NA,NA,NA,"current_month_missing",4,"2025/2026","Unobserved",0,0,0,NA,0,0,"Caribbean","Bahamas",0.195919315611872,223.25,25.1800162473565,"Normal","Average - typical case load at this point",-0.442433646845021,"Low",8.01658569236297,"Below average - fewer cases than typical at this point","Bahamas"
"BHS",4,7,0.303170552367331,102.25,0.273784869552297,325.5,102.25,325.5,0.15903466310499,0.0501398640506162,2025,"Estimates",2025-07-01,0,NA,NA,NA,NA,NA,NA,"current_month_missing",4,"2025/2026","Unobserved",0,0,0,NA,0,0,"Caribbean","Bahamas",0.273784869552297,325.5,14.387084755859,"Low","Below average - fewer cases than typical at this point",-0.523024642725561,"Low",8.01658569236297,"Below average - fewer cases than typical at this point","Bahamas"
"BHS",5,8,0.296633225821922,271.5,0.288578319750416,597.000000000001,271.5,597,0.289139619169748,0.130104956064758,2025,"Estimates",2025-08-01,0,NA,NA,NA,NA,NA,NA,"current_month_missing",4,"2025/2026","Unobserved",0,0,0,NA,0,0,"Caribbean","Bahamas",0.288578319750416,597.000000000001,11.0432583139764,"Low","Below average - fewer cases than typical at this point",-0.537065074209577,"Low",8.01658569236297,"Below average - fewer cases than typical at this point","Bahamas"
"BHS",6,9,0.29595237531252,466.75,0.293046690243131,1063.75,466.75,1063.75,0.51777391919056,0.228634300020812,2025,"Estimates",2025-09-01,0,NA,NA,NA,NA,NA,NA,"current_month_missing",4,"2025/2026","Unobserved",0,0,0,NA,0,0,"Caribbean","Bahamas",0.293046690243131,1063.75,9.05205585619643,"Low","Below average - fewer cases than typical at this point",-0.541263320982669,"Low",8.01658569236297,"Below average - fewer cases than typical at this point","Bahamas"
"BHS",7,10,0.281736518443041,233.5,0.292113930016321,1297.25,233.5,1297.25,0.632017971015576,0.114244051825017,2025,"Estimates",2025-10-01,0,NA,NA,NA,NA,NA,NA,"current_month_missing",4,"2025/2026","Unobserved",0,0,0,NA,0,0,"Caribbean","Bahamas",0.292113930016321,1297.25,8.59991636042996,"Low","Below average - fewer cases than typical at this point",-0.54041480993386,"Low",8.01658569236297,"Below average - fewer cases than typical at this point","Bahamas"
"BHS",8,11,0.296637028859972,138,0.293274687812386,1435.25,138,1435.25,0.700880395012157,0.0688624239965804,2025,"Estimates",2025-11-01,0,NA,NA,NA,NA,NA,NA,"current_month_missing",4,"2025/2026","Unobserved",0,0,0,NA,0,0,"Caribbean","Bahamas",0.293274687812386,1435.25,8.27736588077938,"Low","Below average - fewer cases than typical at this point",-0.541493096155001,"Low",8.01658569236297,"Below average - fewer cases than typical at this point","Bahamas"
"BHS",9,12,0.30814223422678,96.75,0.294979292519277,1532,96.75,1532,0.750091518772331,0.0492111237601738,2025,"Estimates",2025-12-01,0,NA,NA,NA,NA,NA,NA,"current_month_missing",4,"2025/2026","Unobserved",0,0,0,NA,0,0,"Caribbean","Bahamas",0.294979292519277,1532,8.01658569236297,"Low","Below average - fewer cases than typical at this point",-0.543067681414924,"Low",8.01658569236297,"Below average - fewer cases than typical at this point","Bahamas"
"BHS",10,1,NA,NA,0.45392086017832,1646.75,114.75,1646.75,0.85770295202952,0.10761143325719,2026,"WHO",2026-01-01,0,0,NA,8,NA,FALSE,"insufficient_n_rf",NA,4,"2025/2026","Observed",0,0,0,15,NA,0,"Caribbean","Bahamas",0.45392086017832,1646.75,2.42185087912855,"Extremely Low","Rare good event - unusually low cases to date",-0.67364365429028,"Low",10.3808572391074,"Below average - fewer cases than typical at this point","Bahamas"
"BHS",11,2,NA,NA,0.479416896030784,1732.5,85.75,1732.5,0.936808118081181,0.0791051660516605,2026,"WHO",2026-02-01,0,0,NA,7,NA,FALSE,"no_lookup_match",NA,4,"2025/2026","Observed",0,0,0,15,NA,0,"Caribbean","Bahamas",0.479416896030784,1732.5,1.96877595952575,"Extremely Low","Rare good event - unusually low cases to date",-0.692303595705951,"Low",10.3808572391074,"Below average - fewer cases than typical at this point","Bahamas"
"BHS",12,3,NA,NA,0.490290787482507,1801,68.5,1801,1,0.0631918819188192,2026,"WHO",2026-03-01,0,0,NA,6,NA,FALSE,"no_lookup_match",NA,4,"2025/2026","Observed",0,0,0,15,NA,0,"Caribbean","Bahamas",0.490290787482507,1801,1.78659443264844,"Extremely Low","Rare good event - unusually low cases to date",-0.700112384340234,"Low",10.3808572391074,"Below average - fewer cases than typical at this point","Bahamas"
"BHS",1,4,0.214178118258259,70,0.214178118258259,70,70,70,0.0337618203309693,0.0337618203309693,2026,"PAHO",2026-04-01,1,1,NA,21,NA,FALSE,"no_lookup_match","current_month_missing",4,"2026/2027","Observed",1,1,15,15,NA,3,"Caribbean","Bahamas",0.214178118258259,70,35.0955079926083,"Normal","Average - typical case load at this point",-0.45548618756593,"Low",10.3808572391074,"Below average - fewer cases than typical at this point","Bahamas"
"BHS",2,5,0.214389784798398,69.7499999999999,0.202751807828538,139.75,69.75,139.75,0.0674814251941911,0.0337196048632219,2026,"WHO",2026-05-01,0,0,NA,4,NA,FALSE,"no_lookup_match",NA,4,"2026/2027","Observed",1,1,15,15,NA,3,"Caribbean","Bahamas",0.202751807828538,139.75,31.9487723261739,"Normal","Average - typical case load at this point",-0.44673371515499,"Low",10.3808572391074,"Below average - fewer cases than typical at this point","Bahamas"
"BHS",3,6,0.213072917691831,83.5000000000001,0.195919315611872,223.25,83.5,223.25,0.108894799054374,0.0414133738601824,2026,"Estimates",2026-06-01,0,NA,NA,3,NA,FALSE,"no_lookup_match",NA,4,"2026/2027","Unobserved",1,1,15,15,0,3,"Caribbean","Bahamas",0.195919315611872,223.25,30.1089422799859,"Normal","Average - typical case load at this point",-0.44045186119286,"Low",10.3808572391074,"Below average - fewer cases than typical at this point","Bahamas"
"BHS",4,7,0.303170552367331,102.25,0.273784869552297,325.5,102.25,325.5,0.15903466310499,0.0501398640506162,2026,"Estimates",2026-07-01,0,NA,NA,2,NA,FALSE,"no_lookup_match",NA,4,"2026/2027","Unobserved",1,1,15,15,0,3,"Caribbean","Bahamas",0.273784869552297,325.5,18.3227405164635,"Low","Below average - fewer cases than typical at this point",-0.521417808185697,"Low",10.3808572391074,"Below average - fewer cases than typical at this point","Bahamas"
"BHS",5,8,0.296633225821922,271.5,0.288578319750416,597.000000000001,271.5,597,0.289139619169748,0.130104956064758,2026,"Estimates",2026-08-01,0,NA,NA,1,NA,FALSE,"no_lookup_match",NA,4,"2026/2027","Unobserved",1,1,15,15,0,3,"Caribbean","Bahamas",0.288578319750416,597.000000000001,14.2285635275064,"Low","Below average - fewer cases than typical at this point",-0.536165467720113,"Low",10.3808572391074,"Below average - fewer cases than typical at this point","Bahamas"
"BHS",6,9,0.29595237531252,466.75,0.293046690243131,1063.75,466.75,1063.75,0.51777391919056,0.228634300020812,2026,NA,2026-09-01,NA,NA,NA,NA,NA,NA,NA,NA,4,"2026/2027","Unobserved",1,1,15,15,NA,3,"Caribbean","Bahamas",0.293046690243131,1063.75,11.7040002950299,"Low","Below average - fewer cases than typical at this point",-0.540754495299019,"Low",10.3808572391074,"Below average - fewer cases than typical at this point","Bahamas"
"BHS",7,10,0.281736518443041,233.5,0.292113930016321,1297.25,233.5,1297.25,0.632017971015576,0.114244051825017,2026,NA,2026-10-01,NA,NA,NA,NA,NA,NA,NA,NA,4,"2026/2027","Unobserved",1,1,15,15,NA,3,"Caribbean","Bahamas",0.292113930016321,1297.25,11.1115061680912,"Low","Below average - fewer cases than typical at this point",-0.539998224996543,"Low",10.3808572391074,"Below average - fewer cases than typical at this point","Bahamas"
"BHS",8,11,0.296637028859972,138,0.293274687812386,1435.25,138,1435.25,0.700880395012157,0.0688624239965804,2026,NA,2026-11-01,NA,NA,NA,NA,NA,NA,NA,NA,4,"2026/2027","Unobserved",1,1,15,15,NA,3,"Caribbean","Bahamas",0.293274687812386,1435.25,10.7044118400692,"Low","Below average - fewer cases than typical at this point",-0.541115814778129,"Low",10.3808572391074,"Below average - fewer cases than typical at this point","Bahamas"
"BHS",9,12,0.30814223422678,96.75,0.294979292519277,1532,96.75,1532,0.750091518772331,0.0492111237601738,2026,NA,2026-12-01,NA,NA,NA,NA,NA,NA,NA,NA,4,"2026/2027","Unobserved",1,1,15,15,NA,3,"Caribbean","Bahamas",0.294979292519277,1532,10.3808572391074,"Low","Below average - fewer cases than typical at this point",-0.542713198594157,"Low",10.3808572391074,"Below average - fewer cases than typical at this point","Bahamas"
"BLM",10,1,0.710368590268644,36.9,0.868703114682334,389,36.9,389,0.825926725112805,0.150575081805465,2025,"PAHO",2025-01-01,17,17,NA,86,NA,FALSE,"no_lookup_match","current_month_missing",4,"2024/2025","Observed",17,17,20,30,NA,20,"Caribbean","Saint Barthelemy",0.868703114682334,389,6.29868342760303,"Low","Below average - fewer cases than typical at this point",-0.890316950450071,"Low",7.75822539429883,"Below average - fewer cases than typical at this point","Saint Barthelemy"
"BLM",11,2,0.93568238477889,19.6,0.964853713162267,408.6,19.6,408.6,0.909139528080166,0.0832128029673604,2025,"PAHO",2025-02-01,1,1,NA,82,NA,FALSE,"no_lookup_match","current_month_missing",4,"2024/2025","Observed",18,18,20,30,NA,20,"Caribbean","Saint Barthelemy",0.964853713162267,408.6,4.95662169589444,"Extremely Low","Rare good event - unusually low cases to date",-0.937891183802222,"Low",7.75822539429883,"Below average - fewer cases than typical at this point","Saint Barthelemy"
"BLM",12,3,0.643495691089991,18.7,1.06783837575713,427.299999999999,18.7,427.3,1,0.0908604719198342,2025,"PAHO",2025-03-01,2,2,NA,77,NA,FALSE,"no_lookup_match","current_month_missing",4,"2024/2025","Observed",20,20,20,30,NA,20,"Caribbean","Saint Barthelemy",1.06783837575713,427.299999999999,4.05980245712501,"Extremely Low","Rare good event - unusually low cases to date",-0.983767106945906,"Low",7.75822539429883,"Below average - fewer cases than typical at this point","Saint Barthelemy"
"BLM",1,4,0.576900337196049,18.5,0.576900337196049,18.5,18.5,18.5,0.0414386189399136,0.0414386189399136,2025,"WHO",2025-04-01,0,0,NA,17,NA,FALSE,"no_lookup_match",NA,4,"2025/2026","Observed",0,20,0,30,NA,6,"Caribbean","Saint Barthelemy",0.576900337196049,18.5,13.2878151820025,"Low","Below average - fewer cases than typical at this point",-0.747966858415953,"Low",7.75822539429883,"Below average - fewer cases than typical at this point","Saint Barthelemy"
"BLM",2,5,0.513396490322096,31.3,0.511413706674635,49.8,31.3,49.8,0.108802734501899,0.067364115561985,2025,"WHO",2025-05-01,0,0,NA,16,NA,FALSE,"no_lookup_match",NA,4,"2025/2026","Observed",0,20,0,30,NA,6,"Caribbean","Saint Barthelemy",0.511413706674635,49.8,9.56767935145745,"Low","Below average - fewer cases than typical at this point",-0.71148802153094,"Low",7.75822539429883,"Below average - fewer cases than typical at this point","Saint Barthelemy"
"BLM",3,6,0.534737106204738,28.8,0.49491207997185,78.6,28.8,78.6,0.168202268385004,0.0593995338831053,2025,"WHO",2025-06-01,0,0,NA,15,NA,FALSE,"no_lookup_match",NA,4,"2025/2026","Observed",0,20,0,30,NA,6,"Caribbean","Saint Barthelemy",0.49491207997185,78.6,8.11711311740607,"Low","Below average - fewer cases than typical at this point",-0.701295458336739,"Low",7.75822539429883,"Below average - fewer cases than typical at this point","Saint Barthelemy"
"BLM",4,7,0.418311085327544,26.4,0.462960085917753,105,26.4,105,0.213498336360985,0.0452960679759815,2025,"Estimates",2025-07-01,1,NA,NA,NA,NA,NA,NA,"current_month_missing",4,"2025/2026","Unobserved",1,21,0,30,0.905921359519631,6,"Caribbean","Saint Barthelemy",0.462960085917753,105,11.8351627226294,"Low","Below average - fewer cases than typical at this point",-0.672450756298378,"Low",7.75822539429883,"Below average - fewer cases than typical at this point","Saint Barthelemy"
"BLM",5,8,0.281483613631531,44.3,0.417093858708013,149.3,44.3,149.3,0.267582379834469,0.0540840434734834,2025,"Estimates",2025-08-01,1,NA,NA,NA,NA,NA,NA,"current_month_missing",4,"2025/2026","Unobserved",2,22,0,30,1.08168086946967,6,"Caribbean","Saint Barthelemy",0.417093858708013,149.3,14.6980401028249,"Low","Below average - fewer cases than typical at this point",-0.636288459488138,"Low",7.75822539429883,"Below average - fewer cases than typical at this point","Saint Barthelemy"
"BLM",6,9,0.419763615833234,39.9,0.409308340532557,189.2,39.9,189.2,0.328583900801654,0.0610015209671854,2025,"WHO",2025-09-01,0,0,0,12,1,TRUE,"applied_mean",NA,4,"2025/2026","Observed",2,22,0,30,NA,6,"Caribbean","Saint Barthelemy",0.409308340532557,189.2,13.7463046811878,"Low","Below average - fewer cases than typical at this point",-0.632325576396995,"Low",7.75822539429883,"Below average - fewer cases than typical at this point","Saint Barthelemy"
"BLM",7,10,0.368847085020004,37.4,0.41221621979317,226.6,37.4,226.6,0.393809182404007,0.0652252816023525,2025,"Estimates",2025-10-01,1,NA,NA,NA,NA,NA,NA,"current_month_missing",4,"2025/2026","Unobserved",3,23,0,30,1.30450563204705,6,"Caribbean","Saint Barthelemy",0.41221621979317,226.6,14.3436258299628,"Low","Below average - fewer cases than typical at this point",-0.632965108005448,"Low",7.75822539429883,"Below average - fewer cases than typical at this point","Saint Barthelemy"
"BLM",8,11,0.450046444533875,76.3999999999999,0.41690632954248,303,76.4,303,0.541725947887286,0.147916765483279,2025,"Estimates",2025-11-01,3,NA,NA,NA,NA,NA,NA,"current_month_missing",4,"2025/2026","Unobserved",6,26,0,30,2.95833530966558,6,"Caribbean","Saint Barthelemy",0.41690632954248,303,15.9535614802744,"Low","Below average - fewer cases than typical at this point",-0.632462079213029,"Low",7.75822539429883,"Below average - fewer cases than typical at this point","Saint Barthelemy"
"BLM",9,12,0.940931475411036,49.1,0.597135224829981,352.099999999999,49.1,352.1,0.67535164330734,0.133625695420055,2025,"WHO",2025-12-01,0,0,0,9,1,TRUE,"applied_mean",NA,4,"2025/2026","Observed",6,26,0,30,NA,6,"Caribbean","Saint Barthelemy",0.597135224829981,352.099999999999,7.75822539429883,"Low","Below average - fewer cases than typical at this point",-0.758933924151649,"Low",7.75822539429883,"Below average - fewer cases than typical at this point","Saint Barthelemy"
"BLM",10,1,0.710368590268644,36.9,0.868703114682334,389,36.9,389,0.825926725112805,0.150575081805465,2026,"WHO",2026-01-01,0,0,0,8,1,TRUE,"applied_mean",NA,4,"2025/2026","Observed",6,0,0,0,NA,6,"Caribbean","Saint Barthelemy",0.868703114682334,389,2.7909356416255,"Extremely Low","Rare good event - unusually low cases to date",-0.916643526941874,"Extremely Low",2.21381685896493,"Rare good event - unusually low cases to date","Saint Barthelemy"
"BLM",11,2,0.93568238477889,19.6,0.964853713162267,408.6,19.6,408.6,0.909139528080166,0.0832128029673604,2026,"WHO",2026-02-01,0,0,0,7,1,TRUE,"applied_mean",NA,4,"2025/2026","Observed",6,0,0,0,NA,6,"Caribbean","Saint Barthelemy",0.964853713162267,408.6,1.91483628621703,"Extremely Low","Rare good event - unusually low cases to date",-0.966705045055746,"Extremely Low",2.21381685896493,"Rare good event - unusually low cases to date","Saint Barthelemy"
"BLM",12,3,0.643495691089991,18.7,1.06783837575713,427.299999999999,18.7,427.3,1,0.0908604719198342,2026,"WHO",2026-03-01,0,0,0,6,1,TRUE,"applied_mean",NA,4,"2025/2026","Observed",6,0,0,0,NA,6,"Caribbean","Saint Barthelemy",1.06783837575713,427.299999999999,1.28308267371182,"Extremely Low","Rare good event - unusually low cases to date",-1.01758183686794,"Extremely Low",2.21381685896493,"Rare good event - unusually low cases to date","Saint Barthelemy"
"BLM",1,4,0.576900337196049,18.5,0.576900337196049,18.5,18.5,18.5,0.0414386189399136,0.0414386189399136,2026,"WHO",2026-04-01,0,0,0,5,1,TRUE,"applied_mean",NA,4,"2026/2027","Observed",0,0,0,0,NA,0,"Caribbean","Saint Barthelemy",0.576900337196049,18.5,13.2878151820025,"Low","Below average - fewer cases than typical at this point",-0.747966858415953,"Extremely Low",2.21381685896493,"Rare good event - unusually low cases to date","Saint Barthelemy"
"BLM",2,5,0.513396490322096,31.3,0.511413706674635,49.8,31.3,49.8,0.108802734501899,0.067364115561985,2026,"WHO",2026-05-01,0,0,0,4,1,TRUE,"applied_mean",NA,4,"2026/2027","Observed",0,0,0,0,NA,0,"Caribbean","Saint Barthelemy",0.511413706674635,49.8,9.56767935145745,"Low","Below average - fewer cases than typical at this point",-0.71148802153094,"Extremely Low",2.21381685896493,"Rare good event - unusually low cases to date","Saint Barthelemy"
"BLM",3,6,0.534737106204738,28.8,0.49491207997185,78.6,28.8,78.6,0.168202268385004,0.0593995338831053,2026,"Estimates",2026-06-01,0,NA,NA,3,1,FALSE,"applied_mean",NA,4,"2026/2027","Unobserved",0,0,0,0,0,0,"Caribbean","Saint Barthelemy",0.49491207997185,78.6,8.11711311740607,"Low","Below average - fewer cases than typical at this point",-0.701295458336739,"Extremely Low",2.21381685896493,"Rare good event - unusually low cases to date","Saint Barthelemy"
"BLM",4,7,0.418311085327544,26.4,0.462960085917753,105,26.4,105,0.213498336360985,0.0452960679759815,2026,"Estimates",2026-07-01,0,NA,NA,2,1.54,FALSE,"applied_mean",NA,4,"2026/2027","Unobserved",0,0,0,0,0,0,"Caribbean","Saint Barthelemy",0.462960085917753,105,8.10112779780124,"Low","Below average - fewer cases than typical at this point",-0.678916628955093,"Extremely Low",2.21381685896493,"Rare good event - unusually low cases to date","Saint Barthelemy"
"BLM",5,8,0.281483613631531,44.3,0.417093858708013,149.3,44.3,149.3,0.267582379834469,0.0540840434734834,2026,"Estimates",2026-08-01,0,NA,NA,1,NA,FALSE,"no_lookup_match",NA,4,"2026/2027","Unobserved",0,0,0,0,0,0,"Caribbean","Saint Barthelemy",0.417093858708013,149.3,8.59625937783534,"Low","Below average - fewer cases than typical at this point",-0.644927813995784,"Extremely Low",2.21381685896493,"Rare good event - unusually low cases to date","Saint Barthelemy"
"BLM",6,9,0.419763615833234,39.9,0.409308340532557,189.2,39.9,189.2,0.328583900801654,0.0610015209671854,2026,NA,2026-09-01,NA,NA,NA,NA,NA,NA,NA,NA,4,"2026/2027","Unobserved",0,0,0,0,NA,0,"Caribbean","Saint Barthelemy",0.409308340532557,189.2,8.10703630052429,"Low","Below average - fewer cases than typical at this point",-0.639081191529441,"Extremely Low",2.21381685896493,"Rare good event - unusually low cases to date","Saint Barthelemy"
"BLM",7,10,0.368847085020004,37.4,0.41221621979317,226.6,37.4,226.6,0.393809182404007,0.0652252816023525,2026,NA,2026-10-01,NA,NA,NA,NA,NA,NA,NA,NA,4,"2026/2027","Unobserved",0,0,0,0,NA,0,"Caribbean","Saint Barthelemy",0.41221621979317,226.6,7.41560531807376,"Low","Below average - fewer cases than typical at this point",-0.641457484230924,"Extremely Low",2.21381685896493,"Rare good event - unusually low cases to date","Saint Barthelemy"
"BLM",8,11,0.450046444533875,76.3999999999999,0.41690632954248,303,76.4,303,0.541725947887286,0.147916765483279,2026,NA,2026-11-01,NA,NA,NA,NA,NA,NA,NA,NA,4,"2026/2027","Unobserved",0,0,0,0,NA,0,"Caribbean","Saint Barthelemy",0.41690632954248,303,6.40934350846178,"Low","Below average - fewer cases than typical at this point",-0.645239090914303,"Extremely Low",2.21381685896493,"Rare good event - unusually low cases to date","Saint Barthelemy"
"BLM",9,12,0.940931475411036,49.1,0.597135224829981,352.099999999999,49.1,352.1,0.67535164330734,0.133625695420055,2026,NA,2026-12-01,NA,NA,NA,NA,NA,NA,NA,NA,4,"2026/2027","Unobserved",0,0,0,0,NA,0,"Caribbean","Saint Barthelemy",0.597135224829981,352.099999999999,2.21381685896493,"Extremely Low","Rare good event - unusually low cases to date",-0.772090825466037,"Extremely Low",2.21381685896493,"Rare good event - unusually low cases to date","Saint Barthelemy"
"BLZ",11,1,1.54550448776033,256,1.97096264854348,3404.9375,256,3404.9375,0.940596746009468,0.080306419582767,2025,"PAHO",2025-01-01,54,54,NA,86,NA,FALSE,"country_excluded","current_month_missing",3,"2024/2025","Observed",54,54,111,3251,NA,111,"North & Central America","Belize",1.97096264854348,3404.9375,0.0572627531198125,"Extremely Low","Rare good event - unusually low cases to date",-1.38124500321364,"Normal",51.4488302951146,"Average - typical case load at this point","Belize"
"BLZ",12,2,1.84460291309464,180.9375,2.04066760756038,3585.875,180.9375,3585.875,1,0.0594032539905317,2025,"PAHO",2025-02-01,57,57,NA,82,NA,FALSE,"country_excluded","current_month_missing",3,"2024/2025","Observed",111,111,111,3251,NA,111,"North & Central America","Belize",2.04066760756038,3585.875,0.169019108156661,"Extremely Low","Rare good event - unusually low cases to date",-1.38390613762157,"Normal",51.4488302951146,"Average - typical case load at this point","Belize"
"BLZ",1,3,1.75666276352009,200.375,1.75666276352009,200.375,200.375,200.375,0.0665223775847347,0.0665223775847347,2025,"PAHO",2025-03-01,98,98,NA,77,NA,FALSE,"country_excluded","current_month_missing",3,"2025/2026","Observed",98,209,2933,3251,NA,2933,"North & Central America","Belize",1.75666276352009,200.375,28.3815607216561,"Normal","Average - typical case load at this point",-0.67421617992391,"Normal",51.4488302951146,"Average - typical case load at this point","Belize"
"BLZ",2,4,2.24861948278045,141.8125,2.02806497360415,342.1875,141.8125,342.1875,0.110899452032356,0.0443770744476218,2025,"PAHO",2025-04-01,57,57,NA,73,NA,FALSE,"country_excluded","current_month_missing",3,"2025/2026","Observed",155,266,2933,3251,NA,2933,"North & Central America","Belize",2.02806497360415,342.1875,22.9323350355969,"Low","Below average - fewer cases than typical at this point",-0.776730669105796,"Normal",51.4488302951146,"Average - typical case load at this point","Belize"
"BLZ",3,5,1.91965685862472,177.3125,2.13719218678642,519.5,177.3125,519.5,0.164760725418288,0.0538612733859315,2025,"PAHO",2025-05-01,71,71,NA,69,NA,FALSE,"country_excluded","current_month_missing",3,"2025/2026","Observed",226,337,2933,3251,NA,2933,"North & Central America","Belize",2.13719218678642,519.5,20.5708715712753,"Low","Below average - fewer cases than typical at this point",-0.824238400916299,"Normal",51.4488302951146,"Average - typical case load at this point","Belize"
"BLZ",4,6,1.91461111488102,235,2.18391047780436,754.499999999999,235,754.5,0.230950508537439,0.0661897831191514,2025,"PAHO",2025-06-01,129,129,NA,64,NA,FALSE,"country_excluded","current_month_missing",3,"2025/2026","Observed",355,466,2933,3251,NA,2933,"North & Central America","Belize",2.18391047780436,754.499999999999,22.7240671133094,"Low","Below average - fewer cases than typical at this point",-0.78135307881856,"Normal",51.4488302951146,"Average - typical case load at this point","Belize"
"BLZ",5,7,2.00081213749901,329,2.29370309850188,1083.5,329,1083.5,0.324891810139525,0.0939413016020854,2025,"PAHO",2025-07-01,298,298,NA,60,NA,FALSE,"country_excluded","current_month_missing",3,"2025/2026","Observed",653,764,2933,3251,NA,2933,"North & Central America","Belize",2.29370309850188,1083.5,31.7140111484105,"Normal","Average - typical case load at this point",-0.601109565858466,"Normal",51.4488302951146,"Average - typical case load at this point","Belize"
"BLZ",6,8,1.39541489367029,478.9375,2.11310310704158,1562.4375,478.9375,1562.4375,0.450121307657323,0.125229497517798,2025,"PAHO",2025-08-01,575,575,NA,56,NA,FALSE,"country_excluded","current_month_missing",3,"2025/2026","Observed",1228,1339,2933,3251,NA,2933,"North & Central America","Belize",2.11310310704158,1562.4375,45.9998301969751,"Normal","Average - typical case load at this point",-0.310941850260388,"Normal",51.4488302951146,"Average - typical case load at this point","Belize"
"BLZ",7,9,1.40354117582925,489.375,1.96840976657378,2051.8125,489.375,2051.8125,0.574109895655462,0.123988587998139,2025,"PAHO",2025-09-01,625,625,NA,51,NA,FALSE,"country_excluded","current_month_missing",3,"2025/2026","Observed",1853,1964,2933,3251,NA,2933,"North & Central America","Belize",1.96840976657378,2051.8125,54.039287216137,"Normal","Average - typical case load at this point",-0.135880003708735,"Normal",51.4488302951146,"Average - typical case load at this point","Belize"
"BLZ",8,10,1.47910104842661,484.500000000001,1.93636765759544,2536.3125,484.5,2536.3125,0.701994851056131,0.12788495540067,2025,"PAHO",2025-10-01,412,412,NA,47,NA,FALSE,"country_excluded","current_month_missing",3,"2025/2026","Observed",2265,2376,2933,3251,NA,2933,"North & Central America","Belize",1.93636765759544,2536.3125,53.5712939927314,"Normal","Average - typical case load at this point",-0.148797361970948,"Normal",51.4488302951146,"Average - typical case load at this point","Belize"
"BLZ",9,11,1.34767088652527,373.374999999999,1.88824184006062,2909.6875,373.375,2909.6875,0.79688944977507,0.0948945987189389,2025,"PAHO",2025-11-01,221,221,NA,43,NA,FALSE,"country_excluded","current_month_missing",3,"2025/2026","Observed",2486,2597,2933,3251,NA,2933,"North & Central America","Belize",1.88824184006062,2909.6875,51.4883457415581,"Normal","Average - typical case load at this point",-0.200026363366151,"Normal",51.4488302951146,"Average - typical case load at this point","Belize"
"BLZ",10,12,0.970649337912058,239.25,1.87891591868878,3148.9375,239.25,3148.9375,0.860290326426701,0.0634008766516309,2025,"PAHO",2025-12-01,200,200,NA,38,NA,FALSE,"country_excluded","current_month_missing",3,"2025/2026","Observed",2686,2797,2933,3251,NA,2933,"North & Central America","Belize",1.87891591868878,3148.9375,51.4488302951146,"Normal","Average - typical case load at this point",-0.201457047502442,"Normal",51.4488302951146,"Average - typical case load at this point","Belize"
"BLZ",11,1,1.54550448776033,256,1.97096264854348,3404.9375,256,3404.9375,0.940596746009468,0.080306419582767,2026,"PAHO",2026-01-01,177,177,NA,34,NA,FALSE,"country_excluded","current_month_missing",3,"2025/2026","Observed",2863,177,2933,2858,NA,2933,"North & Central America","Belize",1.97096264854348,3404.9375,50.2566688753982,"Normal","Average - typical case load at this point",-0.223384788265699,"Low",15.9243650399571,"Below average - fewer cases than typical at this point","Belize"
"BLZ",12,2,1.84460291309464,180.9375,2.04066760756038,3585.875,180.9375,3585.875,1,0.0594032539905317,2026,"PAHO",2026-02-01,70,70,NA,30,NA,FALSE,"country_excluded","current_month_missing",3,"2025/2026","Observed",2933,247,2933,2858,NA,2933,"North & Central America","Belize",2.04066760756038,3585.875,48.4616916956592,"Normal","Average - typical case load at this point",-0.260014452203224,"Low",15.9243650399571,"Below average - fewer cases than typical at this point","Belize"
"BLZ",1,3,1.75666276352009,200.375,1.75666276352009,200.375,200.375,200.375,0.0665223775847347,0.0665223775847347,2026,"PAHO",2026-03-01,59,59,NA,25,NA,FALSE,"country_excluded","current_month_missing",3,"2026/2027","Observed",59,306,631,2858,NA,2366,"North & Central America","Belize",1.75666276352009,200.375,14.4710914589442,"Low","Below average - fewer cases than typical at this point",-0.931060438942543,"Low",15.9243650399571,"Below average - fewer cases than typical at this point","Belize"
"BLZ",2,4,2.24861948278045,141.8125,2.02806497360415,342.1875,141.8125,342.1875,0.110899452032356,0.0443770744476218,2026,"PAHO",2026-04-01,11,11,NA,24,NA,FALSE,"country_excluded","current_month_missing",3,"2026/2027","Observed",70,317,631,2858,NA,2366,"North & Central America","Belize",2.02806497360415,342.1875,6.43032773532647,"Low","Below average - fewer cases than typical at this point",-1.12943641534415,"Low",15.9243650399571,"Below average - fewer cases than typical at this point","Belize"
"BLZ",3,5,1.91965685862472,177.3125,2.13719218678642,519.5,177.3125,519.5,0.164760725418288,0.0538612733859315,2026,"Estimates",2026-05-01,158,NA,NA,4,0.89069287200709,FALSE,"applied_mean",NA,3,"2026/2027","Unobserved",228,475,631,2858,157.975114840937,2366,"North & Central America","Belize",2.13719218678642,519.5,20.8512204630226,"Low","Below average - fewer cases than typical at this point",-0.818621784896427,"Low",15.9243650399571,"Below average - fewer cases than typical at this point","Belize"
"BLZ",4,6,1.91461111488102,235,2.18391047780436,754.499999999999,235,754.5,0.230950508537439,0.0661897831191514,2026,"Estimates",2026-06-01,194,NA,NA,3,0.920845877249764,FALSE,"applied_mean",NA,3,"2026/2027","Unobserved",422,669,631,2858,194.134633888471,2366,"North & Central America","Belize",2.18391047780436,754.499999999999,29.3324205185536,"Normal","Average - typical case load at this point",-0.650312637564884,"Low",15.9243650399571,"Below average - fewer cases than typical at this point","Belize"
"BLZ",5,7,2.00081213749901,329,2.29370309850188,1083.5,329,1083.5,0.324891810139525,0.0939413016020854,2026,"Estimates",2026-07-01,276,NA,NA,2,1.29777727393187,FALSE,"applied_mean",NA,3,"2026/2027","Unobserved",698,945,631,2858,275.529837598916,2366,"North & Central America","Belize",2.29370309850188,1083.5,34.8247837565608,"Normal","Average - typical case load at this point",-0.538275813329706,"Low",15.9243650399571,"Below average - fewer cases than typical at this point","Belize"
"BLZ",6,8,1.39541489367029,478.9375,2.11310310704158,1562.4375,478.9375,1562.4375,0.450121307657323,0.125229497517798,2026,"Estimates",2026-08-01,367,NA,NA,1,NA,FALSE,"insufficient_n_rf",NA,3,"2026/2027","Unobserved",1065,1312,631,2858,367.298116219703,2366,"North & Central America","Belize",2.11310310704158,1562.4375,38.7777820366615,"Normal","Average - typical case load at this point",-0.462490410432149,"Low",15.9243650399571,"Below average - fewer cases than typical at this point","Belize"
"BLZ",7,9,1.40354117582925,489.375,1.96840976657378,2051.8125,489.375,2051.8125,0.574109895655462,0.123988587998139,2026,NA,2026-09-01,NA,NA,NA,NA,NA,NA,NA,NA,3,"2026/2027","Unobserved",1065,1312,631,2858,NA,2366,"North & Central America","Belize",1.96840976657378,2051.8125,28.1504029070442,"Normal","Average - typical case load at this point",-0.674444947675956,"Low",15.9243650399571,"Below average - fewer cases than typical at this point","Belize"
"BLZ",8,10,1.47910104842661,484.500000000001,1.93636765759544,2536.3125,484.5,2536.3125,0.701994851056131,0.12788495540067,2026,NA,2026-10-01,NA,NA,NA,NA,NA,NA,NA,NA,3,"2026/2027","Unobserved",1065,1312,631,2858,NA,2366,"North & Central America","Belize",1.93636765759544,2536.3125,21.1996485601691,"Low","Below average - fewer cases than typical at this point",-0.806919764606789,"Low",15.9243650399571,"Below average - fewer cases than typical at this point","Belize"
"BLZ",9,11,1.34767088652527,373.374999999999,1.88824184006062,2909.6875,373.375,2909.6875,0.79688944977507,0.0948945987189389,2026,NA,2026-11-01,NA,NA,NA,NA,NA,NA,NA,NA,3,"2026/2027","Unobserved",1065,1312,631,2858,NA,2366,"North & Central America","Belize",1.88824184006062,2909.6875,17.7971330857089,"Low","Below average - fewer cases than typical at this point",-0.870892183913841,"Low",15.9243650399571,"Below average - fewer cases than typical at this point","Belize"
"BLZ",10,12,0.970649337912058,239.25,1.87891591868878,3148.9375,239.25,3148.9375,0.860290326426701,0.0634008766516309,2026,NA,2026-12-01,NA,NA,NA,NA,NA,NA,NA,NA,3,"2026/2027","Unobserved",1065,1312,631,2858,NA,2366,"North & Central America","Belize",1.87891591868878,3148.9375,15.9243650399571,"Low","Below average - fewer cases than typical at this point",-0.906869493030099,"Low",15.9243650399571,"Below average - fewer cases than typical at this point","Belize"
"BOL",6,1,0.954965052182877,7162.9375,1.84982346036957,13744.125,7162.9375,13744.125,0.321199265570165,0.126249875925107,2025,"PAHO",2025-01-01,4204,4204,NA,86,NA,FALSE,"no_lookup_match","current_month_missing",8,"2024/2025","Observed",4204,4204,29022,195066,NA,29022,"South America","Bolivia",1.84982346036957,13744.125,13.9492877187893,"Low","Below average - fewer cases than typical at this point",-0.944001939147957,"High",78.0366357386458,"Above average - more cases than typical at this point","Bolivia"
"BOL",7,2,0.843959799873591,10241.5625,1.37497655090569,23985.6875,10241.5625,23985.6875,0.486507720132908,0.165308454562743,2025,"PAHO",2025-02-01,3443,3443,NA,82,NA,FALSE,"no_lookup_match","current_month_missing",8,"2024/2025","Observed",7647,7647,29022,195066,NA,29022,"South America","Bolivia",1.37497655090569,23985.6875,20.5712481043069,"Low","Below average - fewer cases than typical at this point",-0.798730361993528,"High",78.0366357386458,"Above average - more cases than typical at this point","Bolivia"
"BOL",8,3,1.20771853744624,10115.25,1.39949250577193,34100.9374999999,10115.25,34100.9375,0.675792432835185,0.189284712702277,2025,"PAHO",2025-03-01,5848,5848,NA,77,NA,FALSE,"no_lookup_match","current_month_missing",8,"2024/2025","Observed",13495,13495,29022,195066,NA,29022,"South America","Bolivia",1.39949250577193,34100.9374999999,25.7862545824324,"Normal","Average - typical case load at this point",-0.714829450093814,"High",78.0366357386458,"Above average - more cases than typical at this point","Bolivia"
"BOL",9,4,1.62002348589959,7479.12500000001,1.52738837747891,41580.0625,7479.125,41580.0625,0.838888234482995,0.16309580164781,2025,"PAHO",2025-04-01,4561,4561,NA,73,NA,FALSE,"no_lookup_match","current_month_missing",8,"2024/2025","Observed",18056,18056,29022,195066,NA,29022,"South America","Bolivia",1.52738837747891,41580.0625,26.7980782479457,"Normal","Average - typical case load at this point",-0.699187976023072,"High",78.0366357386458,"Above average - more cases than typical at this point","Bolivia"
"BOL",10,5,1.92436234575833,3830.31250000001,1.64316545972914,45410.375,3830.3125,45410.375,0.936830030605337,0.0979417961223419,2025,"PAHO",2025-05-01,5762,5762,NA,69,NA,FALSE,"no_lookup_match","current_month_missing",8,"2024/2025","Observed",23818,23818,29022,195066,NA,29022,"South America","Bolivia",1.64316545972914,45410.375,31.8004072025364,"Normal","Average - typical case load at this point",-0.609506185145465,"High",78.0366357386458,"Above average - more cases than typical at this point","Bolivia"
"BOL",11,6,1.73257518373473,1395,1.69588140302306,46805.375,1395,46805.375,0.975774144540273,0.0389441139349359,2025,"PAHO",2025-06-01,4063,4063,NA,64,NA,FALSE,"no_lookup_match","current_month_missing",8,"2024/2025","Observed",27881,27881,29022,195066,NA,29022,"South America","Bolivia",1.69588140302306,46805.375,36.1849391397009,"Normal","Average - typical case load at this point",-0.526520987803313,"High",78.0366357386458,"Above average - more cases than typical at this point","Bolivia"
"BOL",12,7,3.71966345416049,722.000000000001,1.74277265940535,47527.3750000001,722,47527.375,1,0.0242258554597271,2025,"PAHO",2025-07-01,1141,1141,NA,60,NA,FALSE,"no_lookup_match","current_month_missing",8,"2024/2025","Observed",29022,29022,29022,195066,NA,29022,"South America","Bolivia",1.74277265940535,47527.3750000001,36.7606472512491,"Normal","Average - typical case load at this point",-0.51400396437136,"High",78.0366357386458,"Above average - more cases than typical at this point","Bolivia"
"BOL",1,8,3.44827307552301,549.0625,3.44827307552301,549.0625,549.0625,549.0625,0.0169469657471846,0.0169469657471846,2025,"PAHO",2025-08-01,841,841,NA,56,NA,FALSE,"no_lookup_match","current_month_missing",8,"2025/2026","Observed",841,29863,76485,195066,NA,76485,"South America","Bolivia",3.44827307552301,549.0625,84.7345085829873,"High","Above average - more cases than typical at this point",0.984259110448029,"High",78.0366357386458,"Above average - more cases than typical at this point","Bolivia"
"BOL",2,9,2.68005901975754,603.75,3.13160795078017,1152.8125,603.75,1152.8125,0.0344808747389161,0.0175339089917315,2025,"PAHO",2025-09-01,1167,1167,NA,51,1,TRUE,"applied_mean","previous_month_missing",8,"2025/2026","Observed",2008,31030,76485,195066,NA,76485,"South America","Bolivia",3.13160795078017,1152.8125,89.6433253309272,"High","Above average - more cases than typical at this point",1.31098366853027,"High",78.0366357386458,"Above average - more cases than typical at this point","Bolivia"
"BOL",3,10,3.38505927155873,949.500000000001,3.36109845217003,2102.3125,949.5,2102.3125,0.0630084519763717,0.0285275772374556,2025,"PAHO",2025-10-01,1060,1060,1060,47,1,TRUE,"applied_mean","not_missing",8,"2025/2026","Observed",3068,32090,76485,195066,NA,76485,"South America","Bolivia",3.36109845217003,2102.3125,82.0253388371882,"High","Above average - more cases than typical at this point",0.841459202900566,"High",78.0366357386458,"Above average - more cases than typical at this point","Bolivia"
"BOL",4,11,3.17268415136965,1617.625,3.68205889348441,3719.93749999999,1617.625,3719.9375,0.114019909390672,0.0510114574143,2025,"PAHO",2025-11-01,1833,1833,1833,43,1,TRUE,"applied_mean","not_missing",8,"2025/2026","Observed",4901,33923,76485,195066,NA,76485,"South America","Bolivia",3.68205889348441,3719.93749999999,76.5821609238386,"High","Above average - more cases than typical at this point",0.608930563445148,"High",78.0366357386458,"Above average - more cases than typical at this point","Bolivia"
"BOL",5,12,2.05001830863698,2861.25,3.18198730148297,6581.1875,2861.25,6581.1875,0.194949389645058,0.080929480254386,2025,"PAHO",2025-12-01,4105,4105,4105,38,1,TRUE,"applied_mean","not_missing",8,"2025/2026","Observed",9006,38028,76485,195066,NA,76485,"South America","Bolivia",3.18198730148297,6581.1875,78.0366357386458,"High","Above average - more cases than typical at this point",0.657079857567071,"High",78.0366357386458,"Above average - more cases than typical at this point","Bolivia"
"BOL",6,1,0.954965052182877,7162.9375,1.84982346036957,13744.125,7162.9375,13744.125,0.321199265570165,0.126249875925107,2026,"PAHO",2026-01-01,11350,11329,11350,34,1.00182486076549,TRUE,"applied_mean","not_missing",8,"2025/2026","Observed",20356,11350,76485,4012931,NA,76485,"South America","Bolivia",1.84982346036957,13744.125,79.1289375021971,"High","Above average - more cases than typical at this point",0.654249584927235,"Extremely Low",0.142789342928504,"Rare good event - unusually low cases to date","Bolivia"
"BOL",7,2,0.843959799873591,10241.5625,1.37497655090569,23985.6875,10241.5625,23985.6875,0.486507720132908,0.165308454562743,2026,"PAHO",2026-02-01,21435,19820,21435,30,1.05253737970302,TRUE,"applied_mean","not_missing",8,"2025/2026","Observed",41791,32785,76485,4012931,NA,76485,"South America","Bolivia",1.37497655090569,23985.6875,83.9257767768269,"High","Above average - more cases than typical at this point",0.870427548022619,"Extremely Low",0.142789342928504,"Rare good event - unusually low cases to date","Bolivia"
"BOL",8,3,1.20771853744624,10115.25,1.39949250577193,34100.9374999999,10115.25,34100.9375,0.675792432835185,0.189284712702277,2026,"PAHO",2026-03-01,19164,14868,19164,25,1.12890865693561,TRUE,"applied_mean","not_missing",8,"2025/2026","Observed",60955,51949,76485,4012931,NA,76485,"South America","Bolivia",1.39949250577193,34100.9374999999,84.8855687671619,"High","Above average - more cases than typical at this point",0.931579780325938,"Extremely Low",0.142789342928504,"Rare good event - unusually low cases to date","Bolivia"
"BOL",9,4,1.62002348589959,7479.12500000001,1.52738837747891,41580.0625,7479.125,41580.0625,0.838888234482995,0.16309580164781,2026,"PAHO",2026-04-01,9430,8065,9430,21,1.13492094394731,TRUE,"applied_mean","not_missing",8,"2025/2026","Observed",70385,61379,76485,4012931,NA,76485,"South America","Bolivia",1.52738837747891,41580.0625,83.4842430117368,"High","Above average - more cases than typical at this point",0.856147442649249,"Extremely Low",0.142789342928504,"Rare good event - unusually low cases to date","Bolivia"
"BOL",10,5,1.92436234575833,3830.31250000001,1.64316545972914,45410.375,3830.3125,45410.375,0.936830030605337,0.0979417961223419,2026,"PAHO",2026-05-01,2525,2436,2525,17,1.13068259401725,TRUE,"applied_mean","not_missing",8,"2025/2026","Observed",72910,63904,76485,4012931,NA,76485,"South America","Bolivia",1.64316545972914,45410.375,81.8890852972421,"High","Above average - more cases than typical at this point",0.776255114441132,"Extremely Low",0.142789342928504,"Rare good event - unusually low cases to date","Bolivia"
"BOL",11,6,1.73257518373473,1395,1.69588140302306,46805.375,1395,46805.375,0.975774144540273,0.0389441139349359,2026,"PAHO",2026-06-01,1846,1124,1846,12,1.14065936540989,TRUE,"applied_mean","not_missing",8,"2025/2026","Observed",74756,65750,76485,4012931,NA,76485,"South America","Bolivia",1.69588140302306,46805.375,81.8503542813259,"High","Above average - more cases than typical at this point",0.777652666717919,"Extremely Low",0.142789342928504,"Rare good event - unusually low cases to date","Bolivia"
"BOL",12,7,3.71966345416049,722.000000000001,1.74277265940535,47527.3750000001,722,47527.375,1,0.0242258554597271,2026,"PAHO",2026-07-01,1729,668,1729,8,1.15724736564948,TRUE,"applied_mean","not_missing",8,"2025/2026","Observed",76485,67479,76485,4012931,NA,76485,"South America","Bolivia",1.74277265940535,47527.3750000001,82.3010968096652,"High","Above average - more cases than typical at this point",0.804324908237694,"Extremely Low",0.142789342928504,"Rare good event - unusually low cases to date","Bolivia"
"BOL",1,8,3.44827307552301,549.0625,3.44827307552301,549.0625,549.0625,549.0625,0.0169469657471846,0.0169469657471846,2026,"PAHO",2026-08-01,528,318,528,6,1.15996879530479,TRUE,"applied_mean","not_missing",8,"2026/2027","Observed",528,68007,31156,4012931,NA,31156,"South America","Bolivia",3.44827307552301,549.0625,54.4158827649093,"Normal","Average - typical case load at this point",-0.0710116292487668,"Extremely Low",0.142789342928504,"Rare good event - unusually low cases to date","Bolivia"
"BOL",2,9,2.68005901975754,603.75,3.13160795078017,1152.8125,603.75,1152.8125,0.0344808747389161,0.0175339089917315,2026,NA,2026-09-01,NA,NA,NA,NA,NA,NA,NA,NA,8,"2026/2027","Unobserved",528,68007,31156,4012931,NA,31156,"South America","Bolivia",3.13160795078017,1152.8125,15.3817859260817,"Low","Below average - fewer cases than typical at this point",-0.9578238496161,"Extremely Low",0.142789342928504,"Rare good event - unusually low cases to date","Bolivia"
"BOL",3,10,3.38505927155873,949.500000000001,3.36109845217003,2102.3125,949.5,2102.3125,0.0630084519763717,0.0285275772374556,2026,NA,2026-10-01,NA,NA,NA,NA,NA,NA,NA,NA,8,"2026/2027","Unobserved",528,68007,31156,4012931,NA,31156,"South America","Bolivia",3.36109845217003,2102.3125,3.13699385623527,"Extremely Low","Rare good event - unusually low cases to date",-1.37178926036259,"Extremely Low",0.142789342928504,"Rare good event - unusually low cases to date","Bolivia"
"BOL",4,11,3.17268415136965,1617.625,3.68205889348441,3719.93749999999,1617.625,3719.9375,0.114019909390672,0.0510114574143,2026,NA,2026-11-01,NA,NA,NA,NA,NA,NA,NA,NA,8,"2026/2027","Unobserved",528,68007,31156,4012931,NA,31156,"South America","Bolivia",3.68205889348441,3719.93749999999,0.41118369043498,"Extremely Low","Rare good event - unusually low cases to date",-1.64569470316488,"Extremely Low",0.142789342928504,"Rare good event - unusually low cases to date","Bolivia"
"BOL",5,12,2.05001830863698,2861.25,3.18198730148297,6581.1875,2861.25,6581.1875,0.194949389645058,0.080929480254386,2026,NA,2026-12-01,NA,NA,NA,NA,NA,NA,NA,NA,8,"2026/2027","Unobserved",528,68007,31156,4012931,NA,31156,"South America","Bolivia",3.18198730148297,6581.1875,0.142789342928504,"Extremely Low","Rare good event - unusually low cases to date",-1.64030314934733,"Extremely Low",0.142789342928504,"Rare good event - unusually low cases to date","Bolivia"
"BRA",4,1,1.30286451277512,193657.6,1.5836663585477,314251.066666666,193657.6,314251.066666667,0.164608857556506,0.0931373539664424,2025,"PAHO",2025-01-01,462699,462699,NA,86,NA,FALSE,"no_lookup_match","current_month_missing",10,"2024/2025","Observed",462699,462699,3497298,53764883,NA,3497298,"South America","Brazil",1.5836663585477,314251.066666666,78.2171011313856,"High","Above average - more cases than typical at this point",0.594467541356881,"Extremely High",97.8160236633473,"Rare bad event - unusually high cases to date","Brazil"
"BRA",5,2,1.05327564308929,311281.933333335,1.3155110775595,625532.999999999,311281.933333333,625533,0.295988133583217,0.131379276026711,2025,"PAHO",2025-02-01,569042,569042,NA,82,NA,FALSE,"no_lookup_match","current_month_missing",10,"2024/2025","Observed",1031741,1031741,3497298,53764883,NA,3497298,"South America","Brazil",1.3155110775595,625532.999999999,81.8037011329605,"High","Above average - more cases than typical at this point",0.744809220691094,"Extremely High",97.8160236633473,"Rare bad event - unusually high cases to date","Brazil"
"BRA",6,3,1.04760744790662,485655.733333336,1.23372170671969,1111188.73333333,485655.733333333,1111188.73333333,0.494905518028655,0.198917384445437,2025,"PAHO",2025-03-01,870968,870968,NA,77,NA,FALSE,"no_lookup_match","current_month_missing",10,"2024/2025","Observed",1902709,1902709,3497298,53764883,NA,3497298,"South America","Brazil",1.23372170671969,1111188.73333333,82.80009675196,"High","Above average - more cases than typical at this point",0.79119324721456,"Extremely High",97.8160236633473,"Rare bad event - unusually high cases to date","Brazil"
"BRA",7,4,1.33414069594111,458810.400000001,1.29842085942787,1569999.13333334,458810.4,1569999.13333333,0.705967240497771,0.211061722469116,2025,"PAHO",2025-04-01,614836,614836,NA,73,NA,FALSE,"no_lookup_match","current_month_missing",10,"2024/2025","Observed",2517545,2517545,3497298,53764883,NA,3497298,"South America","Brazil",1.29842085942787,1569999.13333334,80.7425187026533,"High","Above average - more cases than typical at this point",0.687714832463632,"Extremely High",97.8160236633473,"Rare bad event - unusually high cases to date","Brazil"
"BRA",8,5,1.3447183617819,311111.933333331,1.34531666219716,1881111.06666666,311111.933333333,1881111.06666667,0.854728157762516,0.148760917264745,2025,"PAHO",2025-05-01,466447,466447,NA,69,NA,FALSE,"no_lookup_match","current_month_missing",10,"2024/2025","Observed",2983992,2983992,3497298,53764883,NA,3497298,"South America","Brazil",1.34531666219716,1881111.06666666,80.4926015202824,"High","Above average - more cases than typical at this point",0.680027217836244,"Extremely High",97.8160236633473,"Rare bad event - unusually high cases to date","Brazil"
"BRA",9,6,1.43989837318354,127718.066666666,1.36958183459215,2008829.13333333,127718.066666667,2008829.13333333,0.919105434246914,0.0643772764843988,2025,"PAHO",2025-06-01,209348,209348,NA,64,NA,FALSE,"no_lookup_match","current_month_missing",10,"2024/2025","Observed",3193340,3193340,3497298,53764883,NA,3497298,"South America","Brazil",1.36958183459215,2008829.13333333,80.6444809270153,"High","Above average - more cases than typical at this point",0.690064834776642,"Extremely High",97.8160236633473,"Rare bad event - unusually high cases to date","Brazil"
"BRA",10,7,2.01645431270184,60127.8666666669,1.39509964689923,2068957,60127.8666666667,2068957,0.953936739939629,0.0348313056927144,2025,"PAHO",2025-07-01,89048,89048,NA,60,NA,FALSE,"no_lookup_match","current_month_missing",10,"2024/2025","Observed",3282388,3282388,3497298,53764883,NA,3497298,"South America","Brazil",1.39509964689923,2068957,80.6486365524975,"High","Above average - more cases than typical at this point",0.692733338780286,"Extremely High",97.8160236633473,"Rare bad event - unusually high cases to date","Brazil"
"BRA",11,8,2.18964252132517,40514.2666666666,1.41407409328839,2109471.26666665,40514.2666666667,2109471.26666667,0.978167150444859,0.02423041050523,2025,"PAHO",2025-08-01,84833,84833,NA,56,NA,FALSE,"no_lookup_match","current_month_missing",10,"2024/2025","Observed",3367221,3367221,3497298,53764883,NA,3497298,"South America","Brazil",1.41407409328839,2109471.26666665,80.9358785089568,"High","Above average - more cases than typical at this point",0.709016851017631,"Extremely High",97.8160236633473,"Rare bad event - unusually high cases to date","Brazil"
"BRA",12,9,1.62424710479275,39177.5333333333,1.42644287497947,2148648.8,39177.5333333333,2148648.8,1,0.0218328495551413,2025,"PAHO",2025-09-01,130077,129908,NA,51,1.00004820172647,TRUE,"applied_mean","previous_month_missing",10,"2024/2025","Observed",3497298,3497298,3497298,53764883,NA,3497298,"South America","Brazil",1.42644287497947,2148648.8,81.6986699332379,"High","Above average - more cases than typical at this point",0.749653567008759,"Extremely High",97.8160236633473,"Rare bad event - unusually high cases to date","Brazil"
"BRA",1,10,1.85166489418118,34391.0000000002,1.85166489418118,34391.0000000002,34391,34391,0.0211845816103336,0.0211845816103336,2025,"PAHO",2025-10-01,108099,108107,108099,47,1.00004475050246,TRUE,"applied_mean","not_missing",10,"2025/2026","Observed",108099,3605397,1734205,53764883,NA,1734205,"South America","Brazil",1.85166489418118,34391.0000000002,98.3931601531737,"Extremely High","Rare bad event - unusually high cases to date",2.91634788095859,"Extremely High",97.8160236633473,"Rare bad event - unusually high cases to date","Brazil"
"BRA",2,11,1.88178706077312,42456.6666666665,1.93376187250559,76847.6666666666,42456.6666666667,76847.6666666667,0.0461694780765328,0.0249848964661992,2025,"PAHO",2025-11-01,111429,111429,111429,43,1.00004340540815,TRUE,"applied_mean","not_missing",10,"2025/2026","Observed",219528,3716826,1734205,53764883,NA,1734205,"South America","Brazil",1.93376187250559,76847.6666666666,97.6409340278063,"Extremely High","Rare bad event - unusually high cases to date",2.5818408157675,"Extremely High",97.8160236633473,"Rare bad event - unusually high cases to date","Brazil"
"BRA",3,12,1.85586747754404,43745.8,2.00276596526429,120593.466666667,43745.8,120593.466666667,0.0714715035900638,0.025302025513531,2025,"PAHO",2025-12-01,125831,125800,125831,38,1.00004995866772,TRUE,"applied_mean","not_missing",10,"2025/2026","Observed",345359,3842657,1734205,53764883,NA,1734205,"South America","Brazil",2.00276596526429,120593.466666667,97.8160236633473,"Extremely High","Rare bad event - unusually high cases to date",2.63765159967049,"Extremely High",97.8160236633473,"Rare bad event - unusually high cases to date","Brazil"
"BRA",4,1,1.30286451277512,193657.6,1.5836663585477,314251.066666666,193657.6,314251.066666667,0.164608857556506,0.0931373539664424,2026,"PAHO",2026-01-01,166354,166774,166354,34,0.99748344434466,TRUE,"applied_mean","not_missing",10,"2025/2026","Observed",511713,166354,1734205,1381137,NA,1734205,"South America","Brazil",1.5836663585477,314251.066666666,82.2383330028502,"High","Above average - more cases than typical at this point",0.790746677197995,"Extremely Low",2.67533353693957e-08,"Rare good event - unusually low cases to date","Brazil"
"BRA",5,2,1.05327564308929,311281.933333335,1.3155110775595,625532.999999999,311281.933333333,625533,0.295988133583217,0.131379276026711,2026,"PAHO",2026-02-01,181963,183274,181963,30,0.995053730107624,TRUE,"applied_mean","not_missing",10,"2025/2026","Observed",693676,348317,1734205,1381137,NA,1734205,"South America","Brazil",1.3155110775595,625532.999999999,65.9949362139131,"Normal","Average - typical case load at this point",0.124944695145231,"Extremely Low",2.67533353693957e-08,"Rare good event - unusually low cases to date","Brazil"
"BRA",6,3,1.04760744790662,485655.733333336,1.23372170671969,1111188.73333333,485655.733333333,1111188.73333333,0.494905518028655,0.198917384445437,2026,"PAHO",2026-03-01,278306,281501,278306,25,0.992200679817713,TRUE,"applied_mean","not_missing",10,"2025/2026","Observed",971982,626623,1734205,1381137,NA,1734205,"South America","Brazil",1.23372170671969,1111188.73333333,56.3981086359827,"Normal","Average - typical case load at this point",-0.139149219569523,"Extremely Low",2.67533353693957e-08,"Rare good event - unusually low cases to date","Brazil"
"BRA",7,4,1.33414069594111,458810.400000001,1.29842085942787,1569999.13333334,458810.4,1569999.13333333,0.705967240497771,0.211061722469116,2026,"PAHO",2026-04-01,212696,209594,212696,21,0.997831216910122,TRUE,"applied_mean","not_missing",10,"2025/2026","Observed",1184678,839319,1734205,1381137,NA,1734205,"South America","Brazil",1.29842085942787,1569999.13333334,49.8051862328025,"Normal","Average - typical case load at this point",-0.279660402706665,"Extremely Low",2.67533353693957e-08,"Rare good event - unusually low cases to date","Brazil"
"BRA",8,5,1.3447183617819,311111.933333331,1.34531666219716,1881111.06666666,311111.933333333,1881111.06666667,0.854728157762516,0.148760917264745,2026,"PAHO",2026-05-01,173413,160697,173413,17,1.01087241465831,TRUE,"applied_mean","not_missing",10,"2025/2026","Observed",1358091,1012732,1734205,1381137,NA,1734205,"South America","Brazil",1.34531666219716,1881111.06666666,47.5557578778293,"Normal","Average - typical case load at this point",-0.322489826470103,"Extremely Low",2.67533353693957e-08,"Rare good event - unusually low cases to date","Brazil"
"BRA",9,6,1.43989837318354,127718.066666666,1.36958183459215,2008829.13333333,127718.066666667,2008829.13333333,0.919105434246914,0.0643772764843988,2026,"PAHO",2026-06-01,155114,132408,155114,12,1.02962132154822,TRUE,"applied_mean","not_missing",10,"2025/2026","Observed",1513205,1167846,1734205,1381137,NA,1734205,"South America","Brazil",1.36958183459215,2008829.13333333,49.0846467771637,"Normal","Average - typical case load at this point",-0.288737566960814,"Extremely Low",2.67533353693957e-08,"Rare good event - unusually low cases to date","Brazil"
"BRA",10,7,2.01645431270184,60127.8666666669,1.39509964689923,2068957,60127.8666666667,2068957,0.953936739939629,0.0348313056927144,2026,"PAHO",2026-07-01,96287,77099,96287,8,1.04357646348179,TRUE,"applied_mean","not_missing",10,"2025/2026","Observed",1609492,1264133,1734205,1381137,NA,1734205,"South America","Brazil",1.39509964689923,2068957,50.2259672419469,"Normal","Average - typical case load at this point",-0.262303108708023,"Extremely Low",2.67533353693957e-08,"Rare good event - unusually low cases to date","Brazil"
"BRA",11,8,2.18964252132517,40514.2666666666,1.41407409328839,2109471.26666665,40514.2666666667,2109471.26666667,0.978167150444859,0.02423041050523,2026,"PAHO",2026-08-01,86850,65373,86850,3,1.05816718283121,TRUE,"applied_mean","not_missing",10,"2025/2026","Observed",1696342,1350983,1734205,1381137,NA,1734205,"South America","Brazil",1.41407409328839,2109471.26666665,51.5024840285123,"Normal","Average - typical case load at this point",-0.232888629551855,"Extremely Low",2.67533353693957e-08,"Rare good event - unusually low cases to date","Brazil"
"BRA",12,9,1.62424710479275,39177.5333333333,1.42644287497947,2148648.8,39177.5333333333,2148648.8,1,0.0218328495551413,2026,NA,2026-09-01,NA,NA,NA,NA,NA,NA,NA,NA,10,"2025/2026","Unobserved",1696342,1350983,1734205,1381137,NA,1734205,"South America","Brazil",1.42644287497947,2148648.8,50.6088674321344,"Normal","Average - typical case load at this point",-0.251417051967493,"Extremely Low",2.67533353693957e-08,"Rare good event - unusually low cases to date","Brazil"
"BRA",1,10,1.85166489418118,34391.0000000002,1.85166489418118,34391.0000000002,34391,34391,0.0211845816103336,0.0211845816103336,2026,NA,2026-10-01,NA,NA,NA,NA,NA,NA,NA,NA,10,"2026/2027","Unobserved",0,1350983,NA,1381137,NA,NA,"South America","Brazil",1.85166489418118,34391.0000000002,1.24571015579642e-06,"Extremely Low","Rare good event - unusually low cases to date",-1.36072230930221,"Extremely Low",2.67533353693957e-08,"Rare good event - unusually low cases to date","Brazil"
"BRA",2,11,1.88178706077312,42456.6666666665,1.93376187250559,76847.6666666666,42456.6666666667,76847.6666666667,0.0461694780765328,0.0249848964661992,2026,NA,2026-11-01,NA,NA,NA,NA,NA,NA,NA,NA,10,"2026/2027","Unobserved",0,1350983,NA,1381137,NA,NA,"South America","Brazil",1.93376187250559,76847.6666666666,1.27693183019274e-07,"Extremely Low","Rare good event - unusually low cases to date",-1.39058017150106,"Extremely Low",2.67533353693957e-08,"Rare good event - unusually low cases to date","Brazil"
"BRA",3,12,1.85586747754404,43745.8,2.00276596526429,120593.466666667,43745.8,120593.466666667,0.0714715035900638,0.025302025513531,2026,NA,2026-12-01,NA,NA,NA,NA,NA,NA,NA,NA,10,"2026/2027","Unobserved",0,1350983,NA,1381137,NA,NA,"South America","Brazil",2.00276596526429,120593.466666667,2.67533353693957e-08,"Extremely Low","Rare good event - unusually low cases to date",-1.41517938958825,"Extremely Low",2.67533353693957e-08,"Rare good event - unusually low cases to date","Brazil"
"BRB",11,1,0.736781554361396,126.625,1.12989021894354,955.187499999999,126.625,955.1875,0.904845438952482,0.135023622904569,2025,"PAHO",2025-01-01,28,28,NA,86,NA,FALSE,"no_lookup_match","current_month_missing",3,"2024/2025","Observed",28,28,44,231,NA,44,"Caribbean","Barbados",1.12989021894354,955.187499999999,2.05048083059679,"Extremely Low","Rare good event - unusually low cases to date",-1.03119393652816,"Low",14.262998954055,"Below average - fewer cases than typical at this point","Barbados"
"BRB",12,2,0.655679452257654,87.4999999999999,1.16430820009631,1042.6875,87.5,1042.6875,1,0.0951545610475183,2025,"PAHO",2025-02-01,16,16,NA,82,NA,FALSE,"no_lookup_match","current_month_missing",3,"2024/2025","Observed",44,44,44,231,NA,44,"Caribbean","Barbados",1.16430820009631,1042.6875,2.77210294744373,"Extremely Low","Rare good event - unusually low cases to date",-1.03292094685669,"Low",14.262998954055,"Below average - fewer cases than typical at this point","Barbados"
"BRB",1,3,0.841571668420329,70.9375000000001,0.841571668420329,70.9375000000001,70.9375,70.9375,0.100585358078495,0.100585358078495,2025,"PAHO",2025-03-01,12,12,NA,77,NA,FALSE,"no_lookup_match","current_month_missing",3,"2025/2026","Observed",12,56,155,231,NA,155,"Caribbean","Barbados",0.841571668420329,70.9375000000001,20.3264098625922,"Low","Below average - fewer cases than typical at this point",-0.757705439950377,"Low",14.262998954055,"Below average - fewer cases than typical at this point","Barbados"
"BRB",2,4,1.07550527993986,39.8125,0.987635492765086,110.75,39.8125,110.75,0.153785483054407,0.0532001249759126,2025,"PAHO",2025-04-01,18,18,NA,73,NA,FALSE,"no_lookup_match","current_month_missing",3,"2025/2026","Observed",30,74,155,231,NA,155,"Caribbean","Barbados",0.987635492765086,110.75,24.5907182049982,"Low","Below average - fewer cases than typical at this point",-0.721388590982563,"Low",14.262998954055,"Below average - fewer cases than typical at this point","Barbados"
"BRB",3,5,1.0431053697828,40.4375,1.03949881935147,151.1875,40.4375,151.1875,0.199834517215044,0.0460490341606367,2025,"PAHO",2025-05-01,10,10,NA,69,NA,FALSE,"no_lookup_match","current_month_missing",3,"2025/2026","Observed",40,84,155,231,NA,155,"Caribbean","Barbados",1.03949881935147,151.1875,22.8437030527148,"Low","Below average - fewer cases than typical at this point",-0.747247000002555,"Low",14.262998954055,"Below average - fewer cases than typical at this point","Barbados"
"BRB",4,6,0.88119648853198,43.4375,1.05433880006128,194.625,43.4375,194.625,0.254887158289854,0.0550526410748104,2025,"PAHO",2025-06-01,11,11,NA,64,NA,FALSE,"no_lookup_match","current_month_missing",3,"2025/2026","Observed",51,95,155,231,NA,155,"Caribbean","Barbados",1.05433880006128,194.625,22.2461242460897,"Low","Below average - fewer cases than typical at this point",-0.75569811218755,"Low",14.262998954055,"Below average - fewer cases than typical at this point","Barbados"
"BRB",5,7,0.786841164249386,46.5625,1.0406924611717,241.1875,46.5625,241.1875,0.313305053093228,0.0584178948033738,2025,"PAHO",2025-07-01,13,13,NA,60,NA,FALSE,"no_lookup_match","current_month_missing",3,"2025/2026","Observed",64,108,155,231,NA,155,"Caribbean","Barbados",1.0406924611717,241.1875,22.7130967955508,"Low","Below average - fewer cases than typical at this point",-0.747832857238077,"Low",14.262998954055,"Below average - fewer cases than typical at this point","Barbados"
"BRB",6,8,0.794323746844054,71.2499999999999,1.05902149541776,312.4375,71.25,312.4375,0.379843878574886,0.0665388254816574,2025,"PAHO",2025-08-01,11,11,NA,56,NA,FALSE,"no_lookup_match","current_month_missing",3,"2025/2026","Observed",75,119,155,231,NA,155,"Caribbean","Barbados",1.05902149541776,312.4375,20.3225061142593,"Low","Below average - fewer cases than typical at this point",-0.780735196462545,"Low",14.262998954055,"Below average - fewer cases than typical at this point","Barbados"
"BRB",7,9,0.641653319335314,154.0625,0.974457068702034,466.5,154.0625,466.5,0.494875700723615,0.11503182214873,2025,"PAHO",2025-09-01,17,17,NA,51,1,TRUE,"applied_mean","previous_month_missing",3,"2025/2026","Observed",92,136,155,231,NA,155,"Caribbean","Barbados",0.974457068702034,466.5,18.6108561533093,"Low","Below average - fewer cases than typical at this point",-0.791641239668998,"Low",14.262998954055,"Below average - fewer cases than typical at this point","Barbados"
"BRB",8,10,0.742477058680787,143.875,1.01270894985385,610.375,143.875,610.375,0.60570842336026,0.110832722636644,2025,"PAHO",2025-10-01,12,12,12,47,1,TRUE,"applied_mean","not_missing",3,"2025/2026","Observed",104,148,155,231,NA,155,"Caribbean","Barbados",1.01270894985385,610.375,15.5326212006412,"Low","Below average - fewer cases than typical at this point",-0.834176324866221,"Low",14.262998954055,"Below average - fewer cases than typical at this point","Barbados"
"BRB",9,11,0.55305444136419,113.5625,1.0558140778715,723.9375,113.5625,723.9375,0.695596162192575,0.0898877388323154,2025,"PAHO",2025-11-01,24,24,24,43,1,TRUE,"applied_mean","not_missing",3,"2025/2026","Observed",128,172,155,231,NA,155,"Caribbean","Barbados",1.0558140778715,723.9375,15.1968599343023,"Low","Below average - fewer cases than typical at this point",-0.845233888841667,"Low",14.262998954055,"Below average - fewer cases than typical at this point","Barbados"
"BRB",10,12,0.46174962720317,104.625,1.03866702440223,828.5625,104.625,828.5625,0.769821816047912,0.0742256538553373,2025,"PAHO",2025-12-01,6,6,6,38,1,TRUE,"applied_mean","not_missing",3,"2025/2026","Observed",134,178,155,231,NA,155,"Caribbean","Barbados",1.03866702440223,828.5625,14.262998954055,"Low","Below average - fewer cases than typical at this point",-0.853792213277837,"Low",14.262998954055,"Below average - fewer cases than typical at this point","Barbados"
"BRB",11,1,0.736781554361396,126.625,1.12989021894354,955.187499999999,126.625,955.1875,0.904845438952482,0.135023622904569,2026,"PAHO",2026-01-01,12,12,12,34,1,TRUE,"applied_mean","not_missing",3,"2025/2026","Observed",146,12,155,172,NA,155,"Caribbean","Barbados",1.12989021894354,955.187499999999,11.9076502362895,"Low","Below average - fewer cases than typical at this point",-0.899957391050228,"Extremely Low",4.71416517191807,"Rare good event - unusually low cases to date","Barbados"
"BRB",12,2,0.655679452257654,87.4999999999999,1.16430820009631,1042.6875,87.5,1042.6875,1,0.0951545610475183,2026,"PAHO",2026-02-01,9,10,9,30,0.954699816682974,TRUE,"applied_mean","not_missing",3,"2025/2026","Observed",155,21,155,172,NA,155,"Caribbean","Barbados",1.16430820009631,1042.6875,11.0233630937503,"Low","Below average - fewer cases than typical at this point",-0.918116040315766,"Extremely Low",4.71416517191807,"Rare good event - unusually low cases to date","Barbados"
"BRB",1,3,0.841571668420329,70.9375000000001,0.841571668420329,70.9375000000001,70.9375,70.9375,0.100585358078495,0.100585358078495,2026,"PAHO",2026-03-01,2,7,2,25,0.809017508347397,TRUE,"applied_mean","not_missing",3,"2026/2027","Observed",2,23,105,172,NA,113,"Caribbean","Barbados",0.841571668420329,70.9375000000001,6.13846490060329,"Low","Below average - fewer cases than typical at this point",-0.886266278117991,"Extremely Low",4.71416517191807,"Rare good event - unusually low cases to date","Barbados"
"BRB",2,4,1.07550527993986,39.8125,0.987635492765086,110.75,39.8125,110.75,0.153785483054407,0.0532001249759126,2026,"PAHO",2026-04-01,6,9,6,21,0.7738764337395,TRUE,"applied_mean","not_missing",3,"2026/2027","Observed",8,29,105,172,NA,113,"Caribbean","Barbados",0.987635492765086,110.75,7.96122070254052,"Low","Below average - fewer cases than typical at this point",-0.917927897504129,"Extremely Low",4.71416517191807,"Rare good event - unusually low cases to date","Barbados"
"BRB",3,5,1.0431053697828,40.4375,1.03949881935147,151.1875,40.4375,151.1875,0.199834517215044,0.0460490341606367,2026,"PAHO",2026-05-01,10,10,10,17,0.815033849914679,TRUE,"applied_mean","not_missing",3,"2026/2027","Observed",18,39,105,172,NA,113,"Caribbean","Barbados",1.03949881935147,151.1875,11.0675383779457,"Low","Below average - fewer cases than typical at this point",-0.895100256888952,"Extremely Low",4.71416517191807,"Rare good event - unusually low cases to date","Barbados"
"BRB",4,6,0.88119648853198,43.4375,1.05433880006128,194.625,43.4375,194.625,0.254887158289854,0.0550526410748104,2026,"PAHO",2026-06-01,14,18,14,12,0.804799053774325,TRUE,"applied_mean","not_missing",3,"2026/2027","Observed",32,53,105,172,NA,113,"Caribbean","Barbados",1.05433880006128,194.625,14.4947814565265,"Low","Below average - fewer cases than typical at this point",-0.855668619630986,"Extremely Low",4.71416517191807,"Rare good event - unusually low cases to date","Barbados"
"BRB",5,7,0.786841164249386,46.5625,1.0406924611717,241.1875,46.5625,241.1875,0.313305053093228,0.0584178948033738,2026,"PAHO",2026-07-01,1,0,1,9,0.811243003335894,TRUE,"applied_mean","not_missing",3,"2026/2027","Observed",33,54,105,172,NA,113,"Caribbean","Barbados",1.0406924611717,241.1875,12.3612630347787,"Low","Below average - fewer cases than typical at this point",-0.878670634024703,"Extremely Low",4.71416517191807,"Rare good event - unusually low cases to date","Barbados"
"BRB",6,8,0.794323746844054,71.2499999999999,1.05902149541776,312.4375,71.25,312.4375,0.379843878574886,0.0665388254816574,2026,"Estimates",2026-08-01,10,NA,NA,1,NA,FALSE,"insufficient_n_rf",NA,3,"2026/2027","Unobserved",43,64,105,172,10.3135179496569,113,"Caribbean","Barbados",1.05902149541776,312.4375,12.0265898898746,"Low","Below average - fewer cases than typical at this point",-0.88595668121875,"Extremely Low",4.71416517191807,"Rare good event - unusually low cases to date","Barbados"
"BRB",7,9,0.641653319335314,154.0625,0.974457068702034,466.5,154.0625,466.5,0.494875700723615,0.11503182214873,2026,NA,2026-09-01,NA,NA,NA,NA,NA,NA,NA,NA,3,"2026/2027","Unobserved",43,64,105,172,NA,113,"Caribbean","Barbados",0.974457068702034,466.5,9.42663510492923,"Low","Below average - fewer cases than typical at this point",-0.89522046728924,"Extremely Low",4.71416517191807,"Rare good event - unusually low cases to date","Barbados"
"BRB",8,10,0.742477058680787,143.875,1.01270894985385,610.375,143.875,610.375,0.60570842336026,0.110832722636644,2026,NA,2026-10-01,NA,NA,NA,NA,NA,NA,NA,NA,3,"2026/2027","Unobserved",43,64,105,172,NA,113,"Caribbean","Barbados",1.01270894985385,610.375,6.76693087304517,"Low","Below average - fewer cases than typical at this point",-0.934664610853561,"Extremely Low",4.71416517191807,"Rare good event - unusually low cases to date","Barbados"
"BRB",9,11,0.55305444136419,113.5625,1.0558140778715,723.9375,113.5625,723.9375,0.695596162192575,0.0898877388323154,2026,NA,2026-11-01,NA,NA,NA,NA,NA,NA,NA,NA,3,"2026/2027","Unobserved",43,64,105,172,NA,113,"Caribbean","Barbados",1.0558140778715,723.9375,5.19767767049072,"Low","Below average - fewer cases than typical at this point",-0.965791632819083,"Extremely Low",4.71416517191807,"Rare good event - unusually low cases to date","Barbados"
"BRB",10,12,0.46174962720317,104.625,1.03866702440223,828.5625,104.625,828.5625,0.769821816047912,0.0742256538553373,2026,NA,2026-12-01,NA,NA,NA,NA,NA,NA,NA,NA,3,"2026/2027","Unobserved",43,64,105,172,NA,113,"Caribbean","Barbados",1.03866702440223,828.5625,4.71416517191807,"Extremely Low","Rare good event - unusually low cases to date",-0.965654128380198,"Extremely Low",4.71416517191807,"Rare good event - unusually low cases to date","Barbados"
"BTN",12,1,0.474679256479263,58.1666666666667,0.841269168960627,857.250000000004,58.1666666666667,857.25,1,0.18971668425974,2025,"SEARO",2025-01-01,2,2,NA,20,NA,FALSE,"no_lookup_match",NA,2,"2024/2025","Observed",2,2,2,104,NA,2,"South Asia","Bhutan",0.841269168960627,857.250000000004,0.769430451330252,"Extremely Low","Rare good event - unusually low cases to date",-0.91461870912805,"Low",21.6847862902171,"Below average - fewer cases than typical at this point","Bhutan"
"BTN",1,2,0.389639655094196,31.5,0.389639655094196,31.5,31.5,31.5,0.0266563853904919,0.0266563853904919,2025,"WHO",2025-02-01,2,2,NA,19,NA,FALSE,"no_lookup_match",NA,2,"2025/2026","Observed",2,4,87,104,NA,87,"South Asia","Bhutan",0.389639655094196,31.5,29.6383443925563,"Normal","Average - typical case load at this point",-0.580996489466932,"Low",21.6847862902171,"Below average - fewer cases than typical at this point","Bhutan"
"BTN",2,3,0.503321109901237,43.9166666666667,0.465779498481794,75.4166666666667,43.9166666666667,75.4166666666667,0.0674323850974085,0.0407759997069166,2025,"SEARO",2025-03-01,1,1,NA,18,NA,FALSE,"no_lookup_match",NA,2,"2025/2026","Observed",3,5,87,104,NA,87,"South Asia","Bhutan",0.465779498481794,75.4166666666667,19.3574007696948,"Low","Below average - fewer cases than typical at this point",-0.653317643721005,"Low",21.6847862902171,"Below average - fewer cases than typical at this point","Bhutan"
"BTN",3,4,0.528261257925116,46.75,0.474390084885393,122.166666666667,46.75,122.166666666667,0.113160508695656,0.045728123598248,2025,"WHO",2025-04-01,11,11,NA,17,NA,FALSE,"no_lookup_match",NA,2,"2025/2026","Observed",14,16,87,104,NA,87,"South Asia","Bhutan",0.474390084885393,122.166666666667,28.5138435987339,"Normal","Average - typical case load at this point",-0.60864904365382,"Low",21.6847862902171,"Below average - fewer cases than typical at this point","Bhutan"
"BTN",4,5,0.530966574066416,37.5,0.474010716390949,159.666666666667,37.5,159.666666666667,0.151448810821196,0.0382883021255398,2025,"SEARO",2025-05-01,1,1,NA,16,NA,FALSE,"no_lookup_match",NA,2,"2025/2026","Observed",15,17,87,104,NA,87,"South Asia","Bhutan",0.474010716390949,159.666666666667,26.0197794304097,"Normal","Average - typical case load at this point",-0.622880299188151,"Low",21.6847862902171,"Below average - fewer cases than typical at this point","Bhutan"
"BTN",5,6,0.546005255242165,49.0833333333334,0.474346453797541,208.75,49.0833333333333,208.75,0.199232154216583,0.0477833433953869,2025,"WHO",2025-06-01,12,12,NA,15,NA,FALSE,"no_lookup_match",NA,2,"2025/2026","Observed",27,29,87,104,NA,87,"South Asia","Bhutan",0.474346453797541,208.75,29.8086734125067,"Normal","Average - typical case load at this point",-0.598967001243449,"Low",21.6847862902171,"Below average - fewer cases than typical at this point","Bhutan"
"BTN",6,7,0.555916545647144,63.8333333333334,0.477218784906989,272.583333333333,63.8333333333333,272.583333333333,0.267525547758372,0.0682933935417885,2025,"SEARO",2025-07-01,3,3,NA,14,NA,FALSE,"no_lookup_match",NA,2,"2025/2026","Observed",30,32,87,104,NA,87,"South Asia","Bhutan",0.477218784906989,272.583333333333,27.5049074660322,"Normal","Average - typical case load at this point",-0.614243534261408,"Low",21.6847862902171,"Below average - fewer cases than typical at this point","Bhutan"
"BTN",7,8,0.614245002634963,119.5,0.542776278725253,392.083333333334,119.5,392.083333333333,0.396294746109514,0.128769198351142,2025,"SEARO",2025-08-01,22,22,NA,13,NA,FALSE,"no_lookup_match",NA,2,"2025/2026","Observed",52,54,87,104,NA,87,"South Asia","Bhutan",0.542776278725253,392.083333333334,26.5100227283728,"Normal","Average - typical case load at this point",-0.638582479851354,"Low",21.6847862902171,"Below average - fewer cases than typical at this point","Bhutan"
"BTN",8,9,0.607848008524756,111.5,0.560450179280218,503.583333333333,111.5,503.583333333333,0.512845907007642,0.116551160898128,2025,"SEARO",2025-09-01,5,5,NA,12,NA,FALSE,"no_lookup_match",NA,2,"2025/2026","Observed",57,59,87,104,NA,87,"South Asia","Bhutan",0.560450179280218,503.583333333333,23.5923468429619,"Low","Below average - fewer cases than typical at this point",-0.663526289883153,"Low",21.6847862902171,"Below average - fewer cases than typical at this point","Bhutan"
"BTN",9,10,0.595711935962257,111.5,0.568024903102247,615.083333333336,111.5,615.083333333333,0.626188486080329,0.113342579072687,2025,"SEARO",2025-10-01,1,1,NA,11,NA,FALSE,"no_lookup_match",NA,2,"2025/2026","Observed",58,60,87,104,NA,87,"South Asia","Bhutan",0.568024903102247,615.083333333336,21.0445083210938,"Low","Below average - fewer cases than typical at this point",-0.682290702253483,"Low",21.6847862902171,"Below average - fewer cases than typical at this point","Bhutan"
"BTN",10,11,0.587055916907481,98.1666666666665,0.571897012420656,713.249999999999,98.1666666666667,713.25,0.724874703699595,0.0986862176192661,2025,"WHO",2025-11-01,18,18,NA,10,NA,FALSE,"no_lookup_match",NA,2,"2025/2026","Observed",76,78,87,104,NA,87,"South Asia","Bhutan",0.571897012420656,713.249999999999,22.2934054665733,"Low","Below average - fewer cases than typical at this point",-0.675387369864054,"Low",21.6847862902171,"Below average - fewer cases than typical at this point","Bhutan"
"BTN",11,12,0.57002819249576,85.8333333333334,0.575209962677845,799.083333333332,85.8333333333333,799.083333333333,0.81028331574026,0.0854086120406655,2025,"WHO",2025-12-01,6,6,NA,9,NA,FALSE,"no_lookup_match",NA,2,"2025/2026","Observed",82,84,87,104,NA,87,"South Asia","Bhutan",0.575209962677845,799.083333333332,21.6847862902171,"Low","Below average - fewer cases than typical at this point",-0.680353308894569,"Low",21.6847862902171,"Below average - fewer cases than typical at this point","Bhutan"
"BTN",12,1,0.474679256479263,58.1666666666667,0.841269168960627,857.250000000004,58.1666666666667,857.25,1,0.18971668425974,2026,"WHO",2026-01-01,5,5,NA,8,NA,FALSE,"no_lookup_match",NA,2,"2025/2026","Observed",87,5,87,86,NA,87,"South Asia","Bhutan",0.841269168960627,857.250000000004,12.9767024765126,"Low","Below average - fewer cases than typical at this point",-0.823718282029676,"Low",12.2122921114584,"Below average - fewer cases than typical at this point","Bhutan"
"BTN",1,2,0.389639655094196,31.5,0.389639655094196,31.5,31.5,31.5,0.0266563853904919,0.0266563853904919,2026,"WHO",2026-02-01,4,4,NA,7,NA,FALSE,"no_lookup_match",NA,2,"2026/2027","Observed",4,9,73,86,NA,73,"South Asia","Bhutan",0.389639655094196,31.5,36.5007492605326,"Normal","Average - typical case load at this point",-0.5416068969607,"Low",12.2122921114584,"Below average - fewer cases than typical at this point","Bhutan"
"BTN",2,3,0.503321109901237,43.9166666666667,0.465779498481794,75.4166666666667,43.9166666666667,75.4166666666667,0.0674323850974085,0.0407759997069166,2026,"WHO",2026-03-01,1,1,NA,6,NA,FALSE,"no_lookup_match",NA,2,"2026/2027","Observed",5,10,73,86,NA,73,"South Asia","Bhutan",0.465779498481794,75.4166666666667,23.5331826637776,"Low","Below average - fewer cases than typical at this point",-0.635274348612485,"Low",12.2122921114584,"Below average - fewer cases than typical at this point","Bhutan"
"BTN",3,4,0.528261257925116,46.75,0.474390084885393,122.166666666667,46.75,122.166666666667,0.113160508695656,0.045728123598248,2026,"WHO",2026-04-01,4,4,NA,5,NA,FALSE,"no_lookup_match",NA,2,"2026/2027","Observed",9,14,73,86,NA,73,"South Asia","Bhutan",0.474390084885393,122.166666666667,23.5714774161424,"Low","Below average - fewer cases than typical at this point",-0.636783822251069,"Low",12.2122921114584,"Below average - fewer cases than typical at this point","Bhutan"
"BTN",4,5,0.530966574066416,37.5,0.474010716390949,159.666666666667,37.5,159.666666666667,0.151448810821196,0.0382883021255398,2026,"WHO",2026-05-01,11,11,NA,4,NA,FALSE,"no_lookup_match",NA,2,"2026/2027","Observed",20,25,73,86,NA,73,"South Asia","Bhutan",0.474010716390949,159.666666666667,29.515529326664,"Normal","Average - typical case load at this point",-0.601352178248468,"Low",12.2122921114584,"Below average - fewer cases than typical at this point","Bhutan"
"BTN",5,6,0.546005255242165,49.0833333333334,0.474346453797541,208.75,49.0833333333333,208.75,0.199232154216583,0.0477833433953869,2026,"WHO",2026-06-01,7,7,NA,3,NA,FALSE,"no_lookup_match",NA,2,"2026/2027","Observed",27,32,73,86,NA,73,"South Asia","Bhutan",0.474346453797541,208.75,29.8086734125067,"Normal","Average - typical case load at this point",-0.598967001243449,"Low",12.2122921114584,"Below average - fewer cases than typical at this point","Bhutan"
"BTN",6,7,0.555916545647144,63.8333333333334,0.477218784906989,272.583333333333,63.8333333333333,272.583333333333,0.267525547758372,0.0682933935417885,2026,"SEARO",2026-07-01,1,1,NA,2,NA,FALSE,"no_lookup_match",NA,2,"2026/2027","Observed",28,33,73,86,NA,73,"South Asia","Bhutan",0.477218784906989,272.583333333333,26.6656077791651,"Normal","Average - typical case load at this point",-0.619307720047143,"Low",12.2122921114584,"Below average - fewer cases than typical at this point","Bhutan"
"BTN",7,8,0.614245002634963,119.5,0.542776278725253,392.083333333334,119.5,392.083333333333,0.396294746109514,0.128769198351142,2026,"SEARO",2026-08-01,1,1,NA,1,NA,FALSE,"no_lookup_match",NA,2,"2026/2027","Observed",29,34,73,86,NA,73,"South Asia","Bhutan",0.542776278725253,392.083333333334,19.6459334490496,"Low","Below average - fewer cases than typical at this point",-0.681770121223316,"Low",12.2122921114584,"Below average - fewer cases than typical at this point","Bhutan"
"BTN",8,9,0.607848008524756,111.5,0.560450179280218,503.583333333333,111.5,503.583333333333,0.512845907007642,0.116551160898128,2026,"SEARO",2026-09-01,NA,0,NA,0,NA,FALSE,"no_lookup_match",NA,2,"2026/2027","Unobserved",29,34,73,86,NA,73,"South Asia","Bhutan",0.560450179280218,503.583333333333,16.4531706127858,"Low","Below average - fewer cases than typical at this point",-0.705128236776368,"Low",12.2122921114584,"Below average - fewer cases than typical at this point","Bhutan"
"BTN",9,10,0.595711935962257,111.5,0.568024903102247,615.083333333336,111.5,615.083333333333,0.626188486080329,0.113342579072687,2026,"SEARO",2026-10-01,NA,0,NA,-1,NA,FALSE,"no_lookup_match",NA,2,"2026/2027","Unobserved",29,34,73,86,NA,73,"South Asia","Bhutan",0.568024903102247,615.083333333336,14.4407351205171,"Low","Below average - fewer cases than typical at this point",-0.717808602684928,"Low",12.2122921114584,"Below average - fewer cases than typical at this point","Bhutan"
"BTN",10,11,0.587055916907481,98.1666666666665,0.571897012420656,713.249999999999,98.1666666666667,713.25,0.724874703699595,0.0986862176192661,2026,"SEARO",2026-11-01,NA,0,NA,-2,NA,FALSE,"no_lookup_match",NA,2,"2026/2027","Unobserved",29,34,73,86,NA,73,"South Asia","Bhutan",0.571897012420656,713.249999999999,13.1482623264372,"Low","Below average - fewer cases than typical at this point",-0.725200169210638,"Low",12.2122921114584,"Below average - fewer cases than typical at this point","Bhutan"
"BTN",11,12,0.57002819249576,85.8333333333334,0.575209962677845,799.083333333332,85.8333333333333,799.083333333333,0.81028331574026,0.0854086120406655,2026,"SEARO",2026-12-01,NA,0,NA,-3,NA,FALSE,"no_lookup_match",NA,2,"2026/2027","Unobserved",29,34,73,86,NA,73,"South Asia","Bhutan",0.575209962677845,799.083333333332,12.2122921114584,"Low","Below average - fewer cases than typical at this point",-0.730638573793691,"Low",12.2122921114584,"Below average - fewer cases than typical at this point","Bhutan"
"CHL",10,1,NA,NA,NA,NA,1.33333333333333,27.3333333333333,0.724988146040778,0.0355618776671408,2025,"WHO",2025-01-01,0,0,NA,20,NA,FALSE,"no_lookup_match",NA,4,"2024/2025","Observed",0,0,0,0,NA,0,"South America","Chile",NA,NA,NA,"Unknown","Cannot determine",NA,"Unknown",NA,"Cannot determine","Chile"
"CHL",11,2,NA,NA,NA,NA,3,30.3333333333333,0.804883831199621,0.0798956851588431,2025,"WHO",2025-02-01,0,0,NA,19,NA,FALSE,"no_lookup_match",NA,4,"2024/2025","Observed",0,0,0,0,NA,0,"South America","Chile",NA,NA,NA,"Unknown","Cannot determine",NA,"Unknown",NA,"Cannot determine","Chile"
"CHL",12,3,NA,NA,NA,NA,7.33333333333333,37.6666666666667,1,0.195116168800379,2025,"WHO",2025-03-01,0,0,NA,18,NA,FALSE,"no_lookup_match",NA,4,"2024/2025","Observed",0,0,0,0,NA,0,"South America","Chile",NA,NA,NA,"Unknown","Cannot determine",NA,"Unknown",NA,"Cannot determine","Chile"
"CHL",1,4,NA,NA,NA,NA,13,13,0.344713134186818,0.344713134186818,2025,"WHO",2025-04-01,0,0,NA,17,NA,FALSE,"no_lookup_match",NA,4,"2025/2026","Observed",0,0,17,0,NA,17,"South America","Chile",NA,NA,NA,"Unknown","Cannot determine",NA,"Unknown",NA,"Cannot determine","Chile"
"CHL",2,5,NA,NA,NA,NA,5.33333333333333,18.3333333333333,0.486012328117591,0.141299193930773,2025,"WHO",2025-05-01,0,0,NA,16,NA,FALSE,"no_lookup_match",NA,4,"2025/2026","Observed",0,0,17,0,NA,17,"South America","Chile",NA,NA,NA,"Unknown","Cannot determine",NA,"Unknown",NA,"Cannot determine","Chile"
"CHL",3,6,NA,NA,NA,NA,2,20.3333333333333,0.539118065433855,0.0531057373162636,2025,"WHO",2025-06-01,0,0,NA,15,NA,FALSE,"no_lookup_match",NA,4,"2025/2026","Observed",0,0,17,0,NA,17,"South America","Chile",NA,NA,NA,"Unknown","Cannot determine",NA,"Unknown",NA,"Cannot determine","Chile"
"CHL",4,7,NA,NA,NA,NA,1,21.3333333333333,0.565670934091987,0.0265528686581318,2025,"WHO",2025-07-01,0,0,NA,14,NA,FALSE,"no_lookup_match",NA,4,"2025/2026","Observed",0,0,17,0,NA,17,"South America","Chile",NA,NA,NA,"Unknown","Cannot determine",NA,"Unknown",NA,"Cannot determine","Chile"
"CHL",5,8,NA,NA,NA,NA,1,22.3333333333333,0.592223802750119,0.0265528686581318,2025,"WHO",2025-08-01,0,0,NA,13,NA,FALSE,"no_lookup_match",NA,4,"2025/2026","Observed",0,0,17,0,NA,17,"South America","Chile",NA,NA,NA,"Unknown","Cannot determine",NA,"Unknown",NA,"Cannot determine","Chile"
"CHL",6,9,NA,NA,NA,NA,1,23.3333333333333,0.61877667140825,0.0265528686581318,2025,"WHO",2025-09-01,0,0,0,12,1,TRUE,"applied_mean",NA,4,"2025/2026","Observed",0,0,17,0,NA,17,"South America","Chile",NA,NA,NA,"Unknown","Cannot determine",NA,"Unknown",NA,"Cannot determine","Chile"
"CHL",7,10,NA,NA,NA,NA,0.666666666666667,24,0.636320531057373,0.0175438596491228,2025,"WHO",2025-10-01,0,0,0,11,1,TRUE,"applied_mean",NA,4,"2025/2026","Observed",0,0,17,0,NA,17,"South America","Chile",NA,NA,NA,"Unknown","Cannot determine",NA,"Unknown",NA,"Cannot determine","Chile"
"CHL",8,11,NA,NA,NA,NA,1,25,0.662873399715505,0.0265528686581318,2025,"WHO",2025-11-01,0,0,0,10,1,TRUE,"applied_mean",NA,4,"2025/2026","Observed",0,0,17,0,NA,17,"South America","Chile",NA,NA,NA,"Unknown","Cannot determine",NA,"Unknown",NA,"Cannot determine","Chile"
"CHL",9,12,NA,NA,NA,NA,1,26,0.689426268373637,0.0265528686581318,2025,"WHO",2025-12-01,0,0,0,9,1,TRUE,"applied_mean",NA,4,"2025/2026","Observed",0,0,17,0,NA,17,"South America","Chile",NA,NA,NA,"Unknown","Cannot determine",NA,"Unknown",NA,"Cannot determine","Chile"
"CHL",10,1,NA,NA,NA,NA,1.33333333333333,27.3333333333333,0.724988146040778,0.0355618776671408,2026,"WHO",2026-01-01,0,0,0,8,1,TRUE,"applied_mean",NA,4,"2025/2026","Observed",0,0,17,51,NA,17,"South America","Chile",NA,NA,NA,"Unknown","Cannot determine",NA,"Unknown",NA,"Cannot determine","Chile"
"CHL",11,2,NA,NA,NA,NA,3,30.3333333333333,0.804883831199621,0.0798956851588431,2026,"PAHO",2026-02-01,6,6,NA,30,NA,FALSE,"no_lookup_match","current_month_missing",4,"2025/2026","Observed",6,6,17,51,NA,17,"South America","Chile",NA,NA,NA,"Unknown","Cannot determine",NA,"Unknown",NA,"Cannot determine","Chile"
"CHL",12,3,NA,NA,NA,NA,7.33333333333333,37.6666666666667,1,0.195116168800379,2026,"PAHO",2026-03-01,11,11,NA,25,NA,FALSE,"no_lookup_match","current_month_missing",4,"2025/2026","Observed",17,17,17,51,NA,17,"South America","Chile",NA,NA,NA,"Unknown","Cannot determine",NA,"Unknown",NA,"Cannot determine","Chile"
"CHL",1,4,NA,NA,NA,NA,13,13,0.344713134186818,0.344713134186818,2026,"PAHO",2026-04-01,5,5,NA,21,1,TRUE,"applied_mean","previous_month_missing",4,"2026/2027","Observed",5,22,22,51,NA,22,"South America","Chile",NA,NA,NA,"Unknown","Cannot determine",NA,"Unknown",NA,"Cannot determine","Chile"
"CHL",2,5,NA,NA,NA,NA,5.33333333333333,18.3333333333333,0.486012328117591,0.141299193930773,2026,"PAHO",2026-05-01,8,5,8,17,1.11559523809524,TRUE,"applied_mean","not_missing",4,"2026/2027","Observed",13,30,22,51,NA,22,"South America","Chile",NA,NA,NA,"Unknown","Cannot determine",NA,"Unknown",NA,"Cannot determine","Chile"
"CHL",3,6,NA,NA,NA,NA,2,20.3333333333333,0.539118065433855,0.0531057373162636,2026,"WHO",2026-06-01,0,0,0,3,0.942857142857143,TRUE,"applied_mean",NA,4,"2026/2027","Observed",13,30,22,51,NA,22,"South America","Chile",NA,NA,NA,"Unknown","Cannot determine",NA,"Unknown",NA,"Cannot determine","Chile"
"CHL",4,7,NA,NA,NA,NA,1,21.3333333333333,0.565670934091987,0.0265528686581318,2026,"WHO",2026-07-01,0,0,NA,2,NA,FALSE,"insufficient_n_rf",NA,4,"2026/2027","Observed",13,30,22,51,NA,22,"South America","Chile",NA,NA,NA,"Unknown","Cannot determine",NA,"Unknown",NA,"Cannot determine","Chile"
"CHL",5,8,NA,NA,NA,NA,1,22.3333333333333,0.592223802750119,0.0265528686581318,2026,"WHO",2026-08-01,0,0,NA,1,NA,FALSE,"no_lookup_match",NA,4,"2026/2027","Observed",13,30,22,51,NA,22,"South America","Chile",NA,NA,NA,"Unknown","Cannot determine",NA,"Unknown",NA,"Cannot determine","Chile"
"CHL",6,9,NA,NA,NA,NA,1,23.3333333333333,0.61877667140825,0.0265528686581318,2026,NA,2026-09-01,NA,NA,NA,NA,NA,NA,NA,NA,4,"2026/2027","Unobserved",13,30,22,51,NA,22,"South America","Chile",NA,NA,NA,"Unknown","Cannot determine",NA,"Unknown",NA,"Cannot determine","Chile"
"CHL",7,10,NA,NA,NA,NA,0.666666666666667,24,0.636320531057373,0.0175438596491228,2026,NA,2026-10-01,NA,NA,NA,NA,NA,NA,NA,NA,4,"2026/2027","Unobserved",13,30,22,51,NA,22,"South America","Chile",NA,NA,NA,"Unknown","Cannot determine",NA,"Unknown",NA,"Cannot determine","Chile"
"CHL",8,11,NA,NA,NA,NA,1,25,0.662873399715505,0.0265528686581318,2026,NA,2026-11-01,NA,NA,NA,NA,NA,NA,NA,NA,4,"2026/2027","Unobserved",13,30,22,51,NA,22,"South America","Chile",NA,NA,NA,"Unknown","Cannot determine",NA,"Unknown",NA,"Cannot determine","Chile"
"CHL",9,12,NA,NA,NA,NA,1,26,0.689426268373637,0.0265528686581318,2026,NA,2026-12-01,NA,NA,NA,NA,NA,NA,NA,NA,4,"2026/2027","Unobserved",13,30,22,51,NA,22,"South America","Chile",NA,NA,NA,"Unknown","Cannot determine",NA,"Unknown",NA,"Cannot determine","Chile"
"CHN",11,1,0.1049160155227,26.5714285714286,0.558825747389014,10530.8571428571,26.5714285714286,10530.8571428571,0.994675839691236,0.00807020322094959,2025,"WHO",2025-01-01,49,49,NA,20,NA,FALSE,"no_lookup_match",NA,3,"2024/2025","Observed",49,49,100,10143,NA,100,"East & Southeast Asia","China",0.558825747389014,10530.8571428571,4.07087629977055,"Extremely Low","Rare good event - unusually low cases to date",-0.744048415456422,"Normal",65.8987005761094,"Average - typical case load at this point","China"
"CHN",12,2,NA,NA,0.560337603497144,10551,20.1428571428571,10551,1,0.00532416030876358,2025,"WHO",2025-02-01,51,51,NA,19,NA,FALSE,"no_lookup_match",NA,3,"2024/2025","Observed",100,100,100,10143,NA,100,"East & Southeast Asia","China",0.560337603497144,10551,5.98609230728322,"Low","Below average - fewer cases than typical at this point",-0.741442671688116,"Normal",65.8987005761094,"Average - typical case load at this point","China"
"CHN",1,3,NA,NA,NA,NA,11.8571428571429,11.8571428571429,0.000816688334620443,0.000816688334620443,2025,"WHO",2025-03-01,38,38,NA,18,NA,FALSE,"no_lookup_match",NA,3,"2025/2026","Observed",38,138,10094,10143,NA,10094,"East & Southeast Asia","China",NA,NA,NA,"Unknown","Cannot determine",NA,"Normal",65.8987005761094,"Average - typical case load at this point","China"
"CHN",2,4,NA,NA,NA,NA,20.7142857142857,32.5714285714286,0.00216795008891936,0.00135126175429891,2025,"WHO",2025-04-01,74,74,NA,17,NA,FALSE,"no_lookup_match",NA,3,"2025/2026","Observed",112,212,10094,10143,NA,10094,"East & Southeast Asia","China",NA,NA,NA,"Unknown","Cannot determine",NA,"Normal",65.8987005761094,"Average - typical case load at this point","China"
"CHN",3,5,0.0928120627701492,42,NA,NA,42,74.5714285714286,0.00513242626754819,0.00296447617862883,2025,"WHO",2025-05-01,126,126,NA,16,NA,FALSE,"no_lookup_match",NA,3,"2025/2026","Observed",238,338,10094,10143,NA,10094,"East & Southeast Asia","China",NA,NA,NA,"Unknown","Cannot determine",NA,"Normal",65.8987005761094,"Average - typical case load at this point","China"
"CHN",4,6,0.137662161356517,99.4285714285714,0.127650493606693,174,99.4285714285714,174,0.013282702909171,0.00815027664162285,2025,"WHO",2025-06-01,225,225,NA,15,NA,FALSE,"no_lookup_match",NA,3,"2025/2026","Observed",463,563,10094,10143,NA,10094,"East & Southeast Asia","China",0.127650493606693,174,89.3523155732501,"High","Above average - more cases than typical at this point",0.593199256201787,"Normal",65.8987005761094,"Average - typical case load at this point","China"
"CHN",5,7,NA,NA,NA,NA,339.857142857143,513.857142857143,0.044997636475074,0.031714933565903,2025,"WHO",2025-07-01,694,694,NA,14,NA,FALSE,"no_lookup_match",NA,3,"2025/2026","Observed",1157,1257,10094,10143,NA,10094,"East & Southeast Asia","China",NA,NA,NA,"Unknown","Cannot determine",NA,"Normal",65.8987005761094,"Average - typical case load at this point","China"
"CHN",6,8,0.318067593441048,1089.28571428571,0.297317167044865,1603.14285714286,1089.28571428571,1603.14285714286,0.173525491250018,0.128527854774944,2025,"WHO",2025-08-01,1702,1702,NA,13,NA,FALSE,"no_lookup_match",NA,3,"2025/2026","Observed",2859,2959,10094,10143,NA,10094,"East & Southeast Asia","China",0.297317167044865,1603.14285714286,82.5127150527008,"High","Above average - more cases than typical at this point",0.427108033855715,"Normal",65.8987005761094,"Average - typical case load at this point","China"
"CHN",7,9,0.399927274404011,3144.42857142857,0.402426944093072,4747.57142857142,3144.42857142857,4747.57142857143,0.467338455754448,0.29381296450443,2025,"WHO",2025-09-01,2321,2321,2321,12,1,TRUE,"applied_mean",NA,3,"2025/2026","Observed",5180,5280,10094,10143,NA,10094,"East & Southeast Asia","China",0.402426944093072,4747.57142857142,71.9261924428568,"Normal","Average - typical case load at this point",0.0577787301968945,"Normal",65.8987005761094,"Average - typical case load at this point","China"
"CHN",8,10,0.487589397304965,4488.28571428573,0.539324214950402,9235.85714285716,4488.28571428571,9235.85714285714,0.836509558390429,0.369171102635981,2025,"WHO",2025-10-01,3727,3727,3727,11,1,TRUE,"applied_mean",NA,3,"2025/2026","Observed",8907,9007,10094,10143,NA,10094,"East & Southeast Asia","China",0.539324214950402,9235.85714285716,66.7388754098804,"Normal","Average - typical case load at this point",-0.0261482333878656,"Normal",65.8987005761094,"Average - typical case load at this point","China"
"CHN",9,11,0.612329162113295,1135.71428571428,0.553678793611228,10371.5714285714,1135.71428571429,10371.5714285714,0.968471448497881,0.131961890107452,2025,"WHO",2025-11-01,849,849,849,10,1,TRUE,"applied_mean",NA,3,"2025/2026","Observed",9756,9856,10094,10143,NA,10094,"East & Southeast Asia","China",0.553678793611228,10371.5714285714,65.8716984649793,"Normal","Average - typical case load at this point",-0.0441622553410029,"Normal",65.8987005761094,"Average - typical case load at this point","China"
"CHN",10,12,0.518159280663563,132.714285714286,0.556255085048378,10504.2857142857,132.714285714286,10504.2857142857,0.986605636470287,0.0181341879724059,2025,"WHO",2025-12-01,151,151,151,9,1,TRUE,"applied_mean",NA,3,"2025/2026","Observed",9907,10007,10094,10143,NA,10094,"East & Southeast Asia","China",0.556255085048378,10504.2857142857,65.8987005761094,"Normal","Average - typical case load at this point",-0.0424073466119153,"Normal",65.8987005761094,"Average - typical case load at this point","China"
"CHN",11,1,0.1049160155227,26.5714285714286,0.558825747389014,10530.8571428571,26.5714285714286,10530.8571428571,0.994675839691236,0.00807020322094959,2026,"WHO",2026-01-01,93,93,93,8,1,TRUE,"applied_mean",NA,3,"2025/2026","Observed",10000,93,10094,44736,NA,10094,"East & Southeast Asia","China",0.558825747389014,10530.8571428571,66.0346405922036,"Normal","Average - typical case load at this point",-0.0376825795842595,"Normal",39.0042634417534,"Average - typical case load at this point","China"
"CHN",12,2,NA,NA,0.560337603497144,10551,20.1428571428571,10551,1,0.00532416030876358,2026,"WHO",2026-02-01,94,94,94,7,1,TRUE,"applied_mean",NA,3,"2025/2026","Observed",10094,187,10094,44736,NA,10094,"East & Southeast Asia","China",0.560337603497144,10551,66.2044483707196,"Normal","Average - typical case load at this point",-0.0324217109330673,"Normal",39.0042634417534,"Average - typical case load at this point","China"
"CHN",1,3,NA,NA,NA,NA,11.8571428571429,11.8571428571429,0.000816688334620443,0.000816688334620443,2026,"WHO",2026-03-01,92,92,92,6,1,TRUE,"applied_mean",NA,3,"2026/2027","Observed",92,279,40580,44736,NA,17997,"East & Southeast Asia","China",NA,NA,NA,"Unknown","Cannot determine",NA,"Normal",39.0042634417534,"Average - typical case load at this point","China"
"CHN",2,4,NA,NA,NA,NA,20.7142857142857,32.5714285714286,0.00216795008891936,0.00135126175429891,2026,"WHO",2026-04-01,137,137,137,5,1,TRUE,"applied_mean",NA,3,"2026/2027","Observed",229,416,40580,44736,NA,17997,"East & Southeast Asia","China",NA,NA,NA,"Unknown","Cannot determine",NA,"Normal",39.0042634417534,"Average - typical case load at this point","China"
"CHN",3,5,0.0928120627701492,42,NA,NA,42,74.5714285714286,0.00513242626754819,0.00296447617862883,2026,"WHO",2026-05-01,222,222,222,4,1,TRUE,"applied_mean",NA,3,"2026/2027","Observed",451,638,40580,44736,NA,17997,"East & Southeast Asia","China",NA,NA,NA,"Unknown","Cannot determine",NA,"Normal",39.0042634417534,"Average - typical case load at this point","China"
"CHN",4,6,0.137662161356517,99.4285714285714,0.127650493606693,174,99.4285714285714,174,0.013282702909171,0.00815027664162285,2026,"WHO",2026-06-01,255,255,255,3,1,TRUE,"applied_mean",NA,3,"2026/2027","Observed",706,893,40580,44736,NA,17997,"East & Southeast Asia","China",0.127650493606693,174,92.7083065137977,"High","Above average - more cases than typical at this point",1.09197925363097,"Normal",39.0042634417534,"Average - typical case load at this point","China"
"CHN",5,7,NA,NA,NA,NA,339.857142857143,513.857142857143,0.044997636475074,0.031714933565903,2026,"WHO",2026-07-01,1120,1120,NA,2,NA,FALSE,"insufficient_n_rf",NA,3,"2026/2027","Observed",1826,2013,40580,44736,NA,17997,"East & Southeast Asia","China",NA,NA,NA,"Unknown","Cannot determine",NA,"Normal",39.0042634417534,"Average - typical case load at this point","China"
"CHN",6,8,0.318067593441048,1089.28571428571,0.297317167044865,1603.14285714286,1089.28571428571,1603.14285714286,0.173525491250018,0.128527854774944,2026,"Estimates",2026-08-01,1297,NA,NA,NA,NA,NA,NA,NA,3,"2026/2027","Unobserved",3123,3310,40580,44736,1297.36016609828,17997,"East & Southeast Asia","China",0.297317167044865,1603.14285714286,83.9220093052628,"High","Above average - more cases than typical at this point",0.516892546034689,"Normal",39.0042634417534,"Average - typical case load at this point","China"
"CHN",7,9,0.399927274404011,3144.42857142857,0.402426944093072,4747.57142857142,3144.42857142857,4747.57142857143,0.467338455754448,0.29381296450443,2026,NA,2026-09-01,NA,NA,NA,NA,NA,NA,NA,NA,3,"2026/2027","Unobserved",3123,3310,40580,44736,NA,17997,"East & Southeast Asia","China",0.402426944093072,4747.57142857142,61.3802139148661,"Normal","Average - typical case load at this point",-0.21706630981139,"Normal",39.0042634417534,"Average - typical case load at this point","China"
"CHN",8,10,0.487589397304965,4488.28571428573,0.539324214950402,9235.85714285716,4488.28571428571,9235.85714285714,0.836509558390429,0.369171102635981,2026,NA,2026-10-01,NA,NA,NA,NA,NA,NA,NA,NA,3,"2026/2027","Unobserved",3123,3310,40580,44736,NA,17997,"East & Southeast Asia","China",0.539324214950402,9235.85714285716,42.2539860116963,"Normal","Average - typical case load at this point",-0.486048178395622,"Normal",39.0042634417534,"Average - typical case load at this point","China"
"CHN",9,11,0.612329162113295,1135.71428571428,0.553678793611228,10371.5714285714,1135.71428571429,10371.5714285714,0.968471448497881,0.131961890107452,2026,NA,2026-11-01,NA,NA,NA,NA,NA,NA,NA,NA,3,"2026/2027","Unobserved",3123,3310,40580,44736,NA,17997,"East & Southeast Asia","China",0.553678793611228,10371.5714285714,39.3586870364259,"Normal","Average - typical case load at this point",-0.52002618612265,"Normal",39.0042634417534,"Average - typical case load at this point","China"
"CHN",10,12,0.518159280663563,132.714285714286,0.556255085048378,10504.2857142857,132.714285714286,10504.2857142857,0.986605636470287,0.0181341879724059,2026,NA,2026-12-01,NA,NA,NA,NA,NA,NA,NA,NA,3,"2026/2027","Unobserved",3123,3310,40580,44736,NA,17997,"East & Southeast Asia","China",0.556255085048378,10504.2857142857,39.0042634417534,"Normal","Average - typical case load at this point",-0.524072038290142,"Normal",39.0042634417534,"Average - typical case load at this point","China"
"CIV",2,1,2.42868614958366,85.3333333333334,4.92725769290398,98.3333333333333,85.3333333333333,98.3333333333333,0.0554812898817062,0.0367181286090653,2025,"WHO",2025-01-01,23,23,NA,20,NA,FALSE,"no_lookup_match",NA,12,"2024/2025","Observed",23,23,356,21105,NA,356,"Sub-Saharan Africa","Cote D'ivoire",4.92725769290398,98.3333333333333,1.07487900202548,"Extremely Low","Rare good event - unusually low cases to date",-1.65948044329104,"Unknown",7.99586513763183,"Cannot determine","Cote D'ivoire"
"CIV",3,2,1.05296908916356,57.6666666666667,2.79157443378855,156,57.6666666666667,156,0.0718707235205684,0.0163894336388622,2025,"WHO",2025-02-01,5,5,NA,19,NA,FALSE,"no_lookup_match",NA,12,"2024/2025","Observed",28,28,356,21105,NA,356,"Sub-Saharan Africa","Cote D'ivoire",2.79157443378855,156,2.49055705530331,"Extremely Low","Rare good event - unusually low cases to date",-1.35880942069615,"Unknown",7.99586513763183,"Cannot determine","Cote D'ivoire"
"CIV",4,3,3.44296688885891,41,2.91056227351583,197,41,197,0.0930880183440609,0.0212172948234925,2025,"WHO",2025-03-01,15,15,NA,18,NA,FALSE,"no_lookup_match",NA,12,"2024/2025","Observed",43,43,356,21105,NA,356,"Sub-Saharan Africa","Cote D'ivoire",2.91056227351583,197,3.42066012467778,"Extremely Low","Rare good event - unusually low cases to date",-1.32390915475211,"Unknown",7.99586513763183,"Cannot determine","Cote D'ivoire"
"CIV",5,4,7.94911479885443,26.6666666666667,3.25607747968446,223.666666666666,26.6666666666667,223.666666666667,0.111191889384106,0.0181038710400452,2025,"WHO",2025-04-01,15,15,NA,17,NA,FALSE,"no_lookup_match",NA,12,"2024/2025","Observed",58,58,356,21105,NA,356,"Sub-Saharan Africa","Cote D'ivoire",3.25607747968446,223.666666666666,3.95071947288061,"Extremely Low","Rare good event - unusually low cases to date",-1.32691423496964,"Unknown",7.99586513763183,"Cannot determine","Cote D'ivoire"
"CIV",6,5,3.4184178924697,66,3.50841001061248,289.666666666666,66,289.666666666667,0.146962165550152,0.0357702761660455,2025,"WHO",2025-05-01,28,28,NA,16,NA,FALSE,"no_lookup_match",NA,12,"2024/2025","Observed",86,86,356,21105,NA,356,"Sub-Saharan Africa","Cote D'ivoire",3.50841001061248,289.666666666666,4.68418490535397,"Extremely Low","Rare good event - unusually low cases to date",-1.30906840690992,"Unknown",7.99586513763183,"Cannot determine","Cote D'ivoire"
"CIV",7,6,0.674126504509087,614.333333333335,1.22147929859773,903.999999999997,614.333333333333,904,0.315797715095416,0.168835549545264,2025,"WHO",2025-06-01,78,78,NA,15,NA,FALSE,"no_lookup_match",NA,12,"2024/2025","Observed",164,164,356,21105,NA,356,"Sub-Saharan Africa","Cote D'ivoire",1.22147929859773,903.999999999997,12.7114169588078,"Low","Below average - fewer cases than typical at this point",-0.90409305846574,"Unknown",7.99586513763183,"Cannot determine","Cote D'ivoire"
"CIV",8,7,1.02186451178194,996.666666666669,1.15858265506962,1900.66666666667,996.666666666667,1900.66666666667,0.592633081515342,0.276835366419926,2025,"WHO",2025-07-01,106,106,NA,14,NA,FALSE,"no_lookup_match",NA,12,"2024/2025","Observed",270,270,356,21105,NA,356,"Sub-Saharan Africa","Cote D'ivoire",1.15858265506962,1900.66666666667,10.5536786038961,"Low","Below average - fewer cases than typical at this point",-0.923188575169748,"Unknown",7.99586513763183,"Cannot determine","Cote D'ivoire"
"CIV",9,8,NA,NA,1.09324499411063,3045.66666666666,1145,3045.66666666667,0.868983547602545,0.276350466087203,2025,"WHO",2025-08-01,39,39,NA,13,NA,FALSE,"no_lookup_match",NA,12,"2024/2025","Observed",309,309,356,21105,NA,356,"Sub-Saharan Africa","Cote D'ivoire",1.09324499411063,3045.66666666666,8.20591600355413,"Low","Below average - fewer cases than typical at this point",-0.939334664892743,"Unknown",7.99586513763183,"Cannot determine","Cote D'ivoire"
"CIV",10,9,1.02686620348646,295.333333333334,1.10400472195024,3341,295.333333333333,3341,0.957518697239682,0.0885351496371374,2025,"WHO",2025-09-01,28,28,28,12,1,TRUE,"applied_mean",NA,12,"2024/2025","Observed",337,337,356,21105,NA,356,"Sub-Saharan Africa","Cote D'ivoire",1.10400472195024,3341,8.00167635070503,"Low","Below average - fewer cases than typical at this point",-0.944576584719722,"Unknown",7.99586513763183,"Cannot determine","Cote D'ivoire"
"CIV",11,10,NA,NA,1.09104891251787,3423.33333333333,82.3333333333333,3423.33333333333,0.974576612235982,0.0170579149962993,2025,"WHO",2025-10-01,0,0,0,11,0.999384236453202,TRUE,"applied_mean",NA,12,"2024/2025","Observed",337,337,356,21105,NA,356,"Sub-Saharan Africa","Cote D'ivoire",1.09104891251787,3423.33333333333,7.98232663619536,"Low","Below average - fewer cases than typical at this point",-0.94155686674767,"Unknown",7.99586513763183,"Cannot determine","Cote D'ivoire"
"CIV",12,11,4.51829224337621,47.3333333333333,1.11441165901811,3470.66666666667,47.3333333333333,3470.66666666667,1,0.0254233877640183,2025,"WHO",2025-11-01,19,19,19,10,0.999384236453202,TRUE,"applied_mean",NA,12,"2024/2025","Observed",356,356,356,21105,NA,356,"Sub-Saharan Africa","Cote D'ivoire",1.11441165901811,3470.66666666667,7.99586513763183,"Low","Below average - fewer cases than typical at this point",-0.947222008599546,"Unknown",7.99586513763183,"Cannot determine","Cote D'ivoire"
"CIV",1,12,NA,NA,NA,NA,13,13,0.0187631612726409,0.0187631612726409,2025,"WHO",2025-12-01,40,40,40,9,1.00112639673195,TRUE,"applied_mean",NA,12,"2025/2026","Observed",40,396,509,21105,NA,509,"Sub-Saharan Africa","Cote D'ivoire",NA,NA,NA,"Unknown","Cannot determine",NA,"Unknown",7.99586513763183,"Cannot determine","Cote D'ivoire"
"CIV",2,1,2.42868614958366,85.3333333333334,4.92725769290398,98.3333333333333,85.3333333333333,98.3333333333333,0.0554812898817062,0.0367181286090653,2026,"WHO",2026-01-01,59,59,59,8,1.00361622324726,TRUE,"applied_mean",NA,12,"2025/2026","Observed",99,59,509,463,NA,509,"Sub-Saharan Africa","Cote D'ivoire",4.92725769290398,98.3333333333333,56.998737441074,"Normal","Average - typical case load at this point",0.0146856676397435,"Unknown",10.0256842695792,"Cannot determine","Cote D'ivoire"
"CIV",3,2,1.05296908916356,57.6666666666667,2.79157443378855,156,57.6666666666667,156,0.0718707235205684,0.0163894336388622,2026,"WHO",2026-02-01,36,36,36,7,1.00886161642369,TRUE,"applied_mean",NA,12,"2025/2026","Observed",135,95,509,463,NA,509,"Sub-Saharan Africa","Cote D'ivoire",2.79157443378855,156,49.0115464845826,"Normal","Average - typical case load at this point",-0.22292967058296,"Unknown",10.0256842695792,"Cannot determine","Cote D'ivoire"
"CIV",4,3,3.44296688885891,41,2.91056227351583,197,41,197,0.0930880183440609,0.0212172948234925,2026,"WHO",2026-03-01,51,50,51,6,1.01152497702382,TRUE,"applied_mean",NA,12,"2025/2026","Observed",186,146,509,463,NA,509,"Sub-Saharan Africa","Cote D'ivoire",2.91056227351583,197,54.2073920086394,"Normal","Average - typical case load at this point",-0.0945649396251507,"Unknown",10.0256842695792,"Cannot determine","Cote D'ivoire"
"CIV",5,4,7.94911479885443,26.6666666666667,3.25607747968446,223.666666666666,26.6666666666667,223.666666666667,0.111191889384106,0.0181038710400452,2026,"WHO",2026-04-01,24,24,24,5,1.0159892385597,TRUE,"applied_mean",NA,12,"2025/2026","Observed",210,170,509,463,NA,509,"Sub-Saharan Africa","Cote D'ivoire",3.25607747968446,223.666666666666,53.1557692743606,"Normal","Average - typical case load at this point",-0.109463749766105,"Unknown",10.0256842695792,"Cannot determine","Cote D'ivoire"
"CIV",6,5,3.4184178924697,66,3.50841001061248,289.666666666666,66,289.666666666667,0.146962165550152,0.0357702761660455,2026,"WHO",2026-05-01,22,21,22,4,1.03278876155935,TRUE,"applied_mean",NA,12,"2025/2026","Observed",232,192,509,463,NA,509,"Sub-Saharan Africa","Cote D'ivoire",3.50841001061248,289.666666666666,41.5796615780627,"Normal","Average - typical case load at this point",-0.37065275678464,"Unknown",10.0256842695792,"Cannot determine","Cote D'ivoire"
"CIV",7,6,0.674126504509087,614.333333333335,1.22147929859773,903.999999999997,614.333333333333,904,0.315797715095416,0.168835549545264,2026,"WHO",2026-06-01,77,75,77,3,1.0306142357001,TRUE,"applied_mean",NA,12,"2025/2026","Observed",309,269,509,463,NA,509,"Sub-Saharan Africa","Cote D'ivoire",1.22147929859773,903.999999999997,24.7695816101335,"Low","Below average - fewer cases than typical at this point",-0.726939688901507,"Unknown",10.0256842695792,"Cannot determine","Cote D'ivoire"
"CIV",8,7,1.02186451178194,996.666666666669,1.15858265506962,1900.66666666667,996.666666666667,1900.66666666667,0.592633081515342,0.276835366419926,2026,"WHO",2026-07-01,121,100,121,2,1.20891364827028,TRUE,"applied_mean",NA,12,"2025/2026","Observed",430,390,509,463,NA,509,"Sub-Saharan Africa","Cote D'ivoire",1.15858265506962,1900.66666666667,17.1712071424711,"Low","Below average - fewer cases than typical at this point",-0.832605885864458,"Unknown",10.0256842695792,"Cannot determine","Cote D'ivoire"
"CIV",9,8,NA,NA,1.09324499411063,3045.66666666666,1145,3045.66666666667,0.868983547602545,0.276350466087203,2026,"WHO",2026-08-01,12,12,NA,1,NA,FALSE,"insufficient_n_rf",NA,12,"2025/2026","Observed",442,402,509,463,NA,509,"Sub-Saharan Africa","Cote D'ivoire",1.09324499411063,3045.66666666666,11.8305311869534,"Low","Below average - fewer cases than typical at this point",-0.893683686659832,"Unknown",10.0256842695792,"Cannot determine","Cote D'ivoire"
"CIV",10,9,1.02686620348646,295.333333333334,1.10400472195024,3341,295.333333333333,3341,0.957518697239682,0.0885351496371374,2026,NA,2026-09-01,NA,NA,NA,NA,NA,NA,NA,NA,12,"2025/2026","Unobserved",442,402,509,463,NA,509,"Sub-Saharan Africa","Cote D'ivoire",1.10400472195024,3341,10.595483988806,"Low","Below average - fewer cases than typical at this point",-0.911560425799758,"Unknown",10.0256842695792,"Cannot determine","Cote D'ivoire"
"CIV",11,10,NA,NA,1.09104891251787,3423.33333333333,82.3333333333333,3423.33333333333,0.974576612235982,0.0170579149962993,2026,NA,2026-10-01,NA,NA,NA,NA,NA,NA,NA,NA,12,"2025/2026","Unobserved",442,402,509,463,NA,509,"Sub-Saharan Africa","Cote D'ivoire",1.09104891251787,3423.33333333333,10.5405359491941,"Low","Below average - fewer cases than typical at this point",-0.909524205226392,"Unknown",10.0256842695792,"Cannot determine","Cote D'ivoire"
"CIV",12,11,4.51829224337621,47.3333333333333,1.11441165901811,3470.66666666667,47.3333333333333,3470.66666666667,1,0.0254233877640183,2026,NA,2026-11-01,NA,NA,NA,NA,NA,NA,NA,NA,12,"2025/2026","Unobserved",442,402,509,463,NA,509,"Sub-Saharan Africa","Cote D'ivoire",1.11441165901811,3470.66666666667,10.0256842695792,"Low","Below average - fewer cases than typical at this point",-0.921067976255937,"Unknown",10.0256842695792,"Cannot determine","Cote D'ivoire"
"CIV",1,12,NA,NA,NA,NA,13,13,0.0187631612726409,0.0187631612726409,2026,NA,2026-12-01,NA,NA,NA,NA,NA,NA,NA,NA,12,"2026/2027","Unobserved",0,402,NA,463,NA,NA,"Sub-Saharan Africa","Cote D'ivoire",NA,NA,NA,"Unknown","Cannot determine",NA,"Unknown",10.0256842695792,"Cannot determine","Cote D'ivoire"
"COK",2,1,1.12728264140717,11.5,0.879102029907231,19.5,11.5,19.5,0.0458226605852791,0.0282343948296257,2025,"WHO",2025-01-01,0,0,NA,20,NA,FALSE,"no_lookup_match",NA,12,"2024/2025","Observed",0,0,222,13304,NA,222,"Pacific Islands","Cook Islands",0.879102029907231,19.5,6.3080857823603,"Low","Below average - fewer cases than typical at this point",-0.917158563228887,"High",78.2775491218823,"Above average - more cases than typical at this point","Cook Islands"
"COK",3,2,1.66341015265527,50,1.47048875341487,69.5000000000001,50,69.5,0.180693621577453,0.134870960992174,2025,"WHO",2025-02-01,1,1,NA,19,NA,FALSE,"no_lookup_match",NA,12,"2024/2025","Observed",1,1,222,13304,NA,222,"Pacific Islands","Cook Islands",1.47048875341487,69.5000000000001,0.815933896853388,"Extremely Low","Rare good event - unusually low cases to date",-1.18274228759582,"High",78.2775491218823,"Above average - more cases than typical at this point","Cook Islands"
"COK",4,3,2.25690591191388,93.75,1.8920368151455,163.25,93.75,163.25,0.450749405664712,0.270055784087259,2025,"WHO",2025-03-01,0,0,NA,18,NA,FALSE,"no_lookup_match",NA,12,"2024/2025","Observed",1,1,222,13304,NA,222,"Pacific Islands","Cook Islands",1.8920368151455,163.25,0.0610420330364478,"Extremely Low","Rare good event - unusually low cases to date",-1.35923354291519,"High",78.2775491218823,"Above average - more cases than typical at this point","Cook Islands"
"COK",5,4,1.55335282122644,62.5,1.79914315613069,225.75,62.5,225.75,0.616076210799221,0.165326805134508,2025,"WHO",2025-04-01,1,1,NA,17,NA,FALSE,"no_lookup_match",NA,12,"2024/2025","Observed",2,2,222,13304,NA,222,"Pacific Islands","Cook Islands",1.79914315613069,225.75,0.0869843388954094,"Extremely Low","Rare good event - unusually low cases to date",-1.32417206844997,"High",78.2775491218823,"Above average - more cases than typical at this point","Cook Islands"
"COK",6,5,1.69916242916192,49.5,1.77275519892482,275.25,49.5,275.25,0.747111899833545,0.131035689034324,2025,"WHO",2025-05-01,12,12,NA,16,NA,FALSE,"no_lookup_match",NA,12,"2024/2025","Observed",14,14,222,13304,NA,222,"Pacific Islands","Cook Islands",1.77275519892482,275.25,0.94552102390494,"Extremely Low","Rare good event - unusually low cases to date",-1.259677281858,"High",78.2775491218823,"Above average - more cases than typical at this point","Cook Islands"
"COK",7,6,1.93066550228755,28.5,1.78186490729623,303.75,28.5,303.75,0.824530548867945,0.0774186490344,2025,"WHO",2025-06-01,23,23,NA,15,NA,FALSE,"no_lookup_match",NA,12,"2024/2025","Observed",37,37,222,13304,NA,222,"Pacific Islands","Cook Islands",1.78186490729623,303.75,3.6684396275965,"Extremely Low","Rare good event - unusually low cases to date",-1.16884094500211,"High",78.2775491218823,"Above average - more cases than typical at this point","Cook Islands"
"COK",8,7,1.34956048084728,22.75,1.75117198890925,326.5,22.75,326.5,0.879938608049225,0.0554080591812803,2025,"WHO",2025-07-01,34,34,NA,14,NA,FALSE,"no_lookup_match",NA,12,"2024/2025","Observed",71,71,222,13304,NA,222,"Pacific Islands","Cook Islands",1.75117198890925,326.5,9.25766350345551,"Low","Below average - fewer cases than typical at this point",-1.03278654146826,"High",78.2775491218823,"Above average - more cases than typical at this point","Cook Islands"
"COK",9,8,1.26261721072541,13.5,1.7301912616823,340,13.5,340,0.911819645864801,0.0318810378155758,2025,"WHO",2025-08-01,18,18,NA,13,NA,FALSE,"no_lookup_match",NA,12,"2024/2025","Observed",89,89,222,13304,NA,222,"Pacific Islands","Cook Islands",1.7301912616823,340,12.3486354179331,"Low","Below average - fewer cases than typical at this point",-0.968589251358998,"High",78.2775491218823,"Above average - more cases than typical at this point","Cook Islands"
"COK",10,9,1.70545309626076,12,1.80244232038057,352,12,352,0.953417983352122,0.0415983374873207,2025,"WHO",2025-09-01,40,40,NA,12,NA,FALSE,"no_lookup_match",NA,12,"2024/2025","Observed",129,129,222,13304,NA,222,"Pacific Islands","Cook Islands",1.80244232038057,352,18.9005708336509,"Low","Below average - fewer cases than typical at this point",-0.848367076342876,"High",78.2775491218823,"Above average - more cases than typical at this point","Cook Islands"
"COK",11,10,0.982978920384381,6,1.83908527203498,357.999999999999,6,358,0.974798822829364,0.0213808394772417,2025,"WHO",2025-10-01,34,34,NA,11,NA,FALSE,"no_lookup_match",NA,12,"2024/2025","Observed",163,163,222,13304,NA,222,"Pacific Islands","Cook Islands",1.83908527203498,357.999999999999,24.9299727514728,"Low","Below average - fewer cases than typical at this point",-0.736783453826466,"High",78.2775491218823,"Above average - more cases than typical at this point","Cook Islands"
"COK",12,11,0.873389296846997,6.75,1.88238344790301,364.75,6.75,364.75,1,0.0252011771706364,2025,"WHO",2025-11-01,59,59,NA,10,NA,FALSE,"no_lookup_match",NA,12,"2024/2025","Observed",222,222,222,13304,NA,222,"Pacific Islands","Cook Islands",1.88238344790301,364.75,35.5255433776806,"Normal","Average - typical case load at this point",-0.535571062113133,"High",78.2775491218823,"Above average - more cases than typical at this point","Cook Islands"
"COK",1,12,0.642740314525702,8,0.642740314525702,8,8,8,0.0175882657556533,0.0175882657556533,2025,"WHO",2025-12-01,12,12,NA,9,NA,FALSE,"no_lookup_match",NA,12,"2025/2026","Observed",12,234,1262,13304,NA,1262,"Pacific Islands","Cook Islands",0.642740314525702,8,78.2775491218823,"High","Above average - more cases than typical at this point",0.385662166185855,"High",78.2775491218823,"Above average - more cases than typical at this point","Cook Islands"
"COK",2,1,1.12728264140717,11.5,0.879102029907231,19.5,11.5,19.5,0.0458226605852791,0.0282343948296257,2026,"WHO",2026-01-01,496,496,NA,8,NA,FALSE,"no_lookup_match",NA,12,"2025/2026","Observed",508,496,1262,1249,NA,1262,"Pacific Islands","Cook Islands",0.879102029907231,19.5,99.9999999887244,"Extremely High","Rare bad event - unusually high cases to date",22.9759978531955,"Low",18.8188485250657,"Below average - fewer cases than typical at this point","Cook Islands"
"COK",3,2,1.66341015265527,50,1.47048875341487,69.5000000000001,50,69.5,0.180693621577453,0.134870960992174,2026,"WHO",2026-02-01,470,470,NA,7,NA,FALSE,"no_lookup_match",NA,12,"2025/2026","Observed",978,966,1262,1249,NA,1262,"Pacific Islands","Cook Islands",1.47048875341487,69.5000000000001,99.9999994038152,"Extremely High","Rare bad event - unusually high cases to date",15.6864433325665,"Low",18.8188485250657,"Below average - fewer cases than typical at this point","Cook Islands"
"COK",4,3,2.25690591191388,93.75,1.8920368151455,163.25,93.75,163.25,0.450749405664712,0.270055784087259,2026,"WHO",2026-03-01,164,164,NA,6,NA,FALSE,"no_lookup_match",NA,12,"2025/2026","Observed",1142,1130,1262,1249,NA,1262,"Pacific Islands","Cook Islands",1.8920368151455,163.25,99.9978963536479,"Extremely High","Rare bad event - unusually high cases to date",8.19938262020487,"Low",18.8188485250657,"Below average - fewer cases than typical at this point","Cook Islands"
"COK",5,4,1.55335282122644,62.5,1.79914315613069,225.75,62.5,225.75,0.616076210799221,0.165326805134508,2026,"WHO",2026-04-01,9,9,NA,5,NA,FALSE,"no_lookup_match",NA,12,"2025/2026","Observed",1151,1139,1262,1249,NA,1262,"Pacific Islands","Cook Islands",1.79914315613069,225.75,99.9272117034324,"Extremely High","Rare bad event - unusually high cases to date",5.47571041936684,"Low",18.8188485250657,"Below average - fewer cases than typical at this point","Cook Islands"
"COK",6,5,1.69916242916192,49.5,1.77275519892482,275.25,49.5,275.25,0.747111899833545,0.131035689034324,2026,"WHO",2026-05-01,0,0,NA,4,NA,FALSE,"no_lookup_match",NA,12,"2025/2026","Observed",1151,1139,1262,1249,NA,1262,"Pacific Islands","Cook Islands",1.77275519892482,275.25,99.6573855147189,"Extremely High","Rare bad event - unusually high cases to date",4.22263111803692,"Low",18.8188485250657,"Below average - fewer cases than typical at this point","Cook Islands"
"COK",7,6,1.93066550228755,28.5,1.78186490729623,303.75,28.5,303.75,0.824530548867945,0.0774186490344,2026,"WHO",2026-06-01,0,0,NA,3,NA,FALSE,"insufficient_n_rf",NA,12,"2025/2026","Observed",1151,1139,1262,1249,NA,1262,"Pacific Islands","Cook Islands",1.78186490729623,303.75,99.3689590932565,"Extremely High","Rare bad event - unusually high cases to date",3.71246669410698,"Low",18.8188485250657,"Below average - fewer cases than typical at this point","Cook Islands"
"COK",8,7,1.34956048084728,22.75,1.75117198890925,326.5,22.75,326.5,0.879938608049225,0.0554080591812803,2026,"WHO",2026-07-01,0,0,NA,2,NA,FALSE,"no_lookup_match",NA,12,"2025/2026","Observed",1151,1139,1262,1249,NA,1262,"Pacific Islands","Cook Islands",1.75117198890925,326.5,98.9974599148512,"Extremely High","Rare bad event - unusually high cases to date",3.33280823264416,"Low",18.8188485250657,"Below average - fewer cases than typical at this point","Cook Islands"
"COK",9,8,1.26261721072541,13.5,1.7301912616823,340,13.5,340,0.911819645864801,0.0318810378155758,2026,"WHO",2026-08-01,0,0,NA,1,NA,FALSE,"insufficient_n_rf",NA,12,"2025/2026","Observed",1151,1139,1262,1249,NA,1262,"Pacific Islands","Cook Islands",1.7301912616823,340,98.7183811258654,"Extremely High","Rare bad event - unusually high cases to date",3.129585190646,"Low",18.8188485250657,"Below average - fewer cases than typical at this point","Cook Islands"
"COK",10,9,1.70545309626076,12,1.80244232038057,352,12,352,0.953417983352122,0.0415983374873207,2026,NA,2026-09-01,NA,NA,NA,NA,NA,NA,NA,NA,12,"2025/2026","Unobserved",1151,1139,1262,1249,NA,1262,"Pacific Islands","Cook Islands",1.80244232038057,352,98.6000706987893,"Extremely High","Rare bad event - unusually high cases to date",3.03966499550653,"Low",18.8188485250657,"Below average - fewer cases than typical at this point","Cook Islands"
"COK",11,10,0.982978920384381,6,1.83908527203498,357.999999999999,6,358,0.974798822829364,0.0213808394772417,2026,NA,2026-10-01,NA,NA,NA,NA,NA,NA,NA,NA,12,"2025/2026","Unobserved",1151,1139,1262,1249,NA,1262,"Pacific Islands","Cook Islands",1.83908527203498,357.999999999999,98.5382676123163,"Extremely High","Rare bad event - unusually high cases to date",2.99625271222764,"Low",18.8188485250657,"Below average - fewer cases than typical at this point","Cook Islands"
"COK",12,11,0.873389296846997,6.75,1.88238344790301,364.75,6.75,364.75,1,0.0252011771706364,2026,NA,2026-11-01,NA,NA,NA,NA,NA,NA,NA,NA,12,"2025/2026","Unobserved",1151,1139,1262,1249,NA,1262,"Pacific Islands","Cook Islands",1.88238344790301,364.75,98.4694755099722,"Extremely High","Rare bad event - unusually high cases to date",2.94986162932714,"Low",18.8188485250657,"Below average - fewer cases than typical at this point","Cook Islands"
"COK",1,12,0.642740314525702,8,0.642740314525702,8,8,8,0.0175882657556533,0.0175882657556533,2026,NA,2026-12-01,NA,NA,NA,NA,NA,NA,NA,NA,12,"2026/2027","Unobserved",0,1139,NA,1249,NA,NA,"Pacific Islands","Cook Islands",0.642740314525702,8,18.8188485250657,"Low","Below average - fewer cases than typical at this point",-0.77132433237171,"Low",18.8188485250657,"Below average - fewer cases than typical at this point","Cook Islands"
"COL",12,1,2.41479181014426,9960.5625,2.87120595534445,102813.8125,9960.5625,102813.8125,1,0.105176907998615,2025,"PAHO",2025-01-01,19794,19794,NA,86,NA,FALSE,"no_lookup_match","current_month_missing",2,"2024/2025","Observed",19794,19794,19794,139825,NA,19794,"South America","Colombia",2.87120595534445,102813.8125,2.38011504509795,"Extremely Low","Rare good event - unusually low cases to date",-1.36822144604493,"Normal",66.0498098123309,"Average - typical case load at this point","Colombia"
"COL",1,2,1.86113187269089,8925.0625,1.86113187269089,8925.0625,8925.0625,8925.0625,0.0867544896193062,0.0867544896193062,2025,"PAHO",2025-02-01,14705,14705,NA,82,NA,FALSE,"no_lookup_match","current_month_missing",2,"2025/2026","Observed",14705,34499,116862,139825,NA,116862,"South America","Colombia",1.86113187269089,8925.0625,83.6234353760863,"High","Above average - more cases than typical at this point",0.883395480128495,"Normal",66.0498098123309,"Average - typical case load at this point","Colombia"
"COL",2,3,1.50470941621698,9758.375,1.67816405850617,18683.4375,9758.375,18683.4375,0.173328112939929,0.0865736233206226,2025,"PAHO",2025-03-01,16984,16984,NA,77,NA,FALSE,"no_lookup_match","current_month_missing",2,"2025/2026","Observed",31689,51483,116862,139825,NA,116862,"South America","Colombia",1.67816405850617,18683.4375,84.1017580173547,"High","Above average - more cases than typical at this point",0.90171659245336,"Normal",66.0498098123309,"Average - typical case load at this point","Colombia"
"COL",3,4,1.72069327545389,9445.99999999999,1.7252783213059,28129.4375,9446,28129.4375,0.258575076729329,0.0852469637894003,2025,"PAHO",2025-04-01,13301,13301,NA,73,NA,FALSE,"no_lookup_match","current_month_missing",2,"2025/2026","Observed",44990,64784,116862,139825,NA,116862,"South America","Colombia",1.7252783213059,28129.4375,81.9992586097006,"High","Above average - more cases than typical at this point",0.787276478726477,"Normal",66.0498098123309,"Average - typical case load at this point","Colombia"
"COL",4,5,1.89239387123688,10349.1875,1.80323589274484,38478.6250000001,10349.1875,38478.625,0.353439110687293,0.0948640339579639,2025,"PAHO",2025-05-01,11614,11614,NA,69,NA,FALSE,"no_lookup_match","current_month_missing",2,"2025/2026","Observed",56604,76398,116862,139825,NA,116862,"South America","Colombia",1.80323589274484,38478.6250000001,78.7133487273701,"High","Above average - more cases than typical at this point",0.632533529530016,"Normal",66.0498098123309,"Average - typical case load at this point","Colombia"
"COL",5,6,1.59889817380443,9795.62499999997,1.80562217491271,48274.25,9795.625,48274.25,0.438250827962426,0.084811717275133,2025,"PAHO",2025-06-01,11049,11049,NA,64,NA,FALSE,"no_lookup_match","current_month_missing",2,"2025/2026","Observed",67653,87447,116862,139825,NA,116862,"South America","Colombia",1.80562217491271,48274.25,76.5476634778408,"High","Above average - more cases than typical at this point",0.539405714125322,"Normal",66.0498098123309,"Average - typical case load at this point","Colombia"
"COL",6,7,2.40558312617766,8740.12500000001,1.93599359323945,57014.3749999999,8740.125,57014.375,0.522148525870288,0.0838976979078624,2025,"PAHO",2025-07-01,7429,7429,NA,60,NA,FALSE,"no_lookup_match","current_month_missing",2,"2025/2026","Observed",75082,94876,116862,139825,NA,116862,"South America","Colombia",1.93599359323945,57014.3749999999,73.8192880145053,"Normal","Average - typical case load at this point",0.4409215085982,"Normal",66.0498098123309,"Average - typical case load at this point","Colombia"
"COL",7,8,2.76133915497604,7105.3125,2.05330306421239,64119.6874999998,7105.3125,64119.6875,0.591677519348872,0.0695289934785837,2025,"PAHO",2025-08-01,5159,5159,NA,56,NA,FALSE,"no_lookup_match","current_month_missing",2,"2025/2026","Observed",80241,100035,116862,139825,NA,116862,"South America","Colombia",2.05330306421239,64119.6874999998,71.3719498216732,"Normal","Average - typical case load at this point",0.360270393188887,"Normal",66.0498098123309,"Average - typical case load at this point","Colombia"
"COL",8,9,2.65447318207147,7134.62500000001,2.18504198400764,71254.3125000003,7134.625,71254.3125,0.662427889026725,0.0707503696778532,2025,"PAHO",2025-09-01,6506,6506,NA,51,1,TRUE,"applied_mean","previous_month_missing",2,"2025/2026","Observed",86747,106541,116862,139825,NA,116862,"South America","Colombia",2.18504198400764,71254.3125000003,70.0026332704803,"Normal","Average - typical case load at this point",0.321394796414792,"Normal",66.0498098123309,"Average - typical case load at this point","Colombia"
"COL",9,10,3.76901135280955,7077.93750000002,2.38320855014998,78332.2499999998,7077.9375,78332.25,0.738474361152643,0.0760464721259176,2025,"PAHO",2025-10-01,4615,4615,4615,47,1,TRUE,"applied_mean","not_missing",2,"2025/2026","Observed",91362,111156,116862,139825,NA,116862,"South America","Colombia",2.38320855014998,78332.2499999998,67.6789166849539,"Normal","Average - typical case load at this point",0.256785146893649,"Normal",66.0498098123309,"Average - typical case load at this point","Colombia"
"COL",10,11,3.04125342505869,7498.18749999999,2.56940991517743,85830.4375000002,7498.1875,85830.4375,0.818984888778513,0.0805105276258704,2025,"PAHO",2025-11-01,6554,6554,6554,43,1,TRUE,"applied_mean","not_missing",2,"2025/2026","Observed",97916,117710,116862,139825,NA,116862,"South America","Colombia",2.56940991517743,85830.4375000002,66.3926573895993,"Normal","Average - typical case load at this point",0.225702172732369,"Normal",66.0498098123309,"Average - typical case load at this point","Colombia"
"COL",11,12,3.05262861454672,7022.81249999999,2.72364845963094,92853.2499999999,7022.8125,92853.25,0.894823092001385,0.075838203222872,2025,"PAHO",2025-12-01,7409,7409,7409,38,1,TRUE,"applied_mean","not_missing",2,"2025/2026","Observed",105325,125119,116862,139825,NA,116862,"South America","Colombia",2.72364845963094,92853.2499999999,66.0498098123309,"Normal","Average - typical case load at this point",0.221666183666772,"Normal",66.0498098123309,"Average - typical case load at this point","Colombia"
"COL",12,1,2.41479181014426,9960.5625,2.87120595534445,102813.8125,9960.5625,102813.8125,1,0.105176907998615,2026,"PAHO",2026-01-01,11537,11537,11537,34,1,TRUE,"applied_mean","not_missing",2,"2025/2026","Observed",116862,11537,116862,130258,NA,116862,"South America","Colombia",2.87120595534445,102813.8125,66.1944848332719,"Normal","Average - typical case load at this point",0.231523425996173,"Normal",36.8856922259137,"Average - typical case load at this point","Colombia"
"COL",1,2,1.86113187269089,8925.0625,1.86113187269089,8925.0625,8925.0625,8925.0625,0.0867544896193062,0.0867544896193062,2026,"PAHO",2026-02-01,9292,9292,9292,30,1,TRUE,"applied_mean","not_missing",2,"2026/2027","Observed",9292,20829,110760,130258,NA,110760,"South America","Colombia",1.86113187269089,8925.0625,61.8402250317684,"Normal","Average - typical case load at this point",0.0560820820276427,"Normal",36.8856922259137,"Average - typical case load at this point","Colombia"
"COL",2,3,1.50470941621698,9758.375,1.67816405850617,18683.4375,9758.375,18683.4375,0.173328112939929,0.0865736233206226,2026,"PAHO",2026-03-01,10803,10803,10803,25,1,TRUE,"applied_mean","not_missing",2,"2026/2027","Observed",20095,31632,110760,130258,NA,110760,"South America","Colombia",1.67816405850617,18683.4375,63.8325747351713,"Normal","Average - typical case load at this point",0.0978680720295572,"Normal",36.8856922259137,"Average - typical case load at this point","Colombia"
"COL",3,4,1.72069327545389,9445.99999999999,1.7252783213059,28129.4375,9446,28129.4375,0.258575076729329,0.0852469637894003,2026,"PAHO",2026-04-01,7763,7763,7763,21,1,TRUE,"applied_mean","not_missing",2,"2026/2027","Observed",27858,39395,110760,130258,NA,110760,"South America","Colombia",1.7252783213059,28129.4375,59.630303115036,"Normal","Average - typical case load at this point",-0.0126743315470258,"Normal",36.8856922259137,"Average - typical case load at this point","Colombia"
"COL",4,5,1.89239387123688,10349.1875,1.80323589274484,38478.6250000001,10349.1875,38478.625,0.353439110687293,0.0948640339579639,2026,"PAHO",2026-05-01,8948,8948,8948,17,1,TRUE,"applied_mean","not_missing",2,"2026/2027","Observed",36806,48343,110760,130258,NA,110760,"South America","Colombia",1.80323589274484,38478.6250000001,57.6226107770285,"Normal","Average - typical case load at this point",-0.0583707313548116,"Normal",36.8856922259137,"Average - typical case load at this point","Colombia"
"COL",5,6,1.59889817380443,9795.62499999997,1.80562217491271,48274.25,9795.625,48274.25,0.438250827962426,0.084811717275133,2026,"PAHO",2026-06-01,10919,10919,10919,12,1,TRUE,"applied_mean","not_missing",2,"2026/2027","Observed",47725,59262,110760,130258,NA,110760,"South America","Colombia",1.80562217491271,48274.25,59.3029203252798,"Normal","Average - typical case load at this point",-0.015288322955987,"Normal",36.8856922259137,"Average - typical case load at this point","Colombia"
"COL",6,7,2.40558312617766,8740.12500000001,1.93599359323945,57014.3749999999,8740.125,57014.375,0.522148525870288,0.0838976979078624,2026,"PAHO",2026-07-01,9108,9108,9108,8,1,TRUE,"applied_mean","not_missing",2,"2026/2027","Observed",56833,68370,110760,130258,NA,110760,"South America","Colombia",1.93599359323945,57014.3749999999,59.3833900386319,"Normal","Average - typical case load at this point",-0.00442626734957952,"Normal",36.8856922259137,"Average - typical case load at this point","Colombia"
"COL",7,8,2.76133915497604,7105.3125,2.05330306421239,64119.6874999998,7105.3125,64119.6875,0.591677519348872,0.0695289934785837,2026,"PAHO",2026-08-01,8701,8701,8701,4,1,TRUE,"applied_mean","not_missing",2,"2026/2027","Observed",65534,77071,110760,130258,NA,110760,"South America","Colombia",2.05330306421239,64119.6874999998,60.4756181444421,"Normal","Average - typical case load at this point",0.0316062926307651,"Normal",36.8856922259137,"Average - typical case load at this point","Colombia"
"COL",8,9,2.65447318207147,7134.62500000001,2.18504198400764,71254.3125000003,7134.625,71254.3125,0.662427889026725,0.0707503696778532,2026,NA,2026-09-01,NA,NA,NA,NA,NA,NA,NA,NA,2,"2026/2027","Unobserved",65534,77071,110760,130258,NA,110760,"South America","Colombia",2.18504198400764,71254.3125000003,54.2558308024678,"Normal","Average - typical case load at this point",-0.118667511454459,"Normal",36.8856922259137,"Average - typical case load at this point","Colombia"
"COL",9,10,3.76901135280955,7077.93750000002,2.38320855014998,78332.2499999998,7077.9375,78332.25,0.738474361152643,0.0760464721259176,2026,NA,2026-10-01,NA,NA,NA,NA,NA,NA,NA,NA,2,"2026/2027","Unobserved",65534,77071,110760,130258,NA,110760,"South America","Colombia",2.38320855014998,78332.2499999998,48.1312765461451,"Normal","Average - typical case load at this point",-0.252222836680025,"Normal",36.8856922259137,"Average - typical case load at this point","Colombia"
"COL",10,11,3.04125342505869,7498.18749999999,2.56940991517743,85830.4375000002,7498.1875,85830.4375,0.818984888778513,0.0805105276258704,2026,NA,2026-11-01,NA,NA,NA,NA,NA,NA,NA,NA,2,"2026/2027","Unobserved",65534,77071,110760,130258,NA,110760,"South America","Colombia",2.56940991517743,85830.4375000002,42.0682862075991,"Normal","Average - typical case load at this point",-0.37904318003211,"Normal",36.8856922259137,"Average - typical case load at this point","Colombia"
"COL",11,12,3.05262861454672,7022.81249999999,2.72364845963094,92853.2499999999,7022.8125,92853.25,0.894823092001385,0.075838203222872,2026,NA,2026-12-01,NA,NA,NA,NA,NA,NA,NA,NA,2,"2026/2027","Unobserved",65534,77071,110760,130258,NA,110760,"South America","Colombia",2.72364845963094,92853.2499999999,36.8856922259137,"Normal","Average - typical case load at this point",-0.485557671388409,"Normal",36.8856922259137,"Average - typical case load at this point","Colombia"
"CRI",11,1,0.948303163000063,1497.625,1.70476650022592,19969.4375,1497.625,19969.4375,0.960815496222042,0.0678889741185358,2025,"PAHO",2025-01-01,544,544,NA,86,NA,FALSE,"no_lookup_match","current_month_missing",3,"2024/2025","Observed",544,544,804,6741,NA,804,"North & Central America","Costa Rica",1.70476650022592,19969.4375,0.335717146061971,"Extremely Low","Rare good event - unusually low cases to date",-1.27004436362191,"Low",13.7506059274341,"Below average - fewer cases than typical at this point","Costa Rica"
"CRI",12,2,1.16230529127425,777.75,1.71550610663773,20747.1875000001,777.75,20747.1875,1,0.0391845037779577,2025,"PAHO",2025-02-01,260,260,NA,82,NA,FALSE,"no_lookup_match","current_month_missing",3,"2024/2025","Observed",804,804,804,6741,NA,804,"North & Central America","Costa Rica",1.71550610663773,20747.1875000001,0.587629772623656,"Extremely Low","Rare good event - unusually low cases to date",-1.25896460502729,"Low",13.7506059274341,"Below average - fewer cases than typical at this point","Costa Rica"
"CRI",1,3,1.6089868410837,676.125,1.6089868410837,676.125,676.125,676.125,0.0361888044757826,0.0361888044757826,2025,"PAHO",2025-03-01,286,286,NA,77,NA,FALSE,"no_lookup_match","current_month_missing",3,"2025/2026","Observed",286,1090,5617,6741,NA,5617,"North & Central America","Costa Rica",1.6089868410837,676.125,25.0715047901629,"Normal","Average - typical case load at this point",-0.731032858440296,"Low",13.7506059274341,"Below average - fewer cases than typical at this point","Costa Rica"
"CRI",2,4,1.94912980100062,634.812499999999,1.81510616305599,1310.9375,634.8125,1310.9375,0.0724450619262629,0.0362562574504804,2025,"PAHO",2025-04-01,165,165,NA,73,NA,FALSE,"no_lookup_match","current_month_missing",3,"2025/2026","Observed",451,1255,5617,6741,NA,5617,"North & Central America","Costa Rica",1.81510616305599,1310.9375,17.0107409961824,"Low","Below average - fewer cases than typical at this point",-0.883152018134299,"Low",13.7506059274341,"Below average - fewer cases than typical at this point","Costa Rica"
"CRI",3,5,1.74650888708232,1070.0625,1.84672705708003,2381,1070.0625,2381,0.131345724521603,0.05890066259534,2025,"PAHO",2025-05-01,185,185,NA,69,NA,FALSE,"no_lookup_match","current_month_missing",3,"2025/2026","Observed",636,1440,5617,6741,NA,5617,"North & Central America","Costa Rica",1.84672705708003,2381,11.4032979453546,"Low","Below average - fewer cases than typical at this point",-0.995563660268177,"Low",13.7506059274341,"Below average - fewer cases than typical at this point","Costa Rica"
"CRI",4,6,1.61048272309004,1799.9375,1.78588832291092,4180.93750000001,1799.9375,4180.9375,0.226545808470062,0.0952000839484591,2025,"PAHO",2025-06-01,326,326,NA,64,NA,FALSE,"no_lookup_match","current_month_missing",3,"2025/2026","Observed",962,1766,5617,6741,NA,5617,"North & Central America","Costa Rica",1.78588832291092,4180.93750000001,9.54168935658473,"Low","Below average - fewer cases than typical at this point",-1.0286633886879,"Low",13.7506059274341,"Below average - fewer cases than typical at this point","Costa Rica"
"CRI",5,7,1.82757682414641,2505.4375,1.84295583858739,6686.375,2505.4375,6686.375,0.357445923627124,0.130900115157062,2025,"PAHO",2025-07-01,492,492,NA,60,NA,FALSE,"no_lookup_match","current_month_missing",3,"2025/2026","Observed",1454,2258,5617,6741,NA,5617,"North & Central America","Costa Rica",1.84295583858739,6686.375,8.27452393209221,"Low","Below average - fewer cases than typical at this point",-1.06219866819927,"Low",13.7506059274341,"Below average - fewer cases than typical at this point","Costa Rica"
"CRI",6,8,1.65730216307078,2729.5,1.85509682169674,9415.87499999998,2729.5,9415.875,0.489490725128901,0.132044801501777,2025,"PAHO",2025-08-01,664,664,NA,56,NA,FALSE,"no_lookup_match","current_month_missing",3,"2025/2026","Observed",2118,2922,5617,6741,NA,5617,"North & Central America","Costa Rica",1.85509682169674,9415.87499999998,8.62953056262599,"Low","Below average - fewer cases than typical at this point",-1.0555437751665,"Low",13.7506059274341,"Below average - fewer cases than typical at this point","Costa Rica"
"CRI",7,9,1.43430781611545,2481.5625,1.82993392324729,11897.4375,2481.5625,11897.4375,0.604952259521682,0.115461534392782,2025,"PAHO",2025-09-01,876,876,NA,51,1,TRUE,"applied_mean","previous_month_missing",3,"2025/2026","Observed",2994,3798,5617,6741,NA,5617,"North & Central America","Costa Rica",1.82993392324729,11897.4375,10.5212418625374,"Low","Below average - fewer cases than typical at this point",-1.01225187480493,"Low",13.7506059274341,"Below average - fewer cases than typical at this point","Costa Rica"
"CRI",8,10,1.32118249328645,2608.37499999999,1.81284466465422,14505.8125,2608.375,14505.8125,0.724130686909323,0.119178427387641,2025,"PAHO",2025-10-01,740,740,740,47,1,TRUE,"applied_mean","not_missing",3,"2025/2026","Observed",3734,4538,5617,6741,NA,5617,"North & Central America","Costa Rica",1.81284466465422,14505.8125,11.048815260333,"Low","Below average - fewer cases than typical at this point",-0.999769505762396,"Low",13.7506059274341,"Below average - fewer cases than typical at this point","Costa Rica"
"CRI",9,11,1.08130792507016,2465.3125,1.74726318466063,16971.125,2465.3125,16971.125,0.828620576360203,0.10448988945088,2025,"PAHO",2025-11-01,780,780,780,43,1,TRUE,"applied_mean","not_missing",3,"2025/2026","Observed",4514,5318,5617,6741,NA,5617,"North & Central America","Costa Rica",1.74726318466063,16971.125,12.242132896469,"Low","Below average - fewer cases than typical at this point",-0.970206093654856,"Low",13.7506059274341,"Below average - fewer cases than typical at this point","Costa Rica"
"CRI",10,12,1.0149799331529,1500.6875,1.70888617004587,18471.8125,1500.6875,18471.8125,0.892926522103507,0.0643059457433035,2025,"PAHO",2025-12-01,701,701,701,39,1,TRUE,"applied_mean","not_missing",3,"2025/2026","Observed",5215,6019,5617,6741,NA,5617,"North & Central America","Costa Rica",1.70888617004587,18471.8125,13.7506059274341,"Low","Below average - fewer cases than typical at this point",-0.938136604448106,"Low",13.7506059274341,"Below average - fewer cases than typical at this point","Costa Rica"
"CRI",11,1,0.948303163000063,1497.625,1.70476650022592,19969.4375,1497.625,19969.4375,0.960815496222042,0.0678889741185358,2026,"PAHO",2026-01-01,246,246,246,34,1.00102383487591,TRUE,"applied_mean","not_missing",3,"2025/2026","Observed",5461,246,5617,7894,NA,5617,"North & Central America","Costa Rica",1.70476650022592,19969.4375,13.1835200581033,"Low","Below average - fewer cases than typical at this point",-0.948568559747279,"Low",7.53318603714148,"Below average - fewer cases than typical at this point","Costa Rica"
"CRI",12,2,1.16230529127425,777.75,1.71550610663773,20747.1875000001,777.75,20747.1875,1,0.0391845037779577,2026,"PAHO",2026-02-01,156,151,156,30,1.01367571798961,TRUE,"applied_mean","not_missing",3,"2025/2026","Observed",5617,402,5617,7894,NA,5617,"North & Central America","Costa Rica",1.71550610663773,20747.1875000001,12.8848178383769,"Low","Below average - fewer cases than typical at this point",-0.955131697474459,"Low",7.53318603714148,"Below average - fewer cases than typical at this point","Costa Rica"
"CRI",1,3,1.6089868410837,676.125,1.6089868410837,676.125,676.125,676.125,0.0361888044757826,0.0361888044757826,2026,"PAHO",2026-03-01,159,159,159,25,1.00918186463303,TRUE,"applied_mean","not_missing",3,"2026/2027","Observed",159,561,7073,7894,NA,7073,"North & Central America","Costa Rica",1.6089868410837,676.125,11.6852251453938,"Low","Below average - fewer cases than typical at this point",-0.969010873235343,"Low",7.53318603714148,"Below average - fewer cases than typical at this point","Costa Rica"
"CRI",2,4,1.94912980100062,634.812499999999,1.81510616305599,1310.9375,634.8125,1310.9375,0.0724450619262629,0.0362562574504804,2026,"PAHO",2026-04-01,141,151,141,21,0.993102740055167,TRUE,"applied_mean","not_missing",3,"2026/2027","Observed",300,702,7073,7894,NA,7073,"North & Central America","Costa Rica",1.81510616305599,1310.9375,9.25042861502888,"Low","Below average - fewer cases than typical at this point",-1.03822835186585,"Low",7.53318603714148,"Below average - fewer cases than typical at this point","Costa Rica"
"CRI",3,5,1.74650888708232,1070.0625,1.84672705708003,2381,1070.0625,2381,0.131345724521603,0.05890066259534,2026,"PAHO",2026-05-01,263,273,263,17,0.98430915459053,TRUE,"applied_mean","not_missing",3,"2026/2027","Observed",563,965,7073,7894,NA,7073,"North & Central America","Costa Rica",1.84672705708003,2381,9.43473240906906,"Low","Below average - fewer cases than typical at this point",-1.03721188215905,"Low",7.53318603714148,"Below average - fewer cases than typical at this point","Costa Rica"
"CRI",4,6,1.61048272309004,1799.9375,1.78588832291092,4180.93750000001,1799.9375,4180.9375,0.226545808470062,0.0952000839484591,2026,"PAHO",2026-06-01,798,838,798,12,0.969726339084637,TRUE,"applied_mean","not_missing",3,"2026/2027","Observed",1361,1763,7073,7894,NA,7073,"North & Central America","Costa Rica",1.78588832291092,4180.93750000001,15.9681871233014,"Low","Below average - fewer cases than typical at this point",-0.90115650416887,"Low",7.53318603714148,"Below average - fewer cases than typical at this point","Costa Rica"
"CRI",5,7,1.82757682414641,2505.4375,1.84295583858739,6686.375,2505.4375,6686.375,0.357445923627124,0.130900115157062,2026,"PAHO",2026-07-01,1129,1235,1129,8,0.947107513161938,TRUE,"applied_mean","not_missing",3,"2026/2027","Observed",2490,2892,7073,7894,NA,7073,"North & Central America","Costa Rica",1.84295583858739,6686.375,18.6957692409734,"Low","Below average - fewer cases than typical at this point",-0.851885412697814,"Low",7.53318603714148,"Below average - fewer cases than typical at this point","Costa Rica"
"CRI",6,8,1.65730216307078,2729.5,1.85509682169674,9415.87499999998,2729.5,9415.875,0.489490725128901,0.132044801501777,2026,"PAHO",2026-08-01,972,1119,972,5,0.926080187432602,TRUE,"applied_mean","not_missing",3,"2026/2027","Observed",3462,3864,7073,7894,NA,7073,"North & Central America","Costa Rica",1.85509682169674,9415.87499999998,18.230410081943,"Low","Below average - fewer cases than typical at this point",-0.861151457700965,"Low",7.53318603714148,"Below average - fewer cases than typical at this point","Costa Rica"
"CRI",7,9,1.43430781611545,2481.5625,1.82993392324729,11897.4375,2481.5625,11897.4375,0.604952259521682,0.115461534392782,2026,NA,2026-09-01,NA,NA,NA,NA,NA,NA,NA,NA,3,"2026/2027","Unobserved",3462,3864,7073,7894,NA,7073,"North & Central America","Costa Rica",1.82993392324729,11897.4375,13.1274072573796,"Low","Below average - fewer cases than typical at this point",-0.959043900086324,"Low",7.53318603714148,"Below average - fewer cases than typical at this point","Costa Rica"
"CRI",8,10,1.32118249328645,2608.37499999999,1.81284466465422,14505.8125,2608.375,14505.8125,0.724130686909323,0.119178427387641,2026,NA,2026-10-01,NA,NA,NA,NA,NA,NA,NA,NA,3,"2026/2027","Unobserved",3462,3864,7073,7894,NA,7073,"North & Central America","Costa Rica",1.81284466465422,14505.8125,9.83777322120178,"Low","Below average - fewer cases than typical at this point",-1.02501477489119,"Low",7.53318603714148,"Below average - fewer cases than typical at this point","Costa Rica"
"CRI",9,11,1.08130792507016,2465.3125,1.74726318466063,16971.125,2465.3125,16971.125,0.828620576360203,0.10448988945088,2026,NA,2026-11-01,NA,NA,NA,NA,NA,NA,NA,NA,3,"2026/2027","Unobserved",3462,3864,7073,7894,NA,7073,"North & Central America","Costa Rica",1.74726318466063,16971.125,8.22767148834753,"Low","Below average - fewer cases than typical at this point",-1.052139670666,"Low",7.53318603714148,"Below average - fewer cases than typical at this point","Costa Rica"
"CRI",10,12,1.0149799331529,1500.6875,1.70888617004587,18471.8125,1500.6875,18471.8125,0.892926522103507,0.0643059457433035,2026,NA,2026-12-01,NA,NA,NA,NA,NA,NA,NA,NA,3,"2026/2027","Unobserved",3462,3864,7073,7894,NA,7073,"North & Central America","Costa Rica",1.70888617004587,18471.8125,7.53318603714148,"Low","Below average - fewer cases than typical at this point",-1.06219006508184,"Low",7.53318603714148,"Below average - fewer cases than typical at this point","Costa Rica"
"CUB",10,1,7.63888402663223,166.125,11.8368267368078,1730.5,166.125,1730.5,0.895308402815296,0.0924595504861355,2025,"Estimates",2025-01-01,2933,NA,NA,NA,NA,NA,NA,"current_month_missing",4,"2024/2025","Unobserved",2933,2933,NA,38229,2933.09432007168,6254,"Caribbean","Cuba",11.8368267368078,1730.5,98.1114312745125,"Extremely High","Rare bad event - unusually high cases to date",2.38259853529857,"Extremely High",100,"Rare bad event - unusually high cases to date","Cuba"
"CUB",11,2,8.01291617495496,99.875,13.4523328781697,1830.375,99.875,1830.375,0.950886575431666,0.0555781726163699,2025,"Estimates",2025-02-01,1763,NA,NA,NA,NA,NA,NA,"current_month_missing",4,"2024/2025","Unobserved",4696,4696,NA,38229,1763.1063699091,6254,"Caribbean","Cuba",13.4523328781697,1830.375,99.9984583975143,"Extremely High","Rare bad event - unusually high cases to date",5.72121143540592,"Extremely High",100,"Rare bad event - unusually high cases to date","Cuba"
"CUB",12,3,8.02560227058335,88.5,14.7680365766751,1918.875,88.5,1918.875,1,0.049113424568334,2025,"Estimates",2025-03-01,1558,NA,NA,NA,NA,NA,NA,"current_month_missing",4,"2024/2025","Unobserved",6254,6254,NA,38229,1558.02516758126,6254,"Caribbean","Cuba",14.7680365766751,1918.875,99.9999994125033,"Extremely High","Rare bad event - unusually high cases to date",8.64871348682414,"Extremely High",100,"Rare bad event - unusually high cases to date","Cuba"
"CUB",1,4,9.91878192736877,73.1249999999999,9.91878192736877,73.1249999999999,73.125,73.125,0.0374826809459112,0.0374826809459112,2025,"Estimates",2025-04-01,1189,NA,NA,NA,NA,NA,NA,"current_month_missing",4,"2025/2026","Unobserved",1189,7443,31723,38229,1189.06308764714,44074,"Caribbean","Cuba",9.91878192736877,73.1249999999999,100,"Extremely High","Rare bad event - unusually high cases to date",45.0980973339529,"Extremely High",100,"Rare bad event - unusually high cases to date","Cuba"
"CUB",2,5,9.79634067887736,94,9.35182168098039,167.125,94,167.125,0.0856766929849618,0.0481940120390506,2025,"Estimates",2025-05-01,1529,NA,NA,NA,NA,NA,NA,"current_month_missing",4,"2025/2026","Unobserved",2718,8972,31723,38229,1528.8586439148,44074,"Caribbean","Cuba",9.35182168098039,167.125,100,"Extremely High","Rare bad event - unusually high cases to date",45.4226783829582,"Extremely High",100,"Rare bad event - unusually high cases to date","Cuba"
"CUB",3,6,9.77951691596169,110.25,9.23104895910709,277.375,110.25,277.375,0.142245558114438,0.0565688651294763,2025,"Estimates",2025-06-01,1795,NA,NA,NA,NA,NA,NA,"current_month_missing",4,"2025/2026","Unobserved",4513,10767,31723,38229,1794.53410850238,44074,"Caribbean","Cuba",9.23104895910709,277.375,100,"Extremely High","Rare bad event - unusually high cases to date",45.6422133245049,"Extremely High",100,"Rare bad event - unusually high cases to date","Cuba"
"CUB",4,7,9.45560567968381,133.625,9.1163091852222,410.999999999999,133.625,411,0.210757053723271,0.0685114956088326,2025,"WHO",2025-07-01,3945,3945,NA,14,NA,FALSE,"no_lookup_match",NA,4,"2025/2026","Observed",8458,14712,31723,38229,NA,44074,"Caribbean","Cuba",9.1163091852222,410.999999999999,100,"Extremely High","Rare bad event - unusually high cases to date",58.4706393560342,"Extremely High",100,"Rare bad event - unusually high cases to date","Cuba"
"CUB",5,8,9.3564289378097,197.5,9.06683022138463,608.5,197.5,608.5,0.312056904985887,0.101299851262616,2025,"Estimates",2025-08-01,3214,NA,NA,NA,NA,NA,NA,"current_month_missing",4,"2025/2026","Unobserved",11672,17926,31723,38229,3213.53518160396,44074,"Caribbean","Cuba",9.06683022138463,608.5,100,"Extremely High","Rare bad event - unusually high cases to date",54.3435505521341,"Extremely High",100,"Rare bad event - unusually high cases to date","Cuba"
"CUB",6,9,9.38092357725861,252,9.0680829173906,860.5,252,860.5,0.441373959163461,0.129317054177574,2025,"WHO",2025-09-01,2574,2574,NA,12,NA,FALSE,"no_lookup_match",NA,4,"2025/2026","Observed",14246,20500,31723,38229,NA,44074,"Caribbean","Cuba",9.0680829173906,860.5,100,"Extremely High","Rare bad event - unusually high cases to date",46.5977671608635,"Extremely High",100,"Rare bad event - unusually high cases to date","Cuba"
"CUB",7,10,9.37462838660201,283.875,9.07666629735888,1144.375,283.875,1144.375,0.587123141871586,0.145749182708125,2025,"Estimates",2025-10-01,4624,NA,NA,NA,NA,NA,NA,"current_month_missing",4,"2025/2026","Unobserved",18870,25124,31723,38229,4623.60132304985,44074,"Caribbean","Cuba",9.07666629735888,1144.375,100,"Extremely High","Rare bad event - unusually high cases to date",46.481577680603,"Extremely High",100,"Rare bad event - unusually high cases to date","Cuba"
"CUB",8,11,9.17866078937152,241.5,9.04114405795858,1385.875,241.5,1385.875,0.710940958854971,0.123817816983385,2025,"WHO",2025-11-01,19476,19476,19476,10,1,TRUE,"applied_mean",NA,4,"2025/2026","Observed",38346,44600,31723,38229,NA,44074,"Caribbean","Cuba",9.04114405795858,1385.875,100,"Extremely High","Rare bad event - unusually high cases to date",79.9298587246095,"Extremely High",100,"Rare bad event - unusually high cases to date","Cuba"
"CUB",9,12,10.3294989727001,178.5,9.12358631856896,1564.375,178.5,1564.375,0.802848852329161,0.0919078934741896,2025,"PAHO",2025-12-01,4697,4697,NA,38,NA,FALSE,"no_lookup_match","current_month_missing",4,"2025/2026","Observed",43043,49297,31723,38229,NA,44074,"Caribbean","Cuba",9.12358631856896,1564.375,100,"Extremely High","Rare bad event - unusually high cases to date",79.8552607100768,"Extremely High",100,"Rare bad event - unusually high cases to date","Cuba"
"CUB",10,1,7.63888402663223,166.125,11.8368267368078,1730.5,166.125,1730.5,0.895308402815296,0.0924595504861355,2026,"PAHO",2026-01-01,713,713,NA,34,NA,FALSE,"no_lookup_match","current_month_missing",4,"2025/2026","Observed",43756,713,31723,12275,NA,44074,"Caribbean","Cuba",11.8368267368078,1730.5,100,"Extremely High","Rare bad event - unusually high cases to date",83.2681037382034,"Extremely High",99.9999963763869,"Rare bad event - unusually high cases to date","Cuba"
"CUB",11,2,8.01291617495496,99.875,13.4523328781697,1830.375,99.875,1830.375,0.950886575431666,0.0555781726163699,2026,"PAHO",2026-02-01,169,169,NA,30,NA,FALSE,"no_lookup_match","current_month_missing",4,"2025/2026","Observed",43925,882,31723,12275,NA,44074,"Caribbean","Cuba",13.4523328781697,1830.375,100,"Extremely High","Rare bad event - unusually high cases to date",84.0417884123442,"Extremely High",99.9999963763869,"Rare bad event - unusually high cases to date","Cuba"
"CUB",12,3,8.02560227058335,88.5,14.7680365766751,1918.875,88.5,1918.875,1,0.049113424568334,2026,"PAHO",2026-03-01,149,149,NA,25,NA,FALSE,"no_lookup_match","current_month_missing",4,"2025/2026","Observed",44074,1031,31723,12275,NA,44074,"Caribbean","Cuba",14.7680365766751,1918.875,100,"Extremely High","Rare bad event - unusually high cases to date",84.100827110235,"Extremely High",99.9999963763869,"Rare bad event - unusually high cases to date","Cuba"
"CUB",1,4,9.91878192736877,73.1249999999999,9.91878192736877,73.1249999999999,73.125,73.125,0.0374826809459112,0.0374826809459112,2026,"PAHO",2026-04-01,153,153,NA,21,NA,FALSE,"no_lookup_match","current_month_missing",4,"2026/2027","Observed",153,1184,5027,12275,NA,19554,"Caribbean","Cuba",9.91878192736877,73.1249999999999,99.5712951367483,"Extremely High","Rare bad event - unusually high cases to date",3.22814878418236,"Extremely High",99.9999963763869,"Rare bad event - unusually high cases to date","Cuba"
"CUB",2,5,9.79634067887736,94,9.35182168098039,167.125,94,167.125,0.0856766929849618,0.0481940120390506,2026,"PAHO",2026-05-01,264,264,NA,17,NA,FALSE,"no_lookup_match","current_month_missing",4,"2026/2027","Observed",417,1448,5027,12275,NA,19554,"Caribbean","Cuba",9.35182168098039,167.125,99.9568811648699,"Extremely High","Rare bad event - unusually high cases to date",4.44945038896131,"Extremely High",99.9999963763869,"Rare bad event - unusually high cases to date","Cuba"
"CUB",3,6,9.77951691596169,110.25,9.23104895910709,277.375,110.25,277.375,0.142245558114438,0.0565688651294763,2026,"PAHO",2026-06-01,298,298,NA,14,NA,FALSE,"no_lookup_match","current_month_missing",4,"2026/2027","Observed",715,1746,5027,12275,NA,19554,"Caribbean","Cuba",9.23104895910709,277.375,99.9742711866532,"Extremely High","Rare bad event - unusually high cases to date",4.71575590524102,"Extremely High",99.9999963763869,"Rare bad event - unusually high cases to date","Cuba"
"CUB",4,7,9.45560567968381,133.625,9.1163091852222,410.999999999999,133.625,411,0.210757053723271,0.0685114956088326,2026,"Estimates",2026-07-01,2173,NA,NA,2,NA,FALSE,"no_lookup_match",NA,4,"2026/2027","Unobserved",2888,3919,5027,12275,2173.390175199,19554,"Caribbean","Cuba",9.1163091852222,410.999999999999,100,"Extremely High","Rare bad event - unusually high cases to date",17.998232097042,"Extremely High",99.9999963763869,"Rare bad event - unusually high cases to date","Cuba"
"CUB",5,8,9.3564289378097,197.5,9.06683022138463,608.5,197.5,608.5,0.312056904985887,0.101299851262616,2026,"Estimates",2026-08-01,3214,NA,NA,1,NA,FALSE,"no_lookup_match",NA,4,"2026/2027","Unobserved",6102,7133,5027,12275,3213.53518160396,19554,"Caribbean","Cuba",9.06683022138463,608.5,100,"Extremely High","Rare bad event - unusually high cases to date",26.9838925257061,"Extremely High",99.9999963763869,"Rare bad event - unusually high cases to date","Cuba"
"CUB",6,9,9.38092357725861,252,9.0680829173906,860.5,252,860.5,0.441373959163461,0.129317054177574,2026,NA,2026-09-01,NA,NA,NA,NA,NA,NA,NA,NA,4,"2026/2027","Unobserved",6102,7133,5027,12275,NA,19554,"Caribbean","Cuba",9.0680829173906,860.5,100,"Extremely High","Rare bad event - unusually high cases to date",18.2467742388156,"Extremely High",99.9999963763869,"Rare bad event - unusually high cases to date","Cuba"
"CUB",7,10,9.37462838660201,283.875,9.07666629735888,1144.375,283.875,1144.375,0.587123141871586,0.145749182708125,2026,NA,2026-10-01,NA,NA,NA,NA,NA,NA,NA,NA,4,"2026/2027","Unobserved",6102,7133,5027,12275,NA,19554,"Caribbean","Cuba",9.07666629735888,1144.375,99.9999999998894,"Extremely High","Rare bad event - unusually high cases to date",13.0002880885046,"Extremely High",99.9999963763869,"Rare bad event - unusually high cases to date","Cuba"
"CUB",8,11,9.17866078937152,241.5,9.04114405795858,1385.875,241.5,1385.875,0.710940958854971,0.123817816983385,2026,NA,2026-11-01,NA,NA,NA,NA,NA,NA,NA,NA,4,"2026/2027","Unobserved",6102,7133,5027,12275,NA,19554,"Caribbean","Cuba",9.04114405795858,1385.875,99.9999998846885,"Extremely High","Rare bad event - unusually high cases to date",10.1990781951522,"Extremely High",99.9999963763869,"Rare bad event - unusually high cases to date","Cuba"
"CUB",9,12,10.3294989727001,178.5,9.12358631856896,1564.375,178.5,1564.375,0.802848852329161,0.0919078934741896,2026,NA,2026-12-01,NA,NA,NA,NA,NA,NA,NA,NA,4,"2026/2027","Unobserved",6102,7133,5027,12275,NA,19554,"Caribbean","Cuba",9.12358631856896,1564.375,99.9999963763869,"Extremely High","Rare bad event - unusually high cases to date",8.73590258547775,"Extremely High",99.9999963763869,"Rare bad event - unusually high cases to date","Cuba"
"CYM",10,1,5.10622522544776,15,6.27776113887815,77.1428571428571,15,77.1428571428571,0.882331171069861,0.218806253613277,2025,"WHO",2025-01-01,0,0,NA,20,NA,FALSE,"no_lookup_match",NA,4,"2024/2025","Observed",0,0,0,0,NA,0,"Caribbean","Cayman Islands",6.27776113887815,77.1428571428571,8.85385438738049e-06,"Extremely Low","Rare good event - unusually low cases to date",-2.40942577199127,"Extremely Low",0.0130110883907054,"Rare good event - unusually low cases to date","Cayman Islands"
"CYM",11,2,1.13852118556942,8.71428571428572,6.1458657473148,85.8571428571429,8.71428571428571,85.8571428571429,0.975968693573048,0.0936375225031865,2025,"WHO",2025-02-01,0,0,NA,19,NA,FALSE,"no_lookup_match",NA,4,"2024/2025","Observed",0,0,0,0,NA,0,"Caribbean","Cayman Islands",6.1458657473148,85.8571428571429,5.98772775241511e-06,"Extremely Low","Rare good event - unusually low cases to date",-2.39485231038223,"Extremely Low",0.0130110883907054,"Rare good event - unusually low cases to date","Cayman Islands"
"CYM",12,3,1.81147413988399,1.85714285714286,6.39688327101154,87.7142857142858,1.85714285714286,87.7142857142857,1,0.0240313064269521,2025,"WHO",2025-03-01,0,0,NA,18,NA,FALSE,"no_lookup_match",NA,4,"2024/2025","Observed",0,0,0,0,NA,0,"Caribbean","Cayman Islands",6.39688327101154,87.7142857142858,3.39260868956847e-06,"Extremely Low","Rare good event - unusually low cases to date",-2.44173649590591,"Extremely Low",0.0130110883907054,"Rare good event - unusually low cases to date","Cayman Islands"
"CYM",1,4,20.8489482429073,1.28571428571429,20.8489482429073,1.28571428571429,1.28571428571429,1.28571428571429,0.0143189906981809,0.0143189906981809,2025,"WHO",2025-04-01,0,0,NA,17,NA,FALSE,"no_lookup_match",NA,4,"2025/2026","Observed",0,0,0,0,NA,0,"Caribbean","Cayman Islands",20.8489482429073,1.28571428571429,28.7185043101427,"Normal","Average - typical case load at this point",-1.1004691134066,"Extremely Low",0.0130110883907054,"Rare good event - unusually low cases to date","Cayman Islands"
"CYM",2,5,4.62123655754132,1.57142857142857,1.4467725477233,2.85714285714286,1.57142857142857,2.85714285714286,0.031544240024317,0.0172252493261362,2025,"WHO",2025-05-01,0,0,NA,16,NA,FALSE,"no_lookup_match",NA,4,"2025/2026","Observed",0,0,0,0,NA,0,"Caribbean","Cayman Islands",1.4467725477233,2.85714285714286,20.6540894506753,"Low","Below average - fewer cases than typical at this point",-0.980018432947813,"Extremely Low",0.0130110883907054,"Rare good event - unusually low cases to date","Cayman Islands"
"CYM",3,6,NA,NA,1.67718572112058,4.71428571428571,1.85714285714286,4.71428571428571,0.0552007975058993,0.0236565574815822,2025,"WHO",2025-06-01,0,0,NA,15,NA,FALSE,"no_lookup_match",NA,4,"2025/2026","Observed",0,0,0,0,NA,0,"Caribbean","Cayman Islands",1.67718572112058,4.71428571428571,10.6052781193323,"Low","Below average - fewer cases than typical at this point",-1.11223895557727,"Extremely Low",0.0130110883907054,"Rare good event - unusually low cases to date","Cayman Islands"
"CYM",4,7,3.05829226489598,6.57142857142858,3.69195962477613,11.2857142857143,6.57142857142857,11.2857142857143,0.121840384176881,0.0666395866709822,2025,"WHO",2025-07-01,0,0,NA,14,NA,FALSE,"no_lookup_match",NA,4,"2025/2026","Observed",0,0,0,0,NA,0,"Caribbean","Cayman Islands",3.69195962477613,11.2857142857143,0.568324752175718,"Extremely Low","Rare good event - unusually low cases to date",-1.66790308358664,"Extremely Low",0.0130110883907054,"Rare good event - unusually low cases to date","Cayman Islands"
"CYM",5,8,4.90589293914927,2.71428571428571,3.81322115614389,14,2.71428571428571,14,0.154600560428197,0.0327601762513152,2025,"WHO",2025-08-01,0,0,NA,13,NA,FALSE,"no_lookup_match",NA,4,"2025/2026","Observed",0,0,0,0,NA,0,"Caribbean","Cayman Islands",3.81322115614389,14,0.28005112409468,"Extremely Low","Rare good event - unusually low cases to date",-1.73116628249265,"Extremely Low",0.0130110883907054,"Rare good event - unusually low cases to date","Cayman Islands"
"CYM",6,9,5.82475753290668,6.71428571428571,3.53727679810975,20.7142857142857,6.71428571428571,20.7142857142857,0.22762470370596,0.0730241432777629,2025,"WHO",2025-09-01,0,0,0,12,1,TRUE,"applied_mean",NA,4,"2025/2026","Observed",0,0,0,0,NA,0,"Caribbean","Cayman Islands",3.53727679810975,20.7142857142857,0.110302811711028,"Extremely Low","Rare good event - unusually low cases to date",-1.73819958244291,"Extremely Low",0.0130110883907054,"Rare good event - unusually low cases to date","Cayman Islands"
"CYM",7,10,1.88720154317698,19.5714285714286,2.58877252974719,40.2857142857143,19.5714285714286,40.2857142857143,0.421942686346487,0.194317982640528,2025,"WHO",2025-10-01,0,0,0,11,1,TRUE,"applied_mean",NA,4,"2025/2026","Observed",0,0,0,0,NA,0,"Caribbean","Cayman Islands",2.58877252974719,40.2857142857143,0.069825548045293,"Extremely Low","Rare good event - unusually low cases to date",-1.55963514299417,"Extremely Low",0.0130110883907054,"Rare good event - unusually low cases to date","Cayman Islands"
"CYM",8,11,3.05352757384246,16.4285714285714,2.62059535501707,56.7142857142858,16.4285714285714,56.7142857142857,0.596371071769761,0.174428385423273,2025,"WHO",2025-11-01,0,0,0,10,1,TRUE,"applied_mean",NA,4,"2025/2026","Observed",0,0,0,0,NA,0,"Caribbean","Cayman Islands",2.62059535501707,56.7142857142858,0.028140308943159,"Extremely Low","Rare good event - unusually low cases to date",-1.58267294626542,"Extremely Low",0.0130110883907054,"Rare good event - unusually low cases to date","Cayman Islands"
"CYM",9,12,1.96445795894761,5.42857142857143,2.86627712866583,62.1428571428573,5.42857142857143,62.1428571428571,0.663524917456584,0.0671538456868236,2025,"WHO",2025-12-01,0,0,0,9,1,TRUE,"applied_mean",NA,4,"2025/2026","Observed",0,0,0,0,NA,0,"Caribbean","Cayman Islands",2.86627712866583,62.1428571428573,0.0130110883907054,"Extremely Low","Rare good event - unusually low cases to date",-1.65526490155443,"Extremely Low",0.0130110883907054,"Rare good event - unusually low cases to date","Cayman Islands"
"CYM",10,1,5.10622522544776,15,6.27776113887815,77.1428571428571,15,77.1428571428571,0.882331171069861,0.218806253613277,2026,"WHO",2026-01-01,0,0,0,8,1,TRUE,"applied_mean",NA,4,"2025/2026","Observed",0,0,0,0,NA,0,"Caribbean","Cayman Islands",6.27776113887815,77.1428571428571,8.85385438738049e-06,"Extremely Low","Rare good event - unusually low cases to date",-2.40942577199127,"Extremely Low",0.0130110883907054,"Rare good event - unusually low cases to date","Cayman Islands"
"CYM",11,2,1.13852118556942,8.71428571428572,6.1458657473148,85.8571428571429,8.71428571428571,85.8571428571429,0.975968693573048,0.0936375225031865,2026,"WHO",2026-02-01,0,0,0,7,1,TRUE,"applied_mean",NA,4,"2025/2026","Observed",0,0,0,0,NA,0,"Caribbean","Cayman Islands",6.1458657473148,85.8571428571429,5.98772775241511e-06,"Extremely Low","Rare good event - unusually low cases to date",-2.39485231038223,"Extremely Low",0.0130110883907054,"Rare good event - unusually low cases to date","Cayman Islands"
"CYM",12,3,1.81147413988399,1.85714285714286,6.39688327101154,87.7142857142858,1.85714285714286,87.7142857142857,1,0.0240313064269521,2026,"WHO",2026-03-01,0,0,0,6,1,TRUE,"applied_mean",NA,4,"2025/2026","Observed",0,0,0,0,NA,0,"Caribbean","Cayman Islands",6.39688327101154,87.7142857142858,3.39260868956847e-06,"Extremely Low","Rare good event - unusually low cases to date",-2.44173649590591,"Extremely Low",0.0130110883907054,"Rare good event - unusually low cases to date","Cayman Islands"
"CYM",1,4,20.8489482429073,1.28571428571429,20.8489482429073,1.28571428571429,1.28571428571429,1.28571428571429,0.0143189906981809,0.0143189906981809,2026,"WHO",2026-04-01,0,0,0,5,1,TRUE,"applied_mean",NA,4,"2026/2027","Observed",0,0,0,0,NA,0,"Caribbean","Cayman Islands",20.8489482429073,1.28571428571429,28.7185043101427,"Normal","Average - typical case load at this point",-1.1004691134066,"Extremely Low",0.0130110883907054,"Rare good event - unusually low cases to date","Cayman Islands"
"CYM",2,5,4.62123655754132,1.57142857142857,1.4467725477233,2.85714285714286,1.57142857142857,2.85714285714286,0.031544240024317,0.0172252493261362,2026,"WHO",2026-05-01,0,0,0,4,1,TRUE,"applied_mean",NA,4,"2026/2027","Observed",0,0,0,0,NA,0,"Caribbean","Cayman Islands",1.4467725477233,2.85714285714286,20.6540894506753,"Low","Below average - fewer cases than typical at this point",-0.980018432947813,"Extremely Low",0.0130110883907054,"Rare good event - unusually low cases to date","Cayman Islands"
"CYM",3,6,NA,NA,1.67718572112058,4.71428571428571,1.85714285714286,4.71428571428571,0.0552007975058993,0.0236565574815822,2026,"WHO",2026-06-01,0,0,NA,3,NA,FALSE,"insufficient_n_rf",NA,4,"2026/2027","Observed",0,0,0,0,NA,0,"Caribbean","Cayman Islands",1.67718572112058,4.71428571428571,10.6052781193323,"Low","Below average - fewer cases than typical at this point",-1.11223895557727,"Extremely Low",0.0130110883907054,"Rare good event - unusually low cases to date","Cayman Islands"
"CYM",4,7,3.05829226489598,6.57142857142858,3.69195962477613,11.2857142857143,6.57142857142857,11.2857142857143,0.121840384176881,0.0666395866709822,2026,"WHO",2026-07-01,0,0,NA,2,NA,FALSE,"no_lookup_match",NA,4,"2026/2027","Observed",0,0,0,0,NA,0,"Caribbean","Cayman Islands",3.69195962477613,11.2857142857143,0.568324752175718,"Extremely Low","Rare good event - unusually low cases to date",-1.66790308358664,"Extremely Low",0.0130110883907054,"Rare good event - unusually low cases to date","Cayman Islands"
"CYM",5,8,4.90589293914927,2.71428571428571,3.81322115614389,14,2.71428571428571,14,0.154600560428197,0.0327601762513152,2026,"Estimates",2026-08-01,0,0,0,7,1,TRUE,"applied_mean","not_missing",4,"2026/2027","Unobserved",0,0,0,0,0,0,"Caribbean","Cayman Islands",3.81322115614389,14,0.28005112409468,"Extremely Low","Rare good event - unusually low cases to date",-1.73116628249265,"Extremely Low",0.0130110883907054,"Rare good event - unusually low cases to date","Cayman Islands"
"CYM",6,9,5.82475753290668,6.71428571428571,3.53727679810975,20.7142857142857,6.71428571428571,20.7142857142857,0.22762470370596,0.0730241432777629,2026,NA,2026-09-01,NA,NA,NA,NA,NA,NA,NA,NA,4,"2026/2027","Unobserved",0,0,0,0,NA,0,"Caribbean","Cayman Islands",3.53727679810975,20.7142857142857,0.110302811711028,"Extremely Low","Rare good event - unusually low cases to date",-1.73819958244291,"Extremely Low",0.0130110883907054,"Rare good event - unusually low cases to date","Cayman Islands"
"CYM",7,10,1.88720154317698,19.5714285714286,2.58877252974719,40.2857142857143,19.5714285714286,40.2857142857143,0.421942686346487,0.194317982640528,2026,NA,2026-10-01,NA,NA,NA,NA,NA,NA,NA,NA,4,"2026/2027","Unobserved",0,0,0,0,NA,0,"Caribbean","Cayman Islands",2.58877252974719,40.2857142857143,0.069825548045293,"Extremely Low","Rare good event - unusually low cases to date",-1.55963514299417,"Extremely Low",0.0130110883907054,"Rare good event - unusually low cases to date","Cayman Islands"
"CYM",8,11,3.05352757384246,16.4285714285714,2.62059535501707,56.7142857142858,16.4285714285714,56.7142857142857,0.596371071769761,0.174428385423273,2026,NA,2026-11-01,NA,NA,NA,NA,NA,NA,NA,NA,4,"2026/2027","Unobserved",0,0,0,0,NA,0,"Caribbean","Cayman Islands",2.62059535501707,56.7142857142858,0.028140308943159,"Extremely Low","Rare good event - unusually low cases to date",-1.58267294626542,"Extremely Low",0.0130110883907054,"Rare good event - unusually low cases to date","Cayman Islands"
"CYM",9,12,1.96445795894761,5.42857142857143,2.86627712866583,62.1428571428573,5.42857142857143,62.1428571428571,0.663524917456584,0.0671538456868236,2026,NA,2026-12-01,NA,NA,NA,NA,NA,NA,NA,NA,4,"2026/2027","Unobserved",0,0,0,0,NA,0,"Caribbean","Cayman Islands",2.86627712866583,62.1428571428573,0.0130110883907054,"Extremely Low","Rare good event - unusually low cases to date",-1.65526490155443,"Extremely Low",0.0130110883907054,"Rare good event - unusually low cases to date","Cayman Islands"
"DOM",11,1,0.872337330132867,771.5625,1.23202545015728,8914.43750000001,771.5625,8914.4375,0.94265446118087,0.0756937936439894,2025,"PAHO",2025-01-01,201,201,NA,86,NA,FALSE,"no_lookup_match","current_month_missing",3,"2024/2025","Observed",201,201,367,2320,NA,367,"Caribbean","Dominican Republic",1.23202545015728,8914.43750000001,1.0692205434422,"Extremely Low","Rare good event - unusually low cases to date",-1.08486427185475,"Low",13.8921457496263,"Below average - fewer cases than typical at this point","Dominican Republic"
"DOM",12,2,1.33591902011721,430.25,1.26420775386839,9344.68750000001,430.25,9344.6875,1,0.0573455388191299,2025,"PAHO",2025-02-01,166,166,NA,82,NA,FALSE,"no_lookup_match","current_month_missing",3,"2024/2025","Observed",367,367,367,2320,NA,367,"Caribbean","Dominican Republic",1.26420775386839,9344.68750000001,1.91956180728136,"Extremely Low","Rare good event - unusually low cases to date",-1.08013876189424,"Low",13.8921457496263,"Below average - fewer cases than typical at this point","Dominican Republic"
"DOM",1,3,1.63065663968148,446.437499999999,1.63065663968148,446.437499999999,446.4375,446.4375,0.083504063431831,0.083504063431831,2025,"PAHO",2025-03-01,239,239,NA,77,NA,FALSE,"no_lookup_match","current_month_missing",3,"2025/2026","Observed",239,606,1861,2320,NA,1861,"Caribbean","Dominican Republic",1.63065663968148,446.437499999999,32.8323526884293,"Normal","Average - typical case load at this point",-0.592265120886275,"Low",13.8921457496263,"Below average - fewer cases than typical at this point","Dominican Republic"
"DOM",2,4,1.93130399782075,366.687499999999,1.89768838534126,813.125,366.6875,813.125,0.145319648088395,0.0618155846565643,2025,"PAHO",2025-04-01,126,126,NA,73,NA,FALSE,"no_lookup_match","current_month_missing",3,"2025/2026","Observed",365,732,1861,2320,NA,1861,"Caribbean","Dominican Republic",1.89768838534126,813.125,23.7545825172901,"Low","Below average - fewer cases than typical at this point",-0.758312328086778,"Low",13.8921457496263,"Below average - fewer cases than typical at this point","Dominican Republic"
"DOM",3,5,2.0821520064582,409.25,2.08451007690759,1222.375,409.25,1222.375,0.209329794445528,0.064010146357133,2025,"PAHO",2025-05-01,166,166,NA,69,NA,FALSE,"no_lookup_match","current_month_missing",3,"2025/2026","Observed",531,898,1861,2320,NA,1861,"Caribbean","Dominican Republic",2.08451007690759,1222.375,20.9003845727874,"Low","Below average - fewer cases than typical at this point",-0.815908066956175,"Low",13.8921457496263,"Below average - fewer cases than typical at this point","Dominican Republic"
"DOM",4,6,1.41798470859826,523.437499999999,1.94208470286837,1745.8125,523.4375,1745.8125,0.280775228902614,0.071445434457086,2025,"PAHO",2025-06-01,178,178,NA,64,NA,FALSE,"no_lookup_match","current_month_missing",3,"2025/2026","Observed",709,1076,1861,2320,NA,1861,"Caribbean","Dominican Republic",1.94208470286837,1745.8125,20.1595455179476,"Low","Below average - fewer cases than typical at this point",-0.827170969295758,"Low",13.8921457496263,"Below average - fewer cases than typical at this point","Dominican Republic"
"DOM",5,7,1.10809809241607,700.624999999999,1.82835221673229,2446.4375,700.625,2446.4375,0.356148723277742,0.0753734943751279,2025,"PAHO",2025-07-01,139,139,NA,60,NA,FALSE,"no_lookup_match","current_month_missing",3,"2025/2026","Observed",848,1215,1861,2320,NA,1861,"Caribbean","Dominican Republic",1.82835221673229,2446.4375,17.030861404902,"Low","Below average - fewer cases than typical at this point",-0.883139359841948,"Low",13.8921457496263,"Below average - fewer cases than typical at this point","Dominican Republic"
"DOM",6,8,0.930782050714144,905.374999999999,1.67896542770205,3351.8125,905.375,3351.8125,0.440455948449978,0.0843072251722355,2025,"PAHO",2025-08-01,117,117,NA,56,NA,FALSE,"no_lookup_match","current_month_missing",3,"2025/2026","Observed",965,1332,1861,2320,NA,1861,"Caribbean","Dominican Republic",1.67896542770205,3351.8125,14.4786039974945,"Low","Below average - fewer cases than typical at this point",-0.922466746647468,"Low",13.8921457496263,"Below average - fewer cases than typical at this point","Dominican Republic"
"DOM",7,9,0.734432486858649,1326.0625,1.42471980821753,4677.875,1326.0625,4677.875,0.548502620690128,0.10804667224015,2025,"PAHO",2025-09-01,168,168,NA,51,1,TRUE,"applied_mean","previous_month_missing",3,"2025/2026","Observed",1133,1500,1861,2320,NA,1861,"Caribbean","Dominican Republic",1.42471980821753,4677.875,14.2781625719555,"Low","Below average - fewer cases than typical at this point",-0.904379935835731,"Low",13.8921457496263,"Below average - fewer cases than typical at this point","Dominican Republic"
"DOM",8,10,0.718349262474688,1605.6875,1.25238814495957,6283.5625,1605.6875,6283.5625,0.6797566920054,0.131254071315272,2025,"PAHO",2025-10-01,172,172,172,47,1,TRUE,"applied_mean","not_missing",3,"2025/2026","Observed",1305,1672,1861,2320,NA,1861,"Caribbean","Dominican Republic",1.25238814495957,6283.5625,14.1705328974422,"Low","Below average - fewer cases than typical at this point",-0.886592846075998,"Low",13.8921457496263,"Below average - fewer cases than typical at this point","Dominican Republic"
"DOM",9,11,1.01917241447328,992.75,1.27178086930765,7276.3125,992.75,7276.3125,0.786539292425325,0.106782600419925,2025,"PAHO",2025-11-01,196,196,196,43,1,TRUE,"applied_mean","not_missing",3,"2025/2026","Observed",1501,1868,1861,2320,NA,1861,"Caribbean","Dominican Republic",1.27178086930765,7276.3125,13.7694192024254,"Low","Below average - fewer cases than typical at this point",-0.895019174320438,"Low",13.8921457496263,"Below average - fewer cases than typical at this point","Dominican Republic"
"DOM",10,12,0.884065193605281,866.5625,1.24169360218905,8142.87499999999,866.5625,8142.875,0.866960667536881,0.080421375111556,2025,"PAHO",2025-12-01,143,143,143,39,1,TRUE,"applied_mean","not_missing",3,"2025/2026","Observed",1644,2011,1861,2320,NA,1861,"Caribbean","Dominican Republic",1.24169360218905,8142.87499999999,13.8921457496263,"Low","Below average - fewer cases than typical at this point",-0.889271814470156,"Low",13.8921457496263,"Below average - fewer cases than typical at this point","Dominican Republic"
"DOM",11,1,0.872337330132867,771.5625,1.23202545015728,8914.43750000001,771.5625,8914.4375,0.94265446118087,0.0756937936439894,2026,"PAHO",2026-01-01,132,132,132,34,1,TRUE,"applied_mean","not_missing",3,"2025/2026","Observed",1776,132,1861,2109,NA,1861,"Caribbean","Dominican Republic",1.23202545015728,8914.43750000001,13.8374756284005,"Low","Below average - fewer cases than typical at this point",-0.888769306099706,"Low",5.31285042544369,"Below average - fewer cases than typical at this point","Dominican Republic"
"DOM",12,2,1.33591902011721,430.25,1.26420775386839,9344.68750000001,430.25,9344.6875,1,0.0573455388191299,2026,"PAHO",2026-02-01,85,85,85,30,1,TRUE,"applied_mean","not_missing",3,"2025/2026","Observed",1861,217,1861,2109,NA,1861,"Caribbean","Dominican Republic",1.26420775386839,9344.68750000001,13.3416713302736,"Low","Below average - fewer cases than typical at this point",-0.900390100530166,"Low",5.31285042544369,"Below average - fewer cases than typical at this point","Dominican Republic"
"DOM",1,3,1.63065663968148,446.437499999999,1.63065663968148,446.437499999999,446.4375,446.4375,0.083504063431831,0.083504063431831,2026,"PAHO",2026-03-01,103,103,103,25,0.999661933739013,TRUE,"applied_mean","not_missing",3,"2026/2027","Observed",103,320,1617,2109,NA,1617,"Caribbean","Dominican Republic",1.63065663968148,446.437499999999,11.213439391254,"Low","Below average - fewer cases than typical at this point",-0.980565483359471,"Low",5.31285042544369,"Below average - fewer cases than typical at this point","Dominican Republic"
"DOM",2,4,1.93130399782075,366.687499999999,1.89768838534126,813.125,366.6875,813.125,0.145319648088395,0.0618155846565643,2026,"PAHO",2026-04-01,93,93,93,21,1,TRUE,"applied_mean","not_missing",3,"2026/2027","Observed",196,413,1617,2109,NA,1617,"Caribbean","Dominican Republic",1.89768838534126,813.125,9.36217052264612,"Low","Below average - fewer cases than typical at this point",-1.04429231904168,"Low",5.31285042544369,"Below average - fewer cases than typical at this point","Dominican Republic"
"DOM",3,5,2.0821520064582,409.25,2.08451007690759,1222.375,409.25,1222.375,0.209329794445528,0.064010146357133,2026,"PAHO",2026-05-01,135,135,135,17,1,TRUE,"applied_mean","not_missing",3,"2026/2027","Observed",331,548,1617,2109,NA,1617,"Caribbean","Dominican Republic",2.08451007690759,1222.375,9.72155833118121,"Low","Below average - fewer cases than typical at this point",-1.05193281964644,"Low",5.31285042544369,"Below average - fewer cases than typical at this point","Dominican Republic"
"DOM",4,6,1.41798470859826,523.437499999999,1.94208470286837,1745.8125,523.4375,1745.8125,0.280775228902614,0.071445434457086,2026,"PAHO",2026-06-01,165,165,165,12,1,TRUE,"applied_mean","not_missing",3,"2026/2027","Observed",496,713,1617,2109,NA,1617,"Caribbean","Dominican Republic",1.94208470286837,1745.8125,11.6865623405373,"Low","Below average - fewer cases than typical at this point",-0.99710277129467,"Low",5.31285042544369,"Below average - fewer cases than typical at this point","Dominican Republic"
"DOM",5,7,1.10809809241607,700.624999999999,1.82835221673229,2446.4375,700.625,2446.4375,0.356148723277742,0.0753734943751279,2026,"PAHO",2026-07-01,145,145,145,8,1,TRUE,"applied_mean","not_missing",3,"2026/2027","Observed",641,858,1617,2109,NA,1617,"Caribbean","Dominican Republic",1.82835221673229,2446.4375,11.2346649687938,"Low","Below average - fewer cases than typical at this point",-0.997507201867228,"Low",5.31285042544369,"Below average - fewer cases than typical at this point","Dominican Republic"
"DOM",6,8,0.930782050714144,905.374999999999,1.67896542770205,3351.8125,905.375,3351.8125,0.440455948449978,0.0843072251722355,2026,"PAHO",2026-08-01,71,71,71,6,1,TRUE,"applied_mean","not_missing",3,"2026/2027","Observed",712,929,1617,2109,NA,1617,"Caribbean","Dominican Republic",1.67896542770205,3351.8125,9.38350583951566,"Low","Below average - fewer cases than typical at this point",-1.0202474005119,"Low",5.31285042544369,"Below average - fewer cases than typical at this point","Dominican Republic"
"DOM",7,9,0.734432486858649,1326.0625,1.42471980821753,4677.875,1326.0625,4677.875,0.548502620690128,0.10804667224015,2026,NA,2026-09-01,NA,NA,NA,NA,NA,NA,NA,NA,3,"2026/2027","Unobserved",712,929,1617,2109,NA,1617,"Caribbean","Dominican Republic",1.42471980821753,4677.875,7.92905930539834,"Low","Below average - fewer cases than typical at this point",-1.01178681280229,"Low",5.31285042544369,"Below average - fewer cases than typical at this point","Dominican Republic"
"DOM",8,10,0.718349262474688,1605.6875,1.25238814495957,6283.5625,1605.6875,6283.5625,0.6797566920054,0.131254071315272,2026,NA,2026-10-01,NA,NA,NA,NA,NA,NA,NA,NA,3,"2026/2027","Unobserved",712,929,1617,2109,NA,1617,"Caribbean","Dominican Republic",1.25238814495957,6283.5625,7.07922155483482,"Low","Below average - fewer cases than typical at this point",-0.992195529124181,"Low",5.31285042544369,"Below average - fewer cases than typical at this point","Dominican Republic"
"DOM",9,11,1.01917241447328,992.75,1.27178086930765,7276.3125,992.75,7276.3125,0.786539292425325,0.106782600419925,2026,NA,2026-11-01,NA,NA,NA,NA,NA,NA,NA,NA,3,"2026/2027","Unobserved",712,929,1617,2109,NA,1617,"Caribbean","Dominican Republic",1.27178086930765,7276.3125,5.75565925539242,"Low","Below average - fewer cases than typical at this point",-1.01729309950437,"Low",5.31285042544369,"Below average - fewer cases than typical at this point","Dominican Republic"
"DOM",10,12,0.884065193605281,866.5625,1.24169360218905,8142.87499999999,866.5625,8142.875,0.866960667536881,0.080421375111556,2026,NA,2026-12-01,NA,NA,NA,NA,NA,NA,NA,NA,3,"2026/2027","Unobserved",712,929,1617,2109,NA,1617,"Caribbean","Dominican Republic",1.24169360218905,8142.87499999999,5.31285042544369,"Low","Below average - fewer cases than typical at this point",-1.01680178405507,"Low",5.31285042544369,"Below average - fewer cases than typical at this point","Dominican Republic"
"ECU",3,1,2.39436822573531,1513.46666666667,2.19268805279974,3444.40000000001,1513.46666666667,3444.4,0.181524718814799,0.0800842512294294,2025,"PAHO",2025-01-01,4513,4513,NA,86,NA,FALSE,"no_lookup_match","current_month_missing",11,"2024/2025","Observed",4513,4513,35851,373904,NA,35851,"South America","Ecuador",2.19268805279974,3444.40000000001,73.9243135167711,"Normal","Average - typical case load at this point",0.459252811349273,"Normal",63.9447441013238,"Average - typical case load at this point","Ecuador"
"ECU",4,2,2.18642584777095,1797.8,2.33256577605185,5242.20000000001,1797.8,5242.2,0.271546540006414,0.0900218211916155,2025,"PAHO",2025-02-01,4122,4122,NA,82,NA,FALSE,"no_lookup_match","current_month_missing",11,"2024/2025","Observed",8635,8635,35851,373904,NA,35851,"South America","Ecuador",2.33256577605185,5242.20000000001,85.1241434323814,"High","Above average - more cases than typical at this point",0.988245903542465,"Normal",63.9447441013238,"Average - typical case load at this point","Ecuador"
"ECU",5,3,1.84815261536019,2639.86666666667,2.3819586290529,7882.06666666668,2639.86666666667,7882.06666666667,0.393532992564491,0.121986452558077,2025,"PAHO",2025-03-01,5770,5770,NA,77,NA,FALSE,"no_lookup_match","current_month_missing",11,"2024/2025","Observed",14405,14405,35851,373904,NA,35851,"South America","Ecuador",2.3819586290529,7882.06666666668,89.2590635616578,"High","Above average - more cases than typical at this point",1.27703950192332,"Normal",63.9447441013238,"Average - typical case load at this point","Ecuador"
"ECU",6,4,1.62557232243241,2781.26666666667,2.28904852427672,10663.3333333334,2781.26666666667,10663.3333333333,0.516747837850423,0.123214845285932,2025,"PAHO",2025-04-01,4985,4985,NA,73,NA,FALSE,"no_lookup_match","current_month_missing",11,"2024/2025","Observed",19390,19390,35851,373904,NA,35851,"South America","Ecuador",2.28904852427672,10663.3333333334,88.7815746670932,"High","Above average - more cases than typical at this point",1.23804460706676,"Normal",63.9447441013238,"Average - typical case load at this point","Ecuador"
"ECU",7,5,1.34410488112701,3296.2,2.09667973821434,13959.5333333334,3296.2,13959.5333333333,0.655379372448968,0.138631534598545,2025,"PAHO",2025-05-01,5324,5324,NA,69,NA,FALSE,"no_lookup_match","current_month_missing",11,"2024/2025","Observed",24714,24714,35851,373904,NA,35851,"South America","Ecuador",2.09667973821434,13959.5333333334,87.1730493835364,"High","Above average - more cases than typical at this point",1.11545335602305,"Normal",63.9447441013238,"Average - typical case load at this point","Ecuador"
"ECU",8,6,1.6483685470273,2531.53333333334,2.08037610642126,16491.0666666667,2531.53333333333,16491.0666666667,0.768809047755527,0.113429675306559,2025,"PAHO",2025-06-01,4741,4741,NA,64,NA,FALSE,"no_lookup_match","current_month_missing",11,"2024/2025","Observed",29455,29455,35851,373904,NA,35851,"South America","Ecuador",2.08037610642126,16491.0666666667,87.4374528981483,"High","Above average - more cases than typical at this point",1.13378727517731,"Normal",63.9447441013238,"Average - typical case load at this point","Ecuador"
"ECU",9,7,2.22758702727714,1822.33333333333,2.1467328167166,18313.4,1822.33333333333,18313.4,0.857657688378112,0.0888486406225844,2025,"PAHO",2025-07-01,2452,2452,NA,60,NA,FALSE,"no_lookup_match","current_month_missing",11,"2024/2025","Observed",31907,31907,35851,373904,NA,35851,"South America","Ecuador",2.1467328167166,18313.4,86.7493455446664,"High","Above average - more cases than typical at this point",1.0874994595067,"Normal",63.9447441013238,"Average - typical case load at this point","Ecuador"
"ECU",10,8,2.0877888151884,1102.13333333334,2.19157848634798,19415.5333333333,1102.13333333333,19415.5333333333,0.91248608735457,0.054828398976458,2025,"PAHO",2025-08-01,1415,1415,NA,56,NA,FALSE,"no_lookup_match","current_month_missing",11,"2024/2025","Observed",33322,33322,35851,373904,NA,35851,"South America","Ecuador",2.19157848634798,19415.5333333333,86.3245206922152,"High","Above average - more cases than typical at this point",1.06028222034726,"Normal",63.9447441013238,"Average - typical case load at this point","Ecuador"
"ECU",11,9,1.90194120086318,890.600000000002,2.22931926468543,20306.1333333333,890.6,20306.1333333333,0.957525445337451,0.0450393579828808,2025,"PAHO",2025-09-01,1507,1433,NA,51,1.00212018607142,TRUE,"applied_mean","previous_month_missing",11,"2024/2025","Observed",34829,34829,35851,373904,NA,35851,"South America","Ecuador",2.22931926468543,20306.1333333333,86.4241892520559,"High","Above average - more cases than typical at this point",1.06779384420819,"Normal",63.9447441013238,"Average - typical case load at this point","Ecuador"
"ECU",12,10,1.61150520751523,855.8,2.2512285597241,21161.9333333333,855.8,21161.9333333333,1,0.0424745546625493,2025,"PAHO",2025-10-01,1022,1020,1022,47,1.00213451507739,TRUE,"applied_mean","not_missing",11,"2024/2025","Observed",35851,35851,35851,373904,NA,35851,"South America","Ecuador",2.2512285597241,21161.9333333333,86.0104673849947,"High","Above average - more cases than typical at this point",1.04141914125148,"Normal",63.9447441013238,"Average - typical case load at this point","Ecuador"
"ECU",1,11,1.77009330809477,793.199999999998,1.77009330809477,793.199999999998,793.2,793.2,0.0413825010781001,0.0413825010781001,2025,"PAHO",2025-11-01,954,948,954,43,1.00223415450673,TRUE,"applied_mean","not_missing",11,"2025/2026","Observed",954,36805,38001,373904,NA,38001,"South America","Ecuador",1.77009330809477,793.199999999998,69.2562929472388,"Normal","Average - typical case load at this point",0.269412273203826,"Normal",63.9447441013238,"Average - typical case load at this point","Ecuador"
"ECU",2,12,1.41256313435343,1137.73333333333,1.63843901998822,1930.93333333334,1137.73333333333,1930.93333333333,0.101440467585369,0.060057966507269,2025,"PAHO",2025-12-01,1124,1117,1124,38,1.00235219343574,TRUE,"applied_mean","not_missing",11,"2025/2026","Observed",2078,37929,38001,373904,NA,38001,"South America","Ecuador",1.63843901998822,1930.93333333334,63.9447441013238,"Normal","Average - typical case load at this point",0.0974491228638974,"Normal",63.9447441013238,"Average - typical case load at this point","Ecuador"
"ECU",3,1,2.39436822573531,1513.46666666667,2.19268805279974,3444.40000000001,1513.46666666667,3444.4,0.181524718814799,0.0800842512294294,2026,"PAHO",2026-01-01,1788,1784,1788,34,1.00240578209109,TRUE,"applied_mean","not_missing",11,"2025/2026","Observed",3866,1788,38001,35723,NA,38001,"South America","Ecuador",2.19268805279974,3444.40000000001,65.5205807039341,"Normal","Average - typical case load at this point",0.181191264518858,"Extremely Low",0.000927252680386651,"Rare good event - unusually low cases to date","Ecuador"
"ECU",4,2,2.18642584777095,1797.8,2.33256577605185,5242.20000000001,1797.8,5242.2,0.271546540006414,0.0900218211916155,2026,"PAHO",2026-02-01,2117,2112,2117,30,1.0022537416861,TRUE,"applied_mean","not_missing",11,"2025/2026","Observed",5983,3905,38001,35723,NA,38001,"South America","Ecuador",2.33256577605185,5242.20000000001,66.4290804855489,"Normal","Average - typical case load at this point",0.215778284998895,"Extremely Low",0.000927252680386651,"Rare good event - unusually low cases to date","Ecuador"
"ECU",5,3,1.84815261536019,2639.86666666667,2.3819586290529,7882.06666666668,2639.86666666667,7882.06666666667,0.393532992564491,0.121986452558077,2026,"PAHO",2026-03-01,4066,4063,4066,25,1.00150808210746,TRUE,"applied_mean","not_missing",11,"2025/2026","Observed",10049,7971,38001,35723,NA,38001,"South America","Ecuador",2.3819586290529,7882.06666666668,72.7094888555743,"Normal","Average - typical case load at this point",0.424235435698822,"Extremely Low",0.000927252680386651,"Rare good event - unusually low cases to date","Ecuador"
"ECU",6,4,1.62557232243241,2781.26666666667,2.28904852427672,10663.3333333334,2781.26666666667,10663.3333333333,0.516747837850423,0.123214845285932,2026,"PAHO",2026-04-01,4119,4119,4119,21,1.00096258940444,TRUE,"applied_mean","not_missing",11,"2025/2026","Observed",14168,12090,38001,35723,NA,38001,"South America","Ecuador",2.28904852427672,10663.3333333334,74.800829442288,"Normal","Average - typical case load at this point",0.497204010645525,"Extremely Low",0.000927252680386651,"Rare good event - unusually low cases to date","Ecuador"
"ECU",7,5,1.34410488112701,3296.2,2.09667973821434,13959.5333333334,3296.2,13959.5333333333,0.655379372448968,0.138631534598545,2026,"PAHO",2026-05-01,4450,4449,4450,17,1.00077133676148,TRUE,"applied_mean","not_missing",11,"2025/2026","Observed",18618,16540,38001,35723,NA,38001,"South America","Ecuador",2.09667973821434,13959.5333333334,74.6882914751005,"Normal","Average - typical case load at this point",0.483176194442138,"Extremely Low",0.000927252680386651,"Rare good event - unusually low cases to date","Ecuador"
"ECU",8,6,1.6483685470273,2531.53333333334,2.08037610642126,16491.0666666667,2531.53333333333,16491.0666666667,0.768809047755527,0.113429675306559,2026,"PAHO",2026-06-01,5669,5667,5669,12,1.00066460926896,TRUE,"applied_mean","not_missing",11,"2025/2026","Observed",24287,22209,38001,35723,NA,38001,"South America","Ecuador",2.08037610642126,16491.0666666667,79.4578091760459,"High","Above average - more cases than typical at this point",0.681809276875637,"Extremely Low",0.000927252680386651,"Rare good event - unusually low cases to date","Ecuador"
"ECU",9,7,2.22758702727714,1822.33333333333,2.1467328167166,18313.4,1822.33333333333,18313.4,0.857657688378112,0.0888486406225844,2026,"PAHO",2026-07-01,5221,5219,5221,8,1.00063433643582,TRUE,"applied_mean","not_missing",11,"2025/2026","Observed",29508,27430,38001,35723,NA,38001,"South America","Ecuador",2.1467328167166,18313.4,83.6284409917956,"High","Above average - more cases than typical at this point",0.895577437131714,"Extremely Low",0.000927252680386651,"Rare good event - unusually low cases to date","Ecuador"
"ECU",10,8,2.0877888151884,1102.13333333334,2.19157848634798,19415.5333333333,1102.13333333333,19415.5333333333,0.91248608735457,0.054828398976458,2026,"PAHO",2026-08-01,5167,5163,5167,4,1.00063077279599,TRUE,"applied_mean","not_missing",11,"2025/2026","Observed",34675,32597,38001,35723,NA,38001,"South America","Ecuador",2.19157848634798,19415.5333333333,87.8146378870197,"High","Above average - more cases than typical at this point",1.16344011649125,"Extremely Low",0.000927252680386651,"Rare good event - unusually low cases to date","Ecuador"
"ECU",11,9,1.90194120086318,890.600000000002,2.22931926468543,20306.1333333333,890.6,20306.1333333333,0.957525445337451,0.0450393579828808,2026,NA,2026-09-01,NA,NA,NA,NA,NA,NA,NA,NA,11,"2025/2026","Unobserved",34675,32597,38001,35723,NA,38001,"South America","Ecuador",2.22931926468543,20306.1333333333,86.251667735747,"High","Above average - more cases than typical at this point",1.05647099343896,"Extremely Low",0.000927252680386651,"Rare good event - unusually low cases to date","Ecuador"
"ECU",12,10,1.61150520751523,855.8,2.2512285597241,21161.9333333333,855.8,21161.9333333333,1,0.0424745546625493,2026,NA,2026-10-01,NA,NA,NA,NA,NA,NA,NA,NA,11,"2025/2026","Unobserved",34675,32597,38001,35723,NA,38001,"South America","Ecuador",2.2512285597241,21161.9333333333,84.65502992385,"High","Above average - more cases than typical at this point",0.958043598209602,"Extremely Low",0.000927252680386651,"Rare good event - unusually low cases to date","Ecuador"
"ECU",1,11,1.77009330809477,793.199999999998,1.77009330809477,793.199999999998,793.2,793.2,0.0413825010781001,0.0413825010781001,2026,NA,2026-11-01,NA,NA,NA,NA,NA,NA,NA,NA,11,"2026/2027","Unobserved",0,32597,NA,35723,NA,NA,"South America","Ecuador",1.77009330809477,793.199999999998,0.00201876058869803,"Extremely Low","Rare good event - unusually low cases to date",-1.32896651184871,"Extremely Low",0.000927252680386651,"Rare good event - unusually low cases to date","Ecuador"
"ECU",2,12,1.41256313435343,1137.73333333333,1.63843901998822,1930.93333333334,1137.73333333333,1930.93333333333,0.101440467585369,0.060057966507269,2026,NA,2026-12-01,NA,NA,NA,NA,NA,NA,NA,NA,11,"2026/2027","Unobserved",0,32597,NA,35723,NA,NA,"South America","Ecuador",1.63843901998822,1930.93333333334,0.000927252680386651,"Extremely Low","Rare good event - unusually low cases to date",-1.27947252703083,"Extremely Low",0.000927252680386651,"Rare good event - unusually low cases to date","Ecuador"
"ERI",7,1,27.3514412614329,947.999999999999,34.1329860052054,7528.40000000001,948,7528.4,0.621686399623354,0.0792255066495862,2025,"Estimates",2025-01-01,6,NA,NA,NA,NA,NA,NA,NA,7,"2024/2025","Unobserved",6,6,76,7960,6.02113850536855,88,"Sub-Saharan Africa","Eritrea",34.1329860052054,7528.40000000001,3.336265672623e-72,"Extremely Low","Rare good event - unusually low cases to date",-5.8244990725513,"Extremely Low",2.32695770459021,"Rare good event - unusually low cases to date","Eritrea"
"ERI",8,2,5.05280064644595,1103.2,26.6088698030362,8631.59999999999,1103.2,8631.6,0.707801854641137,0.0861154550177836,2025,"WHO",2025-02-01,18,18,NA,19,NA,FALSE,"no_lookup_match",NA,7,"2024/2025","Observed",24,24,76,7960,NA,88,"Sub-Saharan Africa","Eritrea",26.6088698030362,8631.59999999999,2.34821855650096e-51,"Extremely Low","Rare good event - unusually low cases to date",-5.13612528308732,"Extremely Low",2.32695770459021,"Rare good event - unusually low cases to date","Eritrea"
"ERI",9,3,7.19561094397337,1037,23.7430024447411,9668.59999999999,1037,9668.6,0.789984207419738,0.0821823527786009,2025,"Estimates",2025-03-01,6,NA,NA,NA,NA,NA,NA,NA,7,"2024/2025","Unobserved",30,30,76,7960,6.24585881117367,88,"Sub-Saharan Africa","Eritrea",23.7430024447411,9668.59999999999,1.08716238778672e-45,"Extremely Low","Rare good event - unusually low cases to date",-4.85160675358502,"Extremely Low",2.32695770459021,"Rare good event - unusually low cases to date","Eritrea"
"ERI",10,4,6.95635796126118,1045,22.5438599437494,10713.6,1045,10713.6,0.873676914617922,0.0836927071981836,2025,"WHO",2025-04-01,48,48,NA,17,NA,FALSE,"no_lookup_match",NA,7,"2024/2025","Observed",78,78,76,7960,NA,88,"Sub-Saharan Africa","Eritrea",22.5438599437494,10713.6,6.02484264759367e-37,"Extremely Low","Rare good event - unusually low cases to date",-4.70851826285812,"Extremely Low",2.32695770459021,"Rare good event - unusually low cases to date","Eritrea"
"ERI",11,5,12.3201368895043,772.599999999999,22.6436930618212,11486.2,772.6,11486.2,0.936516177906815,0.0628392632888935,2025,"Estimates",2025-05-01,5,NA,NA,NA,NA,NA,NA,NA,7,"2024/2025","Unobserved",83,83,76,7960,4.77578400995591,88,"Sub-Saharan Africa","Eritrea",22.6436930618212,11486.2,2.96635841633583e-37,"Extremely Low","Rare good event - unusually low cases to date",-4.71950377960035,"Extremely Low",2.32695770459021,"Rare good event - unusually low cases to date","Eritrea"
"ERI",12,6,15.2017797569582,769.799999999999,23.5040250116334,12256,769.8,12256,1,0.0634838220931847,2025,"Estimates",2025-06-01,5,NA,NA,NA,NA,NA,NA,NA,7,"2024/2025","Unobserved",88,88,76,7960,4.82477047908204,88,"Sub-Saharan Africa","Eritrea",23.5040250116334,12256,8.8991168669028e-39,"Extremely Low","Rare good event - unusually low cases to date",-4.80867617966859,"Extremely Low",2.32695770459021,"Rare good event - unusually low cases to date","Eritrea"
"ERI",1,7,18.1765963143109,680.2,18.1765963143109,680.2,680.2,680.2,0.0565406795078199,0.0565406795078199,2025,"WHO",2025-07-01,9,9,NA,14,NA,FALSE,"no_lookup_match",NA,7,"2025/2026","Observed",9,97,4291,7960,NA,5365,"Sub-Saharan Africa","Eritrea",18.1765963143109,680.2,6.32895229872164e-21,"Extremely Low","Rare good event - unusually low cases to date",-4.15188271234831,"Extremely Low",2.32695770459021,"Rare good event - unusually low cases to date","Eritrea"
"ERI",2,8,7.27639272358391,756,21.9706365939531,1436.2,756,1436.2,0.118306509932042,0.0617658304242222,2025,"Estimates",2025-08-01,5,NA,NA,NA,NA,NA,NA,NA,7,"2025/2026","Unobserved",14,102,4291,7960,4.69420311224088,5365,"Sub-Saharan Africa","Eritrea",21.9706365939531,1436.2,2.85231597956578e-29,"Extremely Low","Rare good event - unusually low cases to date",-4.60649240214906,"Extremely Low",2.32695770459021,"Rare good event - unusually low cases to date","Eritrea"
"ERI",3,9,4.63017419547139,1158.4,12.6693854269761,2594.6,1158.4,2594.6,0.211750054663239,0.0934435447311966,2025,"WHO",2025-09-01,3493,3493,3493,12,1,TRUE,"applied_mean",NA,7,"2025/2026","Observed",3507,3595,4291,7960,NA,5365,"Sub-Saharan Africa","Eritrea",12.6693854269761,2594.6,88.8512716943112,"High","Above average - more cases than typical at this point",1.24863323768532,"Extremely Low",2.32695770459021,"Rare good event - unusually low cases to date","Eritrea"
"ERI",4,10,9.47677466177154,1376.8,11.3943840792916,3971.4,1376.8,3971.4,0.322954684070643,0.111204629407404,2025,"WHO",2025-10-01,39,39,39,11,1,TRUE,"applied_mean",NA,7,"2025/2026","Observed",3546,3634,4291,7960,NA,5365,"Sub-Saharan Africa","Eritrea",11.3943840792916,3971.4,39.1853046245596,"Normal","Average - typical case load at this point",-0.361058151206847,"Extremely Low",2.32695770459021,"Rare good event - unusually low cases to date","Eritrea"
"ERI",5,11,23.6818239811408,1507.8,14.8208912231306,5479.19999999999,1507.8,5479.2,0.447495636492902,0.124540952422259,2025,"WHO",2025-11-01,465,465,465,10,1,TRUE,"applied_mean",NA,7,"2025/2026","Observed",4011,4099,4291,7960,NA,5365,"Sub-Saharan Africa","Eritrea",14.8208912231306,5479.19999999999,14.6734443091596,"Low","Below average - fewer cases than typical at this point",-1.03019313092945,"Extremely Low",2.32695770459021,"Rare good event - unusually low cases to date","Eritrea"
"ERI",6,12,93.6180516476657,1101.2,25.82195025029,6580.39999999999,1101.2,6580.4,0.542460892973768,0.0949652564808657,2025,"WHO",2025-12-01,246,246,246,9,1,TRUE,"applied_mean",NA,7,"2025/2026","Observed",4257,4345,4291,7960,NA,5365,"Sub-Saharan Africa","Eritrea",25.82195025029,6580.39999999999,2.32695770459021,"Extremely Low","Rare good event - unusually low cases to date",-1.79067090774901,"Extremely Low",2.32695770459021,"Rare good event - unusually low cases to date","Eritrea"
"ERI",7,1,27.3514412614329,947.999999999999,34.1329860052054,7528.40000000001,948,7528.4,0.621686399623354,0.0792255066495862,2026,"Estimates",2026-01-01,340,NA,NA,NA,NA,NA,NA,NA,7,"2025/2026","Unobserved",4597,340,4291,39,339.956649033374,5365,"Sub-Saharan Africa","Eritrea",34.1329860052054,7528.40000000001,0.471164372121859,"Extremely Low","Rare good event - unusually low cases to date",-2.26974590307308,"Extremely Low",6.3145891365041e-18,"Rare good event - unusually low cases to date","Eritrea"
"ERI",8,2,5.05280064644595,1103.2,26.6088698030362,8631.59999999999,1103.2,8631.6,0.707801854641137,0.0861154550177836,2026,"Estimates",2026-02-01,370,NA,NA,NA,NA,NA,NA,NA,7,"2025/2026","Unobserved",4967,710,4291,39,369.521417481309,5365,"Sub-Saharan Africa","Eritrea",26.6088698030362,8631.59999999999,0.557631100893593,"Extremely Low","Rare good event - unusually low cases to date",-2.1866542023795,"Extremely Low",6.3145891365041e-18,"Rare good event - unusually low cases to date","Eritrea"
"ERI",9,3,7.19561094397337,1037,23.7430024447411,9668.59999999999,1037,9668.6,0.789984207419738,0.0821823527786009,2026,"WHO",2026-03-01,24,24,24,6,1,TRUE,"applied_mean",NA,7,"2025/2026","Observed",4991,734,4291,39,NA,5365,"Sub-Saharan Africa","Eritrea",23.7430024447411,9668.59999999999,0.235537618065946,"Extremely Low","Rare good event - unusually low cases to date",-2.35447842534904,"Extremely Low",6.3145891365041e-18,"Rare good event - unusually low cases to date","Eritrea"
"ERI",10,4,6.95635796126118,1045,22.5438599437494,10713.6,1045,10713.6,0.873676914617922,0.0836927071981836,2026,"Estimates",2026-04-01,359,NA,NA,NA,NA,NA,NA,NA,7,"2025/2026","Unobserved",5350,1093,4291,39,359.125406587406,5365,"Sub-Saharan Africa","Eritrea",22.5438599437494,10713.6,0.200275700063765,"Extremely Low","Rare good event - unusually low cases to date",-2.37453538631255,"Extremely Low",6.3145891365041e-18,"Rare good event - unusually low cases to date","Eritrea"
"ERI",11,5,12.3201368895043,772.599999999999,22.6436930618212,11486.2,772.6,11486.2,0.936516177906815,0.0628392632888935,2026,"WHO",2026-05-01,0,0,0,4,1,TRUE,"applied_median",NA,7,"2025/2026","Observed",5350,1093,4291,39,NA,5365,"Sub-Saharan Africa","Eritrea",22.6436930618212,11486.2,0.0822823914373265,"Extremely Low","Rare good event - unusually low cases to date",-2.53962213171598,"Extremely Low",6.3145891365041e-18,"Rare good event - unusually low cases to date","Eritrea"
"ERI",12,6,15.2017797569582,769.799999999999,23.5040250116334,12256,769.8,12256,1,0.0634838220931847,2026,"WHO",2026-06-01,15,15,15,3,1,TRUE,"applied_median",NA,7,"2025/2026","Observed",5365,1108,4291,39,NA,5365,"Sub-Saharan Africa","Eritrea",23.5040250116334,12256,0.028643136629954,"Extremely Low","Rare good event - unusually low cases to date",-2.7232567023419,"Extremely Low",6.3145891365041e-18,"Rare good event - unusually low cases to date","Eritrea"
"ERI",1,7,18.1765963143109,680.2,18.1765963143109,680.2,680.2,680.2,0.0565406795078199,0.0565406795078199,2026,"Estimates",2026-07-01,243,NA,NA,NA,NA,NA,NA,NA,7,"2026/2027","Unobserved",243,1351,NA,39,242.616055768055,4294,"Sub-Saharan Africa","Eritrea",18.1765963143109,680.2,0.0167620421328705,"Extremely Low","Rare good event - unusually low cases to date",-2.70441466304928,"Extremely Low",6.3145891365041e-18,"Rare good event - unusually low cases to date","Eritrea"
"ERI",2,8,7.27639272358391,756,21.9706365939531,1436.2,756,1436.2,0.118306509932042,0.0617658304242222,2026,"Estimates",2026-08-01,265,NA,NA,NA,NA,NA,NA,NA,7,"2026/2027","Unobserved",508,1616,NA,39,265.037178350337,4294,"Sub-Saharan Africa","Eritrea",21.9706365939531,1436.2,0.00279737885438607,"Extremely Low","Rare good event - unusually low cases to date",-3.00643105588157,"Extremely Low",6.3145891365041e-18,"Rare good event - unusually low cases to date","Eritrea"
"ERI",3,9,4.63017419547139,1158.4,12.6693854269761,2594.6,1158.4,2594.6,0.211750054663239,0.0934435447311966,2026,NA,2026-09-01,NA,NA,NA,NA,NA,NA,NA,NA,7,"2026/2027","Unobserved",508,1616,NA,39,NA,4294,"Sub-Saharan Africa","Eritrea",12.6693854269761,2594.6,0.000430387891696645,"Extremely Low","Rare good event - unusually low cases to date",-2.85554374589453,"Extremely Low",6.3145891365041e-18,"Rare good event - unusually low cases to date","Eritrea"
"ERI",4,10,9.47677466177154,1376.8,11.3943840792916,3971.4,1376.8,3971.4,0.322954684070643,0.111204629407404,2026,NA,2026-10-01,NA,NA,NA,NA,NA,NA,NA,NA,7,"2026/2027","Unobserved",508,1616,NA,39,NA,4294,"Sub-Saharan Africa","Eritrea",11.3943840792916,3971.4,2.03807140834345e-05,"Extremely Low","Rare good event - unusually low cases to date",-2.9395599456742,"Extremely Low",6.3145891365041e-18,"Rare good event - unusually low cases to date","Eritrea"
"ERI",5,11,23.6818239811408,1507.8,14.8208912231306,5479.19999999999,1507.8,5479.2,0.447495636492902,0.124540952422259,2026,NA,2026-11-01,NA,NA,NA,NA,NA,NA,NA,NA,7,"2026/2027","Unobserved",508,1616,NA,39,NA,4294,"Sub-Saharan Africa","Eritrea",14.8208912231306,5479.19999999999,4.64479155667174e-09,"Extremely Low","Rare good event - unusually low cases to date",-3.48814609213766,"Extremely Low",6.3145891365041e-18,"Rare good event - unusually low cases to date","Eritrea"
"ERI",6,12,93.6180516476657,1101.2,25.82195025029,6580.39999999999,1101.2,6580.4,0.542460892973768,0.0949652564808657,2026,NA,2026-12-01,NA,NA,NA,NA,NA,NA,NA,NA,7,"2026/2027","Unobserved",508,1616,NA,39,NA,4294,"Sub-Saharan Africa","Eritrea",25.82195025029,6580.39999999999,6.3145891365041e-18,"Extremely Low","Rare good event - unusually low cases to date",-4.68006801248823,"Extremely Low",6.3145891365041e-18,"Rare good event - unusually low cases to date","Eritrea"
"ETH",9,1,NA,NA,1.28991905658818,12866.3333333333,181.333333333333,12866.3333333333,0.896271392406625,0.0077177995238099,2025,"Estimates",2025-01-01,15,NA,NA,NA,NA,NA,NA,NA,5,"2024/2025","Unobserved",15,15,1879,4360,14.5017453052388,1894,"Sub-Saharan Africa","Ethiopia",1.28991905658818,12866.3333333333,0.0216366707540037,"Extremely Low","Rare good event - unusually low cases to date",-1.13436508301682,"Low",9.62800328814957,"Below average - fewer cases than typical at this point","Ethiopia"
"ETH",10,2,1.68992533819481,79.3333333333333,1.3018083111342,12945.6666666667,79.3333333333333,12945.6666666667,0.904633494709073,0.0083621023024481,2025,"WHO",2025-02-01,114,114,NA,19,NA,FALSE,"no_lookup_match",NA,5,"2024/2025","Observed",129,129,1879,4360,NA,1894,"Sub-Saharan Africa","Ethiopia",1.3018083111342,12945.6666666667,0.300503211627597,"Extremely Low","Rare good event - unusually low cases to date",-1.12954192173754,"Low",9.62800328814957,"Below average - fewer cases than typical at this point","Ethiopia"
"ETH",11,3,2.16221664900629,76.3333333333333,1.31680230215846,13022,76.3333333333333,13022,0.913651437394353,0.00901794268527932,2025,"WHO",2025-03-01,140,140,NA,18,NA,FALSE,"no_lookup_match",NA,5,"2024/2025","Observed",269,269,1879,4360,NA,1894,"Sub-Saharan Africa","Ethiopia",1.31680230215846,13022,0.729446020958,"Extremely Low","Rare good event - unusually low cases to date",-1.12375852696069,"Low",9.62800328814957,"Below average - fewer cases than typical at this point","Ethiopia"
"ETH",12,4,0.767187510828184,286,1.58239100638104,13308,286,13308,1,0.0863485626056473,2025,"WHO",2025-04-01,1625,1625,NA,17,NA,FALSE,"no_lookup_match",NA,5,"2024/2025","Observed",1894,1894,1879,4360,NA,1894,"Sub-Saharan Africa","Ethiopia",1.58239100638104,13308,5.85078357639427,"Low","Below average - fewer cases than typical at this point",-1.07883781449731,"Low",9.62800328814957,"Below average - fewer cases than typical at this point","Ethiopia"
"ETH",1,5,NA,NA,NA,NA,1021.66666666667,1021.66666666667,0.0765203027654343,0.0765203027654343,2025,"WHO",2025-05-01,344,344,NA,16,NA,FALSE,"no_lookup_match",NA,5,"2025/2026","Observed",344,2238,2799,4360,NA,2799,"Sub-Saharan Africa","Ethiopia",NA,NA,NA,"Unknown","Cannot determine",NA,"Low",9.62800328814957,"Below average - fewer cases than typical at this point","Ethiopia"
"ETH",2,6,NA,NA,NA,NA,1411.66666666667,2433.33333333333,0.140337821007442,0.0638175182420077,2025,"WHO",2025-06-01,80,80,NA,15,NA,FALSE,"no_lookup_match",NA,5,"2025/2026","Observed",424,2318,2799,4360,NA,2799,"Sub-Saharan Africa","Ethiopia",NA,NA,NA,"Unknown","Cannot determine",NA,"Low",9.62800328814957,"Below average - fewer cases than typical at this point","Ethiopia"
"ETH",3,7,NA,NA,NA,NA,424.666666666667,2858,0.16737457641268,0.027036755405238,2025,"WHO",2025-07-01,98,98,NA,14,NA,FALSE,"no_lookup_match",NA,5,"2025/2026","Observed",522,2416,2799,4360,NA,2799,"Sub-Saharan Africa","Ethiopia",NA,NA,NA,"Unknown","Cannot determine",NA,"Low",9.62800328814957,"Below average - fewer cases than typical at this point","Ethiopia"
"ETH",4,8,NA,NA,NA,NA,273.666666666667,3131.66666666667,0.181494739603019,0.0141201631903392,2025,"WHO",2025-08-01,32,32,NA,13,NA,FALSE,"no_lookup_match",NA,5,"2025/2026","Observed",554,2448,2799,4360,NA,2799,"Sub-Saharan Africa","Ethiopia",NA,NA,NA,"Unknown","Cannot determine",NA,"Low",9.62800328814957,"Below average - fewer cases than typical at this point","Ethiopia"
"ETH",5,9,1.47707433267256,349.666666666666,0.609200478047963,3481.33333333333,349.666666666667,3481.33333333333,0.207199979329648,0.0257052397266283,2025,"WHO",2025-09-01,62,62,62,12,1,TRUE,"applied_mean",NA,5,"2025/2026","Observed",616,2510,2799,4360,NA,2799,"Sub-Saharan Africa","Ethiopia",0.609200478047963,3481.33333333333,27.6592290461043,"Normal","Average - typical case load at this point",-0.642349907628567,"Low",9.62800328814957,"Below average - fewer cases than typical at this point","Ethiopia"
"ETH",6,10,1.07222642671486,4536.66666666666,1.11060143948672,8017.99999999999,4536.66666666667,8018,0.523840237911431,0.316640258581784,2025,"WHO",2025-10-01,438,438,438,11,1,TRUE,"applied_mean",NA,5,"2025/2026","Observed",1054,2948,2799,4360,NA,2799,"Sub-Saharan Africa","Ethiopia",1.11060143948672,8017.99999999999,10.4076102403272,"Low","Below average - fewer cases than typical at this point",-0.915254242816523,"Low",9.62800328814957,"Below average - fewer cases than typical at this point","Ethiopia"
"ETH",7,11,1.62883037095117,3606,1.26059895873984,11624,3606,11624,0.802807564175072,0.278967326263641,2025,"WHO",2025-11-01,686,686,686,10,1,TRUE,"applied_mean",NA,5,"2025/2026","Observed",1740,3634,2799,4360,NA,2799,"Sub-Saharan Africa","Ethiopia",1.26059895873984,11624,9.66816349682128,"Low","Below average - fewer cases than typical at this point",-0.954645345799563,"Low",9.62800328814957,"Below average - fewer cases than typical at this point","Ethiopia"
"ETH",8,12,1.92467298669724,1061,1.30708532212596,12685,1061,12685,0.888553592882815,0.0857460287077437,2025,"WHO",2025-12-01,255,255,255,9,1,TRUE,"applied_mean",NA,5,"2025/2026","Observed",1995,3889,2799,4360,NA,2799,"Sub-Saharan Africa","Ethiopia",1.30708532212596,12685,9.62800328814957,"Low","Below average - fewer cases than typical at this point",-0.963422597027973,"Low",9.62800328814957,"Below average - fewer cases than typical at this point","Ethiopia"
"ETH",9,1,NA,NA,1.28991905658818,12866.3333333333,181.333333333333,12866.3333333333,0.896271392406625,0.0077177995238099,2026,"WHO",2026-01-01,0,0,0,8,1,TRUE,"applied_mean",NA,5,"2025/2026","Observed",1995,0,2799,15951,NA,2799,"Sub-Saharan Africa","Ethiopia",1.28991905658818,12866.3333333333,9.68396638957198,"Low","Below average - fewer cases than typical at this point",-0.959593889544808,"Low",10.1820220700298,"Below average - fewer cases than typical at this point","Ethiopia"
"ETH",10,2,1.68992533819481,79.3333333333333,1.3018083111342,12945.6666666667,79.3333333333333,12945.6666666667,0.904633494709073,0.0083621023024481,2026,"WHO",2026-02-01,46,46,46,7,1,TRUE,"applied_mean",NA,5,"2025/2026","Observed",2041,46,2799,15951,NA,2799,"Sub-Saharan Africa","Ethiopia",1.3018083111342,12945.6666666667,9.72307327188162,"Low","Below average - fewer cases than typical at this point",-0.961036005922543,"Low",10.1820220700298,"Below average - fewer cases than typical at this point","Ethiopia"
"ETH",11,3,2.16221664900629,76.3333333333333,1.31680230215846,13022,76.3333333333333,13022,0.913651437394353,0.00901794268527932,2026,"WHO",2026-03-01,53,53,53,6,1,TRUE,"applied_mean",NA,5,"2025/2026","Observed",2094,99,2799,15951,NA,2799,"Sub-Saharan Africa","Ethiopia",1.31680230215846,13022,9.7629101014457,"Low","Below average - fewer cases than typical at this point",-0.96294465479702,"Low",10.1820220700298,"Below average - fewer cases than typical at this point","Ethiopia"
"ETH",12,4,0.767187510828184,286,1.58239100638104,13308,286,13308,1,0.0863485626056473,2026,"WHO",2026-04-01,705,705,705,5,1,TRUE,"applied_mean",NA,5,"2025/2026","Observed",2799,804,2799,15951,NA,2799,"Sub-Saharan Africa","Ethiopia",1.58239100638104,13308,10.1791756954776,"Low","Below average - fewer cases than typical at this point",-0.993298282158073,"Low",10.1820220700298,"Below average - fewer cases than typical at this point","Ethiopia"
"ETH",1,5,NA,NA,NA,NA,1021.66666666667,1021.66666666667,0.0765203027654343,0.0765203027654343,2026,"WHO",2026-05-01,1016,801,1016,4,1.26849894291755,TRUE,"applied_mean",NA,5,"2026/2027","Observed",1016,1820,11521,15951,NA,11521,"Sub-Saharan Africa","Ethiopia",NA,NA,NA,"Unknown","Cannot determine",NA,"Low",10.1820220700298,"Below average - fewer cases than typical at this point","Ethiopia"
"ETH",2,6,NA,NA,NA,NA,1411.66666666667,2433.33333333333,0.140337821007442,0.0638175182420077,2026,"WHO",2026-06-01,514,390,514,3,1.31695736434109,TRUE,"applied_mean",NA,5,"2026/2027","Observed",1530,2334,11521,15951,NA,11521,"Sub-Saharan Africa","Ethiopia",NA,NA,NA,"Unknown","Cannot determine",NA,"Low",10.1820220700298,"Below average - fewer cases than typical at this point","Ethiopia"
"ETH",3,7,NA,NA,NA,NA,424.666666666667,2858,0.16737457641268,0.027036755405238,2026,"WHO",2026-07-01,517,328,517,2,1.5760327313413,TRUE,"applied_mean",NA,5,"2026/2027","Observed",2047,2851,11521,15951,NA,11521,"Sub-Saharan Africa","Ethiopia",NA,NA,NA,"Unknown","Cannot determine",NA,"Low",10.1820220700298,"Below average - fewer cases than typical at this point","Ethiopia"
"ETH",4,8,NA,NA,NA,NA,273.666666666667,3131.66666666667,0.181494739603019,0.0141201631903392,2026,"WHO",2026-08-01,44,44,NA,1,NA,FALSE,"insufficient_n_rf",NA,5,"2026/2027","Observed",2091,2895,11521,15951,NA,11521,"Sub-Saharan Africa","Ethiopia",NA,NA,NA,"Unknown","Cannot determine",NA,"Low",10.1820220700298,"Below average - fewer cases than typical at this point","Ethiopia"
"ETH",5,9,1.47707433267256,349.666666666666,0.609200478047963,3481.33333333333,349.666666666667,3481.33333333333,0.207199979329648,0.0257052397266283,2026,NA,2026-09-01,NA,NA,NA,NA,NA,NA,NA,NA,5,"2026/2027","Unobserved",2091,2895,11521,15951,NA,11521,"Sub-Saharan Africa","Ethiopia",0.609200478047963,3481.33333333333,53.0714758548354,"Normal","Average - typical case load at this point",-0.311684674816049,"Low",10.1820220700298,"Below average - fewer cases than typical at this point","Ethiopia"
"ETH",6,10,1.07222642671486,4536.66666666666,1.11060143948672,8017.99999999999,4536.66666666667,8018,0.523840237911431,0.316640258581784,2026,NA,2026-10-01,NA,NA,NA,NA,NA,NA,NA,NA,5,"2026/2027","Unobserved",2091,2895,11521,15951,NA,11521,"Sub-Saharan Africa","Ethiopia",1.11060143948672,8017.99999999999,20.6918571082727,"Low","Below average - fewer cases than typical at this point",-0.778964947899703,"Low",10.1820220700298,"Below average - fewer cases than typical at this point","Ethiopia"
"ETH",7,11,1.62883037095117,3606,1.26059895873984,11624,3606,11624,0.802807564175072,0.278967326263641,2026,NA,2026-11-01,NA,NA,NA,NA,NA,NA,NA,NA,5,"2026/2027","Unobserved",2091,2895,11521,15951,NA,11521,"Sub-Saharan Africa","Ethiopia",1.26059895873984,11624,11.9379365392899,"Low","Below average - fewer cases than typical at this point",-0.92074403900316,"Low",10.1820220700298,"Below average - fewer cases than typical at this point","Ethiopia"
"ETH",8,12,1.92467298669724,1061,1.30708532212596,12685,1061,12685,0.888553592882815,0.0857460287077437,2026,NA,2026-12-01,NA,NA,NA,NA,NA,NA,NA,NA,5,"2026/2027","Unobserved",2091,2895,11521,15951,NA,11521,"Sub-Saharan Africa","Ethiopia",1.30708532212596,12685,10.1820220700298,"Low","Below average - fewer cases than typical at this point",-0.954770719636515,"Low",10.1820220700298,"Below average - fewer cases than typical at this point","Ethiopia"
"FJI",4,1,0.767425961764442,859.800000000003,0.967602170390785,1656.06666666667,859.8,1656.06666666667,0.254099343298455,0.103425323696068,2025,"WHO",2025-01-01,1629,1629,NA,20,NA,FALSE,"no_lookup_match",NA,10,"2024/2025","Observed",1629,1629,22890,169326,NA,22890,"Pacific Islands","Fiji",0.967602170390785,1656.06666666667,62.8402687677191,"Normal","Average - typical case load at this point",-0.0160723188114141,"High",93.7285668774559,"Above average - more cases than typical at this point","Fiji"
"FJI",5,2,0.746521277493453,1224.06666666666,0.96505837119744,2880.13333333333,1224.06666666667,2880.13333333333,0.395978323794474,0.141878980496019,2025,"WHO",2025-02-01,3394,3394,NA,19,NA,FALSE,"no_lookup_match",NA,10,"2024/2025","Observed",5023,5023,22890,169326,NA,22890,"Pacific Islands","Fiji",0.96505837119744,2880.13333333333,82.392292067336,"High","Above average - more cases than typical at this point",0.730779908360654,"High",93.7285668774559,"Above average - more cases than typical at this point","Fiji"
"FJI",6,3,0.74470172640665,1377,0.935102532214434,4257.13333333334,1377,4257.13333333333,0.547782494986514,0.15180417119204,2025,"WHO",2025-03-01,4509,4509,NA,18,NA,FALSE,"no_lookup_match",NA,10,"2024/2025","Observed",9532,9532,22890,169326,NA,22890,"Pacific Islands","Fiji",0.935102532214434,4257.13333333334,88.9772680106135,"High","Above average - more cases than typical at this point",1.1980533506622,"High",93.7285668774559,"Above average - more cases than typical at this point","Fiji"
"FJI",7,4,0.73898760599882,1232.93333333334,0.923008877597673,5490.06666666668,1232.93333333333,5490.06666666667,0.680423119699341,0.132640624712827,2025,"WHO",2025-04-01,4703,4703,NA,17,NA,FALSE,"no_lookup_match",NA,10,"2024/2025","Observed",14235,14235,22890,169326,NA,22890,"Pacific Islands","Fiji",0.923008877597673,5490.06666666668,92.0650616055201,"High","Above average - more cases than typical at this point",1.53018985888908,"High",93.7285668774559,"Above average - more cases than typical at this point","Fiji"
"FJI",8,5,0.731955639434768,901.399999999999,0.949389095200987,6391.46666666666,901.4,6391.46666666667,0.781455368275584,0.101032248576243,2025,"WHO",2025-05-01,3696,3696,NA,16,NA,FALSE,"no_lookup_match",NA,10,"2024/2025","Observed",17931,17931,22890,169326,NA,22890,"Pacific Islands","Fiji",0.949389095200987,6391.46666666666,93.6638979309895,"High","Above average - more cases than typical at this point",1.75904757122746,"High",93.7285668774559,"Above average - more cases than typical at this point","Fiji"
"FJI",9,6,0.838867406469966,668.133333333333,0.962519594526497,7059.59999999999,668.133333333333,7059.6,0.863175607011392,0.0817202387358083,2025,"WHO",2025-06-01,1894,1894,NA,15,NA,FALSE,"no_lookup_match",NA,10,"2024/2025","Observed",19825,19825,22890,169326,NA,22890,"Pacific Islands","Fiji",0.962519594526497,7059.59999999999,93.75668230002,"High","Above average - more cases than typical at this point",1.7739015731528,"High",93.7285668774559,"Above average - more cases than typical at this point","Fiji"
"FJI",10,7,0.823452830176635,478.2,0.964370650978174,7537.80000000001,478.2,7537.8,0.920474699798606,0.0572990927872142,2025,"WHO",2025-07-01,1502,1502,NA,14,NA,FALSE,"no_lookup_match",NA,10,"2024/2025","Observed",21327,21327,22890,169326,NA,22890,"Pacific Islands","Fiji",0.964370650978174,7537.80000000001,93.8941633850623,"High","Above average - more cases than typical at this point",1.79634054898794,"High",93.7285668774559,"Above average - more cases than typical at this point","Fiji"
"FJI",11,8,0.796162293501675,358.533333333333,0.96871262612594,7896.33333333331,358.533333333333,7896.33333333333,0.96592995004293,0.0454552502443239,2025,"WHO",2025-08-01,822,822,NA,13,NA,FALSE,"no_lookup_match",NA,10,"2024/2025","Observed",22149,22149,22890,169326,NA,22890,"Pacific Islands","Fiji",0.96871262612594,7896.33333333331,93.7723853947492,"High","Above average - more cases than typical at this point",1.77640299796588,"High",93.7285668774559,"Above average - more cases than typical at this point","Fiji"
"FJI",12,9,0.806219259014335,270.4,0.970512892593327,8166.73333333331,270.4,8166.73333333333,1,0.0340700499570698,2025,"WHO",2025-09-01,741,741,741,12,1,TRUE,"applied_mean",NA,10,"2024/2025","Observed",22890,22890,22890,169326,NA,22890,"Pacific Islands","Fiji",0.970512892593327,8166.73333333331,93.769654310512,"High","Above average - more cases than typical at this point",1.77594967092658,"High",93.7285668774559,"Above average - more cases than typical at this point","Fiji"
"FJI",1,10,0.574763073573335,160.733333333333,0.574763073573335,160.733333333333,160.733333333333,160.733333333333,0.0301460503536675,0.0301460503536675,2025,"WHO",2025-10-01,1286,1286,1286,11,1,TRUE,"applied_mean",NA,10,"2025/2026","Observed",1286,24176,7229,169326,NA,7229,"Pacific Islands","Fiji",0.574763073573335,160.733333333333,99.6834864094678,"Extremely High","Rare bad event - unusually high cases to date",5.29808381701945,"High",93.7285668774559,"Above average - more cases than typical at this point","Fiji"
"FJI",2,11,0.597395212905523,291.4,0.594155450467286,452.133333333333,291.4,452.133333333333,0.0852815159949642,0.0551354656412967,2025,"WHO",2025-11-01,819,819,819,10,1,TRUE,"applied_mean",NA,10,"2025/2026","Observed",2105,24995,7229,169326,NA,7229,"Pacific Islands","Fiji",0.594155450467286,452.133333333333,97.5153022338426,"Extremely High","Rare bad event - unusually high cases to date",2.81602281099582,"High",93.7285668774559,"Above average - more cases than typical at this point","Fiji"
"FJI",3,12,0.559779552310374,344.133333333333,0.58576160519962,796.266666666665,344.133333333333,796.266666666667,0.150674019602387,0.0653925036074228,2025,"WHO",2025-12-01,518,518,518,9,1,TRUE,"applied_mean",NA,10,"2025/2026","Observed",2623,25513,7229,169326,NA,7229,"Pacific Islands","Fiji",0.58576160519962,796.266666666665,93.7285668774559,"High","Above average - more cases than typical at this point",1.75516272243968,"High",93.7285668774559,"Above average - more cases than typical at this point","Fiji"
"FJI",4,1,0.767425961764442,859.800000000003,0.967602170390785,1656.06666666667,859.8,1656.06666666667,0.254099343298455,0.103425323696068,2026,"WHO",2026-01-01,533,533,533,8,1,TRUE,"applied_mean",NA,10,"2025/2026","Observed",3156,533,7229,4514,NA,7229,"Pacific Islands","Fiji",0.967602170390785,1656.06666666667,84.980582511703,"High","Above average - more cases than typical at this point",0.890667736300556,"Extremely Low",1.46023934594324,"Rare good event - unusually low cases to date","Fiji"
"FJI",5,2,0.746521277493453,1224.06666666666,0.96505837119744,2880.13333333333,1224.06666666667,2880.13333333333,0.395978323794474,0.141878980496019,2026,"WHO",2026-02-01,831,831,831,7,1,TRUE,"applied_mean",NA,10,"2025/2026","Observed",3987,1364,7229,4514,NA,7229,"Pacific Islands","Fiji",0.96505837119744,2880.13333333333,74.9503837785738,"Normal","Average - typical case load at this point",0.37747375224814,"Extremely Low",1.46023934594324,"Rare good event - unusually low cases to date","Fiji"
"FJI",6,3,0.74470172640665,1377,0.935102532214434,4257.13333333334,1377,4257.13333333333,0.547782494986514,0.15180417119204,2026,"WHO",2026-03-01,921,921,921,6,1,TRUE,"applied_mean",NA,10,"2025/2026","Observed",4908,2285,7229,4514,NA,7229,"Pacific Islands","Fiji",0.935102532214434,4257.13333333334,68.6673498462823,"Normal","Average - typical case load at this point",0.147828000234003,"Extremely Low",1.46023934594324,"Rare good event - unusually low cases to date","Fiji"
"FJI",7,4,0.73898760599882,1232.93333333334,0.923008877597673,5490.06666666668,1232.93333333333,5490.06666666667,0.680423119699341,0.132640624712827,2026,"WHO",2026-04-01,735,735,735,5,1,TRUE,"applied_mean",NA,10,"2025/2026","Observed",5643,3020,7229,4514,NA,7229,"Pacific Islands","Fiji",0.923008877597673,5490.06666666668,64.6999386184508,"Normal","Average - typical case load at this point",0.0267602995737821,"Extremely Low",1.46023934594324,"Rare good event - unusually low cases to date","Fiji"
"FJI",8,5,0.731955639434768,901.399999999999,0.949389095200987,6391.46666666666,901.4,6391.46666666667,0.781455368275584,0.101032248576243,2026,"WHO",2026-05-01,347,347,347,4,1.00013658403333,TRUE,"applied_mean",NA,10,"2025/2026","Observed",5990,3367,7229,4514,NA,7229,"Pacific Islands","Fiji",0.949389095200987,6391.46666666666,61.2361055166784,"Normal","Average - typical case load at this point",-0.0611982256586436,"Extremely Low",1.46023934594324,"Rare good event - unusually low cases to date","Fiji"
"FJI",9,6,0.838867406469966,668.133333333333,0.962519594526497,7059.59999999999,668.133333333333,7059.6,0.863175607011392,0.0817202387358083,2026,"WHO",2026-06-01,400,399,400,3,1.00148853825543,TRUE,"applied_mean",NA,10,"2025/2026","Observed",6390,3767,7229,4514,NA,7229,"Pacific Islands","Fiji",0.962519594526497,7059.59999999999,59.8805954860996,"Normal","Average - typical case load at this point",-0.0930487484436905,"Extremely Low",1.46023934594324,"Rare good event - unusually low cases to date","Fiji"
"FJI",10,7,0.823452830176635,478.2,0.964370650978174,7537.80000000001,478.2,7537.8,0.920474699798606,0.0572990927872142,2026,"WHO",2026-07-01,401,387,401,2,1.03559494364332,TRUE,"applied_mean",NA,10,"2025/2026","Observed",6791,4168,7229,4514,NA,7229,"Pacific Islands","Fiji",0.964370650978174,7537.80000000001,59.6962846277511,"Normal","Average - typical case load at this point",-0.0972867985078328,"Extremely Low",1.46023934594324,"Rare good event - unusually low cases to date","Fiji"
"FJI",11,8,0.796162293501675,358.533333333333,0.96871262612594,7896.33333333331,358.533333333333,7896.33333333333,0.96592995004293,0.0454552502443239,2026,"WHO",2026-08-01,192,192,NA,1,NA,FALSE,"insufficient_n_rf",NA,10,"2025/2026","Observed",6983,4360,7229,4514,NA,7229,"Pacific Islands","Fiji",0.96871262612594,7896.33333333331,58.9900970747349,"Normal","Average - typical case load at this point",-0.113834702615333,"Extremely Low",1.46023934594324,"Rare good event - unusually low cases to date","Fiji"
"FJI",12,9,0.806219259014335,270.4,0.970512892593327,8166.73333333331,270.4,8166.73333333333,1,0.0340700499570698,2026,NA,2026-09-01,NA,NA,NA,NA,NA,NA,NA,NA,10,"2025/2026","Unobserved",6983,4360,7229,4514,NA,7229,"Pacific Islands","Fiji",0.970512892593327,8166.73333333331,57.7670087163209,"Normal","Average - typical case load at this point",-0.142784265977984,"Extremely Low",1.46023934594324,"Rare good event - unusually low cases to date","Fiji"
"FJI",1,10,0.574763073573335,160.733333333333,0.574763073573335,160.733333333333,160.733333333333,160.733333333333,0.0301460503536675,0.0301460503536675,2026,NA,2026-10-01,NA,NA,NA,NA,NA,NA,NA,NA,10,"2026/2027","Unobserved",0,4360,NA,4514,NA,NA,"Pacific Islands","Fiji",0.574763073573335,160.733333333333,3.9163710687446,"Extremely Low","Rare good event - unusually low cases to date",-0.756779434968536,"Extremely Low",1.46023934594324,"Rare good event - unusually low cases to date","Fiji"
"FJI",2,11,0.597395212905523,291.4,0.594155450467286,452.133333333333,291.4,452.133333333333,0.0852815159949642,0.0551354656412967,2026,NA,2026-11-01,NA,NA,NA,NA,NA,NA,NA,NA,10,"2026/2027","Unobserved",0,4360,NA,4514,NA,NA,"Pacific Islands","Fiji",0.594155450467286,452.133333333333,1.93946324934361,"Extremely Low","Rare good event - unusually low cases to date",-0.770308825239932,"Extremely Low",1.46023934594324,"Rare good event - unusually low cases to date","Fiji"
"FJI",3,12,0.559779552310374,344.133333333333,0.58576160519962,796.266666666665,344.133333333333,796.266666666667,0.150674019602387,0.0653925036074228,2026,NA,2026-12-01,NA,NA,NA,NA,NA,NA,NA,NA,10,"2026/2027","Unobserved",0,4360,NA,4514,NA,NA,"Pacific Islands","Fiji",0.58576160519962,796.266666666665,1.46023934594324,"Extremely Low","Rare good event - unusually low cases to date",-0.765069287866117,"Extremely Low",1.46023934594324,"Rare good event - unusually low cases to date","Fiji"
"FSM",10,1,1.14743076763275,11.8888888888889,0.405284322645215,896.888888888891,11.8888888888889,896.888888888889,0.85666663214926,0.0681674267322996,2025,"WHO",2025-01-01,5,5,NA,20,NA,FALSE,"no_lookup_match",NA,4,"2024/2025","Observed",5,5,15,56,NA,15,"Pacific Islands","Micronesia (Federated States Of)",0.405284322645215,896.888888888891,10.0615626356272,"Low","Below average - fewer cases than typical at this point",-0.632927419005852,"Low",21.3991918783334,"Below average - fewer cases than typical at this point","Micronesia (Federated States Of)"
"FSM",11,2,1.29136671329137,12,0.427569288635367,908.88888888889,12,908.888888888889,0.938357152638728,0.0816905204894675,2025,"WHO",2025-02-01,9,9,NA,19,NA,FALSE,"no_lookup_match",NA,4,"2024/2025","Observed",14,14,15,56,NA,15,"Pacific Islands","Micronesia (Federated States Of)",0.427569288635367,908.88888888889,13.4321385503427,"Low","Below average - fewer cases than typical at this point",-0.643664333016665,"Low",21.3991918783334,"Below average - fewer cases than typical at this point","Micronesia (Federated States Of)"
"FSM",12,3,0.89890790109375,8.55555555555556,0.442298237970709,917.444444444443,8.55555555555556,917.444444444444,1,0.0616428473612721,2025,"WHO",2025-03-01,1,1,NA,18,NA,FALSE,"no_lookup_match",NA,4,"2024/2025","Observed",15,15,15,56,NA,15,"Pacific Islands","Micronesia (Federated States Of)",0.442298237970709,917.444444444443,12.9960991281406,"Low","Below average - fewer cases than typical at this point",-0.654023937773376,"Low",21.3991918783334,"Below average - fewer cases than typical at this point","Micronesia (Federated States Of)"
"FSM",1,4,0.894919311858909,8.77777777777778,0.894919311858909,8.77777777777778,8.77777777777778,8.77777777777778,0.0343105793475304,0.0343105793475304,2025,"WHO",2025-04-01,3,3,NA,17,NA,FALSE,"no_lookup_match",NA,4,"2025/2026","Observed",3,18,58,56,NA,58,"Pacific Islands","Micronesia (Federated States Of)",0.894919311858909,8.77777777777778,37.0916853256781,"Normal","Average - typical case load at this point",-0.593180259227253,"Low",21.3991918783334,"Below average - fewer cases than typical at this point","Micronesia (Federated States Of)"
"FSM",2,5,0.514956572244178,18,0.662996056660036,26.7777777777778,18,26.7777777777778,0.0858695812304181,0.0515590018828877,2025,"WHO",2025-05-01,1,1,NA,16,NA,FALSE,"no_lookup_match",NA,4,"2025/2026","Observed",4,19,58,56,NA,58,"Pacific Islands","Micronesia (Federated States Of)",0.662996056660036,26.7777777777778,25.6973533457147,"Normal","Average - typical case load at this point",-0.684197338592831,"Low",21.3991918783334,"Below average - fewer cases than typical at this point","Micronesia (Federated States Of)"
"FSM",3,6,0.66610269720947,32.7777777777777,0.684627734350595,59.5555555555555,32.7777777777778,59.5555555555556,0.184246006505507,0.0983764252750889,2025,"WHO",2025-06-01,2,2,NA,15,NA,FALSE,"no_lookup_match",NA,4,"2025/2026","Observed",6,21,58,56,NA,58,"Pacific Islands","Micronesia (Federated States Of)",0.684627734350595,59.5555555555555,18.6941028454494,"Low","Below average - fewer cases than typical at this point",-0.739822423961381,"Low",21.3991918783334,"Below average - fewer cases than typical at this point","Micronesia (Federated States Of)"
"FSM",4,7,0.879378617918221,19.6666666666666,0.769864021523666,79.2222222222222,19.6666666666667,79.2222222222222,0.244519613997047,0.0602736074915399,2025,"WHO",2025-07-01,6,6,NA,14,NA,FALSE,"no_lookup_match",NA,4,"2025/2026","Observed",12,27,58,56,NA,58,"Pacific Islands","Micronesia (Federated States Of)",0.769864021523666,79.2222222222222,20.6510317799665,"Low","Below average - fewer cases than typical at this point",-0.740922622411615,"Low",21.3991918783334,"Below average - fewer cases than typical at this point","Micronesia (Federated States Of)"
"FSM",5,8,0.488814944707177,62.4444444444444,0.690768163478728,141.666666666667,62.4444444444444,141.666666666667,0.3323818891842,0.0878622751871528,2025,"WHO",2025-08-01,4,4,NA,13,NA,FALSE,"no_lookup_match",NA,4,"2025/2026","Observed",16,31,58,56,NA,58,"Pacific Islands","Micronesia (Federated States Of)",0.690768163478728,141.666666666667,18.9460151246945,"Low","Below average - fewer cases than typical at this point",-0.735465554905587,"Low",21.3991918783334,"Below average - fewer cases than typical at this point","Micronesia (Federated States Of)"
"FSM",6,9,0.299216058920676,275.333333333334,0.442549383703134,417,275.333333333333,417,0.496115479604251,0.163733590420051,2025,"WHO",2025-09-01,2,2,2,12,1,TRUE,"applied_mean",NA,4,"2025/2026","Observed",18,33,58,56,NA,58,"Pacific Islands","Micronesia (Federated States Of)",0.442549383703134,417,19.806796302345,"Low","Below average - fewer cases than typical at this point",-0.636190795393691,"Low",21.3991918783334,"Below average - fewer cases than typical at this point","Micronesia (Federated States Of)"
"FSM",7,10,0.319733133491315,198.444444444445,0.407656755090101,615.444444444444,198.444444444444,615.444444444444,0.624988556160803,0.128873076556552,2025,"WHO",2025-10-01,6,6,6,11,1,TRUE,"applied_mean",NA,4,"2025/2026","Observed",24,39,58,56,NA,58,"Pacific Islands","Micronesia (Federated States Of)",0.407656755090101,615.444444444444,20.9850231381358,"Low","Below average - fewer cases than typical at this point",-0.613378623728282,"Low",21.3991918783334,"Below average - fewer cases than typical at this point","Micronesia (Federated States Of)"
"FSM",8,11,0.279713236465429,181.777777777777,0.383402296080367,797.222222222223,181.777777777778,797.222222222222,0.724549745930467,0.0995611897696642,2025,"WHO",2025-11-01,1,1,1,10,1,TRUE,"applied_mean",NA,4,"2025/2026","Observed",25,40,58,56,NA,58,"Pacific Islands","Micronesia (Federated States Of)",0.383402296080367,797.222222222223,20.8135360221668,"Low","Below average - fewer cases than typical at this point",-0.59963344499575,"Low",21.3991918783334,"Below average - fewer cases than typical at this point","Micronesia (Federated States Of)"
"FSM",9,12,0.326820782430445,87.7777777777776,0.379613887858198,885.000000000001,87.7777777777778,885,0.788499205416961,0.0639494594864939,2025,"WHO",2025-12-01,4,4,4,9,1,TRUE,"applied_mean",NA,4,"2025/2026","Observed",29,44,58,56,NA,58,"Pacific Islands","Micronesia (Federated States Of)",0.379613887858198,885.000000000001,21.3991918783334,"Low","Below average - fewer cases than typical at this point",-0.595810862125094,"Low",21.3991918783334,"Below average - fewer cases than typical at this point","Micronesia (Federated States Of)"
"FSM",10,1,1.14743076763275,11.8888888888889,0.405284322645215,896.888888888891,11.8888888888889,896.888888888889,0.85666663214926,0.0681674267322996,2026,"WHO",2026-01-01,7,7,7,8,1,TRUE,"applied_mean",NA,4,"2025/2026","Observed",36,7,58,309,NA,58,"Pacific Islands","Micronesia (Federated States Of)",0.405284322645215,896.888888888891,21.3036863323083,"Low","Below average - fewer cases than typical at this point",-0.610928322219676,"Low",23.1706838390728,"Below average - fewer cases than typical at this point","Micronesia (Federated States Of)"
"FSM",11,2,1.29136671329137,12,0.427569288635367,908.88888888889,12,908.888888888889,0.938357152638728,0.0816905204894675,2026,"WHO",2026-02-01,10,10,10,7,1,TRUE,"applied_mean",NA,4,"2025/2026","Observed",46,17,58,309,NA,58,"Pacific Islands","Micronesia (Federated States Of)",0.427569288635367,908.88888888889,21.9123879274719,"Low","Below average - fewer cases than typical at this point",-0.620647778769235,"Low",23.1706838390728,"Below average - fewer cases than typical at this point","Micronesia (Federated States Of)"
"FSM",12,3,0.89890790109375,8.55555555555556,0.442298237970709,917.444444444443,8.55555555555556,917.444444444444,1,0.0616428473612721,2026,"WHO",2026-03-01,12,12,12,6,1,TRUE,"applied_mean",NA,4,"2025/2026","Observed",58,29,58,309,NA,58,"Pacific Islands","Micronesia (Federated States Of)",0.442298237970709,917.444444444443,23.1299383990177,"Low","Below average - fewer cases than typical at this point",-0.622860768120791,"Low",23.1706838390728,"Below average - fewer cases than typical at this point","Micronesia (Federated States Of)"
"FSM",1,4,0.894919311858909,8.77777777777778,0.894919311858909,8.77777777777778,8.77777777777778,8.77777777777778,0.0343105793475304,0.0343105793475304,2026,"WHO",2026-04-01,17,17,17,5,1,TRUE,"applied_mean",NA,4,"2026/2027","Observed",17,46,152,309,NA,108,"Pacific Islands","Micronesia (Federated States Of)",0.894919311858909,8.77777777777778,85.2322045977059,"High","Above average - more cases than typical at this point",0.844141138131091,"Low",23.1706838390728,"Below average - fewer cases than typical at this point","Micronesia (Federated States Of)"
"FSM",2,5,0.514956572244178,18,0.662996056660036,26.7777777777778,18,26.7777777777778,0.0858695812304181,0.0515590018828877,2026,"WHO",2026-05-01,11,11,11,4,1,TRUE,"applied_mean",NA,4,"2026/2027","Observed",28,57,152,309,NA,108,"Pacific Islands","Micronesia (Federated States Of)",0.662996056660036,26.7777777777778,67.8389934918436,"Normal","Average - typical case load at this point",0.0367130279244922,"Low",23.1706838390728,"Below average - fewer cases than typical at this point","Micronesia (Federated States Of)"
"FSM",3,6,0.66610269720947,32.7777777777777,0.684627734350595,59.5555555555555,32.7777777777778,59.5555555555556,0.184246006505507,0.0983764252750889,2026,"WHO",2026-06-01,0,0,0,3,1,TRUE,"applied_mean",NA,4,"2026/2027","Observed",28,57,152,309,NA,108,"Pacific Islands","Micronesia (Federated States Of)",0.684627734350595,59.5555555555555,45.3879484879174,"Normal","Average - typical case load at this point",-0.435911967645295,"Low",23.1706838390728,"Below average - fewer cases than typical at this point","Micronesia (Federated States Of)"
"FSM",4,7,0.879378617918221,19.6666666666666,0.769864021523666,79.2222222222222,19.6666666666667,79.2222222222222,0.244519613997047,0.0602736074915399,2026,"Estimates",2026-07-01,3,NA,NA,NA,NA,NA,NA,NA,4,"2026/2027","Unobserved",31,60,152,309,3.49586923450931,108,"Pacific Islands","Micronesia (Federated States Of)",0.769864021523666,79.2222222222222,38.4294979084634,"Normal","Average - typical case load at this point",-0.53150482334982,"Low",23.1706838390728,"Below average - fewer cases than typical at this point","Micronesia (Federated States Of)"
"FSM",5,8,0.488814944707177,62.4444444444444,0.690768163478728,141.666666666667,62.4444444444444,141.666666666667,0.3323818891842,0.0878622751871528,2026,"Estimates",2026-08-01,5,NA,NA,NA,NA,NA,NA,NA,4,"2026/2027","Unobserved",36,65,152,309,5.09601196085486,108,"Pacific Islands","Micronesia (Federated States Of)",0.690768163478728,141.666666666667,31.2985350311003,"Normal","Average - typical case load at this point",-0.618415333965705,"Low",23.1706838390728,"Below average - fewer cases than typical at this point","Micronesia (Federated States Of)"
"FSM",6,9,0.299216058920676,275.333333333334,0.442549383703134,417,275.333333333333,417,0.496115479604251,0.163733590420051,2026,NA,2026-09-01,NA,NA,NA,NA,NA,NA,NA,NA,4,"2026/2027","Unobserved",36,65,152,309,NA,108,"Pacific Islands","Micronesia (Federated States Of)",0.442549383703134,417,26.5313977322445,"Normal","Average - typical case load at this point",-0.607490458759389,"Low",23.1706838390728,"Below average - fewer cases than typical at this point","Micronesia (Federated States Of)"
"FSM",7,10,0.319733133491315,198.444444444445,0.407656755090101,615.444444444444,198.444444444444,615.444444444444,0.624988556160803,0.128873076556552,2026,NA,2026-10-01,NA,NA,NA,NA,NA,NA,NA,NA,4,"2026/2027","Unobserved",36,65,152,309,NA,108,"Pacific Islands","Micronesia (Federated States Of)",0.407656755090101,615.444444444444,24.6040132211973,"Low","Below average - fewer cases than typical at this point",-0.600933594353371,"Low",23.1706838390728,"Below average - fewer cases than typical at this point","Micronesia (Federated States Of)"
"FSM",8,11,0.279713236465429,181.777777777777,0.383402296080367,797.222222222223,181.777777777778,797.222222222222,0.724549745930467,0.0995611897696642,2026,NA,2026-11-01,NA,NA,NA,NA,NA,NA,NA,NA,4,"2026/2027","Unobserved",36,65,152,309,NA,108,"Pacific Islands","Micronesia (Federated States Of)",0.383402296080367,797.222222222223,23.8258659323893,"Low","Below average - fewer cases than typical at this point",-0.591091903836818,"Low",23.1706838390728,"Below average - fewer cases than typical at this point","Micronesia (Federated States Of)"
"FSM",9,12,0.326820782430445,87.7777777777776,0.379613887858198,885.000000000001,87.7777777777778,885,0.788499205416961,0.0639494594864939,2026,NA,2026-12-01,NA,NA,NA,NA,NA,NA,NA,NA,4,"2026/2027","Unobserved",36,65,152,309,NA,108,"Pacific Islands","Micronesia (Federated States Of)",0.379613887858198,885.000000000001,23.1706838390728,"Low","Below average - fewer cases than typical at this point",-0.590938577037623,"Low",23.1706838390728,"Below average - fewer cases than typical at this point","Micronesia (Federated States Of)"
"GLP",10,1,0.564194610744498,628.599999999999,0.474262064552728,5862.46666666666,628.6,5862.46666666667,0.811687763423118,0.217283201197439,2025,"PAHO",2025-01-01,2220,2220,NA,86,NA,FALSE,"no_lookup_match","current_month_missing",4,"2024/2025","Observed",2220,2220,4160,8772,NA,4160,"Caribbean","Guadeloupe",0.474262064552728,5862.46666666666,47.2756965890407,"Normal","Average - typical case load at this point",-0.427865064445705,"Normal",52.859878291912,"Average - typical case load at this point","Guadeloupe"
"GLP",11,2,0.375487020184996,310.933333333333,0.50054769099806,6173.40000000001,310.933333333333,6173.4,0.912488693235339,0.100800929812221,2025,"PAHO",2025-02-01,970,970,NA,82,NA,FALSE,"no_lookup_match","current_month_missing",4,"2024/2025","Observed",3190,3190,4160,8772,NA,4160,"Caribbean","Guadeloupe",0.50054769099806,6173.40000000001,52.7612575914113,"Normal","Average - typical case load at this point",-0.341894561911772,"Normal",52.859878291912,"Average - typical case load at this point","Guadeloupe"
"GLP",12,3,0.375837038143968,266.133333333334,0.519410048840712,6439.53333333334,266.133333333333,6439.53333333333,1,0.0875113067646606,2025,"PAHO",2025-03-01,970,970,NA,77,NA,FALSE,"no_lookup_match","current_month_missing",4,"2024/2025","Observed",4160,4160,4160,8772,NA,4160,"Caribbean","Guadeloupe",0.519410048840712,6439.53333333334,57.2912510536289,"Normal","Average - typical case load at this point",-0.255111015236738,"Normal",52.859878291912,"Average - typical case load at this point","Guadeloupe"
"GLP",1,4,0.351250000141388,148.933333333333,0.351250000141388,148.933333333333,148.933333333333,148.933333333333,0.0162104779893002,0.0162104779893002,2025,"WHO",2025-04-01,0,0,NA,17,NA,FALSE,"no_lookup_match",NA,4,"2025/2026","Observed",0,4160,1352,8772,NA,2105,"Caribbean","Guadeloupe",0.351250000141388,148.933333333333,11.9336963138665,"Low","Below average - fewer cases than typical at this point",-0.591965833479025,"Normal",52.859878291912,"Average - typical case load at this point","Guadeloupe"
"GLP",2,5,0.348798836512906,191.533333333333,0.343357768919344,340.466666666667,191.533333333333,340.466666666667,0.0369932678230577,0.0207827898337575,2025,"PAHO",2025-05-01,210,210,NA,69,NA,FALSE,"no_lookup_match","current_month_missing",4,"2025/2026","Observed",210,4370,1352,8772,NA,2105,"Caribbean","Guadeloupe",0.343357768919344,340.466666666667,62.4966467226201,"Normal","Average - typical case load at this point",-0.224429285147386,"Normal",52.859878291912,"Average - typical case load at this point","Guadeloupe"
"GLP",3,6,0.363042171326573,241.333333333334,0.346149484725346,581.799999999999,241.333333333333,581.8,0.0641395275808912,0.0271462597578335,2025,"PAHO",2025-06-01,265,265,NA,66,NA,FALSE,"no_lookup_match","current_month_missing",4,"2025/2026","Observed",475,4635,1352,8772,NA,2105,"Caribbean","Guadeloupe",0.346149484725346,581.799999999999,67.5820092789093,"Normal","Average - typical case load at this point",-0.107969284745929,"Normal",52.859878291912,"Average - typical case load at this point","Guadeloupe"
"GLP",4,7,0.37615362545212,173.133333333333,0.347589138864346,754.933333333332,173.133333333333,754.933333333333,0.0844185391419454,0.0202790115610542,2025,"Estimates",2025-07-01,84,NA,NA,NA,NA,NA,NA,"current_month_missing",4,"2025/2026","Unobserved",559,4719,1352,8772,84.3606880939854,2105,"Caribbean","Guadeloupe",0.347589138864346,754.933333333332,65.6873626564198,"Normal","Average - typical case load at this point",-0.152979369780194,"Normal",52.859878291912,"Average - typical case load at this point","Guadeloupe"
"GLP",5,8,0.248113522178089,320.066666666666,0.334561006431571,1075,320.066666666667,1075,0.115183182951114,0.030764643809169,2025,"Estimates",2025-08-01,128,NA,NA,NA,NA,NA,NA,"current_month_missing",4,"2025/2026","Unobserved",687,4847,1352,8772,127.980918246143,2105,"Caribbean","Guadeloupe",0.334561006431571,1075,63.4870336362434,"Normal","Average - typical case load at this point",-0.208734075322674,"Normal",52.859878291912,"Average - typical case load at this point","Guadeloupe"
"GLP",6,9,0.342475281699061,1088.6,0.331925090218644,2163.6,1088.6,2163.6,0.234646031826489,0.119462848875374,2025,"WHO",2025-09-01,155,155,155,12,1,TRUE,"applied_mean",NA,4,"2025/2026","Observed",842,5002,1352,8772,NA,2105,"Caribbean","Guadeloupe",0.331925090218644,2163.6,55.0115541964809,"Normal","Average - typical case load at this point",-0.351892319142193,"Normal",52.859878291912,"Average - typical case load at this point","Guadeloupe"
"GLP",7,10,0.347707270513579,1160.73333333333,0.33151624847079,3324.33333333333,1160.73333333333,3324.33333333333,0.364809134100742,0.130163102274253,2025,"Estimates",2025-10-01,541,NA,NA,NA,NA,NA,NA,"current_month_missing",4,"2025/2026","Unobserved",1383,5543,1352,8772,541.478505460894,2105,"Caribbean","Guadeloupe",0.33151624847079,3324.33333333333,56.1427926191432,"Normal","Average - typical case load at this point",-0.336222136177801,"Normal",52.859878291912,"Average - typical case load at this point","Guadeloupe"
"GLP",8,11,0.355634217073947,1262.6,0.332412631227613,4586.93333333331,1262.6,4586.93333333333,0.511888604252006,0.147079470151265,2025,"WHO",2025-11-01,84,84,84,10,1,TRUE,"applied_mean",NA,4,"2025/2026","Observed",1467,5627,1352,8772,NA,2105,"Caribbean","Guadeloupe",0.332412631227613,4586.93333333331,51.7919063546846,"Normal","Average - typical case load at this point",-0.392144302090475,"Normal",52.859878291912,"Average - typical case load at this point","Guadeloupe"
"GLP",9,12,0.38236805289945,646.933333333332,0.33492982087101,5233.86666666666,646.933333333333,5233.86666666667,0.59440456222568,0.0825159579736733,2025,"PAHO",2025-12-01,340,340,340,39,1,TRUE,"applied_mean","not_missing",4,"2025/2026","Observed",1807,5967,1352,8772,NA,2105,"Caribbean","Guadeloupe",0.33492982087101,5233.86666666666,52.859878291912,"Normal","Average - typical case load at this point",-0.378911307359459,"Normal",52.859878291912,"Average - typical case load at this point","Guadeloupe"
"GLP",10,1,0.564194610744498,628.599999999999,0.474262064552728,5862.46666666666,628.6,5862.46666666667,0.811687763423118,0.217283201197439,2026,"PAHO",2026-01-01,102,102,102,34,1,TRUE,"applied_mean","not_missing",4,"2025/2026","Observed",1909,102,1352,10353,NA,2105,"Caribbean","Guadeloupe",0.474262064552728,5862.46666666666,44.3526216971791,"Normal","Average - typical case load at this point",-0.464396911465842,"Normal",25.5713068346918,"Average - typical case load at this point","Guadeloupe"
"GLP",11,2,0.375487020184996,310.933333333333,0.50054769099806,6173.40000000001,310.933333333333,6173.4,0.912488693235339,0.100800929812221,2026,"PAHO",2026-02-01,46,46,46,30,1,TRUE,"applied_mean","not_missing",4,"2025/2026","Observed",1955,148,1352,10353,NA,2105,"Caribbean","Guadeloupe",0.50054769099806,6173.40000000001,42.6211591394121,"Normal","Average - typical case load at this point",-0.483424287714894,"Normal",25.5713068346918,"Average - typical case load at this point","Guadeloupe"
"GLP",12,3,0.375837038143968,266.133333333334,0.519410048840712,6439.53333333334,266.133333333333,6439.53333333333,1,0.0875113067646606,2026,"PAHO",2026-03-01,150,150,150,25,1,TRUE,"applied_mean","not_missing",4,"2025/2026","Observed",2105,298,1352,10353,NA,2105,"Caribbean","Guadeloupe",0.519410048840712,6439.53333333334,42.4119607563365,"Normal","Average - typical case load at this point",-0.485093673812249,"Normal",25.5713068346918,"Average - typical case load at this point","Guadeloupe"
"GLP",1,4,0.351250000141388,148.933333333333,0.351250000141388,148.933333333333,148.933333333333,148.933333333333,0.0162104779893002,0.0162104779893002,2026,"PAHO",2026-04-01,51,51,51,21,1,TRUE,"applied_mean","not_missing",4,"2026/2027","Observed",51,349,2298,10353,NA,1658,"Caribbean","Guadeloupe",0.351250000141388,148.933333333333,51.9249461551173,"Normal","Average - typical case load at this point",-0.389255957645787,"Normal",25.5713068346918,"Average - typical case load at this point","Guadeloupe"
"GLP",2,5,0.348798836512906,191.533333333333,0.343357768919344,340.466666666667,191.533333333333,340.466666666667,0.0369932678230577,0.0207827898337575,2026,"PAHO",2026-05-01,34,34,34,19,1,TRUE,"applied_mean","not_missing",4,"2026/2027","Observed",85,383,2298,10353,NA,1658,"Caribbean","Guadeloupe",0.343357768919344,340.466666666667,47.3175127791439,"Normal","Average - typical case load at this point",-0.43945478829064,"Normal",25.5713068346918,"Average - typical case load at this point","Guadeloupe"
"GLP",3,6,0.363042171326573,241.333333333334,0.346149484725346,581.799999999999,241.333333333333,581.8,0.0641395275808912,0.0271462597578335,2026,"Estimates",2026-06-01,37,NA,NA,3,1,FALSE,"applied_mean",NA,4,"2026/2027","Unobserved",122,420,2298,10353,36.7017431925909,1658,"Caribbean","Guadeloupe",0.346149484725346,581.799999999999,44.4903882059789,"Normal","Average - typical case load at this point",-0.464834055488561,"Normal",25.5713068346918,"Average - typical case load at this point","Guadeloupe"
"GLP",4,7,0.37615362545212,173.133333333333,0.347589138864346,754.933333333332,173.133333333333,754.933333333333,0.0844185391419454,0.0202790115610542,2026,"Estimates",2026-07-01,27,NA,NA,2,1.0906976744186,FALSE,"applied_median",NA,4,"2026/2027","Unobserved",149,447,2298,10353,27.4172236305452,1658,"Caribbean","Guadeloupe",0.347589138864346,754.933333333332,43.4976544495819,"Normal","Average - typical case load at this point",-0.473096118384547,"Normal",25.5713068346918,"Average - typical case load at this point","Guadeloupe"
"GLP",5,8,0.248113522178089,320.066666666666,0.334561006431571,1075,320.066666666667,1075,0.115183182951114,0.030764643809169,2026,"Estimates",2026-08-01,42,NA,NA,1,NA,FALSE,"no_lookup_match",NA,4,"2026/2027","Unobserved",191,489,2298,10353,41.5937984299966,1658,"Caribbean","Guadeloupe",0.334561006431571,1075,42.9677870254087,"Normal","Average - typical case load at this point",-0.4755693881063,"Normal",25.5713068346918,"Average - typical case load at this point","Guadeloupe"
"GLP",6,9,0.342475281699061,1088.6,0.331925090218644,2163.6,1088.6,2163.6,0.234646031826489,0.119462848875374,2026,NA,2026-09-01,NA,NA,NA,NA,NA,NA,NA,NA,4,"2026/2027","Unobserved",191,489,2298,10353,NA,1658,"Caribbean","Guadeloupe",0.331925090218644,2163.6,34.476682481464,"Normal","Average - typical case load at this point",-0.5252291077027,"Normal",25.5713068346918,"Average - typical case load at this point","Guadeloupe"
"GLP",7,10,0.347707270513579,1160.73333333333,0.33151624847079,3324.33333333333,1160.73333333333,3324.33333333333,0.364809134100742,0.130163102274253,2026,NA,2026-10-01,NA,NA,NA,NA,NA,NA,NA,NA,4,"2026/2027","Unobserved",191,489,2298,10353,NA,1658,"Caribbean","Guadeloupe",0.33151624847079,3324.33333333333,30.0071029080317,"Normal","Average - typical case load at this point",-0.54266622253972,"Normal",25.5713068346918,"Average - typical case load at this point","Guadeloupe"
"GLP",8,11,0.355634217073947,1262.6,0.332412631227613,4586.93333333331,1262.6,4586.93333333333,0.511888604252006,0.147079470151265,2026,NA,2026-11-01,NA,NA,NA,NA,NA,NA,NA,NA,4,"2026/2027","Unobserved",191,489,2298,10353,NA,1658,"Caribbean","Guadeloupe",0.332412631227613,4586.93333333331,26.9283108945503,"Normal","Average - typical case load at this point",-0.552524693594818,"Normal",25.5713068346918,"Average - typical case load at this point","Guadeloupe"
"GLP",9,12,0.38236805289945,646.933333333332,0.33492982087101,5233.86666666666,646.933333333333,5233.86666666667,0.59440456222568,0.0825159579736733,2026,NA,2026-12-01,NA,NA,NA,NA,NA,NA,NA,NA,4,"2026/2027","Unobserved",191,489,2298,10353,NA,1658,"Caribbean","Guadeloupe",0.33492982087101,5233.86666666666,25.5713068346918,"Normal","Average - typical case load at this point",-0.557593681742147,"Normal",25.5713068346918,"Average - typical case load at this point","Guadeloupe"
"GRD",12,1,1.47293918140922,16.7333333333333,2.31824751083062,280.999999999999,16.7333333333333,281,1,0.0766933748517331,2025,"PAHO",2025-01-01,16,16,NA,86,NA,FALSE,"no_lookup_match","current_month_missing",2,"2024/2025","Observed",16,16,16,235,NA,16,"Caribbean","Grenada",2.31824751083062,280.999999999999,0.375979527036905,"Extremely Low","Rare good event - unusually low cases to date",-1.42999770895995,"Normal",44.3208772502033,"Average - typical case load at this point","Grenada"
"GRD",1,2,1.56594950033319,13.6,1.56594950033319,13.6,13.6,13.6,0.0687800101997511,0.0687800101997511,2025,"PAHO",2025-02-01,16,16,NA,82,NA,FALSE,"no_lookup_match","current_month_missing",2,"2025/2026","Observed",16,32,220,235,NA,220,"Caribbean","Grenada",1.56594950033319,13.6,69.2598446166764,"Normal","Average - typical case load at this point",0.2091201400264,"Normal",44.3208772502033,"Average - typical case load at this point","Grenada"
"GRD",2,3,1.19884990312726,14.9333333333333,1.52863395910475,28.5333333333334,14.9333333333333,28.5333333333333,0.145599947761167,0.0768199375614157,2025,"PAHO",2025-03-01,24,24,NA,77,NA,FALSE,"no_lookup_match","current_month_missing",2,"2025/2026","Observed",40,56,220,235,NA,220,"Caribbean","Grenada",1.52863395910475,28.5333333333334,76.2450120044345,"High","Above average - more cases than typical at this point",0.484065337916518,"Normal",44.3208772502033,"Average - typical case load at this point","Grenada"
"GRD",3,4,0.625365238928432,15.5333333333333,1.4881093914256,44.0666666666667,15.5333333333333,44.0666666666667,0.218027532876965,0.0724275851157986,2025,"PAHO",2025-04-01,16,16,NA,73,NA,FALSE,"no_lookup_match","current_month_missing",2,"2025/2026","Observed",56,72,220,235,NA,220,"Caribbean","Grenada",1.4881093914256,44.0666666666667,71.983693418706,"Normal","Average - typical case load at this point",0.324905559329866,"Normal",44.3208772502033,"Average - typical case load at this point","Grenada"
"GRD",4,5,0.627027175545464,29.9333333333334,1.16743408571454,74,29.9333333333333,74,0.308469142530295,0.0904416096533295,2025,"PAHO",2025-05-01,7,7,NA,69,NA,FALSE,"no_lookup_match","current_month_missing",2,"2025/2026","Observed",63,79,220,235,NA,220,"Caribbean","Grenada",1.16743408571454,74,56.1832061421953,"Normal","Average - typical case load at this point",-0.159359569268889,"Normal",44.3208772502033,"Average - typical case load at this point","Grenada"
"GRD",5,6,0.527481358613778,24.5333333333333,1.09656632101694,98.5333333333331,24.5333333333333,98.5333333333333,0.37532243905754,0.0668532965272449,2025,"PAHO",2025-06-01,12,12,NA,64,NA,FALSE,"no_lookup_match","current_month_missing",2,"2025/2026","Observed",75,91,220,235,NA,220,"Caribbean","Grenada",1.09656632101694,98.5333333333331,52.4945458258717,"Normal","Average - typical case load at this point",-0.248722150464378,"Normal",44.3208772502033,"Average - typical case load at this point","Grenada"
"GRD",6,7,1.0595639238448,27.5333333333333,1.43917758966997,126.066666666667,27.5333333333333,126.066666666667,0.465834706923813,0.0905122678662732,2025,"PAHO",2025-07-01,15,15,NA,60,NA,FALSE,"no_lookup_match","current_month_missing",2,"2025/2026","Observed",90,106,220,235,NA,220,"Caribbean","Grenada",1.43917758966997,126.066666666667,46.5276495914116,"Normal","Average - typical case load at this point",-0.341269926885674,"Normal",44.3208772502033,"Average - typical case load at this point","Grenada"
"GRD",7,8,0.738098928747444,39.4666666666666,1.70887853292965,165.533333333333,39.4666666666667,165.533333333333,0.584849596683137,0.119014889759324,2025,"PAHO",2025-08-01,18,18,NA,56,NA,FALSE,"no_lookup_match","current_month_missing",2,"2025/2026","Observed",108,124,220,235,NA,220,"Caribbean","Grenada",1.70887853292965,165.533333333333,40.2122794131366,"Normal","Average - typical case load at this point",-0.45202187471289,"Normal",44.3208772502033,"Average - typical case load at this point","Grenada"
"GRD",8,9,0.61972155422692,45.6666666666667,1.81553215968228,211.2,45.6666666666667,211.2,0.721988336836045,0.137138740152908,2025,"PAHO",2025-09-01,20,20,NA,51,1,TRUE,"applied_mean","previous_month_missing",2,"2025/2026","Observed",128,144,220,235,NA,220,"Caribbean","Grenada",1.81553215968228,211.2,36.0539217908127,"Normal","Average - typical case load at this point",-0.528533728055827,"Normal",44.3208772502033,"Average - typical case load at this point","Grenada"
"GRD",9,10,0.757829264325263,26.4666666666667,1.93895713593443,237.666666666667,26.4666666666667,237.666666666667,0.815710044027045,0.0937217071909998,2025,"PAHO",2025-10-01,14,14,14,47,1,TRUE,"applied_mean","not_missing",2,"2025/2026","Observed",142,158,220,235,NA,220,"Caribbean","Grenada",1.93895713593443,237.666666666667,34.3402127121942,"Normal","Average - typical case load at this point",-0.55822862811672,"Normal",44.3208772502033,"Average - typical case load at this point","Grenada"
"GRD",10,11,NA,NA,2.03982161353728,251.333333333334,13.6666666666667,251.333333333333,0.870287178986327,0.0545771349592821,2025,"PAHO",2025-11-01,18,18,18,43,1,TRUE,"applied_mean","not_missing",2,"2025/2026","Observed",160,176,220,235,NA,220,"Caribbean","Grenada",2.03982161353728,251.333333333334,36.3017630241547,"Normal","Average - typical case load at this point",-0.516916098199096,"Normal",44.3208772502033,"Average - typical case load at this point","Grenada"
"GRD",11,12,0.798554907031178,12.9333333333333,2.13537809908043,264.266666666667,12.9333333333333,264.266666666667,0.923306625148267,0.0530194461619403,2025,"PAHO",2025-12-01,41,41,41,38,1,TRUE,"applied_mean","not_missing",2,"2025/2026","Observed",201,217,220,235,NA,220,"Caribbean","Grenada",2.13537809908043,264.266666666667,44.3208772502033,"Normal","Average - typical case load at this point",-0.348435483051002,"Normal",44.3208772502033,"Average - typical case load at this point","Grenada"
"GRD",12,1,1.47293918140922,16.7333333333333,2.31824751083062,280.999999999999,16.7333333333333,281,1,0.0766933748517331,2026,"PAHO",2026-01-01,19,19,19,34,1,TRUE,"applied_mean","not_missing",2,"2025/2026","Observed",220,19,220,287,NA,220,"Caribbean","Grenada",2.31824751083062,280.999999999999,44.8841957179413,"Normal","Average - typical case load at this point",-0.329169283949268,"Normal",30.2348790249765,"Average - typical case load at this point","Grenada"
"GRD",1,2,1.56594950033319,13.6,1.56594950033319,13.6,13.6,13.6,0.0687800101997511,0.0687800101997511,2026,"PAHO",2026-02-01,12,12,12,30,1,TRUE,"applied_mean","not_missing",2,"2026/2027","Observed",12,31,255,287,NA,255,"Caribbean","Grenada",1.56594950033319,13.6,56.8687568186333,"Normal","Average - typical case load at this point",-0.139413426684266,"Normal",30.2348790249765,"Average - typical case load at this point","Grenada"
"GRD",2,3,1.19884990312726,14.9333333333333,1.52863395910475,28.5333333333334,14.9333333333333,28.5333333333333,0.145599947761167,0.0768199375614157,2026,"PAHO",2026-03-01,18,18,18,25,1,TRUE,"applied_mean","not_missing",2,"2026/2027","Observed",30,49,255,287,NA,255,"Caribbean","Grenada",1.52863395910475,28.5333333333334,63.7765233549495,"Normal","Average - typical case load at this point",0.0619153339195539,"Normal",30.2348790249765,"Average - typical case load at this point","Grenada"
"GRD",3,4,0.625365238928432,15.5333333333333,1.4881093914256,44.0666666666667,15.5333333333333,44.0666666666667,0.218027532876965,0.0724275851157986,2026,"PAHO",2026-04-01,11,11,11,21,1,TRUE,"applied_mean","not_missing",2,"2026/2027","Observed",41,60,255,287,NA,255,"Caribbean","Grenada",1.4881093914256,44.0666666666667,58.1683183285074,"Normal","Average - typical case load at this point",-0.0834952834032072,"Normal",30.2348790249765,"Average - typical case load at this point","Grenada"
"GRD",4,5,0.627027175545464,29.9333333333334,1.16743408571454,74,29.9333333333333,74,0.308469142530295,0.0904416096533295,2026,"PAHO",2026-05-01,20,20,20,17,1,TRUE,"applied_mean","not_missing",2,"2026/2027","Observed",61,80,255,287,NA,255,"Caribbean","Grenada",1.16743408571454,74,54.9284133905211,"Normal","Average - typical case load at this point",-0.188334036408687,"Normal",30.2348790249765,"Average - typical case load at this point","Grenada"
"GRD",5,6,0.527481358613778,24.5333333333333,1.09656632101694,98.5333333333331,24.5333333333333,98.5333333333333,0.37532243905754,0.0668532965272449,2026,"PAHO",2026-06-01,13,13,13,12,1,TRUE,"applied_mean","not_missing",2,"2026/2027","Observed",74,93,255,287,NA,255,"Caribbean","Grenada",1.09656632101694,98.5333333333331,51.9997311987369,"Normal","Average - typical case load at this point",-0.259291080370797,"Normal",30.2348790249765,"Average - typical case load at this point","Grenada"
"GRD",6,7,1.0595639238448,27.5333333333333,1.43917758966997,126.066666666667,27.5333333333333,126.066666666667,0.465834706923813,0.0905122678662732,2026,"PAHO",2026-07-01,12,12,12,8,1,TRUE,"applied_mean","not_missing",2,"2026/2027","Observed",86,105,255,287,NA,255,"Caribbean","Grenada",1.43917758966997,126.066666666667,44.655487850741,"Normal","Average - typical case load at this point",-0.379118717298133,"Normal",30.2348790249765,"Average - typical case load at this point","Grenada"
"GRD",7,8,0.738098928747444,39.4666666666666,1.70887853292965,165.533333333333,39.4666666666667,165.533333333333,0.584849596683137,0.119014889759324,2026,"PAHO",2026-08-01,63,63,63,4,1,TRUE,"applied_mean","not_missing",2,"2026/2027","Observed",149,168,255,287,NA,255,"Caribbean","Grenada",1.70887853292965,165.533333333333,55.1408175207919,"Normal","Average - typical case load at this point",-0.129897363764538,"Normal",30.2348790249765,"Average - typical case load at this point","Grenada"
"GRD",8,9,0.61972155422692,45.6666666666667,1.81553215968228,211.2,45.6666666666667,211.2,0.721988336836045,0.137138740152908,2026,NA,2026-09-01,NA,NA,NA,NA,NA,NA,NA,NA,2,"2026/2027","Unobserved",149,168,255,287,NA,255,"Caribbean","Grenada",1.81553215968228,211.2,42.7693175394562,"Normal","Average - typical case load at this point",-0.395129782272505,"Normal",30.2348790249765,"Average - typical case load at this point","Grenada"
"GRD",9,10,0.757829264325263,26.4666666666667,1.93895713593443,237.666666666667,26.4666666666667,237.666666666667,0.815710044027045,0.0937217071909998,2026,NA,2026-10-01,NA,NA,NA,NA,NA,NA,NA,NA,2,"2026/2027","Unobserved",149,168,255,287,NA,255,"Caribbean","Grenada",1.93895713593443,237.666666666667,36.4262442447017,"Normal","Average - typical case load at this point",-0.517382630937448,"Normal",30.2348790249765,"Average - typical case load at this point","Grenada"
"GRD",10,11,NA,NA,2.03982161353728,251.333333333334,13.6666666666667,251.333333333333,0.870287178986327,0.0545771349592821,2026,NA,2026-11-01,NA,NA,NA,NA,NA,NA,NA,NA,2,"2026/2027","Unobserved",149,168,255,287,NA,255,"Caribbean","Grenada",2.03982161353728,251.333333333334,33.1509006016128,"Normal","Average - typical case load at this point",-0.579172416595338,"Normal",30.2348790249765,"Average - typical case load at this point","Grenada"
"GRD",11,12,0.798554907031178,12.9333333333333,2.13537809908043,264.266666666667,12.9333333333333,264.266666666667,0.923306625148267,0.0530194461619403,2026,NA,2026-12-01,NA,NA,NA,NA,NA,NA,NA,NA,2,"2026/2027","Unobserved",149,168,255,287,NA,255,"Caribbean","Grenada",2.13537809908043,264.266666666667,30.2348790249765,"Normal","Average - typical case load at this point",-0.63482081158607,"Normal",30.2348790249765,"Average - typical case load at this point","Grenada"
"GTM",12,1,0.867939668881426,1367.5,0.794826135664298,29910.1249999999,1367.5,29910.125,1,0.0649628568787942,2025,"PAHO",2025-01-01,4342,4342,NA,86,NA,FALSE,"no_lookup_match","current_month_missing",2,"2024/2025","Observed",4342,4342,4342,51632,NA,4342,"North & Central America","Guatemala",0.794826135664298,29910.1249999999,18.373878878899,"Low","Below average - fewer cases than typical at this point",-0.76209822848199,"High",78.2331451010928,"Above average - more cases than typical at this point","Guatemala"
"GTM",1,2,1.20611717433845,994.249999999998,1.20611717433845,994.249999999998,994.25,994.25,0.0572121827980011,0.0572121827980011,2025,"PAHO",2025-02-01,3502,3502,NA,82,NA,FALSE,"no_lookup_match","current_month_missing",2,"2025/2026","Observed",3502,7844,46622,51632,NA,46622,"North & Central America","Guatemala",1.20611717433845,994.249999999998,97.8089060889682,"Extremely High","Rare bad event - unusually high cases to date",2.76834447641428,"High",78.2331451010928,"Above average - more cases than typical at this point","Guatemala"
"GTM",2,3,0.964500738927091,1093.6875,1.07919392087652,2087.9375,1093.6875,2087.9375,0.108605642096344,0.0513934592983425,2025,"PAHO",2025-03-01,5449,5449,NA,77,NA,FALSE,"no_lookup_match","current_month_missing",2,"2025/2026","Observed",8951,13293,46622,51632,NA,46622,"North & Central America","Guatemala",1.07919392087652,2087.9375,98.8313231790398,"Extremely High","Rare bad event - unusually high cases to date",3.41379939076945,"High",78.2331451010928,"Above average - more cases than typical at this point","Guatemala"
"GTM",3,4,0.875619769866957,1134.4375,1.02649142632862,3222.375,1134.4375,3222.375,0.155701469034131,0.047095826937787,2025,"PAHO",2025-04-01,3995,3995,NA,73,NA,FALSE,"no_lookup_match","current_month_missing",2,"2025/2026","Observed",12946,17288,46622,51632,NA,46622,"North & Central America","Guatemala",1.02649142632862,3222.375,98.2854844070143,"Extremely High","Rare bad event - unusually high cases to date",3.05675494670734,"High",78.2331451010928,"Above average - more cases than typical at this point","Guatemala"
"GTM",4,5,0.86756209473049,1699.3125,0.985341528272707,4921.68749999999,1699.3125,4921.6875,0.223269926800575,0.067568457766444,2025,"PAHO",2025-05-01,4924,4924,NA,69,NA,FALSE,"no_lookup_match","current_month_missing",2,"2025/2026","Observed",17870,22212,46622,51632,NA,46622,"North & Central America","Guatemala",0.985341528272707,4921.68749999999,97.2897468310443,"Extremely High","Rare bad event - unusually high cases to date",2.61125365850527,"High",78.2331451010928,"Above average - more cases than typical at this point","Guatemala"
"GTM",5,6,0.688140011741919,3102.125,0.878867047613069,8023.81250000001,3102.125,8023.8125,0.321980731903209,0.0987108051026341,2025,"PAHO",2025-06-01,5885,5885,NA,64,NA,FALSE,"no_lookup_match","current_month_missing",2,"2025/2026","Observed",23755,28097,46622,51632,NA,46622,"North & Central America","Guatemala",0.878867047613069,8023.81250000001,94.132251535003,"High","Above average - more cases than typical at this point",1.83788588832361,"High",78.2331451010928,"Above average - more cases than typical at this point","Guatemala"
"GTM",6,7,0.67602531441095,3470.0625,0.846646691298397,11493.875,3470.0625,11493.875,0.428865720848686,0.106884988945477,2025,"PAHO",2025-07-01,4076,4076,NA,60,NA,FALSE,"no_lookup_match","current_month_missing",2,"2025/2026","Observed",27831,32173,46622,51632,NA,46622,"North & Central America","Guatemala",0.846646691298397,11493.875,90.2027688887769,"High","Above average - more cases than typical at this point",1.30780886038247,"High",78.2331451010928,"Above average - more cases than typical at this point","Guatemala"
"GTM",7,8,0.710936850466684,4219.3125,0.829374431029147,15713.1875,4219.3125,15713.1875,0.562240294742867,0.13337457389418,2025,"PAHO",2025-08-01,3747,3747,NA,56,NA,FALSE,"no_lookup_match","current_month_missing",2,"2025/2026","Observed",31578,35920,46622,51632,NA,46622,"North & Central America","Guatemala",0.829374431029147,15713.1875,85.7432318805144,"High","Above average - more cases than typical at this point",0.919463536304002,"High",78.2331451010928,"Above average - more cases than typical at this point","Guatemala"
"GTM",8,9,0.550757276941644,4946.62499999999,0.7719200970799,20659.8124999999,4946.625,20659.8125,0.682797075978393,0.120556781235527,2025,"PAHO",2025-09-01,4112,4112,NA,51,1,TRUE,"applied_mean","previous_month_missing",2,"2025/2026","Observed",35690,40032,46622,51632,NA,46622,"North & Central America","Guatemala",0.7719200970799,20659.8124999999,81.4972696621168,"High","Above average - more cases than typical at this point",0.639169559488983,"High",78.2331451010928,"Above average - more cases than typical at this point","Guatemala"
"GTM",9,10,0.648895380117667,3950.25,0.763151440512665,24610.0625,3950.25,24610.0625,0.798494297561907,0.115697221583513,2025,"PAHO",2025-10-01,3267,3267,3267,47,1,TRUE,"applied_mean","not_missing",2,"2025/2026","Observed",38957,43299,46622,51632,NA,46622,"North & Central America","Guatemala",0.763151440512665,24610.0625,79.0297319088714,"High","Above average - more cases than typical at this point",0.509266513467827,"High",78.2331451010928,"Above average - more cases than typical at this point","Guatemala"
"GTM",10,11,0.697383853649746,2620.24999999999,0.767115779071943,27230.3125,2620.25,27230.3125,0.884813712637578,0.086319415075671,2025,"PAHO",2025-11-01,2728,2728,2728,43,1,TRUE,"applied_mean","not_missing",2,"2025/2026","Observed",41685,46027,46622,51632,NA,46622,"North & Central America","Guatemala",0.767115779071943,27230.3125,78.0679920189824,"High","Above average - more cases than typical at this point",0.464922347836182,"High",78.2331451010928,"Above average - more cases than typical at this point","Guatemala"
"GTM",11,12,0.826903722369394,1312.3125,0.774775367650354,28542.625,1312.3125,28542.625,0.935037143121206,0.0502234304836281,2025,"PAHO",2025-12-01,2251,2251,2251,38,1,TRUE,"applied_mean","not_missing",2,"2025/2026","Observed",43936,48278,46622,51632,NA,46622,"North & Central America","Guatemala",0.774775367650354,28542.625,78.2331451010928,"High","Above average - more cases than typical at this point",0.474702966647271,"High",78.2331451010928,"Above average - more cases than typical at this point","Guatemala"
"GTM",12,1,0.867939668881426,1367.5,0.794826135664298,29910.1249999999,1367.5,29910.125,1,0.0649628568787942,2026,"PAHO",2026-01-01,2686,2672,2686,34,1.00520027239522,TRUE,"applied_mean","not_missing",2,"2025/2026","Observed",46622,2686,46622,49297,NA,46622,"North & Central America","Guatemala",0.794826135664298,29910.1249999999,78.6172354010609,"High","Above average - more cases than typical at this point",0.49812375104207,"Normal",60.3276195649036,"Average - typical case load at this point","Guatemala"
"GTM",1,2,1.20611717433845,994.249999999998,1.20611717433845,994.249999999998,994.25,994.25,0.0572121827980011,0.0572121827980011,2026,"PAHO",2026-02-01,3771,2925,3771,30,1.15372809034373,TRUE,"applied_mean","not_missing",2,"2026/2027","Observed",3771,6457,43034,49297,NA,43885,"North & Central America","Guatemala",1.20611717433845,994.249999999998,98.3984353259712,"Extremely High","Rare bad event - unusually high cases to date",3.06529778681421,"Normal",60.3276195649036,"Average - typical case load at this point","Guatemala"
"GTM",2,3,0.964500738927091,1093.6875,1.07919392087652,2087.9375,1093.6875,2087.9375,0.108605642096344,0.0513934592983425,2026,"PAHO",2026-03-01,6400,3787,6400,25,1.37014923187033,TRUE,"applied_mean","not_missing",2,"2026/2027","Observed",10171,12857,43034,49297,NA,43885,"North & Central America","Guatemala",1.07919392087652,2087.9375,99.3724651823031,"Extremely High","Rare bad event - unusually high cases to date",4.02064731860614,"Normal",60.3276195649036,"Average - typical case load at this point","Guatemala"
"GTM",3,4,0.875619769866957,1134.4375,1.02649142632862,3222.375,1134.4375,3222.375,0.155701469034131,0.047095826937787,2026,"PAHO",2026-04-01,4533,3218,4533,21,1.37992454971903,TRUE,"applied_mean","not_missing",2,"2026/2027","Observed",14704,17390,43034,49297,NA,43885,"North & Central America","Guatemala",1.02649142632862,3222.375,99.0178113607556,"Extremely High","Rare bad event - unusually high cases to date",3.60940637005115,"Normal",60.3276195649036,"Average - typical case load at this point","Guatemala"
"GTM",4,5,0.86756209473049,1699.3125,0.985341528272707,4921.68749999999,1699.3125,4921.6875,0.223269926800575,0.067568457766444,2026,"PAHO",2026-05-01,2379,2094,2379,17,1.3452291794291,TRUE,"applied_mean","not_missing",2,"2026/2027","Observed",17083,19769,43034,49297,NA,43885,"North & Central America","Guatemala",0.985341528272707,4921.68749999999,96.8255945177112,"Extremely High","Rare bad event - unusually high cases to date",2.45254134527962,"Normal",60.3276195649036,"Average - typical case load at this point","Guatemala"
"GTM",5,6,0.688140011741919,3102.125,0.878867047613069,8023.81250000001,3102.125,8023.8125,0.321980731903209,0.0987108051026341,2026,"PAHO",2026-06-01,1059,983,1059,13,1.32839399642986,TRUE,"applied_mean","not_missing",2,"2026/2027","Observed",18142,20828,43034,49297,NA,43885,"North & Central America","Guatemala",0.878867047613069,8023.81250000001,88.8805553293872,"High","Above average - more cases than typical at this point",1.18211508328041,"Normal",60.3276195649036,"Average - typical case load at this point","Guatemala"
"GTM",6,7,0.67602531441095,3470.0625,0.846646691298397,11493.875,3470.0625,11493.875,0.428865720848686,0.106884988945477,2026,"WHO",2026-07-01,314,135,314,2,2.32459360251704,TRUE,"applied_median",NA,2,"2026/2027","Observed",18456,21142,43034,49297,NA,43885,"North & Central America","Guatemala",0.846646691298397,11493.875,79.5751914223361,"High","Above average - more cases than typical at this point",0.557327483390763,"Normal",60.3276195649036,"Average - typical case load at this point","Guatemala"
"GTM",7,8,0.710936850466684,4219.3125,0.829374431029147,15713.1875,4219.3125,15713.1875,0.562240294742867,0.13337457389418,2026,"Estimates",2026-08-01,6218,NA,NA,1,NA,FALSE,"insufficient_n_rf",NA,2,"2026/2027","Unobserved",24674,27360,43034,49297,6218.18938409448,43885,"North & Central America","Guatemala",0.829374431029147,15713.1875,78.8791328595406,"High","Above average - more cases than typical at this point",0.519334240439784,"Normal",60.3276195649036,"Average - typical case load at this point","Guatemala"
"GTM",8,9,0.550757276941644,4946.62499999999,0.7719200970799,20659.8124999999,4946.625,20659.8125,0.682797075978393,0.120556781235527,2026,NA,2026-09-01,NA,NA,NA,NA,NA,NA,NA,NA,2,"2026/2027","Unobserved",24674,27360,43034,49297,NA,43885,"North & Central America","Guatemala",0.7719200970799,20659.8124999999,70.5430628037115,"Normal","Average - typical case load at this point",0.170706217476078,"Normal",60.3276195649036,"Average - typical case load at this point","Guatemala"
"GTM",9,10,0.648895380117667,3950.25,0.763151440512665,24610.0625,3950.25,24610.0625,0.798494297561907,0.115697221583513,2026,NA,2026-10-01,NA,NA,NA,NA,NA,NA,NA,NA,2,"2026/2027","Unobserved",24674,27360,43034,49297,NA,43885,"North & Central America","Guatemala",0.763151440512665,24610.0625,65.117421093756,"Normal","Average - typical case load at this point",0.00226955945858603,"Normal",60.3276195649036,"Average - typical case load at this point","Guatemala"
"GTM",10,11,0.697383853649746,2620.24999999999,0.767115779071943,27230.3125,2620.25,27230.3125,0.884813712637578,0.086319415075671,2026,NA,2026-11-01,NA,NA,NA,NA,NA,NA,NA,NA,2,"2026/2027","Unobserved",24674,27360,43034,49297,NA,43885,"North & Central America","Guatemala",0.767115779071943,27230.3125,61.8988632549716,"Normal","Average - typical case load at this point",-0.0822215498815155,"Normal",60.3276195649036,"Average - typical case load at this point","Guatemala"
"GTM",11,12,0.826903722369394,1312.3125,0.774775367650354,28542.625,1312.3125,28542.625,0.935037143121206,0.0502234304836281,2026,NA,2026-12-01,NA,NA,NA,NA,NA,NA,NA,NA,2,"2026/2027","Unobserved",24674,27360,43034,49297,NA,43885,"North & Central America","Guatemala",0.774775367650354,28542.625,60.3276195649036,"Normal","Average - typical case load at this point",-0.119301177574495,"Normal",60.3276195649036,"Average - typical case load at this point","Guatemala"
"GUF",4,1,0.486999975449341,682.76923076923,0.635629852826489,1337.53846153846,682.769230769231,1337.53846153846,0.36355919033891,0.129092542349888,2025,"Estimates",2025-01-01,36,NA,NA,NA,NA,NA,NA,"current_month_missing",10,"2024/2025","Unobserved",36,36,279,1356,36.0168193156187,378,"South America","French Guiana",0.635629852826489,1337.53846153846,8.45039006132604,"Low","Below average - fewer cases than typical at this point",-0.775621253720356,"Normal",30.7370502858206,"Average - typical case load at this point","French Guiana"
"GUF",5,2,0.472472034811407,665.615384615385,0.644890808514053,2003.15384615385,665.615384615385,2003.15384615385,0.502995385332294,0.139436194993383,2025,"Estimates",2025-02-01,39,NA,NA,NA,NA,NA,NA,"current_month_missing",10,"2024/2025","Unobserved",75,75,279,1356,38.902698403154,378,"South America","French Guiana",0.644890808514053,2003.15384615385,10.0470861412446,"Low","Below average - fewer cases than typical at this point",-0.772859544547562,"Normal",30.7370502858206,"Average - typical case load at this point","French Guiana"
"GUF",6,3,0.311171286414496,479.384615384616,0.637387889429725,2482.53846153846,479.384615384615,2482.53846153846,0.59068263792391,0.0876872525916164,2025,"Estimates",2025-03-01,24,NA,NA,NA,NA,NA,NA,"current_month_missing",10,"2024/2025","Unobserved",99,99,279,1356,24.464743473061,378,"South America","French Guiana",0.637387889429725,2482.53846153846,10.6653827504587,"Low","Below average - fewer cases than typical at this point",-0.766429720221148,"Normal",30.7370502858206,"Average - typical case load at this point","French Guiana"
"GUF",7,4,0.39526789794146,382.230769230768,0.647367332155986,2864.76923076923,382.230769230769,2864.76923076923,0.671393207382684,0.0807105694587735,2025,"WHO",2025-04-01,175,175,NA,17,NA,FALSE,"no_lookup_match",NA,10,"2024/2025","Observed",274,274,279,1356,NA,378,"South America","French Guiana",0.647367332155986,2864.76923076923,17.9490004157063,"Low","Below average - fewer cases than typical at this point",-0.727554301396956,"Normal",30.7370502858206,"Average - typical case load at this point","French Guiana"
"GUF",8,5,0.275825693047439,337.923076923077,0.650150132999504,3202.69230769231,337.923076923077,3202.69230769231,0.732796885068118,0.0614036776854344,2025,"PAHO",2025-05-01,33,33,NA,69,NA,FALSE,"no_lookup_match","current_month_missing",10,"2024/2025","Observed",307,307,279,1356,NA,378,"South America","French Guiana",0.650150132999504,3202.69230769231,17.8705203532582,"Low","Below average - fewer cases than typical at this point",-0.728953703819779,"Normal",30.7370502858206,"Average - typical case load at this point","French Guiana"
"GUF",9,6,0.307051081491054,337,0.673038789657076,3539.69230769232,337,3539.69230769231,0.808571142474169,0.0757742574060507,2025,"PAHO",2025-06-01,24,24,NA,64,NA,FALSE,"no_lookup_match","current_month_missing",10,"2024/2025","Observed",331,331,279,1356,NA,378,"South America","French Guiana",0.673038789657076,3539.69230769232,16.7998212895083,"Low","Below average - fewer cases than typical at this point",-0.743603326593126,"Normal",30.7370502858206,"Average - typical case load at this point","French Guiana"
"GUF",10,7,0.335437113150354,237.692307692308,0.696687282593191,3777.38461538461,237.692307692308,3777.38461538462,0.87437607011771,0.0658049276435414,2025,"PAHO",2025-07-01,12,12,NA,60,NA,FALSE,"no_lookup_match","current_month_missing",10,"2024/2025","Observed",343,343,279,1356,NA,378,"South America","French Guiana",0.696687282593191,3777.38461538461,15.7096495570354,"Low","Below average - fewer cases than typical at this point",-0.758816242029179,"Normal",30.7370502858206,"Average - typical case load at this point","French Guiana"
"GUF",11,8,0.326292455312001,223.153846153846,0.719051340565345,4000.53846153846,223.153846153846,4000.53846153846,0.942860776161702,0.0684847060439916,2025,"PAHO",2025-08-01,18,18,NA,56,NA,FALSE,"no_lookup_match","current_month_missing",10,"2024/2025","Observed",361,361,279,1356,NA,378,"South America","French Guiana",0.719051340565345,4000.53846153846,14.9512520195698,"Low","Below average - fewer cases than typical at this point",-0.771380732751511,"Normal",30.7370502858206,"Average - typical case load at this point","French Guiana"
"GUF",12,9,0.266245524187501,128.538461538461,0.744492977676832,4129.07692307692,128.538461538462,4129.07692307692,1,0.0571392238382982,2025,"PAHO",2025-09-01,17,17,NA,51,NA,FALSE,"no_lookup_match","current_month_missing",10,"2024/2025","Observed",378,378,279,1356,NA,378,"South America","French Guiana",0.744492977676832,4129.07692307692,14.352794649585,"Low","Below average - fewer cases than typical at this point",-0.783779951314301,"Normal",30.7370502858206,"Average - typical case load at this point","French Guiana"
"GUF",1,10,0.333073787789825,174.769230769231,0.333073787789825,174.769230769231,174.769230769231,174.769230769231,0.0672622528273516,0.0672622528273516,2025,"PAHO",2025-10-01,14,14,NA,47,NA,FALSE,"no_lookup_match","current_month_missing",10,"2025/2026","Observed",14,392,54,1356,NA,54,"South America","French Guiana",0.333073787789825,174.769230769231,33.771611811956,"Normal","Average - typical case load at this point",-0.530389286999049,"Normal",30.7370502858206,"Average - typical case load at this point","French Guiana"
"GUF",2,11,0.353329287043276,271,0.34385478512914,445.769230769231,271,445.769230769231,0.165231858461629,0.0979696056342775,2025,"PAHO",2025-11-01,11,11,NA,43,NA,FALSE,"no_lookup_match","current_month_missing",10,"2025/2026","Observed",25,403,54,1356,NA,54,"South America","French Guiana",0.34385478512914,445.769230769231,28.9610121366992,"Normal","Average - typical case load at this point",-0.55329148307216,"Normal",30.7370502858206,"Average - typical case load at this point","French Guiana"
"GUF",3,12,0.29575301812157,209,0.32868292898328,654.76923076923,209,654.769230769231,0.234466647989022,0.0692347895273931,2025,"PAHO",2025-12-01,14,14,NA,39,NA,FALSE,"no_lookup_match","current_month_missing",10,"2025/2026","Observed",39,417,54,1356,NA,54,"South America","French Guiana",0.32868292898328,654.76923076923,30.7370502858206,"Normal","Average - typical case load at this point",-0.53902550940737,"Normal",30.7370502858206,"Average - typical case load at this point","French Guiana"
"GUF",4,1,0.486999975449341,682.76923076923,0.635629852826489,1337.53846153846,682.769230769231,1337.53846153846,0.36355919033891,0.129092542349888,2026,"PAHO",2026-01-01,1,1,1,34,1,TRUE,"applied_mean","previous_month_missing",10,"2025/2026","Observed",40,1,54,13,NA,54,"South America","French Guiana",0.635629852826489,1337.53846153846,9.01628038262829,"Low","Below average - fewer cases than typical at this point",-0.773237547739655,"Low",8.23191963065541,"Below average - fewer cases than typical at this point","French Guiana"
"GUF",5,2,0.472472034811407,665.615384615385,0.644890808514053,2003.15384615385,665.615384615385,2003.15384615385,0.502995385332294,0.139436194993383,2026,"PAHO",2026-02-01,2,2,2,30,1,TRUE,"applied_mean","not_missing",10,"2025/2026","Observed",42,3,54,13,NA,54,"South America","French Guiana",0.644890808514053,2003.15384615385,6.97957489106736,"Low","Below average - fewer cases than typical at this point",-0.786086894129103,"Low",8.23191963065541,"Below average - fewer cases than typical at this point","French Guiana"
"GUF",6,3,0.311171286414496,479.384615384616,0.637387889429725,2482.53846153846,479.384615384615,2482.53846153846,0.59068263792391,0.0876872525916164,2026,"PAHO",2026-03-01,3,3,3,25,1,TRUE,"applied_mean","not_missing",10,"2025/2026","Observed",45,6,54,13,NA,54,"South America","French Guiana",0.637387889429725,2482.53846153846,6.52781056647434,"Low","Below average - fewer cases than typical at this point",-0.783793486554177,"Low",8.23191963065541,"Below average - fewer cases than typical at this point","French Guiana"
"GUF",7,4,0.39526789794146,382.230769230768,0.647367332155986,2864.76923076923,382.230769230769,2864.76923076923,0.671393207382684,0.0807105694587735,2026,"PAHO",2026-04-01,4,4,4,21,1,TRUE,"applied_mean","not_missing",10,"2025/2026","Observed",49,10,54,13,NA,54,"South America","French Guiana",0.647367332155986,2864.76923076923,6.06103865930142,"Low","Below average - fewer cases than typical at this point",-0.790740059460676,"Low",8.23191963065541,"Below average - fewer cases than typical at this point","French Guiana"
"GUF",8,5,0.275825693047439,337.923076923077,0.650150132999504,3202.69230769231,337.923076923077,3202.69230769231,0.732796885068118,0.0614036776854344,2026,"PAHO",2026-05-01,1,1,1,17,1,TRUE,"applied_mean","not_missing",10,"2025/2026","Observed",50,11,54,13,NA,54,"South America","French Guiana",0.650150132999504,3202.69230769231,5.65493264328405,"Low","Below average - fewer cases than typical at this point",-0.793650184652365,"Low",8.23191963065541,"Below average - fewer cases than typical at this point","French Guiana"
"GUF",9,6,0.307051081491054,337,0.673038789657076,3539.69230769232,337,3539.69230769231,0.808571142474169,0.0757742574060507,2026,"WHO",2026-06-01,0,0,0,3,1,TRUE,"applied_mean",NA,10,"2025/2026","Observed",50,11,54,13,NA,54,"South America","French Guiana",0.673038789657076,3539.69230769232,4.85520937868257,"Extremely Low","Rare good event - unusually low cases to date",-0.80872410313868,"Low",8.23191963065541,"Below average - fewer cases than typical at this point","French Guiana"
"GUF",10,7,0.335437113150354,237.692307692308,0.696687282593191,3777.38461538461,237.692307692308,3777.38461538462,0.87437607011771,0.0658049276435414,2026,"WHO",2026-07-01,0,0,0,2,1.43471337579618,TRUE,"applied_mean",NA,10,"2025/2026","Observed",50,11,54,13,NA,54,"South America","French Guiana",0.696687282593191,3777.38461538461,4.24048160421829,"Extremely Low","Rare good event - unusually low cases to date",-0.823553650273611,"Low",8.23191963065541,"Below average - fewer cases than typical at this point","French Guiana"
"GUF",11,8,0.326292455312001,223.153846153846,0.719051340565345,4000.53846153846,223.153846153846,4000.53846153846,0.942860776161702,0.0684847060439916,2026,"PAHO",2026-08-01,1,1,1,4,1,TRUE,"applied_mean","not_missing",10,"2025/2026","Observed",51,12,54,13,NA,54,"South America","French Guiana",0.719051340565345,4000.53846153846,3.78484898245525,"Extremely Low","Rare good event - unusually low cases to date",-0.837083576581848,"Low",8.23191963065541,"Below average - fewer cases than typical at this point","French Guiana"
"GUF",12,9,0.266245524187501,128.538461538461,0.744492977676832,4129.07692307692,128.538461538462,4129.07692307692,1,0.0571392238382982,2026,NA,2026-09-01,NA,NA,NA,NA,NA,NA,NA,NA,10,"2025/2026","Unobserved",51,12,54,13,NA,54,"South America","French Guiana",0.744492977676832,4129.07692307692,3.34860800058256,"Extremely Low","Rare good event - unusually low cases to date",-0.852105941246158,"Low",8.23191963065541,"Below average - fewer cases than typical at this point","French Guiana"
"GUF",1,10,0.333073787789825,174.769230769231,0.333073787789825,174.769230769231,174.769230769231,174.769230769231,0.0672622528273516,0.0672622528273516,2026,NA,2026-10-01,NA,NA,NA,NA,NA,NA,NA,NA,10,"2026/2027","Unobserved",0,12,NA,13,NA,NA,"South America","French Guiana",0.333073787789825,174.769230769231,12.4104927034324,"Low","Below average - fewer cases than typical at this point",-0.576576296680306,"Low",8.23191963065541,"Below average - fewer cases than typical at this point","French Guiana"
"GUF",2,11,0.353329287043276,271,0.34385478512914,445.769230769231,271,445.769230769231,0.165231858461629,0.0979696056342775,2026,NA,2026-11-01,NA,NA,NA,NA,NA,NA,NA,NA,10,"2026/2027","Unobserved",0,12,NA,13,NA,NA,"South America","French Guiana",0.34385478512914,445.769230769231,8.50268366680211,"Low","Below average - fewer cases than typical at this point",-0.586165291481383,"Low",8.23191963065541,"Below average - fewer cases than typical at this point","French Guiana"
"GUF",3,12,0.29575301812157,209,0.32868292898328,654.76923076923,209,654.769230769231,0.234466647989022,0.0692347895273931,2026,NA,2026-12-01,NA,NA,NA,NA,NA,NA,NA,NA,10,"2026/2027","Unobserved",0,12,NA,13,NA,NA,"South America","French Guiana",0.32868292898328,654.76923076923,8.23191963065541,"Low","Below average - fewer cases than typical at this point",-0.573164913938231,"Low",8.23191963065541,"Below average - fewer cases than typical at this point","French Guiana"
"GUY",2,1,0.45147063366675,804.785714285716,0.480410414331122,1158.35714285715,804.785714285714,1158.35714285714,0.140978150503188,0.0853003605575413,2025,"PAHO",2025-01-01,5033,5033,NA,86,NA,FALSE,"no_lookup_match","current_month_missing",12,"2024/2025","Observed",5033,5033,67387,1281031,NA,67387,"South America","Guyana",0.480410414331122,1158.35714285715,96.1351920056887,"Extremely High","Rare bad event - unusually high cases to date",2.31795693936058,"Extremely High",99.835616279251,"Rare bad event - unusually high cases to date","Guyana"
"GUY",3,2,0.414580807796861,785.499999999999,0.456837476966672,1943.85714285714,785.5,1943.85714285714,0.213613254165874,0.0726351036626869,2025,"PAHO",2025-02-01,4229,4229,NA,82,NA,FALSE,"no_lookup_match","current_month_missing",12,"2024/2025","Observed",9262,9262,67387,1281031,NA,67387,"South America","Guyana",0.456837476966672,1943.85714285714,96.7767239253946,"Extremely High","Rare bad event - unusually high cases to date",2.54428860805284,"Extremely High",99.835616279251,"Rare bad event - unusually high cases to date","Guyana"
"GUY",4,3,0.390968398117573,889.142857142857,0.43723567940113,2833,889.142857142857,2833,0.28623988688844,0.0726266327225655,2025,"PAHO",2025-03-01,6799,6799,NA,77,NA,FALSE,"no_lookup_match","current_month_missing",12,"2024/2025","Observed",16061,16061,67387,1281031,NA,67387,"South America","Guyana",0.43723567940113,2833,97.8899697453329,"Extremely High","Rare bad event - unusually high cases to date",3.08725069872927,"Extremely High",99.835616279251,"Rare bad event - unusually high cases to date","Guyana"
"GUY",5,4,0.39844486227071,862.428571428572,0.429072583457725,3695.42857142857,862.428571428571,3695.42857142857,0.358324408656239,0.0720845217677994,2025,"PAHO",2025-04-01,3800,3800,NA,73,NA,FALSE,"no_lookup_match","current_month_missing",12,"2024/2025","Observed",19861,19861,67387,1281031,NA,67387,"South America","Guyana",0.429072583457725,3695.42857142857,97.484066368989,"Extremely High","Rare bad event - unusually high cases to date",2.86527572190357,"Extremely High",99.835616279251,"Rare bad event - unusually high cases to date","Guyana"
"GUY",6,5,0.369992877098817,1193.57142857143,0.415374667267101,4889,1193.57142857143,4889,0.445713774628632,0.0873893659723923,2025,"PAHO",2025-05-01,8305,8305,NA,69,NA,FALSE,"no_lookup_match","current_month_missing",12,"2024/2025","Observed",28166,28166,67387,1281031,NA,67387,"South America","Guyana",0.415374667267101,4889,97.838984253084,"Extremely High","Rare bad event - unusually high cases to date",3.06837562618581,"Extremely High",99.835616279251,"Rare bad event - unusually high cases to date","Guyana"
"GUY",7,6,0.334424511116759,1466.35714285714,0.398030216405765,6355.35714285714,1466.35714285714,6355.35714285714,0.537537012642806,0.0918232380141748,2025,"PAHO",2025-06-01,10602,10602,NA,64,NA,FALSE,"no_lookup_match","current_month_missing",12,"2024/2025","Observed",38768,38768,67387,1281031,NA,67387,"South America","Guyana",0.398030216405765,6355.35714285714,98.055094889694,"Extremely High","Rare bad event - unusually high cases to date",3.21750258852021,"Extremely High",99.835616279251,"Rare bad event - unusually high cases to date","Guyana"
"GUY",8,7,0.405118488403257,1407.07142857143,0.401367113444544,7762.42857142859,1407.07142857143,7762.42857142857,0.658015247210361,0.120478234567554,2025,"PAHO",2025-07-01,5363,5363,NA,60,NA,FALSE,"no_lookup_match","current_month_missing",12,"2024/2025","Observed",44131,44131,67387,1281031,NA,67387,"South America","Guyana",0.401367113444544,7762.42857142859,97.6544449145053,"Extremely High","Rare bad event - unusually high cases to date",2.96816671214764,"Extremely High",99.835616279251,"Rare bad event - unusually high cases to date","Guyana"
"GUY",9,8,0.391517229173473,1043.07142857143,0.403717783383633,8805.50000000001,1043.07142857143,8805.5,0.74726586784191,0.0892506206315494,2025,"PAHO",2025-08-01,4582,4582,NA,56,NA,FALSE,"no_lookup_match","current_month_missing",12,"2024/2025","Observed",48713,48713,67387,1281031,NA,67387,"South America","Guyana",0.403717783383633,8805.50000000001,97.4922739201083,"Extremely High","Rare bad event - unusually high cases to date",2.87958223315368,"Extremely High",99.835616279251,"Rare bad event - unusually high cases to date","Guyana"
"GUY",10,9,0.394118306551177,1031.07142857143,0.404184568190662,9836.57142857143,1031.07142857143,9836.57142857143,0.834720122168211,0.087454254326301,2025,"PAHO",2025-09-01,7523,6071,NA,51,1.02649717624781,TRUE,"applied_mean","previous_month_missing",12,"2024/2025","Observed",56236,56236,67387,1281031,NA,67387,"South America","Guyana",0.404184568190662,9836.57142857143,97.710885576799,"Extremely High","Rare bad event - unusually high cases to date",2.99881603067439,"Extremely High",99.835616279251,"Rare bad event - unusually high cases to date","Guyana"
"GUY",11,10,0.399040023037172,1032.57142857143,0.404250373545817,10869.1428571429,1032.57142857143,10869.1428571429,0.922291482295032,0.0875713601268212,2025,"PAHO",2025-10-01,5160,5059,5160,47,1.02595425245564,TRUE,"applied_mean","not_missing",12,"2024/2025","Observed",61396,61396,67387,1281031,NA,67387,"South America","Guyana",0.404250373545817,10869.1428571429,97.6342065651206,"Extremely High","Rare bad event - unusually high cases to date",2.95558958277785,"Extremely High",99.835616279251,"Rare bad event - unusually high cases to date","Guyana"
"GUY",12,11,0.411240385548915,879.42857142857,0.404926967922994,11748.5714285714,879.428571428571,11748.5714285714,1,0.0777085177049678,2025,"PAHO",2025-11-01,5991,5893,5991,43,1.0251163020018,TRUE,"applied_mean","not_missing",12,"2024/2025","Observed",67387,67387,67387,1281031,NA,67387,"South America","Guyana",0.404926967922994,11748.5714285714,97.7369735615838,"Extremely High","Rare bad event - unusually high cases to date",3.01349628562075,"Extremely High",99.835616279251,"Rare bad event - unusually high cases to date","Guyana"
"GUY",1,12,0.419088556923473,353.571428571428,0.419088556923473,353.571428571428,353.571428571429,353.571428571429,0.0556777899456462,0.0556777899456462,2025,"PAHO",2025-12-01,3938,4320,3938,39,1.01810916291639,TRUE,"applied_mean","not_missing",12,"2025/2026","Observed",3938,71325,80601,1281031,NA,80602,"South America","Guyana",0.419088556923473,353.571428571428,99.835616279251,"Extremely High","Rare bad event - unusually high cases to date",6.55901216082253,"Extremely High",99.835616279251,"Rare bad event - unusually high cases to date","Guyana"
"GUY",2,1,0.45147063366675,804.785714285716,0.480410414331122,1158.35714285715,804.785714285714,1158.35714285714,0.140978150503188,0.0853003605575413,2026,"PAHO",2026-01-01,11946,11758,11946,34,1.01601780768224,TRUE,"applied_mean","not_missing",12,"2025/2026","Observed",15884,11946,80601,73275,NA,80602,"South America","Guyana",0.480410414331122,1158.35714285715,99.9737543051657,"Extremely High","Rare bad event - unusually high cases to date",8.80943284471633,"Low",5.93552940541807,"Below average - fewer cases than typical at this point","Guyana"
"GUY",3,2,0.414580807796861,785.499999999999,0.456837476966672,1943.85714285714,785.5,1943.85714285714,0.213613254165874,0.0726351036626869,2026,"PAHO",2026-02-01,7970,7460,7970,30,1.03631269229898,TRUE,"applied_mean","not_missing",12,"2025/2026","Observed",23854,19916,80601,73275,NA,80602,"South America","Guyana",0.456837476966672,1943.85714285714,99.9314215673089,"Extremely High","Rare bad event - unusually high cases to date",7.61746907110844,"Low",5.93552940541807,"Below average - fewer cases than typical at this point","Guyana"
"GUY",4,3,0.390968398117573,889.142857142857,0.43723567940113,2833,889.142857142857,2833,0.28623988688844,0.0726266327225655,2026,"PAHO",2026-03-01,8418,7908,8418,25,1.04453432991612,TRUE,"applied_mean","not_missing",12,"2025/2026","Observed",32272,28334,80601,73275,NA,80602,"South America","Guyana",0.43723567940113,2833,99.8747892424551,"Extremely High","Rare bad event - unusually high cases to date",6.8706965013525,"Low",5.93552940541807,"Below average - fewer cases than typical at this point","Guyana"
"GUY",5,4,0.39844486227071,862.428571428572,0.429072583457725,3695.42857142857,862.428571428571,3695.42857142857,0.358324408656239,0.0720845217677994,2026,"PAHO",2026-04-01,6656,6285,6656,21,1.04725875041234,TRUE,"applied_mean","not_missing",12,"2025/2026","Observed",38928,34990,80601,73275,NA,80602,"South America","Guyana",0.429072583457725,3695.42857142857,99.7987129829382,"Extremely High","Rare bad event - unusually high cases to date",6.24481676880879,"Low",5.93552940541807,"Below average - fewer cases than typical at this point","Guyana"
"GUY",6,5,0.369992877098817,1193.57142857143,0.415374667267101,4889,1193.57142857143,4889,0.445713774628632,0.0873893659723923,2026,"PAHO",2026-05-01,3657,2357,3657,17,1.08048170134352,TRUE,"applied_mean","not_missing",12,"2025/2026","Observed",42585,38647,80601,73275,NA,80602,"South America","Guyana",0.415374667267101,4889,99.4769628832829,"Extremely High","Rare bad event - unusually high cases to date",4.9690891268076,"Low",5.93552940541807,"Below average - fewer cases than typical at this point","Guyana"
"GUY",7,6,0.334424511116759,1466.35714285714,0.398030216405765,6355.35714285714,1466.35714285714,6355.35714285714,0.537537012642806,0.0918232380141748,2026,"PAHO",2026-06-01,741,0,741,14,1.10121007553855,TRUE,"applied_mean","not_missing",12,"2025/2026","Observed",43326,39388,80601,73275,NA,80602,"South America","Guyana",0.398030216405765,6355.35714285714,98.6128541198903,"Extremely High","Rare bad event - unusually high cases to date",3.66996112030708,"Low",5.93552940541807,"Below average - fewer cases than typical at this point","Guyana"
"GUY",8,7,0.405118488403257,1407.07142857143,0.401367113444544,7762.42857142859,1407.07142857143,7762.42857142857,0.658015247210361,0.120478234567554,2026,"Estimates",2026-07-01,9711,NA,NA,2,3.27432590855803,FALSE,"applied_median",NA,12,"2025/2026","Unobserved",53037,49099,80601,73275,9710.66618437944,80602,"South America","Guyana",0.401367113444544,7762.42857142859,98.6419260603874,"Extremely High","Rare bad event - unusually high cases to date",3.69501661853741,"Low",5.93552940541807,"Below average - fewer cases than typical at this point","Guyana"
"GUY",9,8,0.391517229173473,1043.07142857143,0.403717783383633,8805.50000000001,1043.07142857143,8805.5,0.74726586784191,0.0892506206315494,2026,"Estimates",2026-08-01,7194,NA,NA,1,NA,FALSE,"insufficient_n_rf",NA,12,"2025/2026","Unobserved",60231,56293,80601,73275,7193.68927352351,80602,"South America","Guyana",0.403717783383633,8805.50000000001,98.6601294385835,"Extremely High","Rare bad event - unusually high cases to date",3.71067985043023,"Low",5.93552940541807,"Below average - fewer cases than typical at this point","Guyana"
"GUY",10,9,0.394118306551177,1031.07142857143,0.404184568190662,9836.57142857143,1031.07142857143,9836.57142857143,0.834720122168211,0.087454254326301,2026,NA,2026-09-01,NA,NA,NA,NA,NA,NA,NA,NA,12,"2025/2026","Unobserved",60231,56293,80601,73275,NA,80602,"South America","Guyana",0.404184568190662,9836.57142857143,98.1180363534097,"Extremely High","Rare bad event - unusually high cases to date",3.25701468551561,"Low",5.93552940541807,"Below average - fewer cases than typical at this point","Guyana"
"GUY",11,10,0.399040023037172,1032.57142857143,0.404250373545817,10869.1428571429,1032.57142857143,10869.1428571429,0.922291482295032,0.0875713601268212,2026,NA,2026-10-01,NA,NA,NA,NA,NA,NA,NA,NA,12,"2025/2026","Unobserved",60231,56293,80601,73275,NA,80602,"South America","Guyana",0.404250373545817,10869.1428571429,97.5077064314772,"Extremely High","Rare bad event - unusually high cases to date",2.88744242186893,"Low",5.93552940541807,"Below average - fewer cases than typical at this point","Guyana"
"GUY",12,11,0.411240385548915,879.42857142857,0.404926967922994,11748.5714285714,879.428571428571,11748.5714285714,1,0.0777085177049678,2026,NA,2026-11-01,NA,NA,NA,NA,NA,NA,NA,NA,12,"2025/2026","Unobserved",60231,56293,80601,73275,NA,80602,"South America","Guyana",0.404926967922994,11748.5714285714,96.9524133185186,"Extremely High","Rare bad event - unusually high cases to date",2.6259120210469,"Low",5.93552940541807,"Below average - fewer cases than typical at this point","Guyana"
"GUY",1,12,0.419088556923473,353.571428571428,0.419088556923473,353.571428571428,353.571428571429,353.571428571429,0.0556777899456462,0.0556777899456462,2026,NA,2026-12-01,NA,NA,NA,NA,NA,NA,NA,NA,12,"2026/2027","Unobserved",0,56293,NA,73275,NA,NA,"South America","Guyana",0.419088556923473,353.571428571428,5.93552940541807,"Low","Below average - fewer cases than typical at this point",-0.646987170620371,"Low",5.93552940541807,"Below average - fewer cases than typical at this point","Guyana"
"HND",12,1,1.84086744301229,1926.0625,1.27244541409877,42260.5625,1926.0625,42260.5625,1,0.0733302982610008,2025,"PAHO",2025-01-01,1434,1434,NA,86,NA,FALSE,"no_lookup_match","current_month_missing",2,"2024/2025","Observed",1434,1434,1434,18742,NA,1434,"North & Central America","Honduras",1.27244541409877,42260.5625,1.56139554813374,"Extremely Low","Rare good event - unusually low cases to date",-1.08973420743677,"Normal",28.9358785991199,"Average - typical case load at this point","Honduras"
"HND",1,2,1.95225289267441,1620.75,1.95225289267441,1620.75,1620.75,1620.75,0.0558833840069504,0.0558833840069504,2025,"PAHO",2025-02-01,1274,1274,NA,82,NA,FALSE,"no_lookup_match","current_month_missing",2,"2025/2026","Observed",1274,2708,16985,18742,NA,16985,"North & Central America","Honduras",1.95225289267441,1620.75,46.9038029087462,"Normal","Average - typical case load at this point",-0.298749421198605,"Normal",28.9358785991199,"Average - typical case load at this point","Honduras"
"HND",2,3,1.83802199625035,1756.5625,1.9592880360632,3377.3125,1756.5625,3377.3125,0.110232333260906,0.0543489492539551,2025,"PAHO",2025-03-01,2134,2134,NA,77,NA,FALSE,"no_lookup_match","current_month_missing",2,"2025/2026","Observed",3408,4842,16985,18742,NA,16985,"North & Central America","Honduras",1.9592880360632,3377.3125,59.9878064392241,"Normal","Average - typical case load at this point",0.0127149151904294,"Normal",28.9358785991199,"Average - typical case load at this point","Honduras"
"HND",3,4,1.70769503753224,1902,1.93809341194874,5279.31250000001,1902,5279.3125,0.171526179999126,0.0612938467382203,2025,"PAHO",2025-04-01,1467,1467,NA,73,NA,FALSE,"no_lookup_match","current_month_missing",2,"2025/2026","Observed",4875,6309,16985,18742,NA,16985,"North & Central America","Honduras",1.93809341194874,5279.31250000001,55.3216141192894,"Normal","Average - typical case load at this point",-0.106597605323964,"Normal",28.9358785991199,"Average - typical case load at this point","Honduras"
"HND",4,5,1.47487376837924,2804.125,1.79665386085619,8083.43750000001,2804.125,8083.4375,0.251461191764605,0.0799350117654791,2025,"PAHO",2025-05-01,1678,1678,NA,69,NA,FALSE,"no_lookup_match","current_month_missing",2,"2025/2026","Observed",6553,7987,16985,18742,NA,16985,"North & Central America","Honduras",1.79665386085619,8083.43750000001,49.3307041977024,"Normal","Average - typical case load at this point",-0.253748487789999,"Normal",28.9358785991199,"Average - typical case load at this point","Honduras"
"HND",5,6,0.849434964297962,5876.75,1.34673454509882,13960.1875,5876.75,13960.1875,0.367896697142758,0.116435505378153,2025,"PAHO",2025-06-01,1835,1835,NA,64,NA,FALSE,"no_lookup_match","current_month_missing",2,"2025/2026","Observed",8388,9822,16985,18742,NA,16985,"North & Central America","Honduras",1.34673454509882,13960.1875,40.3334946413059,"Normal","Average - typical case load at this point",-0.463185039296312,"Normal",28.9358785991199,"Average - typical case load at this point","Honduras"
"HND",6,7,0.777918835420635,6462.56250000001,1.17061004975809,20422.75,6462.5625,20422.75,0.486206427238857,0.118309730096099,2025,"PAHO",2025-07-01,1424,1424,NA,60,NA,FALSE,"no_lookup_match","current_month_missing",2,"2025/2026","Observed",9812,11246,16985,18742,NA,16985,"North & Central America","Honduras",1.17061004975809,20422.75,35.1448475557822,"Normal","Average - typical case load at this point",-0.562115471688355,"Normal",28.9358785991199,"Average - typical case load at this point","Honduras"
"HND",7,8,0.724619587820103,6206.875,1.07011972920371,26629.6249999999,6206.875,26629.625,0.592958418507343,0.106751991268486,2025,"PAHO",2025-08-01,1222,1222,NA,56,NA,FALSE,"no_lookup_match","current_month_missing",2,"2025/2026","Observed",11034,12468,16985,18742,NA,16985,"North & Central America","Honduras",1.07011972920371,26629.6249999999,32.5415291953812,"Normal","Average - typical case load at this point",-0.605822212555592,"Normal",28.9358785991199,"Average - typical case load at this point","Honduras"
"HND",8,9,0.806251474188122,4657.81249999999,1.04921420795195,31287.4375,4657.8125,31287.4375,0.680922445920256,0.0879640274129129,2025,"PAHO",2025-09-01,1176,1176,NA,51,1,TRUE,"applied_mean","previous_month_missing",2,"2025/2026","Observed",12210,13644,16985,18742,NA,16985,"North & Central America","Honduras",1.04921420795195,31287.4375,31.3122023414394,"Normal","Average - typical case load at this point",-0.624560974522613,"Normal",28.9358785991199,"Average - typical case load at this point","Honduras"
"HND",9,10,1.24984688847992,3819,1.10918835339943,35106.4375,3819,35106.4375,0.77953898313204,0.098616537211784,2025,"PAHO",2025-10-01,1216,1216,1216,47,1,TRUE,"applied_mean","not_missing",2,"2025/2026","Observed",13426,14860,16985,18742,NA,16985,"North & Central America","Honduras",1.10918835339943,35106.4375,29.6143319328726,"Normal","Average - typical case load at this point",-0.650394815608719,"Normal",28.9358785991199,"Average - typical case load at this point","Honduras"
"HND",10,11,1.29198114011879,3165.5625,1.15672691697432,38272,3165.5625,38272,0.865462811859439,0.0859238287273986,2025,"PAHO",2025-11-01,1235,1235,1235,43,1,TRUE,"applied_mean","not_missing",2,"2025/2026","Observed",14661,16095,16985,18742,NA,16985,"North & Central America","Honduras",1.15672691697432,38272,28.7862401123654,"Normal","Average - typical case load at this point",-0.663501762982904,"Normal",28.9358785991199,"Average - typical case load at this point","Honduras"
"HND",11,12,1.46527369860524,2062.5,1.19603872715225,40334.5,2062.5,40334.5,0.926669701738999,0.0612068898795604,2025,"PAHO",2025-12-01,1273,1273,1273,38,1,TRUE,"applied_mean","not_missing",2,"2025/2026","Observed",15934,17368,16985,18742,NA,16985,"North & Central America","Honduras",1.19603872715225,40334.5,28.9358785991199,"Normal","Average - typical case load at this point",-0.661588930558975,"Normal",28.9358785991199,"Average - typical case load at this point","Honduras"
"HND",12,1,1.84086744301229,1926.0625,1.27244541409877,42260.5625,1926.0625,42260.5625,1,0.0733302982610008,2026,"PAHO",2026-01-01,1051,1051,1051,34,1,TRUE,"applied_mean","not_missing",2,"2025/2026","Observed",16985,1051,16985,13622,NA,16985,"North & Central America","Honduras",1.27244541409877,42260.5625,28.1526173062603,"Normal","Average - typical case load at this point",-0.674650114578127,"Low",12.4618289762992,"Below average - fewer cases than typical at this point","Honduras"
"HND",1,2,1.95225289267441,1620.75,1.95225289267441,1620.75,1620.75,1620.75,0.0558833840069504,0.0558833840069504,2026,"PAHO",2026-02-01,660,660,660,30,1,TRUE,"applied_mean","not_missing",2,"2026/2027","Observed",660,1711,11849,13622,NA,11849,"North & Central America","Honduras",1.95225289267441,1620.75,20.1440843443036,"Low","Below average - fewer cases than typical at this point",-0.827753443162389,"Low",12.4618289762992,"Below average - fewer cases than typical at this point","Honduras"
"HND",2,3,1.83802199625035,1756.5625,1.9592880360632,3377.3125,1756.5625,3377.3125,0.110232333260906,0.0543489492539551,2026,"PAHO",2026-03-01,714,714,714,25,1,TRUE,"applied_mean","not_missing",2,"2026/2027","Observed",1374,2425,11849,13622,NA,11849,"North & Central America","Honduras",1.9592880360632,3377.3125,20.023258816707,"Low","Below average - fewer cases than typical at this point",-0.830043129529091,"Low",12.4618289762992,"Below average - fewer cases than typical at this point","Honduras"
"HND",3,4,1.70769503753224,1902,1.93809341194874,5279.31250000001,1902,5279.3125,0.171526179999126,0.0612938467382203,2026,"PAHO",2026-04-01,769,769,769,21,1,TRUE,"applied_mean","not_missing",2,"2026/2027","Observed",2143,3194,11849,13622,NA,11849,"North & Central America","Honduras",1.93809341194874,5279.31250000001,20.1549079657909,"Low","Below average - fewer cases than typical at this point",-0.826893558936737,"Low",12.4618289762992,"Below average - fewer cases than typical at this point","Honduras"
"HND",4,5,1.47487376837924,2804.125,1.79665386085619,8083.43750000001,2804.125,8083.4375,0.251461191764605,0.0799350117654791,2026,"PAHO",2026-05-01,820,820,820,17,1,TRUE,"applied_mean","not_missing",2,"2026/2027","Observed",2963,4014,11849,13622,NA,11849,"North & Central America","Honduras",1.79665386085619,8083.43750000001,18.7594294582606,"Low","Below average - fewer cases than typical at this point",-0.848975062652475,"Low",12.4618289762992,"Below average - fewer cases than typical at this point","Honduras"
"HND",5,6,0.849434964297962,5876.75,1.34673454509882,13960.1875,5876.75,13960.1875,0.367896697142758,0.116435505378153,2026,"PAHO",2026-06-01,1529,1529,1529,12,1,TRUE,"applied_mean","not_missing",2,"2026/2027","Observed",4492,5543,11849,13622,NA,11849,"North & Central America","Honduras",1.34673454509882,13960.1875,21.2136406741985,"Low","Below average - fewer cases than typical at this point",-0.787037909124979,"Low",12.4618289762992,"Below average - fewer cases than typical at this point","Honduras"
"HND",6,7,0.777918835420635,6462.56250000001,1.17061004975809,20422.75,6462.5625,20422.75,0.486206427238857,0.118309730096099,2026,"PAHO",2026-07-01,1661,1662,1661,8,0.99985249761102,TRUE,"applied_mean","not_missing",2,"2026/2027","Observed",6153,7204,11849,13622,NA,11849,"North & Central America","Honduras",1.17061004975809,20422.75,22.6195262069933,"Low","Below average - fewer cases than typical at this point",-0.755954786619692,"Low",12.4618289762992,"Below average - fewer cases than typical at this point","Honduras"
"HND",7,8,0.724619587820103,6206.875,1.07011972920371,26629.6249999999,6206.875,26629.625,0.592958418507343,0.106751991268486,2026,"PAHO",2026-08-01,873,874,873,6,0.999692576330584,TRUE,"applied_mean","not_missing",2,"2026/2027","Observed",7026,8077,11849,13622,NA,11849,"North & Central America","Honduras",1.07011972920371,26629.6249999999,21.7162385061764,"Low","Below average - fewer cases than typical at this point",-0.76151558347999,"Low",12.4618289762992,"Below average - fewer cases than typical at this point","Honduras"
"HND",8,9,0.806251474188122,4657.81249999999,1.04921420795195,31287.4375,4657.8125,31287.4375,0.680922445920256,0.0879640274129129,2026,NA,2026-09-01,NA,NA,NA,NA,NA,NA,NA,NA,2,"2026/2027","Unobserved",7026,8077,11849,13622,NA,11849,"North & Central America","Honduras",1.04921420795195,31287.4375,19.0801754643367,"Low","Below average - fewer cases than typical at this point",-0.794275806083468,"Low",12.4618289762992,"Below average - fewer cases than typical at this point","Honduras"
"HND",9,10,1.24984688847992,3819,1.10918835339943,35106.4375,3819,35106.4375,0.77953898313204,0.098616537211784,2026,NA,2026-10-01,NA,NA,NA,NA,NA,NA,NA,NA,2,"2026/2027","Unobserved",7026,8077,11849,13622,NA,11849,"North & Central America","Honduras",1.10918835339943,35106.4375,15.9768182402694,"Low","Below average - fewer cases than typical at this point",-0.842389410731432,"Low",12.4618289762992,"Below average - fewer cases than typical at this point","Honduras"
"HND",10,11,1.29198114011879,3165.5625,1.15672691697432,38272,3165.5625,38272,0.865462811859439,0.0859238287273986,2026,NA,2026-11-01,NA,NA,NA,NA,NA,NA,NA,NA,2,"2026/2027","Unobserved",7026,8077,11849,13622,NA,11849,"North & Central America","Honduras",1.15672691697432,38272,13.8309915762323,"Low","Below average - fewer cases than typical at this point",-0.878055825088468,"Low",12.4618289762992,"Below average - fewer cases than typical at this point","Honduras"
"HND",11,12,1.46527369860524,2062.5,1.19603872715225,40334.5,2062.5,40334.5,0.926669701738999,0.0612068898795604,2026,NA,2026-12-01,NA,NA,NA,NA,NA,NA,NA,NA,2,"2026/2027","Unobserved",7026,8077,11849,13622,NA,11849,"North & Central America","Honduras",1.19603872715225,40334.5,12.4618289762992,"Low","Below average - fewer cases than typical at this point",-0.903118169444218,"Low",12.4618289762992,"Below average - fewer cases than typical at this point","Honduras"
"IND",10,1,1.99686290085877,7455.5,2.21197364539614,116400.5,7455.5,116400.5,0.910255557127153,0.0746309653719907,2025,"SEARO",2025-01-01,4700,4700,NA,20,NA,FALSE,"no_lookup_match",NA,4,"2024/2025","Observed",4700,4700,12023,144478,NA,12023,"South Asia","India",2.21197364539614,116400.5,0.183410259694841,"Extremely Low","Rare good event - unusually low cases to date",-1.4272042128269,"Normal",59.2645690738501,"Average - typical case load at this point","India"
"IND",11,2,2.11739554688819,5045.81249999999,2.32257790171509,121446.3125,5045.8125,121446.3125,0.959784038375836,0.0495284812486827,2025,"SEARO",2025-02-01,3806,3806,NA,19,NA,FALSE,"no_lookup_match",NA,4,"2024/2025","Observed",8506,8506,12023,144478,NA,12023,"South Asia","India",2.32257790171509,121446.3125,0.479079319039167,"Extremely Low","Rare good event - unusually low cases to date",-1.41724731979967,"Normal",59.2645690738501,"Average - typical case load at this point","India"
"IND",12,3,2.12834012734756,4166.8125,2.39765016365069,125613.125,4166.8125,125613.125,1,0.0402159616241638,2025,"SEARO",2025-03-01,3517,3517,NA,18,NA,FALSE,"no_lookup_match",NA,4,"2024/2025","Observed",12023,12023,12023,144478,NA,12023,"South Asia","India",2.39765016365069,125613.125,0.840187071314198,"Extremely Low","Rare good event - unusually low cases to date",-1.4002136941263,"Normal",59.2645690738501,"Average - typical case load at this point","India"
"IND",1,4,1.92705888415449,2859.5625,1.92705888415449,2859.5625,2859.5625,2859.5625,0.0223943949181827,0.0223943949181827,2025,"SEARO",2025-04-01,2700,2700,NA,17,NA,FALSE,"no_lookup_match",NA,4,"2025/2026","Observed",2700,14723,118354,144478,NA,118354,"South Asia","India",1.92705888415449,2859.5625,56.542054540615,"Normal","Average - typical case load at this point",-0.0774341339609234,"Normal",59.2645690738501,"Average - typical case load at this point","India"
"IND",2,5,1.97957884288764,3839.125,1.95912740915363,6698.68749999999,3839.125,6698.6875,0.0523667375390508,0.029972342620868,2025,"SEARO",2025-05-01,3766,3766,NA,16,NA,FALSE,"no_lookup_match",NA,4,"2025/2026","Observed",6466,18489,118354,144478,NA,118354,"South Asia","India",1.95912740915363,6698.68749999999,57.6088439538169,"Normal","Average - typical case load at this point",-0.0486128605608404,"Normal",59.2645690738501,"Average - typical case load at this point","India"
"IND",3,6,2.09052393604093,5686.875,2.03610376345911,12385.5625,5686.875,12385.5625,0.0968494504432973,0.0444827129042465,2025,"SEARO",2025-06-01,6459,6459,NA,15,NA,FALSE,"no_lookup_match",NA,4,"2025/2026","Observed",12925,24948,118354,144478,NA,118354,"South Asia","India",2.03610376345911,12385.5625,61.647011206579,"Normal","Average - typical case load at this point",0.0621426339986492,"Normal",59.2645690738501,"Average - typical case load at this point","India"
"IND",4,7,1.81976327881975,10646.3125,1.9613759620138,23031.875,10646.3125,23031.875,0.177096536307623,0.0802470858643254,2025,"SEARO",2025-07-01,10302,10302,NA,14,NA,FALSE,"no_lookup_match",NA,4,"2025/2026","Observed",23227,35250,118354,144478,NA,118354,"South Asia","India",1.9613759620138,23031.875,59.9438669530215,"Normal","Average - typical case load at this point",0.0118643938241801,"Normal",59.2645690738501,"Average - typical case load at this point","India"
"IND",5,8,1.91522865900273,14177.8125,1.95147393801915,37209.6875,14177.8125,37209.6875,0.284806938391334,0.107710402083711,2025,"SEARO",2025-08-01,14303,14303,NA,13,NA,FALSE,"no_lookup_match",NA,4,"2025/2026","Observed",37530,49553,118354,144478,NA,118354,"South Asia","India",1.95147393801915,37209.6875,59.9732874754978,"Normal","Average - typical case load at this point",0.0120250766729892,"Normal",59.2645690738501,"Average - typical case load at this point","India"
"IND",6,9,1.96227267995127,18856.6875,1.96427025669988,56066.375,18856.6875,56066.375,0.428706832466104,0.14389989407477,2025,"SEARO",2025-09-01,18803,18803,NA,12,NA,FALSE,"no_lookup_match",NA,4,"2025/2026","Observed",56333,68356,118354,144478,NA,118354,"South Asia","India",1.96427025669988,56066.375,59.7387065883449,"Normal","Average - typical case load at this point",0.00666486571653954,"Normal",59.2645690738501,"Average - typical case load at this point","India"
"IND",7,10,1.97571142101276,25166.25,1.98307120952887,81232.625,25166.25,81232.625,0.621317659387431,0.192610826921326,2025,"SEARO",2025-10-01,22659,22659,NA,11,NA,FALSE,"no_lookup_match",NA,4,"2025/2026","Observed",78992,91015,118354,144478,NA,118354,"South Asia","India",1.98307120952887,81232.625,57.9327066139521,"Normal","Average - typical case load at this point",-0.0388420858279743,"Normal",59.2645690738501,"Average - typical case load at this point","India"
"IND",8,11,2.04123525651712,18240.75,1.99974213376745,99473.3749999998,18240.75,99473.375,0.76243951083677,0.14112185144934,2025,"SEARO",2025-11-01,22175,22175,NA,10,NA,FALSE,"no_lookup_match",NA,4,"2025/2026","Observed",101167,113190,118354,144478,NA,118354,"South Asia","India",1.99974213376745,99473.3749999998,60.3140486287981,"Normal","Average - typical case load at this point",0.0240764823695578,"Normal",59.2645690738501,"Average - typical case load at this point","India"
"IND",9,12,2.04786571327132,9471.62499999999,2.00686914746275,108945,9471.625,108945,0.835624591755163,0.0731850809183925,2025,"SEARO",2025-12-01,7539,7539,NA,9,NA,FALSE,"no_lookup_match",NA,4,"2025/2026","Observed",108706,120729,118354,144478,NA,118354,"South Asia","India",2.00686914746275,108945,59.2645690738501,"Normal","Average - typical case load at this point",-0.00310775036341544,"Normal",59.2645690738501,"Average - typical case load at this point","India"
"IND",10,1,1.99686290085877,7455.5,2.21197364539614,116400.5,7455.5,116400.5,0.910255557127153,0.0746309653719907,2026,"SEARO",2026-01-01,3544,3544,NA,8,NA,FALSE,"no_lookup_match",NA,4,"2025/2026","Observed",112250,3544,118354,163865,NA,118354,"South Asia","India",2.21197364539614,116400.5,56.8665774809373,"Normal","Average - typical case load at this point",-0.0530311957899737,"Low",14.8154162076328,"Below average - fewer cases than typical at this point","India"
"IND",11,2,2.11739554688819,5045.81249999999,2.32257790171509,121446.3125,5045.8125,121446.3125,0.959784038375836,0.0495284812486827,2026,"SEARO",2026-02-01,3019,3019,NA,7,NA,FALSE,"no_lookup_match",NA,4,"2025/2026","Observed",115269,6563,118354,163865,NA,118354,"South Asia","India",2.32257790171509,121446.3125,55.6667927596877,"Normal","Average - typical case load at this point",-0.0775168705522263,"Low",14.8154162076328,"Below average - fewer cases than typical at this point","India"
"IND",12,3,2.12834012734756,4166.8125,2.39765016365069,125613.125,4166.8125,125613.125,1,0.0402159616241638,2026,"SEARO",2026-03-01,3085,3085,NA,6,NA,FALSE,"no_lookup_match",NA,4,"2025/2026","Observed",118354,9648,118354,163865,NA,118354,"South Asia","India",2.39765016365069,125613.125,55.0419290022792,"Normal","Average - typical case load at this point",-0.0894824812665239,"Low",14.8154162076328,"Below average - fewer cases than typical at this point","India"
"IND",1,4,1.92705888415449,2859.5625,1.92705888415449,2859.5625,2859.5625,2859.5625,0.0223943949181827,0.0223943949181827,2026,"SEARO",2026-04-01,2918,2918,NA,5,NA,FALSE,"no_lookup_match",NA,4,"2026/2027","Observed",2918,12566,129990,163865,NA,129990,"South Asia","India",1.92705888415449,2859.5625,60.6562419143014,"Normal","Average - typical case load at this point",0.0283591520773471,"Low",14.8154162076328,"Below average - fewer cases than typical at this point","India"
"IND",2,5,1.97957884288764,3839.125,1.95912740915363,6698.68749999999,3839.125,6698.6875,0.0523667375390508,0.029972342620868,2026,"SEARO",2026-05-01,3747,3747,NA,4,NA,FALSE,"no_lookup_match",NA,4,"2026/2027","Observed",6665,16313,129990,163865,NA,129990,"South Asia","India",1.95912740915363,6698.68749999999,59.2304160391534,"Normal","Average - typical case load at this point",-0.0070379618163541,"Low",14.8154162076328,"Below average - fewer cases than typical at this point","India"
"IND",3,6,2.09052393604093,5686.875,2.03610376345911,12385.5625,5686.875,12385.5625,0.0968494504432973,0.0444827129042465,2026,"SEARO",2026-06-01,6625,6625,NA,3,NA,FALSE,"no_lookup_match",NA,4,"2026/2027","Observed",13290,22938,129990,163865,NA,129990,"South Asia","India",2.03610376345911,12385.5625,63.1638780808914,"Normal","Average - typical case load at this point",0.104190251024731,"Low",14.8154162076328,"Below average - fewer cases than typical at this point","India"
"IND",4,7,1.81976327881975,10646.3125,1.9613759620138,23031.875,10646.3125,23031.875,0.177096536307623,0.0802470858643254,2026,"SEARO",2026-07-01,10122,10122,NA,2,NA,FALSE,"no_lookup_match",NA,4,"2026/2027","Observed",23412,33060,129990,163865,NA,129990,"South Asia","India",1.9613759620138,23031.875,60.3687283037111,"Normal","Average - typical case load at this point",0.0231131464569704,"Low",14.8154162076328,"Below average - fewer cases than typical at this point","India"
"IND",5,8,1.91522865900273,14177.8125,1.95147393801915,37209.6875,14177.8125,37209.6875,0.284806938391334,0.107710402083711,2026,"SEARO",2026-08-01,13610,13610,NA,1,NA,FALSE,"no_lookup_match",NA,4,"2026/2027","Observed",37022,46670,129990,163865,NA,129990,"South Asia","India",1.95147393801915,37209.6875,59.2453168299573,"Normal","Average - typical case load at this point",-0.00704610834126395,"Low",14.8154162076328,"Below average - fewer cases than typical at this point","India"
"IND",6,9,1.96227267995127,18856.6875,1.96427025669988,56066.375,18856.6875,56066.375,0.428706832466104,0.14389989407477,2026,"SEARO",2026-09-01,NA,0,NA,0,NA,FALSE,"no_lookup_match",NA,4,"2026/2027","Unobserved",37022,46670,129990,163865,NA,129990,"South Asia","India",1.96427025669988,56066.375,38.3214061646086,"Normal","Average - typical case load at this point",-0.476055141229968,"Low",14.8154162076328,"Below average - fewer cases than typical at this point","India"
"IND",7,10,1.97571142101276,25166.25,1.98307120952887,81232.625,25166.25,81232.625,0.621317659387431,0.192610826921326,2026,"SEARO",2026-10-01,NA,0,NA,-1,NA,FALSE,"no_lookup_match",NA,4,"2026/2027","Unobserved",37022,46670,129990,163865,NA,129990,"South Asia","India",1.98307120952887,81232.625,23.3338848371036,"Low","Below average - fewer cases than typical at this point",-0.766407984717844,"Low",14.8154162076328,"Below average - fewer cases than typical at this point","India"
"IND",8,11,2.04123525651712,18240.75,1.99974213376745,99473.3749999998,18240.75,99473.375,0.76243951083677,0.14112185144934,2026,"SEARO",2026-11-01,NA,0,NA,-2,NA,FALSE,"no_lookup_match",NA,4,"2026/2027","Unobserved",37022,46670,129990,163865,NA,129990,"South Asia","India",1.99974213376745,99473.3749999998,17.1394154022025,"Low","Below average - fewer cases than typical at this point",-0.887805405058372,"Low",14.8154162076328,"Below average - fewer cases than typical at this point","India"
"IND",9,12,2.04786571327132,9471.62499999999,2.00686914746275,108945,9471.625,108945,0.835624591755163,0.0731850809183925,2026,"SEARO",2026-12-01,NA,0,NA,-3,NA,FALSE,"no_lookup_match",NA,4,"2026/2027","Unobserved",37022,46670,129990,163865,NA,129990,"South Asia","India",2.00686914746275,108945,14.8154162076328,"Low","Below average - fewer cases than typical at this point",-0.935224809153946,"Low",14.8154162076328,"Below average - fewer cases than typical at this point","India"
"JAM",9,1,0.34864162402099,217.125,0.761835654696932,1727.125,217.125,1727.125,0.822533734409109,0.0856295098198736,2025,"PAHO",2025-01-01,46,46,NA,86,NA,FALSE,"no_lookup_match","current_month_missing",5,"2024/2025","Observed",46,46,165,817,NA,165,"Caribbean","Jamaica",0.761835654696932,1727.125,5.59923294373996,"Low","Below average - fewer cases than typical at this point",-0.849397777851488,"Normal",33.5492518034547,"Average - typical case load at this point","Jamaica"
"JAM",10,2,0.479441431574722,154.0625,0.797299781801217,1881.1875,154.0625,1881.1875,0.902618078492613,0.0800843440835041,2025,"PAHO",2025-02-01,38,38,NA,82,NA,FALSE,"no_lookup_match","current_month_missing",5,"2024/2025","Observed",84,84,165,817,NA,165,"Caribbean","Jamaica",0.797299781801217,1881.1875,7.4644335488912,"Low","Below average - fewer cases than typical at this point",-0.852864650222983,"Normal",33.5492518034547,"Average - typical case load at this point","Jamaica"
"JAM",11,3,0.482225866057096,83.6875,0.816915718644848,1964.875,83.6875,1964.875,0.956095815524822,0.0534777370322092,2025,"PAHO",2025-03-01,37,37,NA,77,NA,FALSE,"no_lookup_match","current_month_missing",5,"2024/2025","Observed",121,121,165,817,NA,165,"Caribbean","Jamaica",0.816915718644848,1964.875,9.13704249819514,"Low","Below average - fewer cases than typical at this point",-0.847998166139799,"Normal",33.5492518034547,"Average - typical case load at this point","Jamaica"
"JAM",12,4,0.810827067868059,41.625,0.843276327906961,2006.5,41.625,2006.5,1,0.0439041844751782,2025,"PAHO",2025-04-01,44,44,NA,73,NA,FALSE,"no_lookup_match","current_month_missing",5,"2024/2025","Observed",165,165,165,817,NA,165,"Caribbean","Jamaica",0.843276327906961,2006.5,10.8661789121864,"Low","Below average - fewer cases than typical at this point",-0.84260934602811,"Normal",33.5492518034547,"Average - typical case load at this point","Jamaica"
"JAM",1,5,0.647744086341713,59.5625,0.647744086341713,59.5625,59.5625,59.5625,0.0545244360656172,0.0545244360656172,2025,"PAHO",2025-05-01,30,30,NA,70,NA,FALSE,"no_lookup_match","current_month_missing",5,"2025/2026","Observed",30,195,540,817,NA,540,"Caribbean","Jamaica",0.647744086341713,59.5625,48.0951353086314,"Normal","Average - typical case load at this point",-0.397302441199125,"Normal",33.5492518034547,"Average - typical case load at this point","Jamaica"
"JAM",2,6,0.830786600828051,69.25,0.804661908470682,128.8125,69.25,128.8125,0.111640518053631,0.057116081988014,2025,"PAHO",2025-06-01,65,65,NA,64,NA,FALSE,"no_lookup_match","current_month_missing",5,"2025/2026","Observed",95,260,540,817,NA,540,"Caribbean","Jamaica",0.804661908470682,128.8125,55.1100750051324,"Normal","Average - typical case load at this point",-0.234732781696053,"Normal",33.5492518034547,"Average - typical case load at this point","Jamaica"
"JAM",3,7,0.663330341136877,105.3125,0.805160887304611,234.125,105.3125,234.125,0.185646715443887,0.0740061973902556,2025,"PAHO",2025-07-01,48,48,NA,60,NA,FALSE,"no_lookup_match","current_month_missing",5,"2025/2026","Observed",143,308,540,817,NA,540,"Caribbean","Jamaica",0.805160887304611,234.125,49.2685652770724,"Normal","Average - typical case load at this point",-0.348646727365919,"Normal",33.5492518034547,"Average - typical case load at this point","Jamaica"
"JAM",4,8,0.378784429462102,87.5,0.84685177985712,321.625,87.5,321.625,0.232443940221442,0.0467972247775556,2025,"PAHO",2025-08-01,17,17,NA,56,NA,FALSE,"no_lookup_match","current_month_missing",5,"2025/2026","Observed",160,325,540,817,NA,540,"Caribbean","Jamaica",0.84685177985712,321.625,42.4157989637629,"Normal","Average - typical case load at this point",-0.461839883387345,"Normal",33.5492518034547,"Average - typical case load at this point","Jamaica"
"JAM",5,9,0.4090732202389,263.4375,0.736475531150295,585.0625,263.4375,585.0625,0.33772187067915,0.105277930457707,2025,"PAHO",2025-09-01,54,54,NA,51,1,TRUE,"applied_mean","previous_month_missing",5,"2025/2026","Observed",214,379,540,817,NA,540,"Caribbean","Jamaica",0.736475531150295,585.0625,37.2623029345932,"Normal","Average - typical case load at this point",-0.543939743599618,"Normal",33.5492518034547,"Average - typical case load at this point","Jamaica"
"JAM",6,10,0.39996382784648,252.375,0.66440771805454,837.437499999999,252.375,837.4375,0.437861577837396,0.100139707158246,2025,"PAHO",2025-10-01,33,33,33,47,1,TRUE,"applied_mean","not_missing",5,"2025/2026","Observed",247,412,540,817,NA,540,"Caribbean","Jamaica",0.66440771805454,837.437499999999,34.8226598763224,"Normal","Average - typical case load at this point",-0.574469069270212,"Normal",33.5492518034547,"Average - typical case load at this point","Jamaica"
"JAM",7,11,0.38770283311178,350.875,0.61484229595518,1188.3125,350.875,1188.3125,0.555650603451762,0.117789025614366,2025,"PAHO",2025-11-01,117,117,117,43,1,TRUE,"applied_mean","not_missing",5,"2025/2026","Observed",364,529,540,817,NA,540,"Caribbean","Jamaica",0.61484229595518,1188.3125,37.3468596349055,"Normal","Average - typical case load at this point",-0.54378943197276,"Normal",33.5492518034547,"Average - typical case load at this point","Jamaica"
"JAM",8,12,0.685684379005987,321.6875,0.689711001115639,1510,321.6875,1510,0.736904224589235,0.181253621137473,2025,"PAHO",2025-12-01,73,73,73,38,1,TRUE,"applied_mean","not_missing",5,"2025/2026","Observed",437,602,540,817,NA,540,"Caribbean","Jamaica",0.689711001115639,1510,33.5492518034547,"Normal","Average - typical case load at this point",-0.590007033947801,"Normal",33.5492518034547,"Average - typical case load at this point","Jamaica"
"JAM",9,1,0.34864162402099,217.125,0.761835654696932,1727.125,217.125,1727.125,0.822533734409109,0.0856295098198736,2026,"PAHO",2026-01-01,44,44,44,34,1,TRUE,"applied_mean","not_missing",5,"2025/2026","Observed",481,44,540,781,NA,540,"Caribbean","Jamaica",0.761835654696932,1727.125,30.4714768656601,"Normal","Average - typical case load at this point",-0.629611602899954,"Low",9.91632687497324,"Below average - fewer cases than typical at this point","Jamaica"
"JAM",10,2,0.479441431574722,154.0625,0.797299781801217,1881.1875,154.0625,1881.1875,0.902618078492613,0.0800843440835041,2026,"PAHO",2026-02-01,18,18,18,30,1,TRUE,"applied_mean","not_missing",5,"2025/2026","Observed",499,62,540,781,NA,540,"Caribbean","Jamaica",0.797299781801217,1881.1875,28.4350457047238,"Normal","Average - typical case load at this point",-0.655924247598027,"Low",9.91632687497324,"Below average - fewer cases than typical at this point","Jamaica"
"JAM",11,3,0.482225866057096,83.6875,0.816915718644848,1964.875,83.6875,1964.875,0.956095815524822,0.0534777370322092,2026,"PAHO",2026-03-01,16,16,16,25,1,TRUE,"applied_mean","not_missing",5,"2025/2026","Observed",515,78,540,781,NA,540,"Caribbean","Jamaica",0.816915718644848,1964.875,27.6362848322208,"Normal","Average - typical case load at this point",-0.666797554678024,"Low",9.91632687497324,"Below average - fewer cases than typical at this point","Jamaica"
"JAM",12,4,0.810827067868059,41.625,0.843276327906961,2006.5,41.625,2006.5,1,0.0439041844751782,2026,"PAHO",2026-04-01,25,25,25,21,1,TRUE,"applied_mean","not_missing",5,"2025/2026","Observed",540,103,540,781,NA,540,"Caribbean","Jamaica",0.843276327906961,2006.5,27.44413065735,"Normal","Average - typical case load at this point",-0.671021778957493,"Low",9.91632687497324,"Below average - fewer cases than typical at this point","Jamaica"
"JAM",1,5,0.647744086341713,59.5625,0.647744086341713,59.5625,59.5625,59.5625,0.0545244360656172,0.0545244360656172,2026,"PAHO",2026-05-01,11,11,11,17,1,TRUE,"applied_mean","not_missing",5,"2026/2027","Observed",11,114,226,781,NA,288,"Caribbean","Jamaica",0.647744086341713,59.5625,27.916311721082,"Normal","Average - typical case load at this point",-0.652651156050149,"Low",9.91632687497324,"Below average - fewer cases than typical at this point","Jamaica"
"JAM",2,6,0.830786600828051,69.25,0.804661908470682,128.8125,69.25,128.8125,0.111640518053631,0.057116081988014,2026,"PAHO",2026-06-01,20,20,20,12,1,TRUE,"applied_mean","not_missing",5,"2026/2027","Observed",31,134,226,781,NA,288,"Caribbean","Jamaica",0.804661908470682,128.8125,26.7796677404832,"Normal","Average - typical case load at this point",-0.679032908233498,"Low",9.91632687497324,"Below average - fewer cases than typical at this point","Jamaica"
"JAM",3,7,0.663330341136877,105.3125,0.805160887304611,234.125,105.3125,234.125,0.185646715443887,0.0740061973902556,2026,"PAHO",2026-07-01,11,11,11,9,1,TRUE,"applied_mean","not_missing",5,"2026/2027","Observed",42,145,226,781,NA,288,"Caribbean","Jamaica",0.805160887304611,234.125,21.4960400279632,"Low","Below average - fewer cases than typical at this point",-0.735075473198104,"Low",9.91632687497324,"Below average - fewer cases than typical at this point","Jamaica"
"JAM",4,8,0.378784429462102,87.5,0.84685177985712,321.625,87.5,321.625,0.232443940221442,0.0467972247775556,2026,"Estimates",2026-08-01,25,NA,NA,1,NA,FALSE,"insufficient_n_rf",NA,5,"2026/2027","Unobserved",67,170,226,781,25.27050137988,288,"Caribbean","Jamaica",0.84685177985712,321.625,22.7109444819902,"Low","Below average - fewer cases than typical at this point",-0.727585338329484,"Low",9.91632687497324,"Below average - fewer cases than typical at this point","Jamaica"
"JAM",5,9,0.4090732202389,263.4375,0.736475531150295,585.0625,263.4375,585.0625,0.33772187067915,0.105277930457707,2026,NA,2026-09-01,NA,NA,NA,NA,NA,NA,NA,NA,5,"2026/2027","Unobserved",67,170,226,781,NA,288,"Caribbean","Jamaica",0.736475531150295,585.0625,17.1972550294956,"Low","Below average - fewer cases than typical at this point",-0.759426736516293,"Low",9.91632687497324,"Below average - fewer cases than typical at this point","Jamaica"
"JAM",6,10,0.39996382784648,252.375,0.66440771805454,837.437499999999,252.375,837.4375,0.437861577837396,0.100139707158246,2026,NA,2026-10-01,NA,NA,NA,NA,NA,NA,NA,NA,5,"2026/2027","Unobserved",67,170,226,781,NA,288,"Caribbean","Jamaica",0.66440771805454,837.437499999999,15.5611508341154,"Low","Below average - fewer cases than typical at this point",-0.749600954471674,"Low",9.91632687497324,"Below average - fewer cases than typical at this point","Jamaica"
"JAM",7,11,0.38770283311178,350.875,0.61484229595518,1188.3125,350.875,1188.3125,0.555650603451762,0.117789025614366,2026,NA,2026-11-01,NA,NA,NA,NA,NA,NA,NA,NA,5,"2026/2027","Unobserved",67,170,226,781,NA,288,"Caribbean","Jamaica",0.61484229595518,1188.3125,14.0499092322323,"Low","Below average - fewer cases than typical at this point",-0.739716900373288,"Low",9.91632687497324,"Below average - fewer cases than typical at this point","Jamaica"
"JAM",8,12,0.685684379005987,321.6875,0.689711001115639,1510,321.6875,1510,0.736904224589235,0.181253621137473,2026,NA,2026-12-01,NA,NA,NA,NA,NA,NA,NA,NA,5,"2026/2027","Unobserved",67,170,226,781,NA,288,"Caribbean","Jamaica",0.689711001115639,1510,9.91632687497324,"Low","Below average - fewer cases than typical at this point",-0.793457735309111,"Low",9.91632687497324,"Below average - fewer cases than typical at this point","Jamaica"
"KEN",10,1,NA,NA,2.40956681445303,551.800000000001,56.2,551.8,0.86064856401283,0.106467067758667,2025,"WHO",2025-01-01,855,855,NA,20,NA,FALSE,"no_lookup_match",NA,4,"2024/2025","Observed",855,855,1612,8943,NA,1612,"Sub-Saharan Africa","Kenya",2.40956681445303,551.800000000001,82.6704512741339,"High","Above average - more cases than typical at this point",0.851080865100538,"Extremely High",99.9999980125638,"Rare bad event - unusually high cases to date","Kenya"
"KEN",11,2,NA,NA,2.78185413529154,596.799999999999,45,596.8,0.948018750361388,0.0873701863485581,2025,"WHO",2025-02-01,673,673,NA,19,NA,FALSE,"no_lookup_match",NA,4,"2024/2025","Observed",1528,1528,1612,8943,NA,1612,"Sub-Saharan Africa","Kenya",2.78185413529154,596.799999999999,97.9250238625536,"Extremely High","Rare bad event - unusually high cases to date",2.59639938043538,"Extremely High",99.9999980125638,"Rare bad event - unusually high cases to date","Kenya"
"KEN",12,3,NA,NA,2.92123200528514,624.4,27.6,624.4,1,0.0519812496386115,2025,"Estimates",2025-03-01,84,NA,NA,NA,NA,NA,NA,NA,4,"2024/2025","Unobserved",1612,1612,1612,8943,83.7937744174418,1612,"Sub-Saharan Africa","Kenya",2.92123200528514,624.4,98.2116289546793,"Extremely High","Rare bad event - unusually high cases to date",2.69704172792685,"Extremely High",99.9999980125638,"Rare bad event - unusually high cases to date","Kenya"
"KEN",1,4,0.545501812567688,11.4,0.545501812567688,11.4,11.4,11.4,0.0222468255612348,0.0222468255612348,2025,"WHO",2025-04-01,64,64,NA,17,NA,FALSE,"no_lookup_match",NA,4,"2025/2026","Observed",64,1676,8780,8943,NA,9147,"Sub-Saharan Africa","Kenya",0.545501812567688,11.4,98.3959197327023,"Extremely High","Rare bad event - unusually high cases to date",3.32911822453346,"Extremely High",99.9999980125638,"Rare bad event - unusually high cases to date","Kenya"
"KEN",2,5,0.284655325993691,12.8,0.595326007358416,24.2,12.8,24.2,0.046614980765492,0.0243681552042573,2025,"WHO",2025-05-01,816,816,NA,16,NA,FALSE,"no_lookup_match",NA,4,"2025/2026","Observed",880,2492,8780,8943,NA,9147,"Sub-Saharan Africa","Kenya",0.595326007358416,24.2,99.9999999904207,"Extremely High","Rare bad event - unusually high cases to date",26.9561035208471,"Extremely High",99.9999980125638,"Rare bad event - unusually high cases to date","Kenya"
"KEN",3,6,0.943092616592023,169.4,1.18374883796886,193.6,169.4,193.6,0.274145542125523,0.227530561360031,2025,"Estimates",2025-06-01,367,NA,NA,NA,NA,NA,NA,NA,4,"2025/2026","Unobserved",1247,2859,8780,8943,366.779264912369,9147,"Sub-Saharan Africa","Kenya",1.18374883796886,193.6,99.9201635631057,"Extremely High","Rare bad event - unusually high cases to date",5.90193008298439,"Extremely High",99.9999980125638,"Rare bad event - unusually high cases to date","Kenya"
"KEN",4,7,NA,NA,2.07433352200635,247.2,53.6,247.2,0.38437123723477,0.110225695109247,2025,"WHO",2025-07-01,1241,1241,NA,14,NA,FALSE,"no_lookup_match",NA,4,"2025/2026","Observed",2488,4100,8780,8943,NA,9147,"Sub-Saharan Africa","Kenya",2.07433352200635,247.2,99.9999975516493,"Extremely High","Rare bad event - unusually high cases to date",13.0010782921113,"Extremely High",99.9999980125638,"Rare bad event - unusually high cases to date","Kenya"
"KEN",5,8,1.14784177070683,82.5999999999999,2.12975215648337,329.8,82.6,329.8,0.523842860577282,0.139471623342512,2025,"WHO",2025-08-01,740,740,NA,13,NA,FALSE,"no_lookup_match",NA,4,"2025/2026","Observed",3228,4840,8780,8943,NA,9147,"Sub-Saharan Africa","Kenya",2.12975215648337,329.8,99.9999971327518,"Extremely High","Rare bad event - unusually high cases to date",12.7833437943382,"Extremely High",99.9999980125638,"Rare bad event - unusually high cases to date","Kenya"
"KEN",6,9,0.470790152996592,64.2,1.80468037702028,394,64.2,394,0.607890229157822,0.0840473685805398,2025,"WHO",2025-09-01,650,650,650,12,1,TRUE,"applied_mean",NA,4,"2025/2026","Observed",3878,5490,8780,8943,NA,9147,"Sub-Saharan Africa","Kenya",1.80468037702028,394,99.9999773695679,"Extremely High","Rare bad event - unusually high cases to date",11.851947547202,"Extremely High",99.9999980125638,"Rare bad event - unusually high cases to date","Kenya"
"KEN",7,10,0.56848380005682,38.2,1.69090037287754,432.2,38.2,432.2,0.659921061631428,0.0520308324736059,2025,"WHO",2025-10-01,932,932,932,11,1,TRUE,"applied_mean",NA,4,"2025/2026","Observed",4810,6422,8780,8943,NA,9147,"Sub-Saharan Africa","Kenya",1.69090037287754,432.2,99.9999939884122,"Extremely High","Rare bad event - unusually high cases to date",13.1456563392327,"Extremely High",99.9999980125638,"Rare bad event - unusually high cases to date","Kenya"
"KEN",8,11,0.767935968819981,47,1.58293305895209,479.199999999999,47,479.2,0.719815911328919,0.0598948496974913,2025,"WHO",2025-11-01,313,313,313,10,1,TRUE,"applied_mean",NA,4,"2025/2026","Observed",5123,6735,8780,8943,NA,9147,"Sub-Saharan Africa","Kenya",1.58293305895209,479.199999999999,99.999972409679,"Extremely High","Rare bad event - unusually high cases to date",12.1722778119443,"Extremely High",99.9999980125638,"Rare bad event - unusually high cases to date","Kenya"
"KEN",9,12,0.710073306827277,16.4,1.8000743663552,495.6,16.4,495.6,0.754181496254163,0.0343655849252443,2025,"WHO",2025-12-01,461,461,461,9,1,TRUE,"applied_mean",NA,4,"2025/2026","Observed",5584,7196,8780,8943,NA,9147,"Sub-Saharan Africa","Kenya",1.8000743663552,495.6,99.9999980125638,"Extremely High","Rare bad event - unusually high cases to date",13.7501645637002,"Extremely High",99.9999980125638,"Rare bad event - unusually high cases to date","Kenya"
"KEN",10,1,NA,NA,2.40956681445303,551.800000000001,56.2,551.8,0.86064856401283,0.106467067758667,2026,"WHO",2026-01-01,1284,1284,1284,8,1,TRUE,"applied_mean",NA,4,"2025/2026","Observed",6868,1284,8780,20029,NA,9147,"Sub-Saharan Africa","Kenya",2.40956681445303,551.800000000001,99.9999999989899,"Extremely High","Rare bad event - unusually high cases to date",17.7295414252904,"Extremely High",99.9999999821214,"Rare bad event - unusually high cases to date","Kenya"
"KEN",11,2,NA,NA,2.78185413529154,596.799999999999,45,596.8,0.948018750361388,0.0873701863485581,2026,"WHO",2026-02-01,942,942,942,7,1,TRUE,"applied_mean",NA,4,"2025/2026","Observed",7810,2226,8780,20029,NA,9147,"Sub-Saharan Africa","Kenya",2.78185413529154,596.799999999999,99.9999999999936,"Extremely High","Rare bad event - unusually high cases to date",20.1120575719034,"Extremely High",99.9999999821214,"Rare bad event - unusually high cases to date","Kenya"
"KEN",12,3,NA,NA,2.92123200528514,624.4,27.6,624.4,1,0.0519812496386115,2026,"WHO",2026-03-01,1337,1337,1337,6,1,TRUE,"applied_mean",NA,4,"2025/2026","Observed",9147,3563,8780,20029,NA,9147,"Sub-Saharan Africa","Kenya",2.92123200528514,624.4,100,"Extremely High","Rare bad event - unusually high cases to date",23.2744105208883,"Extremely High",99.9999999821214,"Rare bad event - unusually high cases to date","Kenya"
"KEN",1,4,0.545501812567688,11.4,0.545501812567688,11.4,11.4,11.4,0.0222468255612348,0.0222468255612348,2026,"WHO",2026-04-01,1304,1304,1304,5,1,TRUE,"applied_mean",NA,4,"2026/2027","Observed",1304,4867,13227,20029,NA,13227,"Sub-Saharan Africa","Kenya",0.545501812567688,11.4,100,"Extremely High","Rare bad event - unusually high cases to date",81.8102322629647,"Extremely High",99.9999999821214,"Rare bad event - unusually high cases to date","Kenya"
"KEN",2,5,0.284655325993691,12.8,0.595326007358416,24.2,12.8,24.2,0.046614980765492,0.0243681552042573,2026,"WHO",2026-05-01,2088,2088,2088,4,1,TRUE,"applied_mean",NA,4,"2026/2027","Observed",3392,6955,13227,20029,NA,13227,"Sub-Saharan Africa","Kenya",0.595326007358416,24.2,100,"Extremely High","Rare bad event - unusually high cases to date",106.079417431069,"Extremely High",99.9999999821214,"Rare bad event - unusually high cases to date","Kenya"
"KEN",3,6,0.943092616592023,169.4,1.18374883796886,193.6,169.4,193.6,0.274145542125523,0.227530561360031,2026,"WHO",2026-06-01,1426,1102,1426,3,1.2939672801636,TRUE,"applied_mean",NA,4,"2026/2027","Observed",4818,8381,13227,20029,NA,13227,"Sub-Saharan Africa","Kenya",1.18374883796886,193.6,99.9999999999646,"Extremely High","Rare bad event - unusually high cases to date",25.9093273929685,"Extremely High",99.9999999821214,"Rare bad event - unusually high cases to date","Kenya"
"KEN",4,7,NA,NA,2.07433352200635,247.2,53.6,247.2,0.38437123723477,0.110225695109247,2026,"WHO",2026-07-01,1778,1314,1778,2,1.35276073619632,TRUE,"applied_mean",NA,4,"2026/2027","Observed",6596,10159,13227,20029,NA,13227,"Sub-Saharan Africa","Kenya",2.07433352200635,247.2,100,"Extremely High","Rare bad event - unusually high cases to date",36.8356148968922,"Extremely High",99.9999999821214,"Rare bad event - unusually high cases to date","Kenya"
"KEN",5,8,1.14784177070683,82.5999999999999,2.12975215648337,329.8,82.6,329.8,0.523842860577282,0.139471623342512,2026,"WHO",2026-08-01,333,333,NA,1,NA,FALSE,"insufficient_n_rf",NA,4,"2026/2027","Observed",6929,10492,13227,20029,NA,13227,"Sub-Saharan Africa","Kenya",2.12975215648337,329.8,100,"Extremely High","Rare bad event - unusually high cases to date",29.1076676446058,"Extremely High",99.9999999821214,"Rare bad event - unusually high cases to date","Kenya"
"KEN",6,9,0.470790152996592,64.2,1.80468037702028,394,64.2,394,0.607890229157822,0.0840473685805398,2026,NA,2026-09-01,NA,NA,NA,NA,NA,NA,NA,NA,4,"2026/2027","Unobserved",6929,10492,13227,20029,NA,13227,"Sub-Saharan Africa","Kenya",1.80468037702028,394,99.9999999999688,"Extremely High","Rare bad event - unusually high cases to date",22.230906205788,"Extremely High",99.9999999821214,"Rare bad event - unusually high cases to date","Kenya"
"KEN",7,10,0.56848380005682,38.2,1.69090037287754,432.2,38.2,432.2,0.659921061631428,0.0520308324736059,2026,NA,2026-10-01,NA,NA,NA,NA,NA,NA,NA,NA,4,"2026/2027","Unobserved",6929,10492,13227,20029,NA,13227,"Sub-Saharan Africa","Kenya",1.69090037287754,432.2,99.9999999980478,"Extremely High","Rare bad event - unusually high cases to date",19.5085888128117,"Extremely High",99.9999999821214,"Rare bad event - unusually high cases to date","Kenya"
"KEN",8,11,0.767935968819981,47,1.58293305895209,479.199999999999,47,479.2,0.719815911328919,0.0598948496974913,2026,NA,2026-11-01,NA,NA,NA,NA,NA,NA,NA,NA,4,"2026/2027","Unobserved",6929,10492,13227,20029,NA,13227,"Sub-Saharan Africa","Kenya",1.58293305895209,479.199999999999,99.9999999154855,"Extremely High","Rare bad event - unusually high cases to date",16.9061452757393,"Extremely High",99.9999999821214,"Rare bad event - unusually high cases to date","Kenya"
"KEN",9,12,0.710073306827277,16.4,1.8000743663552,495.6,16.4,495.6,0.754181496254163,0.0343655849252443,2026,NA,2026-12-01,NA,NA,NA,NA,NA,NA,NA,NA,4,"2026/2027","Unobserved",6929,10492,13227,20029,NA,13227,"Sub-Saharan Africa","Kenya",1.8000743663552,495.6,99.9999999821214,"Extremely High","Rare bad event - unusually high cases to date",17.3847002405685,"Extremely High",99.9999999821214,"Rare bad event - unusually high cases to date","Kenya"
"KHM",12,1,0.655497759161405,782.375000000001,1.49045181848844,22942.125,782.375,22942.125,1,0.0381305492116427,2025,"WHO",2025-01-01,761,761,NA,20,NA,FALSE,"no_lookup_match",NA,2,"2024/2025","Observed",761,761,761,65514,NA,761,"East & Southeast Asia","Cambodia",1.49045181848844,22942.125,0.833769869925424,"Extremely Low","Rare good event - unusually low cases to date",-1.18030648023889,"Extremely High",96.1111611661102,"Rare bad event - unusually high cases to date","Cambodia"
"KHM",1,2,0.765270122658777,393.6875,0.765270122658777,393.6875,393.6875,393.6875,0.0222315744853542,0.0222315744853542,2025,"WHO",2025-02-01,498,498,NA,19,NA,FALSE,"no_lookup_match",NA,2,"2025/2026","Observed",498,1259,65000,65514,NA,65000,"East & Southeast Asia","Cambodia",0.765270122658777,393.6875,72.3757661065639,"Normal","Average - typical case load at this point",0.231563665250346,"Extremely High",96.1111611661102,"Rare bad event - unusually high cases to date","Cambodia"
"KHM",2,3,0.73158048023491,508.499999999999,0.714048775707039,902.1875,508.5,902.1875,0.0478205901564672,0.025589015671113,2025,"WHO",2025-03-01,600,600,NA,18,NA,FALSE,"no_lookup_match",NA,2,"2025/2026","Observed",1098,1859,65000,65514,NA,65000,"East & Southeast Asia","Cambodia",0.714048775707039,902.1875,71.4214358789286,"Normal","Average - typical case load at this point",0.183330933525583,"Extremely High",96.1111611661102,"Rare bad event - unusually high cases to date","Cambodia"
"KHM",3,4,1.12972358977054,649.8125,1.13845563393016,1552,649.8125,1552,0.0761425208895846,0.0283219307331174,2025,"WHO",2025-04-01,935,935,NA,17,NA,FALSE,"no_lookup_match",NA,2,"2025/2026","Observed",2033,2794,65000,65514,NA,65000,"East & Southeast Asia","Cambodia",1.13845563393016,1552,72.9535590479464,"Normal","Average - typical case load at this point",0.330561436223144,"Extremely High",96.1111611661102,"Rare bad event - unusually high cases to date","Cambodia"
"KHM",4,5,1.28107024903156,1448.5625,1.40136100494934,3000.5625,1448.5625,3000.5625,0.13877911383921,0.0626365929496251,2025,"WHO",2025-05-01,3233,3233,NA,16,NA,FALSE,"no_lookup_match",NA,2,"2025/2026","Observed",5266,6027,65000,65514,NA,65000,"East & Southeast Asia","Cambodia",1.40136100494934,3000.5625,84.2753908827427,"High","Above average - more cases than typical at this point",0.893558583201143,"Extremely High",96.1111611661102,"Rare bad event - unusually high cases to date","Cambodia"
"KHM",5,6,1.01327416859675,3394.81249999999,1.23717017666293,6395.37500000001,3394.8125,6395.375,0.270534054261617,0.131754940422407,2025,"WHO",2025-06-01,6602,6602,NA,15,NA,FALSE,"no_lookup_match",NA,2,"2025/2026","Observed",11868,12629,65000,65514,NA,65000,"East & Southeast Asia","Cambodia",1.23717017666293,6395.37500000001,85.4056357461864,"High","Above average - more cases than typical at this point",0.951705093716166,"Extremely High",96.1111611661102,"Rare bad event - unusually high cases to date","Cambodia"
"KHM",6,7,1.05986958390826,4704.625,1.22127048097305,11100,4704.625,11100,0.45440220868033,0.183868154418713,2025,"WHO",2025-07-01,14728,14728,NA,14,NA,FALSE,"no_lookup_match",NA,2,"2025/2026","Observed",26596,27357,65000,65514,NA,65000,"East & Southeast Asia","Cambodia",1.22127048097305,11100,92.0893638810222,"High","Above average - more cases than typical at this point",1.54269001561624,"Extremely High",96.1111611661102,"Rare bad event - unusually high cases to date","Cambodia"
"KHM",7,8,1.57933846861146,3661.625,1.34182626278627,14761.625,3661.625,14761.625,0.623489152865858,0.169086944185528,2025,"WHO",2025-08-01,9948,9948,NA,13,NA,FALSE,"no_lookup_match",NA,2,"2025/2026","Observed",36544,37305,65000,65514,NA,65000,"East & Southeast Asia","Cambodia",1.34182626278627,14761.625,93.361687676826,"High","Above average - more cases than typical at this point",1.70922591240875,"Extremely High",96.1111611661102,"Rare bad event - unusually high cases to date","Cambodia"
"KHM",8,9,1.51524021423301,2727.5,1.38379780281387,17489.125,2727.5,17489.125,0.745837377437223,0.122348224571365,2025,"WHO",2025-09-01,7408,7408,7408,12,1,TRUE,"applied_mean",NA,2,"2025/2026","Observed",43952,44713,65000,65514,NA,65000,"East & Southeast Asia","Cambodia",1.38379780281387,17489.125,93.8505113369047,"High","Above average - more cases than typical at this point",1.77986917286255,"Extremely High",96.1111611661102,"Rare bad event - unusually high cases to date","Cambodia"
"KHM",9,10,1.4424637876271,2187.125,1.42180524752059,19676.25,2187.125,19676.25,0.844562320710344,0.0987249432731219,2025,"WHO",2025-10-01,8685,8685,8685,11,1,TRUE,"applied_mean",NA,2,"2025/2026","Observed",52637,53398,65000,65514,NA,65000,"East & Southeast Asia","Cambodia",1.42180524752059,19676.25,95.1461376783951,"Extremely High","Rare bad event - unusually high cases to date",1.9973727438163,"Extremely High",96.1111611661102,"Rare bad event - unusually high cases to date","Cambodia"
"KHM",10,11,1.41481298668167,1503.9375,1.4544238039293,21180.1875000001,1503.9375,21180.1875,0.915405558509128,0.0708432377987836,2025,"WHO",2025-11-01,6058,6058,6058,10,1,TRUE,"applied_mean",NA,2,"2025/2026","Observed",58695,59456,65000,65514,NA,65000,"East & Southeast Asia","Cambodia",1.4544238039293,21180.1875000001,95.8378871917215,"Extremely High","Rare bad event - unusually high cases to date",2.13601134918974,"Extremely High",96.1111611661102,"Rare bad event - unusually high cases to date","Cambodia"
"KHM",11,12,1.25105394164378,979.5625,1.47340072730705,22159.75,979.5625,22159.75,0.961869450788357,0.0464638922792292,2025,"WHO",2025-12-01,3560,3560,3560,9,1,TRUE,"applied_mean",NA,2,"2025/2026","Observed",62255,63016,65000,65514,NA,65000,"East & Southeast Asia","Cambodia",1.47340072730705,22159.75,96.1111611661102,"Extremely High","Rare bad event - unusually high cases to date",2.19621104602891,"Extremely High",96.1111611661102,"Rare bad event - unusually high cases to date","Cambodia"
"KHM",12,1,0.655497759161405,782.375000000001,1.49045181848844,22942.125,782.375,22942.125,1,0.0381305492116427,2026,"WHO",2026-01-01,2745,2745,2745,8,1,TRUE,"applied_mean",NA,2,"2025/2026","Observed",65000,2745,65000,145945,NA,65000,"East & Southeast Asia","Cambodia",1.49045181848844,22942.125,96.2928651100159,"Extremely High","Rare bad event - unusually high cases to date",2.23799209497162,"Extremely High",99.2064542417437,"Rare bad event - unusually high cases to date","Cambodia"
"KHM",1,2,0.765270122658777,393.6875,0.765270122658777,393.6875,393.6875,393.6875,0.0222315744853542,0.0222315744853542,2026,"WHO",2026-02-01,1339,1339,1339,7,1,TRUE,"applied_mean",NA,2,"2026/2027","Observed",1339,4084,141542,145945,NA,141542,"East & Southeast Asia","Cambodia",0.765270122658777,393.6875,95.4083877834503,"Extremely High","Rare bad event - unusually high cases to date",2.09850235884451,"Extremely High",99.2064542417437,"Rare bad event - unusually high cases to date","Cambodia"
"KHM",2,3,0.73158048023491,508.499999999999,0.714048775707039,902.1875,508.5,902.1875,0.0478205901564672,0.025589015671113,2026,"WHO",2026-03-01,1275,1275,1275,6,1,TRUE,"applied_mean",NA,2,"2026/2027","Observed",2614,5359,141542,145945,NA,141542,"East & Southeast Asia","Cambodia",0.714048775707039,902.1875,92.706813514572,"High","Above average - more cases than typical at this point",1.60269739493526,"Extremely High",99.2064542417437,"Rare bad event - unusually high cases to date","Cambodia"
"KHM",3,4,1.12972358977054,649.8125,1.13845563393016,1552,649.8125,1552,0.0761425208895846,0.0283219307331174,2026,"WHO",2026-04-01,2351,2351,2351,5,1,TRUE,"applied_mean",NA,2,"2026/2027","Observed",4965,7710,141542,145945,NA,141542,"East & Southeast Asia","Cambodia",1.13845563393016,1552,96.547774959753,"Extremely High","Rare bad event - unusually high cases to date",2.34554299756672,"Extremely High",99.2064542417437,"Rare bad event - unusually high cases to date","Cambodia"
"KHM",4,5,1.28107024903156,1448.5625,1.40136100494934,3000.5625,1448.5625,3000.5625,0.13877911383921,0.0626365929496251,2026,"WHO",2026-05-01,2595,2595,2595,4,1,TRUE,"applied_mean",NA,2,"2026/2027","Observed",7560,10305,141542,145945,NA,141542,"East & Southeast Asia","Cambodia",1.40136100494934,3000.5625,93.9761126855062,"High","Above average - more cases than typical at this point",1.79838309937668,"Extremely High",99.2064542417437,"Rare bad event - unusually high cases to date","Cambodia"
"KHM",5,6,1.01327416859675,3394.81249999999,1.23717017666293,6395.37500000001,3394.8125,6395.375,0.270534054261617,0.131754940422407,2026,"WHO",2026-06-01,8276,8276,8276,3,1.00002837684449,TRUE,"applied_mean",NA,2,"2026/2027","Observed",15836,18581,141542,145945,NA,141542,"East & Southeast Asia","Cambodia",1.23717017666293,6395.37500000001,92.8651012658472,"High","Above average - more cases than typical at this point",1.64175160921207,"Extremely High",99.2064542417437,"Rare bad event - unusually high cases to date","Cambodia"
"KHM",6,7,1.05986958390826,4704.625,1.22127048097305,11100,4704.625,11100,0.45440220868033,0.183868154418713,2026,"WHO",2026-07-01,43428,29580,43428,2,1.46815281414555,TRUE,"applied_mean",NA,2,"2026/2027","Observed",59264,62009,141542,145945,NA,141542,"East & Southeast Asia","Cambodia",1.22127048097305,11100,99.7481087258899,"Extremely High","Rare bad event - unusually high cases to date",4.79492268405657,"Extremely High",99.2064542417437,"Rare bad event - unusually high cases to date","Cambodia"
"KHM",7,8,1.57933846861146,3661.625,1.34182626278627,14761.625,3661.625,14761.625,0.623489152865858,0.169086944185528,2026,"WHO",2026-08-01,28986,28986,NA,1,NA,FALSE,"no_lookup_match",NA,2,"2026/2027","Observed",88250,90995,141542,145945,NA,141542,"East & Southeast Asia","Cambodia",1.34182626278627,14761.625,99.9220396901497,"Extremely High","Rare bad event - unusually high cases to date",5.76650777570451,"Extremely High",99.2064542417437,"Rare bad event - unusually high cases to date","Cambodia"
"KHM",8,9,1.51524021423301,2727.5,1.38379780281387,17489.125,2727.5,17489.125,0.745837377437223,0.122348224571365,2026,NA,2026-09-01,NA,NA,NA,NA,NA,NA,NA,NA,2,"2026/2027","Unobserved",88250,90995,141542,145945,NA,141542,"East & Southeast Asia","Cambodia",1.38379780281387,17489.125,99.7685123678939,"Extremely High","Rare bad event - unusually high cases to date",4.75931281303637,"Extremely High",99.2064542417437,"Rare bad event - unusually high cases to date","Cambodia"
"KHM",9,10,1.4424637876271,2187.125,1.42180524752059,19676.25,2187.125,19676.25,0.844562320710344,0.0987249432731219,2026,NA,2026-10-01,NA,NA,NA,NA,NA,NA,NA,NA,2,"2026/2027","Unobserved",88250,90995,141542,145945,NA,141542,"East & Southeast Asia","Cambodia",1.42180524752059,19676.25,99.5551512396792,"Extremely High","Rare bad event - unusually high cases to date",4.15546791839607,"Extremely High",99.2064542417437,"Rare bad event - unusually high cases to date","Cambodia"
"KHM",10,11,1.41481298668167,1503.9375,1.4544238039293,21180.1875000001,1503.9375,21180.1875,0.915405558509128,0.0708432377987836,2026,NA,2026-11-01,NA,NA,NA,NA,NA,NA,NA,NA,2,"2026/2027","Unobserved",88250,90995,141542,145945,NA,141542,"East & Southeast Asia","Cambodia",1.4544238039293,21180.1875000001,99.3606975971319,"Extremely High","Rare bad event - unusually high cases to date",3.81880838903374,"Extremely High",99.2064542417437,"Rare bad event - unusually high cases to date","Cambodia"
"KHM",11,12,1.25105394164378,979.5625,1.47340072730705,22159.75,979.5625,22159.75,0.961869450788357,0.0464638922792292,2026,NA,2026-12-01,NA,NA,NA,NA,NA,NA,NA,NA,2,"2026/2027","Unobserved",88250,90995,141542,145945,NA,141542,"East & Southeast Asia","Cambodia",1.47340072730705,22159.75,99.2064542417437,"Extremely High","Rare bad event - unusually high cases to date",3.62008310422837,"Extremely High",99.2064542417437,"Rare bad event - unusually high cases to date","Cambodia"
"KIR",10,1,0.256639624514869,64.3333333333333,0.616035168398285,846.444444444447,64.3333333333333,846.444444444444,0.788128241626572,0.175161416022587,2025,"WHO",2025-01-01,0,0,NA,20,NA,FALSE,"no_lookup_match",NA,4,"2024/2025","Observed",0,0,5,2304,NA,5,"Pacific Islands","Kiribati",0.616035168398285,846.444444444447,1.16598064098064,"Extremely Low","Rare good event - unusually low cases to date",-0.784593620438872,"High",82.259055088762,"Above average - more cases than typical at this point","Kiribati"
"KIR",11,2,0.146367723945156,43.4444444444444,0.70628648155914,889.888888888887,43.4444444444444,889.888888888889,0.886217864738745,0.0980896231121733,2025,"WHO",2025-02-01,0,0,NA,19,NA,FALSE,"no_lookup_match",NA,4,"2024/2025","Observed",0,0,5,2304,NA,5,"Pacific Islands","Kiribati",0.70628648155914,889.888888888887,0.645680839796772,"Extremely Low","Rare good event - unusually low cases to date",-0.840075211562988,"High",82.259055088762,"Above average - more cases than typical at this point","Kiribati"
"KIR",12,3,0.264889233039929,45.4444444444444,0.773900545119297,935.333333333333,45.4444444444444,935.333333333333,1,0.113782135261255,2025,"WHO",2025-03-01,5,5,NA,18,NA,FALSE,"no_lookup_match",NA,4,"2024/2025","Observed",5,5,5,2304,NA,5,"Pacific Islands","Kiribati",0.773900545119297,935.333333333333,1.75199082540732,"Extremely Low","Rare good event - unusually low cases to date",-0.874651713739516,"High",82.259055088762,"Above average - more cases than typical at this point","Kiribati"
"KIR",1,4,0.311682895791415,10.8888888888889,0.311682895791415,10.8888888888889,10.8888888888889,10.8888888888889,0.0182457352877566,0.0182457352877566,2025,"WHO",2025-04-01,21,21,NA,17,NA,FALSE,"no_lookup_match",NA,4,"2025/2026","Observed",21,26,1435,2304,NA,1435,"Pacific Islands","Kiribati",0.311682895791415,10.8888888888889,83.9543917149783,"High","Above average - more cases than typical at this point",0.511144259747285,"High",82.259055088762,"Above average - more cases than typical at this point","Kiribati"
"KIR",2,5,0.330368054713351,41.3333333333333,0.325099555593862,52.2222222222222,41.3333333333333,52.2222222222222,0.147076554335192,0.128830819047435,2025,"WHO",2025-05-01,95,95,NA,16,NA,FALSE,"no_lookup_match",NA,4,"2025/2026","Observed",116,121,1435,2304,NA,1435,"Pacific Islands","Kiribati",0.325099555593862,52.2222222222222,85.9664983926117,"High","Above average - more cases than typical at this point",0.694184006595477,"High",82.259055088762,"Above average - more cases than typical at this point","Kiribati"
"KIR",3,6,0.200538475045472,64.1111111111111,0.27904595878014,116.333333333333,64.1111111111111,116.333333333333,0.213737524359405,0.0666609700242134,2025,"WHO",2025-06-01,380,380,NA,15,NA,FALSE,"no_lookup_match",NA,4,"2025/2026","Observed",496,501,1435,2304,NA,1435,"Pacific Islands","Kiribati",0.27904595878014,116.333333333333,94.1172542923657,"High","Above average - more cases than typical at this point",1.72193170935657,"High",82.259055088762,"Above average - more cases than typical at this point","Kiribati"
"KIR",4,7,0.215262688734495,76.7777777777779,0.266685056664106,193.111111111111,76.7777777777778,193.111111111111,0.275232824752019,0.0614953003926142,2025,"WHO",2025-07-01,494,494,NA,14,NA,FALSE,"no_lookup_match",NA,4,"2025/2026","Observed",990,995,1435,2304,NA,1435,"Pacific Islands","Kiribati",0.266685056664106,193.111111111111,95.6556683218618,"Extremely High","Rare bad event - unusually high cases to date",2.12956145511296,"High",82.259055088762,"Above average - more cases than typical at this point","Kiribati"
"KIR",5,8,0.124083268169241,111.555555555555,0.25202427383472,304.666666666667,111.555555555556,304.666666666667,0.331274643456454,0.0560418187044346,2025,"WHO",2025-08-01,163,163,NA,13,NA,FALSE,"no_lookup_match",NA,4,"2025/2026","Observed",1153,1158,1435,2304,NA,1435,"Pacific Islands","Kiribati",0.25202427383472,304.666666666667,92.6516793803081,"High","Above average - more cases than typical at this point",1.39727929655723,"High",82.259055088762,"Above average - more cases than typical at this point","Kiribati"
"KIR",6,9,NA,NA,0.231737969899107,425.111111111111,120.444444444444,425.111111111111,0.385031708641291,0.053757065184837,2025,"WHO",2025-09-01,198,198,NA,12,NA,FALSE,"no_lookup_match",NA,4,"2025/2026","Observed",1351,1356,1435,2304,NA,1435,"Pacific Islands","Kiribati",0.231737969899107,425.111111111111,90.6075102404002,"High","Above average - more cases than typical at this point",1.04818194675439,"High",82.259055088762,"Above average - more cases than typical at this point","Kiribati"
"KIR",7,10,0.0827461897936802,169.666666666667,0.213235824869899,594.777777777777,169.666666666667,594.777777777778,0.448261470943502,0.0632297623022108,2025,"WHO",2025-10-01,40,40,NA,11,NA,FALSE,"no_lookup_match",NA,4,"2025/2026","Observed",1391,1396,1435,2304,NA,1435,"Pacific Islands","Kiribati",0.213235824869899,594.777777777777,86.9987681129268,"High","Above average - more cases than typical at this point",0.618061667765089,"High",82.259055088762,"Above average - more cases than typical at this point","Kiribati"
"KIR",8,11,0.163286568820782,114.222222222222,0.326273729121887,709.000000000002,114.222222222222,709,0.514649006496784,0.0663875355532821,2025,"WHO",2025-11-01,12,12,NA,10,NA,FALSE,"no_lookup_match",NA,4,"2025/2026","Observed",1403,1408,1435,2304,NA,1435,"Pacific Islands","Kiribati",0.326273729121887,709.000000000002,84.04921912932,"High","Above average - more cases than typical at this point",0.558990443079976,"High",82.259055088762,"Above average - more cases than typical at this point","Kiribati"
"KIR",9,12,0.233138210792749,73.1111111111111,0.361801228335075,782.111111111111,73.1111111111111,782.111111111111,0.612966825603985,0.098317819107201,2025,"WHO",2025-12-01,4,4,NA,9,NA,FALSE,"no_lookup_match",NA,4,"2025/2026","Observed",1407,1412,1435,2304,NA,1435,"Pacific Islands","Kiribati",0.361801228335075,782.111111111111,82.259055088762,"High","Above average - more cases than typical at this point",0.480472944100712,"High",82.259055088762,"Above average - more cases than typical at this point","Kiribati"
"KIR",10,1,0.256639624514869,64.3333333333333,0.616035168398285,846.444444444447,64.3333333333333,846.444444444444,0.788128241626572,0.175161416022587,2026,"WHO",2026-01-01,14,14,NA,8,NA,FALSE,"no_lookup_match",NA,4,"2025/2026","Observed",1421,14,1435,163,NA,1435,"Pacific Islands","Kiribati",0.616035168398285,846.444444444447,80.4674578777719,"High","Above average - more cases than typical at this point",0.532572015133811,"Low",22.835865189569,"Below average - fewer cases than typical at this point","Kiribati"
"KIR",11,2,0.146367723945156,43.4444444444444,0.70628648155914,889.888888888887,43.4444444444444,889.888888888889,0.886217864738745,0.0980896231121733,2026,"WHO",2026-02-01,10,10,NA,7,NA,FALSE,"no_lookup_match",NA,4,"2025/2026","Observed",1431,24,1435,163,NA,1435,"Pacific Islands","Kiribati",0.70628648155914,889.888888888887,79.4172264590958,"High","Above average - more cases than typical at this point",0.510821111288772,"Low",22.835865189569,"Below average - fewer cases than typical at this point","Kiribati"
"KIR",12,3,0.264889233039929,45.4444444444444,0.773900545119297,935.333333333333,45.4444444444444,935.333333333333,1,0.113782135261255,2026,"WHO",2026-03-01,4,4,NA,6,NA,FALSE,"no_lookup_match",NA,4,"2025/2026","Observed",1435,28,1435,163,NA,1435,"Pacific Islands","Kiribati",0.773900545119297,935.333333333333,78.141647643278,"High","Above average - more cases than typical at this point",0.469760988497146,"Low",22.835865189569,"Below average - fewer cases than typical at this point","Kiribati"
"KIR",1,4,0.311682895791415,10.8888888888889,0.311682895791415,10.8888888888889,10.8888888888889,10.8888888888889,0.0182457352877566,0.0182457352877566,2026,"WHO",2026-04-01,6,6,NA,5,NA,FALSE,"no_lookup_match",NA,4,"2026/2027","Observed",6,34,78,163,NA,78,"Pacific Islands","Kiribati",0.311682895791415,10.8888888888889,63.500114458562,"Normal","Average - typical case load at this point",-0.247146675042644,"Low",22.835865189569,"Below average - fewer cases than typical at this point","Kiribati"
"KIR",2,5,0.330368054713351,41.3333333333333,0.325099555593862,52.2222222222222,41.3333333333333,52.2222222222222,0.147076554335192,0.128830819047435,2026,"WHO",2026-05-01,14,14,NA,4,NA,FALSE,"no_lookup_match",NA,4,"2026/2027","Observed",20,48,78,163,NA,78,"Pacific Islands","Kiribati",0.325099555593862,52.2222222222222,55.6301295412778,"Normal","Average - typical case load at this point",-0.350720142705031,"Low",22.835865189569,"Below average - fewer cases than typical at this point","Kiribati"
"KIR",3,6,0.200538475045472,64.1111111111111,0.27904595878014,116.333333333333,64.1111111111111,116.333333333333,0.213737524359405,0.0666609700242134,2026,"WHO",2026-06-01,2,2,NA,3,NA,FALSE,"no_lookup_match",NA,4,"2026/2027","Observed",22,50,78,163,NA,78,"Pacific Islands","Kiribati",0.27904595878014,116.333333333333,48.6480249408052,"Normal","Average - typical case load at this point",-0.427837290384467,"Low",22.835865189569,"Below average - fewer cases than typical at this point","Kiribati"
"KIR",4,7,0.215262688734495,76.7777777777779,0.266685056664106,193.111111111111,76.7777777777778,193.111111111111,0.275232824752019,0.0614953003926142,2026,"WHO",2026-07-01,2,2,NA,2,NA,FALSE,"insufficient_n_rf",NA,4,"2026/2027","Observed",24,52,78,163,NA,78,"Pacific Islands","Kiribati",0.266685056664106,193.111111111111,44.61931137848,"Normal","Average - typical case load at this point",-0.451923108572492,"Low",22.835865189569,"Below average - fewer cases than typical at this point","Kiribati"
"KIR",5,8,0.124083268169241,111.555555555555,0.25202427383472,304.666666666667,111.555555555556,304.666666666667,0.331274643456454,0.0560418187044346,2026,"WHO",2026-08-01,2,2,NA,1,NA,FALSE,"insufficient_n_rf",NA,4,"2026/2027","Observed",26,54,78,163,NA,78,"Pacific Islands","Kiribati",0.25202427383472,304.666666666667,42.004702150605,"Normal","Average - typical case load at this point",-0.458988405470272,"Low",22.835865189569,"Below average - fewer cases than typical at this point","Kiribati"
"KIR",6,9,NA,NA,0.231737969899107,425.111111111111,120.444444444444,425.111111111111,0.385031708641291,0.053757065184837,2026,NA,2026-09-01,NA,NA,NA,NA,NA,NA,NA,NA,4,"2026/2027","Unobserved",26,54,78,163,NA,78,"Pacific Islands","Kiribati",0.231737969899107,425.111111111111,41.0738019075688,"Normal","Average - typical case load at this point",-0.451826419385786,"Low",22.835865189569,"Below average - fewer cases than typical at this point","Kiribati"
"KIR",7,10,0.0827461897936802,169.666666666667,0.213235824869899,594.777777777777,169.666666666667,594.777777777778,0.448261470943502,0.0632297623022108,2026,NA,2026-10-01,NA,NA,NA,NA,NA,NA,NA,NA,4,"2026/2027","Unobserved",26,54,78,163,NA,78,"Pacific Islands","Kiribati",0.213235824869899,594.777777777777,40.4677347356828,"Normal","Average - typical case load at this point",-0.441509583769116,"Low",22.835865189569,"Below average - fewer cases than typical at this point","Kiribati"
"KIR",8,11,0.163286568820782,114.222222222222,0.326273729121887,709.000000000002,114.222222222222,709,0.514649006496784,0.0663875355532821,2026,NA,2026-11-01,NA,NA,NA,NA,NA,NA,NA,NA,4,"2026/2027","Unobserved",26,54,78,163,NA,78,"Pacific Islands","Kiribati",0.326273729121887,709.000000000002,26.5368655611503,"Normal","Average - typical case load at this point",-0.550130364010987,"Low",22.835865189569,"Below average - fewer cases than typical at this point","Kiribati"
"KIR",9,12,0.233138210792749,73.1111111111111,0.361801228335075,782.111111111111,73.1111111111111,782.111111111111,0.612966825603985,0.098317819107201,2026,NA,2026-12-01,NA,NA,NA,NA,NA,NA,NA,NA,4,"2026/2027","Unobserved",26,54,78,163,NA,78,"Pacific Islands","Kiribati",0.361801228335075,782.111111111111,22.835865189569,"Low","Below average - fewer cases than typical at this point",-0.581368845057849,"Low",22.835865189569,"Below average - fewer cases than typical at this point","Kiribati"
"KNA",10,1,0.335756109503277,24.3333333333333,2.14733962896101,137.333333333333,24.3333333333333,137.333333333333,0.960378270688354,0.109394403090524,2025,"WHO",2025-01-01,0,0,NA,20,NA,FALSE,"no_lookup_match",NA,4,"2024/2025","Observed",0,0,4,13,NA,4,"Caribbean","Saint Kitts And Nevis",2.14733962896101,137.333333333333,0.0128145582507543,"Extremely Low","Rare good event - unusually low cases to date",-1.45405667071122,"Extremely Low",0.238112296945892,"Rare good event - unusually low cases to date","Saint Kitts And Nevis"
"KNA",11,2,1.17761439544517,5.16666666666667,2.10715275545214,142.5,5.16666666666667,142.5,0.991356153425119,0.0309778827367653,2025,"PAHO",2025-02-01,4,4,NA,82,NA,FALSE,"no_lookup_match","current_month_missing",4,"2024/2025","Observed",4,4,4,13,NA,4,"Caribbean","Saint Kitts And Nevis",2.10715275545214,142.5,0.215136964525609,"Extremely Low","Rare good event - unusually low cases to date",-1.40053982870351,"Extremely Low",0.238112296945892,"Rare good event - unusually low cases to date","Saint Kitts And Nevis"
"KNA",12,3,0.147516922522646,2.5,2.04232886714246,145,2.5,145,1,0.00864384657488106,2025,"WHO",2025-03-01,0,0,NA,18,NA,FALSE,"no_lookup_match",NA,4,"2024/2025","Observed",4,4,4,13,NA,4,"Caribbean","Saint Kitts And Nevis",2.04232886714246,145,0.242083462139974,"Extremely Low","Rare good event - unusually low cases to date",-1.37999261802488,"Extremely Low",0.238112296945892,"Rare good event - unusually low cases to date","Saint Kitts And Nevis"
"KNA",1,4,NA,NA,NA,NA,1.66666666666667,1.66666666666667,0.0181723606957252,0.0181723606957252,2025,"WHO",2025-04-01,0,0,NA,17,NA,FALSE,"no_lookup_match",NA,4,"2025/2026","Observed",0,4,20,13,NA,20,"Caribbean","Saint Kitts And Nevis",NA,NA,NA,"Unknown","Cannot determine",NA,"Extremely Low",0.238112296945892,"Rare good event - unusually low cases to date","Saint Kitts And Nevis"
"KNA",2,5,0.532632903176106,6.50000000000001,0.517441312614682,8.16666666666666,6.5,8.16666666666667,0.084617355645393,0.0664449949496679,2025,"WHO",2025-05-01,0,0,NA,16,NA,FALSE,"no_lookup_match",NA,4,"2025/2026","Observed",0,4,20,13,NA,20,"Caribbean","Saint Kitts And Nevis",0.517441312614682,8.16666666666666,23.238318757274,"Low","Below average - fewer cases than typical at this point",-0.697574115889307,"Extremely Low",0.238112296945892,"Rare good event - unusually low cases to date","Saint Kitts And Nevis"
"KNA",3,6,1.59399820193975,16.1666666666667,1.48731716406308,24.3333333333333,16.1666666666667,24.3333333333333,0.284564676630319,0.199947320984926,2025,"WHO",2025-06-01,0,0,NA,15,NA,FALSE,"no_lookup_match",NA,4,"2025/2026","Observed",0,4,20,13,NA,20,"Caribbean","Saint Kitts And Nevis",1.48731716406308,24.3333333333333,1.43342771630508,"Extremely Low","Rare good event - unusually low cases to date",-1.18391086998522,"Extremely Low",0.238112296945892,"Rare good event - unusually low cases to date","Saint Kitts And Nevis"
"KNA",4,7,3.18091110523829,2.16666666666667,1.48061293274526,26.5,2.16666666666667,26.5,0.307641323071451,0.0230766464411324,2025,"WHO",2025-07-01,0,0,NA,14,NA,FALSE,"no_lookup_match",NA,4,"2025/2026","Observed",0,4,20,13,NA,20,"Caribbean","Saint Kitts And Nevis",1.48061293274526,26.5,1.2886127641475,"Extremely Low","Rare good event - unusually low cases to date",-1.18417283562227,"Extremely Low",0.238112296945892,"Rare good event - unusually low cases to date","Saint Kitts And Nevis"
"KNA",5,8,2.14583803291061,2.66666666666667,1.47487835808929,29.1666666666667,2.66666666666667,29.1666666666667,0.33671012550474,0.0290688024332884,2025,"WHO",2025-08-01,0,0,NA,13,NA,FALSE,"no_lookup_match",NA,4,"2025/2026","Observed",0,4,20,13,NA,20,"Caribbean","Saint Kitts And Nevis",1.47487835808929,29.1666666666667,1.13963937555978,"Extremely Low","Rare good event - unusually low cases to date",-1.18485763324929,"Extremely Low",0.238112296945892,"Rare good event - unusually low cases to date","Saint Kitts And Nevis"
"KNA",6,9,1.73398724605366,7,NA,NA,7,36.1666666666667,0.413521176278991,0.0768110507742517,2025,"PAHO",2025-09-01,3,3,NA,51,1,TRUE,"applied_mean","previous_month_missing",4,"2025/2026","Observed",3,7,20,13,NA,20,"Caribbean","Saint Kitts And Nevis",NA,NA,NA,"Unknown","Cannot determine",NA,"Extremely Low",0.238112296945892,"Rare good event - unusually low cases to date","Saint Kitts And Nevis"
"KNA",7,10,6.90099786106784,17,7.6534118142993,53.1666666666667,17,53.1666666666667,0.564411371007306,0.150890194728315,2025,"PAHO",2025-10-01,2,2,2,47,1,TRUE,"applied_mean","not_missing",4,"2025/2026","Observed",5,9,20,13,NA,20,"Caribbean","Saint Kitts And Nevis",7.6534118142993,53.1666666666667,0.00783475446843799,"Extremely Low","Rare good event - unusually low cases to date",-2.34331638463412,"Extremely Low",0.238112296945892,"Rare good event - unusually low cases to date","Saint Kitts And Nevis"
"KNA",8,11,0.610434365525796,37.3333333333333,4.38606782723768,90.5,37.3333333333333,90.5,0.739024392618697,0.17461302161139,2025,"WHO",2025-11-01,0,0,0,10,0.999353587588882,TRUE,"applied_mean",NA,4,"2025/2026","Observed",5,9,20,13,NA,20,"Caribbean","Saint Kitts And Nevis",4.38606782723768,90.5,0.0191753412463387,"Extremely Low","Rare good event - unusually low cases to date",-1.93231654366212,"Extremely Low",0.238112296945892,"Rare good event - unusually low cases to date","Saint Kitts And Nevis"
"KNA",9,12,0.517395628666228,22.5,2.83426893918921,113,22.5,113,0.85098386759783,0.111959474979133,2025,"PAHO",2025-12-01,2,2,2,39,1,TRUE,"applied_mean","not_missing",4,"2025/2026","Observed",7,11,20,13,NA,20,"Caribbean","Saint Kitts And Nevis",2.83426893918921,113,0.238112296945892,"Extremely Low","Rare good event - unusually low cases to date",-1.55979901292562,"Extremely Low",0.238112296945892,"Rare good event - unusually low cases to date","Saint Kitts And Nevis"
"KNA",10,1,0.335756109503277,24.3333333333333,2.14733962896101,137.333333333333,24.3333333333333,137.333333333333,0.960378270688354,0.109394403090524,2026,"PAHO",2026-01-01,2,2,2,34,1,TRUE,"applied_mean","not_missing",4,"2025/2026","Observed",9,2,20,935,NA,20,"Caribbean","Saint Kitts And Nevis",2.14733962896101,137.333333333333,0.79951859053672,"Extremely Low","Rare good event - unusually low cases to date",-1.35876654908694,"Extremely Low",0.5155164559874,"Rare good event - unusually low cases to date","Saint Kitts And Nevis"
"KNA",11,2,1.17761439544517,5.16666666666667,2.10715275545214,142.5,5.16666666666667,142.5,0.991356153425119,0.0309778827367653,2026,"PAHO",2026-02-01,3,3,3,30,1.01058398649746,TRUE,"applied_mean","not_missing",4,"2025/2026","Observed",12,5,20,935,NA,20,"Caribbean","Saint Kitts And Nevis",2.10715275545214,142.5,1.31387911793288,"Extremely Low","Rare good event - unusually low cases to date",-1.31964222126938,"Extremely Low",0.5155164559874,"Rare good event - unusually low cases to date","Saint Kitts And Nevis"
"KNA",12,3,0.147516922522646,2.5,2.04232886714246,145,2.5,145,1,0.00864384657488106,2026,"PAHO",2026-03-01,8,8,8,26,1.0137990750553,TRUE,"applied_mean","not_missing",4,"2025/2026","Observed",20,13,20,935,NA,20,"Caribbean","Saint Kitts And Nevis",2.04232886714246,145,3.38865203340386,"Extremely Low","Rare good event - unusually low cases to date",-1.22339771101497,"Extremely Low",0.5155164559874,"Rare good event - unusually low cases to date","Saint Kitts And Nevis"
"KNA",1,4,NA,NA,NA,NA,1.66666666666667,1.66666666666667,0.0181723606957252,0.0181723606957252,2026,"WHO",2026-04-01,4,4,4,5,0.978496811830145,TRUE,"applied_mean",NA,4,"2026/2027","Observed",4,17,220,935,NA,30,"Caribbean","Saint Kitts And Nevis",NA,NA,NA,"Unknown","Cannot determine",NA,"Extremely Low",0.5155164559874,"Rare good event - unusually low cases to date","Saint Kitts And Nevis"
"KNA",2,5,0.532632903176106,6.50000000000001,0.517441312614682,8.16666666666666,6.5,8.16666666666667,0.084617355645393,0.0664449949496679,2026,"Estimates",2026-05-01,1,NA,NA,4,1.01082621082621,FALSE,"applied_mean",NA,4,"2026/2027","Unobserved",5,18,220,935,1.32889989899336,30,"Caribbean","Saint Kitts And Nevis",0.517441312614682,8.16666666666666,58.7210070185476,"Normal","Average - typical case load at this point",-0.27048792248769,"Extremely Low",0.5155164559874,"Rare good event - unusually low cases to date","Saint Kitts And Nevis"
"KNA",3,6,1.59399820193975,16.1666666666667,1.48731716406308,24.3333333333333,16.1666666666667,24.3333333333333,0.284564676630319,0.199947320984926,2026,"Estimates",2026-06-01,4,NA,NA,3,0.999881291547958,FALSE,"applied_mean",NA,4,"2026/2027","Unobserved",9,22,220,935,3.99894641969851,30,"Caribbean","Saint Kitts And Nevis",1.48731716406308,24.3333333333333,25.4696197932134,"Normal","Average - typical case load at this point",-0.746026027661917,"Extremely Low",0.5155164559874,"Rare good event - unusually low cases to date","Saint Kitts And Nevis"
"KNA",4,7,3.18091110523829,2.16666666666667,1.48061293274526,26.5,2.16666666666667,26.5,0.307641323071451,0.0230766464411324,2026,"Estimates",2026-07-01,0,NA,NA,2,1.19385655496767,FALSE,"applied_mean",NA,4,"2026/2027","Unobserved",9,22,220,935,0.461532928822648,30,"Caribbean","Saint Kitts And Nevis",1.48061293274526,26.5,23.2143829826588,"Low","Below average - fewer cases than typical at this point",-0.782000929184517,"Extremely Low",0.5155164559874,"Rare good event - unusually low cases to date","Saint Kitts And Nevis"
"KNA",5,8,2.14583803291061,2.66666666666667,1.47487835808929,29.1666666666667,2.66666666666667,29.1666666666667,0.33671012550474,0.0290688024332884,2026,"Estimates",2026-08-01,1,NA,NA,1,NA,FALSE,"no_lookup_match",NA,4,"2026/2027","Unobserved",10,23,220,935,0.581376048665768,30,"Caribbean","Saint Kitts And Nevis",1.47487835808929,29.1666666666667,23.2837172377443,"Low","Below average - fewer cases than typical at this point",-0.778620730420959,"Extremely Low",0.5155164559874,"Rare good event - unusually low cases to date","Saint Kitts And Nevis"
"KNA",6,9,1.73398724605366,7,NA,NA,7,36.1666666666667,0.413521176278991,0.0768110507742517,2026,NA,2026-09-01,NA,NA,NA,NA,NA,NA,NA,NA,4,"2026/2027","Unobserved",10,23,220,935,NA,30,"Caribbean","Saint Kitts And Nevis",NA,NA,NA,"Unknown","Cannot determine",NA,"Extremely Low",0.5155164559874,"Rare good event - unusually low cases to date","Saint Kitts And Nevis"
"KNA",7,10,6.90099786106784,17,7.6534118142993,53.1666666666667,17,53.1666666666667,0.564411371007306,0.150890194728315,2026,NA,2026-10-01,NA,NA,NA,NA,NA,NA,NA,NA,4,"2026/2027","Unobserved",10,23,220,935,NA,30,"Caribbean","Saint Kitts And Nevis",7.6534118142993,53.1666666666667,0.133286853265439,"Extremely Low","Rare good event - unusually low cases to date",-2.10006554885895,"Extremely Low",0.5155164559874,"Rare good event - unusually low cases to date","Saint Kitts And Nevis"
"KNA",8,11,0.610434365525796,37.3333333333333,4.38606782723768,90.5,37.3333333333333,90.5,0.739024392618697,0.17461302161139,2026,NA,2026-11-01,NA,NA,NA,NA,NA,NA,NA,NA,4,"2026/2027","Unobserved",10,23,220,935,NA,30,"Caribbean","Saint Kitts And Nevis",4.38606782723768,90.5,0.14792744626303,"Extremely Low","Rare good event - unusually low cases to date",-1.8193155761965,"Extremely Low",0.5155164559874,"Rare good event - unusually low cases to date","Saint Kitts And Nevis"
"KNA",9,12,0.517395628666228,22.5,2.83426893918921,113,22.5,113,0.85098386759783,0.111959474979133,2026,NA,2026-12-01,NA,NA,NA,NA,NA,NA,NA,NA,4,"2026/2027","Unobserved",10,23,220,935,NA,30,"Caribbean","Saint Kitts And Nevis",2.83426893918921,113,0.5155164559874,"Extremely Low","Rare good event - unusually low cases to date",-1.51565375784282,"Extremely Low",0.5155164559874,"Rare good event - unusually low cases to date","Saint Kitts And Nevis"
"LAO",12,1,0.725817113460412,335.6875,1.19450981494784,15620.125,335.6875,15620.125,1,0.0321671839187349,2025,"WHO",2025-01-01,253,253,NA,20,NA,FALSE,"no_lookup_match",NA,2,"2024/2025","Observed",253,253,253,12652,NA,253,"East & Southeast Asia","Lao People's Democratic Republic",1.19450981494784,15620.125,0.813178756816638,"Extremely Low","Rare good event - unusually low cases to date",-1.07519286834213,"Normal",52.6061785082808,"Average - typical case load at this point","Lao People's Democratic Republic"
"LAO",1,2,0.921221103699915,247.25,0.921221103699915,247.25,247.25,247.25,0.0194330556614704,0.0194330556614704,2025,"WHO",2025-02-01,165,165,NA,19,NA,FALSE,"no_lookup_match",NA,2,"2025/2026","Observed",165,418,12430,12652,NA,12430,"East & Southeast Asia","Lao People's Democratic Republic",0.921221103699915,247.25,50.0037548790391,"Normal","Average - typical case load at this point",-0.318694073177095,"Normal",52.6061785082808,"Average - typical case load at this point","Lao People's Democratic Republic"
"LAO",2,3,1.02874779691776,279.75,1.02385435841214,527,279.75,527,0.0429485194272052,0.0235154637657348,2025,"WHO",2025-03-01,138,138,NA,18,NA,FALSE,"no_lookup_match",NA,2,"2025/2026","Observed",303,556,12430,12652,NA,12430,"East & Southeast Asia","Lao People's Democratic Republic",1.02385435841214,527,43.4081384662322,"Normal","Average - typical case load at this point",-0.429669999085054,"Normal",52.6061785082808,"Average - typical case load at this point","Lao People's Democratic Republic"
"LAO",3,4,0.935066771439728,400.812500000001,1.0298535180445,927.812500000001,400.8125,927.8125,0.0690038907387807,0.0260553713115756,2025,"WHO",2025-04-01,173,173,NA,17,NA,FALSE,"no_lookup_match",NA,2,"2025/2026","Observed",476,729,12430,12652,NA,12430,"East & Southeast Asia","Lao People's Democratic Republic",1.0298535180445,927.812500000001,39.6424072018065,"Normal","Average - typical case load at this point",-0.493906629780497,"Normal",52.6061785082808,"Average - typical case load at this point","Lao People's Democratic Republic"
"LAO",4,5,1.19833406233952,839.062500000001,1.18885470285773,1766.875,839.0625,1766.875,0.127582787285311,0.0585788965465304,2025,"WHO",2025-05-01,614,614,NA,16,NA,FALSE,"no_lookup_match",NA,2,"2025/2026","Observed",1090,1343,12430,12652,NA,12430,"East & Southeast Asia","Lao People's Democratic Republic",1.18885470285773,1766.875,43.3331969557445,"Normal","Average - typical case load at this point",-0.417562008802592,"Normal",52.6061785082808,"Average - typical case load at this point","Lao People's Democratic Republic"
"LAO",5,6,0.989276431091171,1842.4375,1.13967488556433,3609.3125,1842.4375,3609.3125,0.237157500391495,0.109574713106184,2025,"WHO",2025-06-01,1271,1271,NA,15,NA,FALSE,"no_lookup_match",NA,2,"2025/2026","Observed",2361,2614,12430,12652,NA,12430,"East & Southeast Asia","Lao People's Democratic Republic",1.13967488556433,3609.3125,46.0878490323645,"Normal","Average - typical case load at this point",-0.369165210654561,"Normal",52.6061785082808,"Average - typical case load at this point","Lao People's Democratic Republic"
"LAO",6,7,0.865936136447133,3520.5625,1.03621336837313,7129.87499999999,3520.5625,7129.875,0.430905655387878,0.193748154996383,2025,"WHO",2025-07-01,2741,2741,NA,14,NA,FALSE,"no_lookup_match",NA,2,"2025/2026","Observed",5102,5355,12430,12652,NA,12430,"East & Southeast Asia","Lao People's Democratic Republic",1.03621336837313,7129.87499999999,50.6452831238829,"Normal","Average - typical case load at this point",-0.289502490464452,"Normal",52.6061785082808,"Average - typical case load at this point","Lao People's Democratic Republic"
"LAO",7,8,1.04405838418954,2941.625,1.05267639274507,10071.5,2941.625,10071.5,0.610198135885087,0.179292480497209,2025,"WHO",2025-08-01,2506,2506,NA,13,NA,FALSE,"no_lookup_match",NA,2,"2025/2026","Observed",7608,7861,12430,12652,NA,12430,"East & Southeast Asia","Lao People's Democratic Republic",1.05267639274507,10071.5,52.3974464597237,"Normal","Average - typical case load at this point",-0.250947663368436,"Normal",52.6061785082808,"Average - typical case load at this point","Lao People's Democratic Republic"
"LAO",8,9,1.02928037910874,2331.4375,1.06725182564811,12402.9375,2331.4375,12402.9375,0.751511702701294,0.141313566816206,2025,"WHO",2025-09-01,1369,1369,1369,12,1,TRUE,"applied_mean",NA,2,"2025/2026","Observed",8977,9230,12430,12652,NA,12430,"East & Southeast Asia","Lao People's Democratic Republic",1.06725182564811,12402.9375,50.6677170394949,"Normal","Average - typical case load at this point",-0.285344594237134,"Normal",52.6061785082808,"Average - typical case load at this point","Lao People's Democratic Republic"
"LAO",9,10,1.18562091596999,1580.875,1.09960290091875,13983.8125,1580.875,13983.8125,0.859122578878664,0.10761087617737,2025,"WHO",2025-10-01,1552,1552,1552,11,1,TRUE,"applied_mean",NA,2,"2025/2026","Observed",10529,10782,12430,12652,NA,12430,"East & Southeast Asia","Lao People's Democratic Republic",1.09960290091875,13983.8125,51.7459205843714,"Normal","Average - typical case load at this point",-0.259059637858867,"Normal",52.6061785082808,"Average - typical case load at this point","Lao People's Democratic Republic"
"LAO",10,11,1.53055445492608,818.5,1.12845070541275,14802.3125,818.5,14802.3125,0.921172674694044,0.0620500958153801,2025,"WHO",2025-11-01,890,890,890,10,1,TRUE,"applied_mean",NA,2,"2025/2026","Observed",11419,11672,12430,12652,NA,12430,"East & Southeast Asia","Lao People's Democratic Republic",1.12845070541275,14802.3125,52.3507856045295,"Normal","Average - typical case load at this point",-0.242793629467088,"Normal",52.6061785082808,"Average - typical case load at this point","Lao People's Democratic Republic"
"LAO",11,12,1.70734698116001,482.125,1.16786497187017,15284.4375,482.125,15284.4375,0.967832816081265,0.0466601413872214,2025,"WHO",2025-12-01,573,573,573,9,1,TRUE,"applied_mean",NA,2,"2025/2026","Observed",11992,12245,12430,12652,NA,12430,"East & Southeast Asia","Lao People's Democratic Republic",1.16786497187017,15284.4375,52.6061785082808,"Normal","Average - typical case load at this point",-0.232781147214433,"Normal",52.6061785082808,"Average - typical case load at this point","Lao People's Democratic Republic"
"LAO",12,1,0.725817113460412,335.6875,1.19450981494784,15620.125,335.6875,15620.125,1,0.0321671839187349,2026,"WHO",2026-01-01,438,438,438,8,1,TRUE,"applied_mean",NA,2,"2025/2026","Observed",12430,438,12430,6736,NA,12430,"East & Southeast Asia","Lao People's Democratic Republic",1.19450981494784,15620.125,52.9089536355799,"Normal","Average - typical case load at this point",-0.223203731935539,"Low",18.0538940917806,"Below average - fewer cases than typical at this point","Lao People's Democratic Republic"
"LAO",1,2,0.921221103699915,247.25,0.921221103699915,247.25,247.25,247.25,0.0194330556614704,0.0194330556614704,2026,"WHO",2026-02-01,214,214,214,7,1,TRUE,"applied_mean",NA,2,"2026/2027","Observed",214,652,6018,6736,NA,6018,"East & Southeast Asia","Lao People's Democratic Republic",0.921221103699915,247.25,58.7854970695877,"Normal","Average - typical case load at this point",-0.12883377426308,"Low",18.0538940917806,"Below average - fewer cases than typical at this point","Lao People's Democratic Republic"
"LAO",2,3,1.02874779691776,279.75,1.02385435841214,527,279.75,527,0.0429485194272052,0.0235154637657348,2026,"WHO",2026-03-01,238,238,238,6,1,TRUE,"applied_mean",NA,2,"2026/2027","Observed",452,890,6018,6736,NA,6018,"East & Southeast Asia","Lao People's Democratic Republic",1.02385435841214,527,57.4061321460859,"Normal","Average - typical case load at this point",-0.143862722907941,"Low",18.0538940917806,"Below average - fewer cases than typical at this point","Lao People's Democratic Republic"
"LAO",3,4,0.935066771439728,400.812500000001,1.0298535180445,927.812500000001,400.8125,927.8125,0.0690038907387807,0.0260553713115756,2026,"WHO",2026-04-01,203,203,203,5,1,TRUE,"applied_mean",NA,2,"2026/2027","Observed",655,1093,6018,6736,NA,6018,"East & Southeast Asia","Lao People's Democratic Republic",1.0298535180445,927.812500000001,50.2771279731206,"Normal","Average - typical case load at this point",-0.298229691380809,"Low",18.0538940917806,"Below average - fewer cases than typical at this point","Lao People's Democratic Republic"
"LAO",4,5,1.19833406233952,839.062500000001,1.18885470285773,1766.875,839.0625,1766.875,0.127582787285311,0.0585788965465304,2026,"WHO",2026-05-01,267,267,267,4,1,TRUE,"applied_mean",NA,2,"2026/2027","Observed",922,1360,6018,6736,NA,6018,"East & Southeast Asia","Lao People's Democratic Republic",1.18885470285773,1766.875,37.544013040904,"Normal","Average - typical case load at this point",-0.521200668051103,"Low",18.0538940917806,"Below average - fewer cases than typical at this point","Lao People's Democratic Republic"
"LAO",5,6,0.989276431091171,1842.4375,1.13967488556433,3609.3125,1842.4375,3609.3125,0.237157500391495,0.109574713106184,2026,"WHO",2026-06-01,684,684,684,3,1,TRUE,"applied_mean",NA,2,"2026/2027","Observed",1606,2044,6018,6736,NA,6018,"East & Southeast Asia","Lao People's Democratic Republic",1.13967488556433,3609.3125,33.3382877122522,"Normal","Average - typical case load at this point",-0.592442422125402,"Low",18.0538940917806,"Below average - fewer cases than typical at this point","Lao People's Democratic Republic"
"LAO",6,7,0.865936136447133,3520.5625,1.03621336837313,7129.87499999999,3520.5625,7129.875,0.430905655387878,0.193748154996383,2026,"WHO",2026-07-01,1334,1269,1334,2,1.05107625175925,TRUE,"applied_mean",NA,2,"2026/2027","Observed",2940,3378,6018,6736,NA,6018,"East & Southeast Asia","Lao People's Democratic Republic",1.03621336837313,7129.87499999999,33.0703165179909,"Normal","Average - typical case load at this point",-0.598152868019355,"Low",18.0538940917806,"Below average - fewer cases than typical at this point","Lao People's Democratic Republic"
"LAO",7,8,1.04405838418954,2941.625,1.05267639274507,10071.5,2941.625,10071.5,0.610198135885087,0.179292480497209,2026,"WHO",2026-08-01,732,732,NA,1,NA,FALSE,"insufficient_n_rf",NA,2,"2026/2027","Observed",3672,4110,6018,6736,NA,6018,"East & Southeast Asia","Lao People's Democratic Republic",1.05267639274507,10071.5,29.4689068746047,"Normal","Average - typical case load at this point",-0.651893473402198,"Low",18.0538940917806,"Below average - fewer cases than typical at this point","Lao People's Democratic Republic"
"LAO",8,9,1.02928037910874,2331.4375,1.06725182564811,12402.9375,2331.4375,12402.9375,0.751511702701294,0.141313566816206,2026,NA,2026-09-01,NA,NA,NA,NA,NA,NA,NA,NA,2,"2026/2027","Unobserved",3672,4110,6018,6736,NA,6018,"East & Southeast Asia","Lao People's Democratic Republic",1.06725182564811,12402.9375,24.212488720383,"Low","Below average - fewer cases than typical at this point",-0.727195349666268,"Low",18.0538940917806,"Below average - fewer cases than typical at this point","Lao People's Democratic Republic"
"LAO",9,10,1.18562091596999,1580.875,1.09960290091875,13983.8125,1580.875,13983.8125,0.859122578878664,0.10761087617737,2026,NA,2026-10-01,NA,NA,NA,NA,NA,NA,NA,NA,2,"2026/2027","Unobserved",3672,4110,6018,6736,NA,6018,"East & Southeast Asia","Lao People's Democratic Republic",1.09960290091875,13983.8125,21.0385542557441,"Low","Below average - fewer cases than typical at this point",-0.773232819991978,"Low",18.0538940917806,"Below average - fewer cases than typical at this point","Lao People's Democratic Republic"
"LAO",10,11,1.53055445492608,818.5,1.12845070541275,14802.3125,818.5,14802.3125,0.921172674694044,0.0620500958153801,2026,NA,2026-11-01,NA,NA,NA,NA,NA,NA,NA,NA,2,"2026/2027","Unobserved",3672,4110,6018,6736,NA,6018,"East & Southeast Asia","Lao People's Democratic Republic",1.12845070541275,14802.3125,19.3732973350358,"Low","Below average - fewer cases than typical at this point",-0.798734662842372,"Low",18.0538940917806,"Below average - fewer cases than typical at this point","Lao People's Democratic Republic"
"LAO",11,12,1.70734698116001,482.125,1.16786497187017,15284.4375,482.125,15284.4375,0.967832816081265,0.0466601413872214,2026,NA,2026-12-01,NA,NA,NA,NA,NA,NA,NA,NA,2,"2026/2027","Unobserved",3672,4110,6018,6736,NA,6018,"East & Southeast Asia","Lao People's Democratic Republic",1.16786497187017,15284.4375,18.0538940917806,"Low","Below average - fewer cases than typical at this point",-0.821019844174995,"Low",18.0538940917806,"Below average - fewer cases than typical at this point","Lao People's Democratic Republic"
"LCA",11,1,0.578944789191088,11,0.988831720057765,305.363636363636,11,305.363636363636,0.962707381508291,0.0908863939880112,2025,"PAHO",2025-01-01,8,8,NA,86,NA,FALSE,"no_lookup_match","current_month_missing",3,"2024/2025","Observed",8,8,18,54,NA,18,"Caribbean","Saint Lucia",0.988831720057765,305.363636363636,2.99577719018568,"Extremely Low","Rare good event - unusually low cases to date",-0.966784552577341,"Low",12.2242866736596,"Below average - fewer cases than typical at this point","Saint Lucia"
"LCA",12,2,0.578366274594796,4.54545454545454,1.02769546243752,309.90909090909,4.54545454545455,309.909090909091,1,0.0372926184917093,2025,"PAHO",2025-02-01,10,10,NA,82,NA,FALSE,"no_lookup_match","current_month_missing",3,"2024/2025","Observed",18,18,18,54,NA,18,"Caribbean","Saint Lucia",1.02769546243752,309.90909090909,5.58134306105219,"Low","Below average - fewer cases than typical at this point",-0.953293493903939,"Low",12.2242866736596,"Below average - fewer cases than typical at this point","Saint Lucia"
"LCA",1,3,0.971970474181486,6,0.971970474181486,6,6,6,0.026427694581979,0.026427694581979,2025,"PAHO",2025-03-01,6,6,NA,77,NA,FALSE,"no_lookup_match","current_month_missing",3,"2025/2026","Observed",6,24,30,54,NA,30,"Caribbean","Saint Lucia",0.971970474181486,6,66.1499294136686,"Normal","Average - typical case load at this point",2.70771751283338e-16,"Low",12.2242866736596,"Below average - fewer cases than typical at this point","Saint Lucia"
"LCA",2,4,1.464034630718,6.90909090909091,1.15434510663051,12.9090909090909,6.90909090909091,12.9090909090909,0.061057862181549,0.03463016759957,2025,"PAHO",2025-04-01,6,6,NA,73,NA,FALSE,"no_lookup_match","current_month_missing",3,"2025/2026","Observed",12,30,30,54,NA,30,"Caribbean","Saint Lucia",1.15434510663051,12.9090909090909,61.1122840358905,"Normal","Average - typical case load at this point",-0.0724905838360027,"Low",12.2242866736596,"Below average - fewer cases than typical at this point","Saint Lucia"
"LCA",3,5,1.4417952035361,10.3636363636364,1.23712928238972,23.2727272727273,10.3636363636364,23.2727272727273,0.11203217914866,0.0509743169671114,2025,"PAHO",2025-05-01,1,1,NA,69,NA,FALSE,"no_lookup_match","current_month_missing",3,"2025/2026","Observed",13,31,30,54,NA,30,"Caribbean","Saint Lucia",1.23712928238972,23.2727272727273,41.1190593854306,"Normal","Average - typical case load at this point",-0.478408929087874,"Low",12.2242866736596,"Below average - fewer cases than typical at this point","Saint Lucia"
"LCA",4,6,1.13991339725348,10.4545454545455,1.28698440649121,33.7272727272727,10.4545454545455,33.7272727272727,0.151787595976066,0.0397554168274059,2025,"PAHO",2025-06-01,8,8,NA,64,NA,FALSE,"no_lookup_match","current_month_missing",3,"2025/2026","Observed",21,39,30,54,NA,30,"Caribbean","Saint Lucia",1.28698440649121,33.7272727272727,43.6882633909346,"Normal","Average - typical case load at this point",-0.420154406173024,"Low",12.2242866736596,"Below average - fewer cases than typical at this point","Saint Lucia"
"LCA",5,7,0.928579572214125,21.1818181818182,1.19924576815715,54.909090909091,21.1818181818182,54.9090909090909,0.228834586666844,0.0770469906907772,2025,"PAHO",2025-07-01,3,3,NA,60,NA,FALSE,"no_lookup_match","current_month_missing",3,"2025/2026","Observed",24,42,30,54,NA,30,"Caribbean","Saint Lucia",1.19924576815715,54.909090909091,32.8011912643619,"Normal","Average - typical case load at this point",-0.60982399019754,"Low",12.2242866736596,"Below average - fewer cases than typical at this point","Saint Lucia"
"LCA",6,8,0.609981958096316,41.4545454545455,0.975006580255936,96.3636363636363,41.4545454545455,96.3636363636364,0.325832554422929,0.0969979677560853,2025,"PAHO",2025-08-01,1,1,NA,56,NA,FALSE,"no_lookup_match","current_month_missing",3,"2025/2026","Observed",25,43,30,54,NA,30,"Caribbean","Saint Lucia",0.975006580255936,96.3636363636363,24.09262229877,"Low","Below average - fewer cases than typical at this point",-0.727581271236536,"Low",12.2242866736596,"Below average - fewer cases than typical at this point","Saint Lucia"
"LCA",7,9,0.734537688703656,100.818181818182,0.890457186483133,197.181818181818,100.818181818182,197.181818181818,0.594361926329001,0.268529371906072,2025,"PAHO",2025-09-01,2,2,NA,51,1,TRUE,"applied_mean","previous_month_missing",3,"2025/2026","Observed",27,45,30,54,NA,30,"Caribbean","Saint Lucia",0.890457186483133,197.181818181818,15.5450301342756,"Low","Below average - fewer cases than typical at this point",-0.81259547977583,"Low",12.2242866736596,"Below average - fewer cases than typical at this point","Saint Lucia"
"LCA",8,10,0.799795891526179,30.7272727272727,0.911909945306021,227.909090909091,30.7272727272727,227.909090909091,0.700128317584737,0.105766391255736,2025,"PAHO",2025-10-01,3,3,3,47,1,TRUE,"applied_mean","not_missing",3,"2025/2026","Observed",30,48,30,54,NA,30,"Caribbean","Saint Lucia",0.911909945306021,227.909090909091,14.5142746868024,"Low","Below average - fewer cases than typical at this point",-0.827585656791761,"Low",12.2242866736596,"Below average - fewer cases than typical at this point","Saint Lucia"
"LCA",9,11,0.589465680671606,51.5454545454545,0.847699586746788,279.454545454546,51.5454545454545,279.454545454545,0.812251480308997,0.11212316272426,2025,"PAHO",2025-11-01,1,1,1,43,1,TRUE,"applied_mean","not_missing",3,"2025/2026","Observed",31,49,30,54,NA,30,"Caribbean","Saint Lucia",0.847699586746788,279.454545454546,13.9777358378731,"Low","Below average - fewer cases than typical at this point",-0.817333039795678,"Low",12.2242866736596,"Below average - fewer cases than typical at this point","Saint Lucia"
"LCA",10,12,1.34339629714276,14.9090909090909,0.869601006002052,294.363636363637,14.9090909090909,294.363636363636,0.87182098752028,0.0595695072112824,2025,"WHO",2025-12-01,-2,-2,-2,9,1,TRUE,"applied_mean",NA,3,"2025/2026","Observed",29,47,30,54,NA,30,"Caribbean","Saint Lucia",0.869601006002052,294.363636363637,12.2242866736596,"Low","Below average - fewer cases than typical at this point",-0.83941499409019,"Low",12.2242866736596,"Below average - fewer cases than typical at this point","Saint Lucia"
"LCA",11,1,0.578944789191088,11,0.988831720057765,305.363636363636,11,305.363636363636,0.962707381508291,0.0908863939880112,2026,"WHO",2026-01-01,0,0,0,8,1,TRUE,"applied_mean",NA,3,"2025/2026","Observed",29,0,30,28,NA,30,"Caribbean","Saint Lucia",0.988831720057765,305.363636363636,9.53292635277945,"Low","Below average - fewer cases than typical at this point",-0.898509642260812,"Extremely Low",4.39568758171792,"Rare good event - unusually low cases to date","Saint Lucia"
"LCA",12,2,0.578366274594796,4.54545454545454,1.02769546243752,309.90909090909,4.54545454545455,309.909090909091,1,0.0372926184917093,2026,"PAHO",2026-02-01,1,1,1,30,1,TRUE,"applied_mean","not_missing",3,"2025/2026","Observed",30,1,30,28,NA,30,"Caribbean","Saint Lucia",1.02769546243752,309.90909090909,9.04658054284287,"Low","Below average - fewer cases than typical at this point",-0.914104848249838,"Extremely Low",4.39568758171792,"Rare good event - unusually low cases to date","Saint Lucia"
"LCA",1,3,0.971970474181486,6,0.971970474181486,6,6,6,0.026427694581979,0.026427694581979,2026,"PAHO",2026-03-01,3,3,3,25,1,TRUE,"applied_mean","not_missing",3,"2026/2027","Observed",3,4,25,28,NA,25,"Caribbean","Saint Lucia",0.971970474181486,6,46.427786649269,"Normal","Average - typical case load at this point",-0.457292834318286,"Extremely Low",4.39568758171792,"Rare good event - unusually low cases to date","Saint Lucia"
"LCA",2,4,1.464034630718,6.90909090909091,1.15434510663051,12.9090909090909,6.90909090909091,12.9090909090909,0.061057862181549,0.03463016759957,2026,"WHO",2026-04-01,0,0,0,5,1,TRUE,"applied_mean",NA,3,"2026/2027","Observed",3,4,25,28,NA,25,"Caribbean","Saint Lucia",1.15434510663051,12.9090909090909,22.9824296878075,"Low","Below average - fewer cases than typical at this point",-0.79014736381243,"Extremely Low",4.39568758171792,"Rare good event - unusually low cases to date","Saint Lucia"
"LCA",3,5,1.4417952035361,10.3636363636364,1.23712928238972,23.2727272727273,10.3636363636364,23.2727272727273,0.11203217914866,0.0509743169671114,2026,"WHO",2026-05-01,0,0,0,4,1,TRUE,"applied_mean",NA,3,"2026/2027","Observed",3,4,25,28,NA,25,"Caribbean","Saint Lucia",1.23712928238972,23.2727272727273,11.6866852790075,"Low","Below average - fewer cases than typical at this point",-0.944116736164565,"Extremely Low",4.39568758171792,"Rare good event - unusually low cases to date","Saint Lucia"
"LCA",4,6,1.13991339725348,10.4545454545455,1.28698440649121,33.7272727272727,10.4545454545455,33.7272727272727,0.151787595976066,0.0397554168274059,2026,"PAHO",2026-06-01,2,2,2,12,1,TRUE,"applied_mean","not_missing",3,"2026/2027","Observed",5,6,25,28,NA,25,"Caribbean","Saint Lucia",1.28698440649121,33.7272727272727,11.4644842930098,"Low","Below average - fewer cases than typical at this point",-0.948348516790541,"Extremely Low",4.39568758171792,"Rare good event - unusually low cases to date","Saint Lucia"
"LCA",5,7,0.928579572214125,21.1818181818182,1.19924576815715,54.909090909091,21.1818181818182,54.9090909090909,0.228834586666844,0.0770469906907772,2026,"PAHO",2026-07-01,1,1,1,8,1,TRUE,"applied_mean","not_missing",3,"2026/2027","Observed",6,7,25,28,NA,25,"Caribbean","Saint Lucia",1.19924576815715,54.909090909091,8.8212586926046,"Low","Below average - fewer cases than typical at this point",-0.964956784489047,"Extremely Low",4.39568758171792,"Rare good event - unusually low cases to date","Saint Lucia"
"LCA",6,8,0.609981958096316,41.4545454545455,0.975006580255936,96.3636363636363,41.4545454545455,96.3636363636364,0.325832554422929,0.0969979677560853,2026,"PAHO",2026-08-01,2,2,2,4,1,TRUE,"applied_mean","not_missing",3,"2026/2027","Observed",8,9,25,28,NA,25,"Caribbean","Saint Lucia",0.975006580255936,96.3636363636363,9.28726311019058,"Low","Below average - fewer cases than typical at this point",-0.900903179161673,"Extremely Low",4.39568758171792,"Rare good event - unusually low cases to date","Saint Lucia"
"LCA",7,9,0.734537688703656,100.818181818182,0.890457186483133,197.181818181818,100.818181818182,197.181818181818,0.594361926329001,0.268529371906072,2026,NA,2026-09-01,NA,NA,NA,NA,NA,NA,NA,NA,3,"2026/2027","Unobserved",8,9,25,28,NA,25,"Caribbean","Saint Lucia",0.890457186483133,197.181818181818,5.86613422236849,"Low","Below average - fewer cases than typical at this point",-0.903317945199521,"Extremely Low",4.39568758171792,"Rare good event - unusually low cases to date","Saint Lucia"
"LCA",8,10,0.799795891526179,30.7272727272727,0.911909945306021,227.909090909091,30.7272727272727,227.909090909091,0.700128317584737,0.105766391255736,2026,NA,2026-10-01,NA,NA,NA,NA,NA,NA,NA,NA,3,"2026/2027","Unobserved",8,9,25,28,NA,25,"Caribbean","Saint Lucia",0.911909945306021,227.909090909091,4.88180387896173,"Extremely Low","Rare good event - unusually low cases to date",-0.919581857500813,"Extremely Low",4.39568758171792,"Rare good event - unusually low cases to date","Saint Lucia"
"LCA",9,11,0.589465680671606,51.5454545454545,0.847699586746788,279.454545454546,51.5454545454545,279.454545454545,0.812251480308997,0.11212316272426,2026,NA,2026-11-01,NA,NA,NA,NA,NA,NA,NA,NA,3,"2026/2027","Unobserved",8,9,25,28,NA,25,"Caribbean","Saint Lucia",0.847699586746788,279.454545454546,4.89721139783604,"Extremely Low","Rare good event - unusually low cases to date",-0.892995410475628,"Extremely Low",4.39568758171792,"Rare good event - unusually low cases to date","Saint Lucia"
"LCA",10,12,1.34339629714276,14.9090909090909,0.869601006002052,294.363636363637,14.9090909090909,294.363636363636,0.87182098752028,0.0595695072112824,2026,NA,2026-12-01,NA,NA,NA,NA,NA,NA,NA,NA,3,"2026/2027","Unobserved",8,9,25,28,NA,25,"Caribbean","Saint Lucia",0.869601006002052,294.363636363637,4.39568758171792,"Extremely Low","Rare good event - unusually low cases to date",-0.905843518802363,"Extremely Low",4.39568758171792,"Rare good event - unusually low cases to date","Saint Lucia"
"LKA",11,1,3.24559920640897,7206.24999999999,2.93888734412726,55087.125,7206.25,55087.125,0.91283299794222,0.131574606729693,2025,"SEARO",2025-01-01,4942,4942,NA,20,NA,FALSE,"no_lookup_match",NA,3,"2024/2025","Observed",4942,4942,8608,65872,NA,8608,"South Asia","Sri Lanka",2.93888734412726,55087.125,0.294470167411507,"Extremely Low","Rare good event - unusually low cases to date",-1.56048103889439,"Normal",51.1848705959277,"Average - typical case load at this point","Sri Lanka"
"LKA",12,2,4.74750323401455,4459.625,3.1757217195711,59546.7499999999,4459.625,59546.75,1,0.0871670020577804,2025,"SEARO",2025-02-01,3666,3666,NA,19,NA,FALSE,"no_lookup_match",NA,3,"2024/2025","Observed",8608,8608,8608,65872,NA,8608,"South Asia","Sri Lanka",3.1757217195711,59546.7499999999,0.795519488183499,"Extremely Low","Rare good event - unusually low cases to date",-1.5244032272218,"Normal",51.1848705959277,"Average - typical case load at this point","Sri Lanka"
"LKA",1,3,3.04868536841277,3602.5625,3.04868536841277,3602.5625,3602.5625,3602.5625,0.0630322973735561,0.0630322973735561,2025,"SEARO",2025-03-01,3771,3771,NA,18,NA,FALSE,"no_lookup_match",NA,3,"2025/2026","Observed",3771,12379,56447,65872,NA,56447,"South Asia","Sri Lanka",3.04868536841277,3602.5625,60.7213354929829,"Normal","Average - typical case load at this point",0.0816018269139885,"Normal",51.1848705959277,"Average - typical case load at this point","Sri Lanka"
"LKA",2,4,1.71242127525564,3846,2.35386060152584,7448.56249999998,3846,7448.5625,0.121035603910433,0.0580033065368768,2025,"SEARO",2025-04-01,5171,5171,NA,17,NA,FALSE,"no_lookup_match",NA,3,"2025/2026","Observed",8942,17550,56447,65872,NA,56447,"South Asia","Sri Lanka",2.35386060152584,7448.56249999998,69.3214467844757,"Normal","Average - typical case load at this point",0.307564597993962,"Normal",51.1848705959277,"Average - typical case load at this point","Sri Lanka"
"LKA",3,5,2.01639188462227,4486.125,2.31510403947644,11934.6875,4486.125,11934.6875,0.192339491050216,0.0713038871397833,2025,"SEARO",2025-05-01,6035,6035,NA,16,NA,FALSE,"no_lookup_match",NA,3,"2025/2026","Observed",14977,23585,56447,65872,NA,56447,"South Asia","Sri Lanka",2.31510403947644,11934.6875,71.7644898203274,"Normal","Average - typical case load at this point",0.387825095384184,"Normal",51.1848705959277,"Average - typical case load at this point","Sri Lanka"
"LKA",4,6,2.1727655853078,6262.06250000001,2.34295868968039,18196.75,6262.0625,18196.75,0.29335666738888,0.101017176338664,2025,"SEARO",2025-06-01,5468,5468,NA,15,NA,FALSE,"no_lookup_match",NA,3,"2025/2026","Observed",20445,29053,56447,65872,NA,56447,"South Asia","Sri Lanka",2.34295868968039,18196.75,65.5185212014879,"Normal","Average - typical case load at this point",0.189105923095977,"Normal",51.1848705959277,"Average - typical case load at this point","Sri Lanka"
"LKA",5,7,1.44974626535102,8731.56250000001,2.06544071442459,26928.3125,8731.5625,26928.3125,0.420383998499372,0.127027331110492,2025,"SEARO",2025-07-01,4838,4838,NA,14,NA,FALSE,"no_lookup_match",NA,3,"2025/2026","Observed",25283,33891,56447,65872,NA,56447,"South Asia","Sri Lanka",2.06544071442459,26928.3125,55.7833969700167,"Normal","Average - typical case load at this point",-0.0878069658716368,"Normal",51.1848705959277,"Average - typical case load at this point","Sri Lanka"
"LKA",6,8,2.21978407416938,4760.5625,2.13861351924161,31688.875,4760.5625,31688.875,0.500553914530445,0.0801699160310735,2025,"SEARO",2025-08-01,2746,2746,NA,13,NA,FALSE,"no_lookup_match",NA,3,"2025/2026","Observed",28029,36637,56447,65872,NA,56447,"South Asia","Sri Lanka",2.13861351924161,31688.875,52.2403734380912,"Normal","Average - typical case load at this point",-0.168892720352251,"Normal",51.1848705959277,"Average - typical case load at this point","Sri Lanka"
"LKA",7,9,3.67663057656139,2965.8125,2.25968651013758,34654.6875,2965.8125,34654.6875,0.553624242524093,0.0530703279936481,2025,"SEARO",2025-09-01,2403,2403,NA,12,NA,FALSE,"no_lookup_match",NA,3,"2025/2026","Observed",30432,39040,56447,65872,NA,56447,"South Asia","Sri Lanka",2.25968651013758,34654.6875,51.3812571459633,"Normal","Average - typical case load at this point",-0.1831626395086,"Normal",51.1848705959277,"Average - typical case load at this point","Sri Lanka"
"LKA",8,10,3.00053052342182,3329.31250000001,2.36015984584336,37984,3329.3125,37984,0.610711314650842,0.0570870721267485,2025,"SEARO",2025-10-01,2717,2717,NA,11,NA,FALSE,"no_lookup_match",NA,3,"2025/2026","Observed",33149,41757,56447,65872,NA,56447,"South Asia","Sri Lanka",2.36015984584336,37984,50.6574342314258,"Normal","Average - typical case load at this point",-0.195547828512316,"Normal",51.1848705959277,"Average - typical case load at this point","Sri Lanka"
"LKA",9,11,2.27179348540415,4282.5625,2.46979968001932,42266.5624999999,4282.5625,42266.5625,0.682470297093323,0.0717589824424806,2025,"SEARO",2025-11-01,3806,3806,NA,10,NA,FALSE,"no_lookup_match",NA,3,"2025/2026","Observed",36955,45563,56447,65872,NA,56447,"South Asia","Sri Lanka",2.46979968001932,42266.5624999999,50.3803226840365,"Normal","Average - typical case load at this point",-0.197489288066295,"Normal",51.1848705959277,"Average - typical case load at this point","Sri Lanka"
"LKA",10,12,2.29940933582397,5614.3125,2.66519699351405,47880.875,5614.3125,47880.875,0.781258391212527,0.0987880941192042,2025,"SEARO",2025-12-01,5900,5900,NA,9,NA,FALSE,"no_lookup_match",NA,3,"2025/2026","Observed",42855,51463,56447,65872,NA,56447,"South Asia","Sri Lanka",2.66519699351405,47880.875,51.1848705959277,"Normal","Average - typical case load at this point",-0.171357128220087,"Normal",51.1848705959277,"Average - typical case load at this point","Sri Lanka"
"LKA",11,1,3.24559920640897,7206.24999999999,2.93888734412726,55087.125,7206.25,55087.125,0.91283299794222,0.131574606729693,2026,"SEARO",2026-01-01,7868,7868,NA,8,NA,FALSE,"no_lookup_match",NA,3,"2025/2026","Observed",50723,7868,56447,190879,NA,56447,"South Asia","Sri Lanka",2.93888734412726,55087.125,52.2914035107783,"Normal","Average - typical case load at this point",-0.135808502099954,"High",87.6878844456754,"Above average - more cases than typical at this point","Sri Lanka"
"LKA",12,2,4.74750323401455,4459.625,3.1757217195711,59546.7499999999,4459.625,59546.75,1,0.0871670020577804,2026,"SEARO",2026-02-01,5724,5724,NA,7,NA,FALSE,"no_lookup_match",NA,3,"2025/2026","Observed",56447,13592,56447,190879,NA,56447,"South Asia","Sri Lanka",3.1757217195711,59546.7499999999,53.7695499915064,"Normal","Average - typical case load at this point",-0.0927637388742477,"High",87.6878844456754,"Above average - more cases than typical at this point","Sri Lanka"
"LKA",1,3,3.04868536841277,3602.5625,3.04868536841277,3602.5625,3602.5625,3602.5625,0.0630322973735561,0.0630322973735561,2026,"SEARO",2026-03-01,6016,6016,NA,6,NA,FALSE,"no_lookup_match",NA,3,"2026/2027","Observed",6016,19608,163725,190879,NA,163725,"South Asia","Sri Lanka",3.04868536841277,3602.5625,87.7424173543774,"High","Above average - more cases than typical at this point",1.16922246615349,"High",87.6878844456754,"Above average - more cases than typical at this point","Sri Lanka"
"LKA",2,4,1.71242127525564,3846,2.35386060152584,7448.56249999998,3846,7448.5625,0.121035603910433,0.0580033065368768,2026,"SEARO",2026-04-01,5662,5662,NA,5,NA,FALSE,"no_lookup_match",NA,3,"2026/2027","Observed",11678,25270,163725,190879,NA,163725,"South Asia","Sri Lanka",2.35386060152584,7448.56249999998,83.0541975504965,"High","Above average - more cases than typical at this point",0.871027575260483,"High",87.6878844456754,"Above average - more cases than typical at this point","Sri Lanka"
"LKA",3,5,2.01639188462227,4486.125,2.31510403947644,11934.6875,4486.125,11934.6875,0.192339491050216,0.0713038871397833,2026,"SEARO",2026-05-01,8602,8602,NA,4,NA,FALSE,"no_lookup_match",NA,3,"2026/2027","Observed",20280,33872,163725,190879,NA,163725,"South Asia","Sri Lanka",2.31510403947644,11934.6875,86.333486929795,"High","Above average - more cases than typical at this point",1.0638360182668,"High",87.6878844456754,"Above average - more cases than typical at this point","Sri Lanka"
"LKA",4,6,2.1727655853078,6262.06250000001,2.34295868968039,18196.75,6262.0625,18196.75,0.29335666738888,0.101017176338664,2026,"SEARO",2026-06-01,21545,21545,NA,3,NA,FALSE,"no_lookup_match",NA,3,"2026/2027","Observed",41825,55417,163725,190879,NA,163725,"South Asia","Sri Lanka",2.34295868968039,18196.75,95.3599983272325,"Extremely High","Rare bad event - unusually high cases to date",1.98743112527188,"High",87.6878844456754,"Above average - more cases than typical at this point","Sri Lanka"
"LKA",5,7,1.44974626535102,8731.56250000001,2.06544071442459,26928.3125,8731.5625,26928.3125,0.420383998499372,0.127027331110492,2026,"SEARO",2026-07-01,29973,29973,NA,2,NA,FALSE,"no_lookup_match",NA,3,"2026/2027","Observed",71798,85390,163725,190879,NA,163725,"South Asia","Sri Lanka",2.06544071442459,26928.3125,97.0979606395094,"Extremely High","Rare bad event - unusually high cases to date",2.39460352910684,"High",87.6878844456754,"Above average - more cases than typical at this point","Sri Lanka"
"LKA",6,8,2.21978407416938,4760.5625,2.13861351924161,31688.875,4760.5625,31688.875,0.500553914530445,0.0801699160310735,2026,"SEARO",2026-08-01,10155,10155,NA,1,NA,FALSE,"no_lookup_match",NA,3,"2026/2027","Observed",81953,95545,163725,190879,NA,163725,"South Asia","Sri Lanka",2.13861351924161,31688.875,96.8476443912778,"Extremely High","Rare bad event - unusually high cases to date",2.31954501379845,"High",87.6878844456754,"Above average - more cases than typical at this point","Sri Lanka"
"LKA",7,9,3.67663057656139,2965.8125,2.25968651013758,34654.6875,2965.8125,34654.6875,0.553624242524093,0.0530703279936481,2026,"SEARO",2026-09-01,NA,0,NA,0,NA,FALSE,"no_lookup_match",NA,3,"2026/2027","Unobserved",81953,95545,163725,190879,NA,163725,"South Asia","Sri Lanka",2.25968651013758,34654.6875,95.6853031231081,"Extremely High","Rare bad event - unusually high cases to date",2.05160428324441,"High",87.6878844456754,"Above average - more cases than typical at this point","Sri Lanka"
"LKA",8,10,3.00053052342182,3329.31250000001,2.36015984584336,37984,3329.3125,37984,0.610711314650842,0.0570870721267485,2026,"SEARO",2026-10-01,NA,0,NA,-1,NA,FALSE,"no_lookup_match",NA,3,"2026/2027","Unobserved",81953,95545,163725,190879,NA,163725,"South Asia","Sri Lanka",2.36015984584336,37984,94.0356938354941,"High","Above average - more cases than typical at this point",1.77829213482069,"High",87.6878844456754,"Above average - more cases than typical at this point","Sri Lanka"
"LKA",9,11,2.27179348540415,4282.5625,2.46979968001932,42266.5624999999,4282.5625,42266.5625,0.682470297093323,0.0717589824424806,2026,"SEARO",2026-11-01,NA,0,NA,-2,NA,FALSE,"no_lookup_match",NA,3,"2026/2027","Unobserved",81953,95545,163725,190879,NA,163725,"South Asia","Sri Lanka",2.46979968001932,42266.5624999999,91.4722768089678,"High","Above average - more cases than typical at this point",1.47558205099962,"High",87.6878844456754,"Above average - more cases than typical at this point","Sri Lanka"
"LKA",10,12,2.29940933582397,5614.3125,2.66519699351405,47880.875,5614.3125,47880.875,0.781258391212527,0.0987880941192042,2026,"SEARO",2026-12-01,NA,0,NA,-3,NA,FALSE,"no_lookup_match",NA,3,"2026/2027","Unobserved",81953,95545,163725,190879,NA,163725,"South Asia","Sri Lanka",2.66519699351405,47880.875,87.6878844456754,"High","Above average - more cases than typical at this point",1.16168856017228,"High",87.6878844456754,"Above average - more cases than typical at this point","Sri Lanka"
"MAF",9,1,0.797697910879548,107.857142857143,1.0266398568635,581.714285714288,107.857142857143,581.714285714286,0.756491097725579,0.137840132867135,2025,"PAHO",2025-01-01,53,53,NA,86,NA,FALSE,"no_lookup_match","current_month_missing",5,"2024/2025","Observed",53,53,120,346,NA,120,"Caribbean","Saint Martin",1.0266398568635,581.714285714288,8.43026434670826,"Low","Below average - fewer cases than typical at this point",-0.920105191378438,"Low",23.8873751738652,"Below average - fewer cases than typical at this point","Saint Martin"
"MAF",10,2,0.784609704561914,88.5,1.06215813314408,670.214285714286,88.5,670.214285714286,0.871045665464862,0.114554567739283,2025,"PAHO",2025-02-01,17,17,NA,82,NA,FALSE,"no_lookup_match","current_month_missing",5,"2024/2025","Observed",70,70,120,346,NA,120,"Caribbean","Saint Martin",1.06215813314408,670.214285714286,9.02011717545692,"Low","Below average - fewer cases than typical at this point",-0.922238765211735,"Low",23.8873751738652,"Below average - fewer cases than typical at this point","Saint Martin"
"MAF",11,3,0.654566450877287,51.1428571428572,1.06310821015354,721.357142857144,51.1428571428571,721.357142857143,0.933791999927806,0.0627463344629445,2025,"PAHO",2025-03-01,18,18,NA,77,NA,FALSE,"no_lookup_match","current_month_missing",5,"2024/2025","Observed",88,88,120,346,NA,120,"Caribbean","Saint Martin",1.06310821015354,721.357142857144,10.4903972536356,"Low","Below average - fewer cases than typical at this point",-0.904622290238743,"Low",23.8873751738652,"Below average - fewer cases than typical at this point","Saint Martin"
"MAF",12,4,0.633047367737371,39.5,1.09368773801928,760.857142857144,39.5,760.857142857143,1,0.066208000072194,2025,"PAHO",2025-04-01,32,32,NA,73,NA,FALSE,"no_lookup_match","current_month_missing",5,"2024/2025","Observed",120,120,120,346,NA,120,"Caribbean","Saint Martin",1.09368773801928,760.857142857144,12.9338213507774,"Low","Below average - fewer cases than typical at this point",-0.88022331194121,"Low",23.8873751738652,"Below average - fewer cases than typical at this point","Saint Martin"
"MAF",1,5,0.751844640779264,60.2142857142856,0.751844640779264,60.2142857142856,60.2142857142857,60.2142857142857,0.0837838612232229,0.0837838612232229,2025,"PAHO",2025-05-01,34,34,NA,69,NA,FALSE,"no_lookup_match","current_month_missing",5,"2025/2026","Observed",34,154,102,346,NA,122,"Caribbean","Saint Martin",0.751844640779264,60.2142857142856,48.5171252782733,"Normal","Average - typical case load at this point",-0.375152632342795,"Low",23.8873751738652,"Below average - fewer cases than typical at this point","Saint Martin"
"MAF",2,6,0.911262871256258,52.9285714285714,0.830282647363077,113.142857142857,52.9285714285714,113.142857142857,0.160054659821903,0.0762707985986798,2025,"PAHO",2025-06-01,30,30,NA,66,NA,FALSE,"no_lookup_match","current_month_missing",5,"2025/2026","Observed",64,184,102,346,NA,122,"Caribbean","Saint Martin",0.830282647363077,113.142857142857,46.6656691818444,"Normal","Average - typical case load at this point",-0.394328853592765,"Low",23.8873751738652,"Below average - fewer cases than typical at this point","Saint Martin"
"MAF",3,7,0.868887567891233,27.2857142857143,0.844888989570411,140.428571428572,27.2857142857143,140.428571428571,0.198546667708277,0.0384920078863742,2025,"Estimates",2025-07-01,5,NA,NA,NA,NA,NA,NA,"current_month_missing",5,"2025/2026","Unobserved",69,189,102,346,4.6190409463649,122,"Caribbean","Saint Martin",0.844888989570411,140.428571428572,42.2738970387452,"Normal","Average - typical case load at this point",-0.466137195707866,"Low",23.8873751738652,"Below average - fewer cases than typical at this point","Saint Martin"
"MAF",4,8,0.469745303013101,31.2857142857143,0.823364251758552,171.714285714286,31.2857142857143,171.714285714286,0.233568957073934,0.0350222893656573,2025,"Estimates",2025-08-01,4,NA,NA,NA,NA,NA,NA,"current_month_missing",5,"2025/2026","Unobserved",73,193,102,346,4.20267472387887,122,"Caribbean","Saint Martin",0.823364251758552,171.714285714286,38.8274446188094,"Normal","Average - typical case load at this point",-0.520392295210718,"Low",23.8873751738652,"Below average - fewer cases than typical at this point","Saint Martin"
"MAF",5,9,0.813889187733996,37.4285714285714,0.832660800461696,209.142857142857,37.4285714285714,209.142857142857,0.281205627528254,0.0476366704543198,2025,"WHO",2025-09-01,20,20,20,12,1,TRUE,"applied_mean",NA,5,"2025/2026","Observed",93,213,102,346,NA,122,"Caribbean","Saint Martin",0.832660800461696,209.142857142857,39.7369883562237,"Normal","Average - typical case load at this point",-0.505732328548258,"Low",23.8873751738652,"Below average - fewer cases than typical at this point","Saint Martin"
"MAF",6,10,0.926506520689971,68.1428571428572,0.883510617319045,277.285714285714,68.1428571428571,277.285714285714,0.375596141004373,0.0943905134761191,2025,"Estimates",2025-10-01,11,NA,NA,NA,NA,NA,NA,"current_month_missing",5,"2025/2026","Unobserved",104,224,102,346,11.3268616171343,122,"Caribbean","Saint Martin",0.883510617319045,277.285714285714,34.0844412420894,"Normal","Average - typical case load at this point",-0.586476155247634,"Low",23.8873751738652,"Below average - fewer cases than typical at this point","Saint Martin"
"MAF",7,11,0.709884700484208,120.714285714286,0.877802048118796,398,120.714285714286,398,0.516087765103341,0.140491624098968,2025,"WHO",2025-11-01,5,5,5,10,1,TRUE,"applied_mean",NA,5,"2025/2026","Observed",109,229,102,346,NA,122,"Caribbean","Saint Martin",0.877802048118796,398,27.0180984081756,"Normal","Average - typical case load at this point",-0.679570734120923,"Low",23.8873751738652,"Below average - fewer cases than typical at this point","Saint Martin"
"MAF",8,12,0.857296897464659,75.8571428571428,0.899121506807379,473.857142857143,75.8571428571429,473.857142857143,0.618650964858444,0.102563199755103,2025,"PAHO",2025-12-01,5,5,NA,39,NA,FALSE,"no_lookup_match","current_month_missing",5,"2025/2026","Observed",114,234,102,346,NA,122,"Caribbean","Saint Martin",0.899121506807379,473.857142857143,23.8873751738652,"Low","Below average - fewer cases than typical at this point",-0.71941626565776,"Low",23.8873751738652,"Below average - fewer cases than typical at this point","Saint Martin"
"MAF",9,1,0.797697910879548,107.857142857143,1.0266398568635,581.714285714288,107.857142857143,581.714285714286,0.756491097725579,0.137840132867135,2026,"WHO",2026-01-01,0,0,0,8,1,TRUE,"applied_mean",NA,5,"2025/2026","Observed",114,0,102,95,NA,122,"Caribbean","Saint Martin",1.0266398568635,581.714285714288,17.3677888058425,"Low","Below average - fewer cases than typical at this point",-0.813948769676576,"Extremely Low",4.65615790052818,"Rare good event - unusually low cases to date","Saint Martin"
"MAF",10,2,0.784609704561914,88.5,1.06215813314408,670.214285714286,88.5,670.214285714286,0.871045665464862,0.114554567739283,2026,"PAHO",2026-02-01,4,4,NA,30,NA,FALSE,"no_lookup_match","current_month_missing",5,"2025/2026","Observed",118,4,102,95,NA,122,"Caribbean","Saint Martin",1.06215813314408,670.214285714286,15.0232399284988,"Low","Below average - fewer cases than typical at this point",-0.848486004266562,"Extremely Low",4.65615790052818,"Rare good event - unusually low cases to date","Saint Martin"
"MAF",11,3,0.654566450877287,51.1428571428572,1.06310821015354,721.357142857144,51.1428571428571,721.357142857143,0.933791999927806,0.0627463344629445,2026,"WHO",2026-03-01,1,1,1,6,1,TRUE,"applied_mean",NA,5,"2025/2026","Observed",119,5,102,95,NA,122,"Caribbean","Saint Martin",1.06310821015354,721.357142857144,14.0852430659103,"Low","Below average - fewer cases than typical at this point",-0.860345074273523,"Extremely Low",4.65615790052818,"Rare good event - unusually low cases to date","Saint Martin"
"MAF",12,4,0.633047367737371,39.5,1.09368773801928,760.857142857144,39.5,760.857142857143,1,0.066208000072194,2026,"PAHO",2026-04-01,3,3,NA,21,NA,FALSE,"no_lookup_match","current_month_missing",5,"2025/2026","Observed",122,8,102,95,NA,122,"Caribbean","Saint Martin",1.09368773801928,760.857142857144,13.1485110791937,"Low","Below average - fewer cases than typical at this point",-0.877476293134438,"Extremely Low",4.65615790052818,"Rare good event - unusually low cases to date","Saint Martin"
"MAF",1,5,0.751844640779264,60.2142857142856,0.751844640779264,60.2142857142856,60.2142857142857,60.2142857142857,0.0837838612232229,0.0837838612232229,2026,"WHO",2026-05-01,0,0,0,4,1,TRUE,"applied_mean",NA,5,"2026/2027","Observed",0,8,0,95,NA,69,"Caribbean","Saint Martin",0.751844640779264,60.2142857142856,3.67077919950712,"Extremely Low","Rare good event - unusually low cases to date",-0.861726618705659,"Extremely Low",4.65615790052818,"Rare good event - unusually low cases to date","Saint Martin"
"MAF",2,6,0.911262871256258,52.9285714285714,0.830282647363077,113.142857142857,52.9285714285714,113.142857142857,0.160054659821903,0.0762707985986798,2026,"Estimates",2026-06-01,8,NA,NA,3,1,FALSE,"applied_mean",NA,5,"2026/2027","Unobserved",8,16,0,95,7.77962145706534,69,"Caribbean","Saint Martin",0.830282647363077,113.142857142857,10.7071669814988,"Low","Below average - fewer cases than typical at this point",-0.843680337919403,"Extremely Low",4.65615790052818,"Rare good event - unusually low cases to date","Saint Martin"
"MAF",3,7,0.868887567891233,27.2857142857143,0.844888989570411,140.428571428572,27.2857142857143,140.428571428571,0.198546667708277,0.0384920078863742,2026,"Estimates",2026-07-01,4,NA,NA,2,1,FALSE,"applied_mean",NA,5,"2026/2027","Unobserved",12,20,0,95,3.92618480441017,69,"Caribbean","Saint Martin",0.844888989570411,140.428571428572,11.7861880100261,"Low","Below average - fewer cases than typical at this point",-0.838114677882741,"Extremely Low",4.65615790052818,"Rare good event - unusually low cases to date","Saint Martin"
"MAF",4,8,0.469745303013101,31.2857142857143,0.823364251758552,171.714285714286,31.2857142857143,171.714285714286,0.233568957073934,0.0350222893656573,2026,"Estimates",2026-08-01,4,NA,NA,1,NA,FALSE,"no_lookup_match",NA,5,"2026/2027","Unobserved",16,24,0,95,3.57227351529704,69,"Caribbean","Saint Martin",0.823364251758552,171.714285714286,12.9718016530928,"Low","Below average - fewer cases than typical at this point",-0.820879307930076,"Extremely Low",4.65615790052818,"Rare good event - unusually low cases to date","Saint Martin"
"MAF",5,9,0.813889187733996,37.4285714285714,0.832660800461696,209.142857142857,37.4285714285714,209.142857142857,0.281205627528254,0.0476366704543198,2026,NA,2026-09-01,NA,NA,NA,NA,NA,NA,NA,NA,5,"2026/2027","Unobserved",16,24,0,95,NA,69,"Caribbean","Saint Martin",0.832660800461696,209.142857142857,10.8937442645892,"Low","Below average - fewer cases than typical at this point",-0.841021043293043,"Extremely Low",4.65615790052818,"Rare good event - unusually low cases to date","Saint Martin"
"MAF",6,10,0.926506520689971,68.1428571428572,0.883510617319045,277.285714285714,68.1428571428571,277.285714285714,0.375596141004373,0.0943905134761191,2026,NA,2026-10-01,NA,NA,NA,NA,NA,NA,NA,NA,5,"2026/2027","Unobserved",16,24,0,95,NA,69,"Caribbean","Saint Martin",0.883510617319045,277.285714285714,7.72396507999696,"Low","Below average - fewer cases than typical at this point",-0.884307409685015,"Extremely Low",4.65615790052818,"Rare good event - unusually low cases to date","Saint Martin"
"MAF",7,11,0.709884700484208,120.714285714286,0.877802048118796,398,120.714285714286,398,0.516087765103341,0.140491624098968,2026,NA,2026-11-01,NA,NA,NA,NA,NA,NA,NA,NA,5,"2026/2027","Unobserved",16,24,0,95,NA,69,"Caribbean","Saint Martin",0.877802048118796,398,5.74356815294903,"Low","Below average - fewer cases than typical at this point",-0.89825612606987,"Extremely Low",4.65615790052818,"Rare good event - unusually low cases to date","Saint Martin"
"MAF",8,12,0.857296897464659,75.8571428571428,0.899121506807379,473.857142857143,75.8571428571429,473.857142857143,0.618650964858444,0.102563199755103,2026,NA,2026-12-01,NA,NA,NA,NA,NA,NA,NA,NA,5,"2026/2027","Unobserved",16,24,0,95,NA,69,"Caribbean","Saint Martin",0.899121506807379,473.857142857143,4.65615790052818,"Extremely Low","Rare good event - unusually low cases to date",-0.915335105769401,"Extremely Low",4.65615790052818,"Rare good event - unusually low cases to date","Saint Martin"
"MDV",12,1,1.53559087051859,191.5,2.9993320438075,2238.1875,191.5,2238.1875,1,0.123460678265913,2025,"SEARO",2025-01-01,72,72,NA,20,NA,FALSE,"no_lookup_match",NA,2,"2024/2025","Observed",72,72,72,2797,NA,72,"South Asia","Maldives",2.9993320438075,2238.1875,0.0150941716830584,"Extremely Low","Rare good event - unusually low cases to date",-1.67502408105266,"Normal",67.500509180978,"Average - typical case load at this point","Maldives"
"MDV",1,2,1.9140022434942,103.875,1.9140022434942,103.875,103.875,103.875,0.0473324204138397,0.0473324204138397,2025,"SEARO",2025-02-01,74,74,NA,19,NA,FALSE,"no_lookup_match",NA,2,"2025/2026","Observed",74,146,3011,2797,NA,3011,"South Asia","Maldives",1.9140022434942,103.875,42.7641918606255,"Normal","Average - typical case load at this point",-0.39427873661164,"Normal",67.500509180978,"Average - typical case load at this point","Maldives"
"MDV",2,3,2.10886355568496,111.1875,2.02658147142031,215.0625,111.1875,215.0625,0.099446503792478,0.0521140833786384,2025,"SEARO",2025-03-01,69,69,NA,18,NA,FALSE,"no_lookup_match",NA,2,"2025/2026","Observed",143,215,3011,2797,NA,3011,"South Asia","Maldives",2.02658147142031,215.0625,38.4474120800754,"Normal","Average - typical case load at this point",-0.474777383748426,"Normal",67.500509180978,"Average - typical case load at this point","Maldives"
"MDV",3,4,1.69275844427522,146.625,2.0774166357492,361.687499999999,146.625,361.6875,0.162515688159464,0.0630691843669862,2025,"SEARO",2025-04-01,120,120,NA,17,NA,FALSE,"no_lookup_match",NA,2,"2025/2026","Observed",263,335,3011,2797,NA,3011,"South Asia","Maldives",2.0774166357492,361.687499999999,42.3234020463143,"Normal","Average - typical case load at this point",-0.39214510158929,"Normal",67.500509180978,"Average - typical case load at this point","Maldives"
"MDV",4,5,1.39837423401121,204.875,1.94470937494284,566.5625,204.875,566.5625,0.247135942538815,0.084620254379351,2025,"SEARO",2025-05-01,116,116,NA,16,NA,FALSE,"no_lookup_match",NA,2,"2025/2026","Observed",379,451,3011,2797,NA,3011,"South Asia","Maldives",1.94470937494284,566.5625,39.1721719687076,"Normal","Average - typical case load at this point",-0.460873211827326,"Normal",67.500509180978,"Average - typical case load at this point","Maldives"
"MDV",5,6,1.4579662114488,278.5625,1.90946625196253,845.125,278.5625,845.125,0.360111689955719,0.112975747416904,2025,"SEARO",2025-06-01,165,165,NA,15,NA,FALSE,"no_lookup_match",NA,2,"2025/2026","Observed",544,616,3011,2797,NA,3011,"South Asia","Maldives",1.90946625196253,845.125,37.6607619696965,"Normal","Average - typical case load at this point",-0.491803699002809,"Normal",67.500509180978,"Average - typical case load at this point","Maldives"
"MDV",6,7,1.96297568425008,306.562499999999,2.06055895783484,1151.6875,306.5625,1151.6875,0.493400817885537,0.133289127929818,2025,"SEARO",2025-07-01,168,168,NA,14,NA,FALSE,"no_lookup_match",NA,2,"2025/2026","Observed",712,784,3011,2797,NA,3011,"South Asia","Maldives",2.06055895783484,1151.6875,34.6215867359288,"Normal","Average - typical case load at this point",-0.547537443003179,"Normal",67.500509180978,"Average - typical case load at this point","Maldives"
"MDV",7,8,2.21609317235328,213.0625,2.17384726194324,1364.75,213.0625,1364.75,0.586941110770407,0.0935402928848704,2025,"SEARO",2025-08-01,256,256,NA,13,NA,FALSE,"no_lookup_match",NA,2,"2025/2026","Observed",968,1040,3011,2797,NA,3011,"South Asia","Maldives",2.17384726194324,1364.75,40.3499820474871,"Normal","Average - typical case load at this point",-0.42828487467355,"Normal",67.500509180978,"Average - typical case load at this point","Maldives"
"MDV",8,9,2.12328152990591,170.75,2.22721757622887,1535.5,170.75,1535.5,0.660987218898458,0.0740461081280507,2025,"SEARO",2025-09-01,252,252,NA,12,NA,FALSE,"no_lookup_match",NA,2,"2025/2026","Observed",1220,1292,3011,2797,NA,3011,"South Asia","Maldives",2.22721757622887,1535.5,45.98905992633,"Normal","Average - typical case load at this point",-0.306419306338243,"Normal",67.500509180978,"Average - typical case load at this point","Maldives"
"MDV",9,10,1.42986860429052,204.875,2.24105335089292,1740.375,204.875,1740.375,0.746357792830997,0.0853705739325386,2025,"SEARO",2025-10-01,373,373,NA,11,NA,FALSE,"no_lookup_match",NA,2,"2025/2026","Observed",1593,1665,3011,2797,NA,3011,"South Asia","Maldives",2.24105335089292,1740.375,53.8257679207845,"Normal","Average - typical case load at this point",-0.126685713734221,"Normal",67.500509180978,"Average - typical case load at this point","Maldives"
"MDV",10,11,1.60711779977674,157.375,2.27079720090097,1897.75,157.375,1897.75,0.813671664418357,0.0673138715873606,2025,"SEARO",2025-11-01,376,376,NA,10,NA,FALSE,"no_lookup_match",NA,2,"2025/2026","Observed",1969,2041,3011,2797,NA,3011,"South Asia","Maldives",2.27079720090097,1897.75,60.9731945829849,"Normal","Average - typical case load at this point",0.0565425468312388,"Normal",67.500509180978,"Average - typical case load at this point","Maldives"
"MDV",11,12,1.64616627296257,148.9375,2.27921588053059,2046.6875,148.9375,2046.6875,0.876539321734087,0.0628676573157295,2025,"SEARO",2025-12-01,411,411,NA,9,NA,FALSE,"no_lookup_match",NA,2,"2025/2026","Observed",2380,2452,3011,2797,NA,3011,"South Asia","Maldives",2.27921588053059,2046.6875,67.500509180978,"Normal","Average - typical case load at this point",0.245726000341883,"Normal",67.500509180978,"Average - typical case load at this point","Maldives"
"MDV",12,1,1.53559087051859,191.5,2.9993320438075,2238.1875,191.5,2238.1875,1,0.123460678265913,2026,"SEARO",2026-01-01,631,631,NA,8,NA,FALSE,"no_lookup_match",NA,2,"2025/2026","Observed",3011,631,3011,7691,NA,3011,"South Asia","Maldives",2.9993320438075,2238.1875,76.7088116161454,"High","Above average - more cases than typical at this point",0.597584256966907,"High",90.1777174060045,"Above average - more cases than typical at this point","Maldives"
"MDV",1,2,1.9140022434942,103.875,1.9140022434942,103.875,103.875,103.875,0.0473324204138397,0.0473324204138397,2026,"SEARO",2026-02-01,420,420,NA,7,NA,FALSE,"no_lookup_match",NA,2,"2026/2027","Observed",420,1051,6616,7691,NA,6616,"South Asia","Maldives",1.9140022434942,103.875,99.6603015833216,"Extremely High","Rare bad event - unusually high cases to date",4.17209592004533,"High",90.1777174060045,"Above average - more cases than typical at this point","Maldives"
"MDV",2,3,2.10886355568496,111.1875,2.02658147142031,215.0625,111.1875,215.0625,0.099446503792478,0.0521140833786384,2026,"SEARO",2026-03-01,591,591,NA,6,NA,FALSE,"no_lookup_match",NA,2,"2026/2027","Observed",1011,1642,6616,7691,NA,6616,"South Asia","Maldives",2.02658147142031,215.0625,99.9170156418923,"Extremely High","Rare bad event - unusually high cases to date",5.24396355770701,"High",90.1777174060045,"Above average - more cases than typical at this point","Maldives"
"MDV",3,4,1.69275844427522,146.625,2.0774166357492,361.687499999999,146.625,361.6875,0.162515688159464,0.0630691843669862,2026,"SEARO",2026-04-01,601,601,NA,5,NA,FALSE,"no_lookup_match",NA,2,"2026/2027","Observed",1612,2243,6616,7691,NA,6616,"South Asia","Maldives",2.0774166357492,361.687499999999,99.8851009322198,"Extremely High","Rare bad event - unusually high cases to date",4.96824747137036,"High",90.1777174060045,"Above average - more cases than typical at this point","Maldives"
"MDV",4,5,1.39837423401121,204.875,1.94470937494284,566.5625,204.875,566.5625,0.247135942538815,0.084620254379351,2026,"SEARO",2026-05-01,741,741,NA,4,NA,FALSE,"no_lookup_match",NA,2,"2026/2027","Observed",2353,2984,6616,7691,NA,6616,"South Asia","Maldives",1.94470937494284,566.5625,99.7427578491556,"Extremely High","Rare bad event - unusually high cases to date",4.38958314350564,"High",90.1777174060045,"Above average - more cases than typical at this point","Maldives"
"MDV",5,6,1.4579662114488,278.5625,1.90946625196253,845.125,278.5625,845.125,0.360111689955719,0.112975747416904,2026,"SEARO",2026-06-01,658,658,NA,3,NA,FALSE,"no_lookup_match",NA,2,"2026/2027","Observed",3011,3642,6616,7691,NA,6616,"South Asia","Maldives",1.90946625196253,845.125,99.2521175274835,"Extremely High","Rare bad event - unusually high cases to date",3.53735271590771,"High",90.1777174060045,"Above average - more cases than typical at this point","Maldives"
"MDV",6,7,1.96297568425008,306.562499999999,2.06055895783484,1151.6875,306.5625,1151.6875,0.493400817885537,0.133289127929818,2026,"SEARO",2026-07-01,452,452,NA,2,NA,FALSE,"no_lookup_match",NA,2,"2026/2027","Observed",3463,4094,6616,7691,NA,6616,"South Asia","Maldives",2.06055895783484,1151.6875,98.3863333517046,"Extremely High","Rare bad event - unusually high cases to date",2.87824906605552,"High",90.1777174060045,"Above average - more cases than typical at this point","Maldives"
"MDV",7,8,2.21609317235328,213.0625,2.17384726194324,1364.75,213.0625,1364.75,0.586941110770407,0.0935402928848704,2026,"SEARO",2026-08-01,420,420,NA,1,NA,FALSE,"no_lookup_match",NA,2,"2026/2027","Observed",3883,4514,6616,7691,NA,6616,"South Asia","Maldives",2.17384726194324,1364.75,98.073125004434,"Extremely High","Rare bad event - unusually high cases to date",2.71840802935518,"High",90.1777174060045,"Above average - more cases than typical at this point","Maldives"
"MDV",8,9,2.12328152990591,170.75,2.22721757622887,1535.5,170.75,1535.5,0.660987218898458,0.0740461081280507,2026,"SEARO",2026-09-01,NA,0,NA,0,NA,FALSE,"no_lookup_match",NA,2,"2026/2027","Unobserved",3883,4514,6616,7691,NA,6616,"South Asia","Maldives",2.22721757622887,1535.5,96.7221529811981,"Extremely High","Rare bad event - unusually high cases to date",2.27993445841213,"High",90.1777174060045,"Above average - more cases than typical at this point","Maldives"
"MDV",9,10,1.42986860429052,204.875,2.24105335089292,1740.375,204.875,1740.375,0.746357792830997,0.0853705739325386,2026,"SEARO",2026-10-01,NA,0,NA,-1,NA,FALSE,"no_lookup_match",NA,2,"2026/2027","Unobserved",3883,4514,6616,7691,NA,6616,"South Asia","Maldives",2.24105335089292,1740.375,94.4500762680019,"High","Above average - more cases than typical at this point",1.84183190764912,"High",90.1777174060045,"Above average - more cases than typical at this point","Maldives"
"MDV",10,11,1.60711779977674,157.375,2.27079720090097,1897.75,157.375,1897.75,0.813671664418357,0.0673138715873606,2026,"SEARO",2026-11-01,NA,0,NA,-2,NA,FALSE,"no_lookup_match",NA,2,"2026/2027","Unobserved",3883,4514,6616,7691,NA,6616,"South Asia","Maldives",2.27079720090097,1897.75,92.4057085259229,"High","Above average - more cases than typical at this point",1.57545391012935,"High",90.1777174060045,"Above average - more cases than typical at this point","Maldives"
"MDV",11,12,1.64616627296257,148.9375,2.27921588053059,2046.6875,148.9375,2046.6875,0.876539321734087,0.0628676573157295,2026,"SEARO",2026-12-01,NA,0,NA,-3,NA,FALSE,"no_lookup_match",NA,2,"2026/2027","Unobserved",3883,4514,6616,7691,NA,6616,"South Asia","Maldives",2.27921588053059,2046.6875,90.1777174060045,"High","Above average - more cases than typical at this point",1.35377378887021,"High",90.1777174060045,"Above average - more cases than typical at this point","Maldives"
"MEX",11,1,1.88972926627983,5409.50000000001,2.13261446584139,159639.499999999,5409.5,159639.5,0.967736178964489,0.0356712008697245,2025,"PAHO",2025-01-01,11125,11125,NA,86,NA,FALSE,"no_lookup_match","current_month_missing",3,"2024/2025","Observed",11125,11125,19412,155838,NA,19412,"North & Central America","Mexico",2.13261446584139,159639.499999999,0.684103075219309,"Extremely Low","Rare good event - unusually low cases to date",-1.3585692268788,"Normal",47.9980176269706,"Average - typical case load at this point","Mexico"
"MEX",12,2,2.27907496193979,4676.1875,2.16510857214806,164315.6875,4676.1875,164315.6875,1,0.0322638210355107,2025,"PAHO",2025-02-01,8287,8287,NA,82,NA,FALSE,"no_lookup_match","current_month_missing",3,"2024/2025","Observed",19412,19412,19412,155838,NA,19412,"North & Central America","Mexico",2.16510857214806,164315.6875,1.87633699655964,"Extremely Low","Rare good event - unusually low cases to date",-1.29758969473298,"Normal",47.9980176269706,"Average - typical case load at this point","Mexico"
"MEX",1,3,2.27938721748116,4642.5,2.27938721748116,4642.5,4642.5,4642.5,0.0310436236920866,0.0310436236920866,2025,"PAHO",2025-03-01,9680,9680,NA,77,NA,FALSE,"no_lookup_match","current_month_missing",3,"2025/2026","Observed",9680,29092,136913,155838,NA,136913,"North & Central America","Mexico",2.27938721748116,4642.5,92.9406399393277,"High","Above average - more cases than typical at this point",1.63781789364735,"Normal",47.9980176269706,"Average - typical case load at this point","Mexico"
"MEX",2,4,2.59146711505795,4309.625,2.53435420111034,8952.12499999999,4309.625,8952.125,0.0602639261830504,0.0292203024909638,2025,"PAHO",2025-04-01,6002,6002,NA,73,NA,FALSE,"no_lookup_match","current_month_missing",3,"2025/2026","Observed",15682,35094,136913,155838,NA,136913,"North & Central America","Mexico",2.53435420111034,8952.12499999999,88.1960020057907,"High","Above average - more cases than typical at this point",1.19661116323101,"Normal",47.9980176269706,"Average - typical case load at this point","Mexico"
"MEX",3,5,3.05660276069429,5958.25,2.80106311182489,14910.375,5958.25,14910.375,0.10177322016465,0.0415092939815998,2025,"PAHO",2025-05-01,7905,7905,NA,69,NA,FALSE,"no_lookup_match","current_month_missing",3,"2025/2026","Observed",23587,42999,136913,155838,NA,136913,"North & Central America","Mexico",2.80106311182489,14910.375,84.6995063488259,"High","Above average - more cases than typical at this point",0.973829484013697,"Normal",47.9980176269706,"Average - typical case load at this point","Mexico"
"MEX",4,6,2.05732953902019,10194.0625,2.50462485150332,25104.4375,10194.0625,25104.4375,0.164772330646026,0.0629991104813754,2025,"PAHO",2025-06-01,12409,12409,NA,64,NA,FALSE,"no_lookup_match","current_month_missing",3,"2025/2026","Observed",35996,55408,136913,155838,NA,136913,"North & Central America","Mexico",2.50462485150332,25104.4375,79.1750551903274,"High","Above average - more cases than typical at this point",0.686577192646856,"Normal",47.9980176269706,"Average - typical case load at this point","Mexico"
"MEX",5,7,2.09612389181801,13924.3749999999,2.38314465166441,39028.8124999999,13924.375,39028.8125,0.250262430917916,0.0854901002718899,2025,"PAHO",2025-07-01,11822,11822,NA,60,NA,FALSE,"no_lookup_match","current_month_missing",3,"2025/2026","Observed",47818,67230,136913,155838,NA,136913,"North & Central America","Mexico",2.38314465166441,39028.8124999999,70.4908986463899,"Normal","Average - typical case load at this point",0.347636472887862,"Normal",47.9980176269706,"Average - typical case load at this point","Mexico"
"MEX",6,8,1.65754900375241,21103.5,2.13610929202167,60132.3125000001,21103.5,60132.3125,0.370835652918062,0.120573222000147,2025,"PAHO",2025-08-01,13638,13638,NA,56,NA,FALSE,"no_lookup_match","current_month_missing",3,"2025/2026","Observed",61456,80868,136913,155838,NA,136913,"North & Central America","Mexico",2.13610929202167,60132.3125000001,60.3185173943324,"Normal","Average - typical case load at this point",0.0321722609661557,"Normal",47.9980176269706,"Average - typical case load at this point","Mexico"
"MEX",7,9,1.41013159676949,31470.5624999999,1.92495286797179,91602.8750000002,31470.5625,91602.875,0.541335492898689,0.170499839980626,2025,"PAHO",2025-09-01,21031,21031,NA,51,1,TRUE,"applied_mean","previous_month_missing",3,"2025/2026","Observed",82487,101899,136913,155838,NA,136913,"North & Central America","Mexico",1.92495286797179,91602.8750000002,54.040811998201,"Normal","Average - typical case load at this point",-0.138068543676929,"Normal",47.9980176269706,"Average - typical case load at this point","Mexico"
"MEX",8,10,2.2521557571143,33002.25,2.03086234657598,124605.125,33002.25,124605.125,0.746227782405896,0.204892289507208,2025,"PAHO",2025-10-01,21250,21250,21250,47,1,TRUE,"applied_mean","not_missing",3,"2025/2026","Observed",103737,123149,136913,155838,NA,136913,"North & Central America","Mexico",2.03086234657598,124605.125,49.4315023380027,"Normal","Average - typical case load at this point",-0.238662523847749,"Normal",47.9980176269706,"Average - typical case load at this point","Mexico"
"MEX",9,11,2.48639706322367,20961.8125,2.10516458254832,145566.937500001,20961.8125,145566.9375,0.880143416001589,0.133915633595693,2025,"PAHO",2025-11-01,14725,14725,14725,43,1,TRUE,"applied_mean","not_missing",3,"2025/2026","Observed",118462,137874,136913,155838,NA,136913,"North & Central America","Mexico",2.10516458254832,145566.937500001,47.8569869508375,"Normal","Average - typical case load at this point",-0.27016280206471,"Normal",47.9980176269706,"Average - typical case load at this point","Mexico"
"MEX",10,12,1.78538135514239,8663.06250000001,2.10474240041355,154230,8663.0625,154230,0.932064978094765,0.0519215620931753,2025,"PAHO",2025-12-01,7377,7377,7377,38,1,TRUE,"applied_mean","not_missing",3,"2025/2026","Observed",125839,145251,136913,155838,NA,136913,"North & Central America","Mexico",2.10474240041355,154230,47.9980176269706,"Normal","Average - typical case load at this point",-0.267059691400723,"Normal",47.9980176269706,"Average - typical case load at this point","Mexico"
"MEX",11,1,1.88972926627983,5409.50000000001,2.13261446584139,159639.499999999,5409.5,159639.5,0.967736178964489,0.0356712008697245,2026,"PAHO",2026-01-01,6237,6237,6237,34,0.999984288883442,TRUE,"applied_mean","not_missing",3,"2025/2026","Observed",132076,6237,136913,124476,NA,136913,"North & Central America","Mexico",2.13261446584139,159639.499999999,48.6104571860831,"Normal","Average - typical case load at this point",-0.252143210831759,"Low",6.99292605096966,"Below average - fewer cases than typical at this point","Mexico"
"MEX",12,2,2.27907496193979,4676.1875,2.16510857214806,164315.6875,4676.1875,164315.6875,1,0.0322638210355107,2026,"PAHO",2026-02-01,4837,4843,4837,30,0.999483737074193,TRUE,"applied_mean","not_missing",3,"2025/2026","Observed",136913,11074,136913,124476,NA,136913,"North & Central America","Mexico",2.16510857214806,164315.6875,48.845570205536,"Normal","Average - typical case load at this point",-0.245386749788463,"Low",6.99292605096966,"Below average - fewer cases than typical at this point","Mexico"
"MEX",1,3,2.27938721748116,4642.5,2.27938721748116,4642.5,4642.5,4642.5,0.0310436236920866,0.0310436236920866,2026,"PAHO",2026-03-01,4925,4939,4925,25,0.99876669095489,TRUE,"applied_mean","not_missing",3,"2026/2027","Observed",4925,15999,94613,124476,NA,94613,"North & Central America","Mexico",2.27938721748116,4642.5,62.2393282741342,"Normal","Average - typical case load at this point",0.0918478521003235,"Low",6.99292605096966,"Below average - fewer cases than typical at this point","Mexico"
"MEX",2,4,2.59146711505795,4309.625,2.53435420111034,8952.12499999999,4309.625,8952.125,0.0602639261830504,0.0292203024909638,2026,"PAHO",2026-04-01,4587,4591,4587,21,0.998846500221986,TRUE,"applied_mean","not_missing",3,"2026/2027","Observed",9512,20586,94613,124476,NA,94613,"North & Central America","Mexico",2.53435420111034,8952.12499999999,62.0805305730418,"Normal","Average - typical case load at this point",0.0995490518046725,"Low",6.99292605096966,"Below average - fewer cases than typical at this point","Mexico"
"MEX",3,5,3.05660276069429,5958.25,2.80106311182489,14910.375,5958.25,14910.375,0.10177322016465,0.0415092939815998,2026,"PAHO",2026-05-01,4980,4986,4980,17,0.998811750195619,TRUE,"applied_mean","not_missing",3,"2026/2027","Observed",14492,25566,94613,124476,NA,94613,"North & Central America","Mexico",2.80106311182489,14910.375,56.106773739807,"Normal","Average - typical case load at this point",-0.0469567268810375,"Low",6.99292605096966,"Below average - fewer cases than typical at this point","Mexico"
"MEX",4,6,2.05732953902019,10194.0625,2.50462485150332,25104.4375,10194.0625,25104.4375,0.164772330646026,0.0629991104813754,2026,"PAHO",2026-06-01,8823,8832,8823,12,0.998881672134636,TRUE,"applied_mean","not_missing",3,"2026/2027","Observed",23315,34389,94613,124476,NA,94613,"North & Central America","Mexico",2.50462485150332,25104.4375,53.899085168744,"Normal","Average - typical case load at this point",-0.112801719236058,"Low",6.99292605096966,"Below average - fewer cases than typical at this point","Mexico"
"MEX",5,7,2.09612389181801,13924.3749999999,2.38314465166441,39028.8124999999,13924.375,39028.8125,0.250262430917916,0.0854901002718899,2026,"PAHO",2026-07-01,6146,6164,6146,8,0.998606390494678,TRUE,"applied_mean","not_missing",3,"2026/2027","Observed",29461,40535,94613,124476,NA,94613,"North & Central America","Mexico",2.38314465166441,39028.8124999999,42.3662186535707,"Normal","Average - typical case load at this point",-0.378433227275258,"Low",6.99292605096966,"Below average - fewer cases than typical at this point","Mexico"
"MEX",6,8,1.65754900375241,21103.5,2.13610929202167,60132.3125000001,21103.5,60132.3125,0.370835652918062,0.120573222000147,2026,"PAHO",2026-08-01,5625,5608,5625,5,0.999143982742989,TRUE,"applied_mean","not_missing",3,"2026/2027","Observed",35086,46160,94613,124476,NA,94613,"North & Central America","Mexico",2.13610929202167,60132.3125000001,31.4177352560886,"Normal","Average - typical case load at this point",-0.608751311763483,"Low",6.99292605096966,"Below average - fewer cases than typical at this point","Mexico"
"MEX",7,9,1.41013159676949,31470.5624999999,1.92495286797179,91602.8750000002,31470.5625,91602.875,0.541335492898689,0.170499839980626,2026,NA,2026-09-01,NA,NA,NA,NA,NA,NA,NA,NA,3,"2026/2027","Unobserved",35086,46160,94613,124476,NA,94613,"North & Central America","Mexico",1.92495286797179,91602.8750000002,18.6224255597924,"Low","Below average - fewer cases than typical at this point",-0.856001494581797,"Low",6.99292605096966,"Below average - fewer cases than typical at this point","Mexico"
"MEX",8,10,2.2521557571143,33002.25,2.03086234657598,124605.125,33002.25,124605.125,0.746227782405896,0.204892289507208,2026,NA,2026-10-01,NA,NA,NA,NA,NA,NA,NA,NA,3,"2026/2027","Unobserved",35086,46160,94613,124476,NA,94613,"North & Central America","Mexico",2.03086234657598,124605.125,10.7446845016038,"Low","Below average - fewer cases than typical at this point",-1.02380354273046,"Low",6.99292605096966,"Below average - fewer cases than typical at this point","Mexico"
"MEX",9,11,2.48639706322367,20961.8125,2.10516458254832,145566.937500001,20961.8125,145566.9375,0.880143416001589,0.133915633595693,2026,NA,2026-11-01,NA,NA,NA,NA,NA,NA,NA,NA,3,"2026/2027","Unobserved",35086,46160,94613,124476,NA,94613,"North & Central America","Mexico",2.10516458254832,145566.937500001,7.74978363516551,"Low","Below average - fewer cases than typical at this point",-1.10119566406437,"Low",6.99292605096966,"Below average - fewer cases than typical at this point","Mexico"
"MEX",10,12,1.78538135514239,8663.06250000001,2.10474240041355,154230,8663.0625,154230,0.932064978094765,0.0519215620931753,2026,NA,2026-12-01,NA,NA,NA,NA,NA,NA,NA,NA,3,"2026/2027","Unobserved",35086,46160,94613,124476,NA,94613,"North & Central America","Mexico",2.10474240041355,154230,6.99292605096966,"Low","Below average - fewer cases than typical at this point",-1.1207269864481,"Low",6.99292605096966,"Below average - fewer cases than typical at this point","Mexico"
"MHL",9,1,0.344115975906906,181,1.00869950854425,792.799999999999,181,792.8,0.772168675079922,0.107340364587513,2025,"WHO",2025-01-01,0,0,NA,20,NA,FALSE,"no_lookup_match",NA,5,"2024/2025","Observed",0,0,0,0,NA,0,"Pacific Islands","Marshall Islands",1.00869950854425,792.799999999999,0.119909220060803,"Extremely Low","Rare good event - unusually low cases to date",-1.00370202024577,"Unknown",0.0262390808761603,"Cannot determine","Marshall Islands"
"MHL",10,2,0.246811527873737,138,1.04291693480238,930.8,138,930.8,0.86075203738314,0.088583362303218,2025,"WHO",2025-02-01,0,0,NA,19,NA,FALSE,"no_lookup_match",NA,5,"2024/2025","Observed",0,0,0,0,NA,0,"Pacific Islands","Marshall Islands",1.04291693480238,930.8,0.0836094074846492,"Extremely Low","Rare good event - unusually low cases to date",-1.02066140518018,"Unknown",0.0262390808761603,"Cannot determine","Marshall Islands"
"MHL",11,3,0.49251777097142,70.2,1.19406029263278,1001,70.2,1001,0.964629582900779,0.103877545517639,2025,"WHO",2025-03-01,0,0,NA,18,NA,FALSE,"no_lookup_match",NA,5,"2024/2025","Observed",0,0,0,0,NA,0,"Pacific Islands","Marshall Islands",1.19406029263278,1001,0.0322594219203308,"Extremely Low","Rare good event - unusually low cases to date",-1.09207949987583,"Unknown",0.0262390808761603,"Cannot determine","Marshall Islands"
"MHL",12,4,0.405274796286764,24.6,1.22497387481673,1025.6,24.6,1025.6,1,0.0353704170992208,2025,"WHO",2025-04-01,0,0,NA,17,NA,FALSE,"no_lookup_match",NA,5,"2024/2025","Observed",0,0,0,0,NA,0,"Pacific Islands","Marshall Islands",1.22497387481673,1025.6,0.0262390808761603,"Extremely Low","Rare good event - unusually low cases to date",-1.10612499961256,"Unknown",0.0262390808761603,"Cannot determine","Marshall Islands"
"MHL",1,5,NA,NA,NA,NA,31,31,0.0429780010503771,0.0429780010503771,2025,"WHO",2025-05-01,0,0,NA,16,NA,FALSE,"no_lookup_match",NA,5,"2025/2026","Observed",0,0,0,0,NA,0,"Pacific Islands","Marshall Islands",NA,NA,NA,"Unknown","Cannot determine",NA,"Unknown",0.0262390808761603,"Cannot determine","Marshall Islands"
"MHL",2,6,NA,NA,NA,NA,24.2,55.2,0.0735316569395067,0.0305536558891296,2025,"WHO",2025-06-01,0,0,NA,15,NA,FALSE,"no_lookup_match",NA,5,"2025/2026","Observed",0,0,0,0,NA,0,"Pacific Islands","Marshall Islands",NA,NA,NA,"Unknown","Cannot determine",NA,"Unknown",0.0262390808761603,"Cannot determine","Marshall Islands"
"MHL",3,7,NA,NA,NA,NA,26.4,81.6,0.105612177498982,0.0320805205594753,2025,"WHO",2025-07-01,0,0,NA,14,NA,FALSE,"no_lookup_match",NA,5,"2025/2026","Observed",0,0,0,0,NA,0,"Pacific Islands","Marshall Islands",NA,NA,NA,"Unknown","Cannot determine",NA,"Unknown",0.0262390808761603,"Cannot determine","Marshall Islands"
"MHL",4,8,NA,NA,NA,NA,33.8,115.4,0.144819969142788,0.0392077916438064,2025,"WHO",2025-08-01,0,0,NA,13,NA,FALSE,"no_lookup_match",NA,5,"2025/2026","Observed",0,0,0,0,NA,0,"Pacific Islands","Marshall Islands",NA,NA,NA,"Unknown","Cannot determine",NA,"Unknown",0.0262390808761603,"Cannot determine","Marshall Islands"
"MHL",5,9,NA,NA,NA,NA,43.6,159,0.190935963172686,0.0461159940298974,2025,"WHO",2025-09-01,0,0,NA,12,NA,FALSE,"no_lookup_match",NA,5,"2025/2026","Observed",0,0,0,0,NA,0,"Pacific Islands","Marshall Islands",NA,NA,NA,"Unknown","Cannot determine",NA,"Unknown",0.0262390808761603,"Cannot determine","Marshall Islands"
"MHL",6,10,NA,NA,NA,NA,92,251,0.291784738730274,0.100848775557588,2025,"WHO",2025-10-01,0,0,NA,11,NA,FALSE,"no_lookup_match",NA,5,"2025/2026","Observed",0,0,0,0,NA,0,"Pacific Islands","Marshall Islands",NA,NA,NA,"Unknown","Cannot determine",NA,"Unknown",0.0262390808761603,"Cannot determine","Marshall Islands"
"MHL",7,11,0.65826307390046,142.6,NA,NA,142.6,393.6,0.441403824831998,0.149619086101724,2025,"WHO",2025-11-01,0,0,NA,10,NA,FALSE,"no_lookup_match",NA,5,"2025/2026","Observed",0,0,0,0,NA,0,"Pacific Islands","Marshall Islands",NA,NA,NA,"Unknown","Cannot determine",NA,"Unknown",0.0262390808761603,"Cannot determine","Marshall Islands"
"MHL",8,12,0.552065164248698,218.2,NA,NA,218.2,611.8,0.664828310492409,0.223424485660411,2025,"WHO",2025-12-01,0,0,NA,9,NA,FALSE,"no_lookup_match",NA,5,"2025/2026","Observed",0,0,0,0,NA,0,"Pacific Islands","Marshall Islands",NA,NA,NA,"Unknown","Cannot determine",NA,"Unknown",0.0262390808761603,"Cannot determine","Marshall Islands"
"MHL",9,1,0.344115975906906,181,1.00869950854425,792.799999999999,181,792.8,0.772168675079922,0.107340364587513,2026,"WHO",2026-01-01,0,0,NA,8,NA,FALSE,"no_lookup_match",NA,5,"2025/2026","Observed",0,0,0,394,NA,0,"Pacific Islands","Marshall Islands",1.00869950854425,792.799999999999,0.119909220060803,"Extremely Low","Rare good event - unusually low cases to date",-1.00370202024577,"Unknown",0.0262390808761603,"Cannot determine","Marshall Islands"
"MHL",10,2,0.246811527873737,138,1.04291693480238,930.8,138,930.8,0.86075203738314,0.088583362303218,2026,"WHO",2026-02-01,0,0,NA,7,NA,FALSE,"no_lookup_match",NA,5,"2025/2026","Observed",0,0,0,394,NA,0,"Pacific Islands","Marshall Islands",1.04291693480238,930.8,0.0836094074846492,"Extremely Low","Rare good event - unusually low cases to date",-1.02066140518018,"Unknown",0.0262390808761603,"Cannot determine","Marshall Islands"
"MHL",11,3,0.49251777097142,70.2,1.19406029263278,1001,70.2,1001,0.964629582900779,0.103877545517639,2026,"WHO",2026-03-01,0,0,NA,6,NA,FALSE,"no_lookup_match",NA,5,"2025/2026","Observed",0,0,0,394,NA,0,"Pacific Islands","Marshall Islands",1.19406029263278,1001,0.0322594219203308,"Extremely Low","Rare good event - unusually low cases to date",-1.09207949987583,"Unknown",0.0262390808761603,"Cannot determine","Marshall Islands"
"MHL",12,4,0.405274796286764,24.6,1.22497387481673,1025.6,24.6,1025.6,1,0.0353704170992208,2026,"WHO",2026-04-01,0,0,NA,5,NA,FALSE,"no_lookup_match",NA,5,"2025/2026","Observed",0,0,0,394,NA,0,"Pacific Islands","Marshall Islands",1.22497387481673,1025.6,0.0262390808761603,"Extremely Low","Rare good event - unusually low cases to date",-1.10612499961256,"Unknown",0.0262390808761603,"Cannot determine","Marshall Islands"
"MHL",1,5,NA,NA,NA,NA,31,31,0.0429780010503771,0.0429780010503771,2026,"WHO",2026-05-01,0,0,NA,4,NA,FALSE,"no_lookup_match",NA,5,"2026/2027","Observed",0,0,394,394,NA,394,"Pacific Islands","Marshall Islands",NA,NA,NA,"Unknown","Cannot determine",NA,"Unknown",0.0262390808761603,"Cannot determine","Marshall Islands"
"MHL",2,6,NA,NA,NA,NA,24.2,55.2,0.0735316569395067,0.0305536558891296,2026,"WHO",2026-06-01,0,0,NA,3,NA,FALSE,"no_lookup_match",NA,5,"2026/2027","Observed",0,0,394,394,NA,394,"Pacific Islands","Marshall Islands",NA,NA,NA,"Unknown","Cannot determine",NA,"Unknown",0.0262390808761603,"Cannot determine","Marshall Islands"
"MHL",3,7,NA,NA,NA,NA,26.4,81.6,0.105612177498982,0.0320805205594753,2026,"WHO",2026-07-01,17,17,NA,2,NA,FALSE,"no_lookup_match",NA,5,"2026/2027","Observed",17,17,394,394,NA,394,"Pacific Islands","Marshall Islands",NA,NA,NA,"Unknown","Cannot determine",NA,"Unknown",0.0262390808761603,"Cannot determine","Marshall Islands"
"MHL",4,8,NA,NA,NA,NA,33.8,115.4,0.144819969142788,0.0392077916438064,2026,"WHO",2026-08-01,40,40,NA,1,NA,FALSE,"no_lookup_match",NA,5,"2026/2027","Observed",57,57,394,394,NA,394,"Pacific Islands","Marshall Islands",NA,NA,NA,"Unknown","Cannot determine",NA,"Unknown",0.0262390808761603,"Cannot determine","Marshall Islands"
"MHL",5,9,NA,NA,NA,NA,43.6,159,0.190935963172686,0.0461159940298974,2026,NA,2026-09-01,NA,NA,NA,NA,NA,NA,NA,NA,5,"2026/2027","Unobserved",57,57,394,394,NA,394,"Pacific Islands","Marshall Islands",NA,NA,NA,"Unknown","Cannot determine",NA,"Unknown",0.0262390808761603,"Cannot determine","Marshall Islands"
"MHL",6,10,NA,NA,NA,NA,92,251,0.291784738730274,0.100848775557588,2026,NA,2026-10-01,NA,NA,NA,NA,NA,NA,NA,NA,5,"2026/2027","Unobserved",57,57,394,394,NA,394,"Pacific Islands","Marshall Islands",NA,NA,NA,"Unknown","Cannot determine",NA,"Unknown",0.0262390808761603,"Cannot determine","Marshall Islands"
"MHL",7,11,0.65826307390046,142.6,NA,NA,142.6,393.6,0.441403824831998,0.149619086101724,2026,NA,2026-11-01,NA,NA,NA,NA,NA,NA,NA,NA,5,"2026/2027","Unobserved",57,57,394,394,NA,394,"Pacific Islands","Marshall Islands",NA,NA,NA,"Unknown","Cannot determine",NA,"Unknown",0.0262390808761603,"Cannot determine","Marshall Islands"
"MHL",8,12,0.552065164248698,218.2,NA,NA,218.2,611.8,0.664828310492409,0.223424485660411,2026,NA,2026-12-01,NA,NA,NA,NA,NA,NA,NA,NA,5,"2026/2027","Unobserved",57,57,394,394,NA,394,"Pacific Islands","Marshall Islands",NA,NA,NA,"Unknown","Cannot determine",NA,"Unknown",0.0262390808761603,"Cannot determine","Marshall Islands"
"MMR",1,1,1.29673731193397,202.4375,1.29673731193397,202.4375,202.4375,202.4375,0.0127456453030561,0.0127456453030561,2025,"SEARO",2025-01-01,172,172,NA,20,NA,FALSE,"no_lookup_match",NA,1,"2025/2026","Observed",172,172,12040,12040,NA,12040,"East & Southeast Asia","Myanmar",1.29673731193397,202.4375,54.875848916861,"Normal","Average - typical case load at this point",-0.170670118726997,"Normal",34.7886850344737,"Average - typical case load at this point","Myanmar"
"MMR",2,2,2.140536282609,213.375,2.07475465726027,415.812499999999,213.375,415.8125,0.0262225038999254,0.0134768585968693,2025,"SEARO",2025-02-01,120,120,NA,19,NA,FALSE,"no_lookup_match",NA,1,"2025/2026","Observed",292,292,12040,12040,NA,12040,"East & Southeast Asia","Myanmar",2.07475465726027,415.812499999999,40.594562941195,"Normal","Average - typical case load at this point",-0.427828324477969,"Normal",34.7886850344737,"Average - typical case load at this point","Myanmar"
"MMR",3,3,2.01546517503599,296.1875,2.19438710100573,711.999999999999,296.1875,712,0.0434041860447314,0.0171816821448059,2025,"SEARO",2025-03-01,167,167,NA,18,NA,FALSE,"no_lookup_match",NA,1,"2025/2026","Observed",459,459,12040,12040,NA,12040,"East & Southeast Asia","Myanmar",2.19438710100573,711.999999999999,35.5821681866085,"Normal","Average - typical case load at this point",-0.525568017167429,"Normal",34.7886850344737,"Average - typical case load at this point","Myanmar"
"MMR",4,4,1.86062576626071,591.75,2.44568988105293,1303.75,591.75,1303.75,0.0761061837770225,0.0327019977322912,2025,"SEARO",2025-04-01,235,235,NA,17,NA,FALSE,"no_lookup_match",NA,1,"2025/2026","Observed",694,694,12040,12040,NA,12040,"East & Southeast Asia","Myanmar",2.44568988105293,1303.75,25.2545157684214,"Normal","Average - typical case load at this point",-0.730720377165177,"Normal",34.7886850344737,"Average - typical case load at this point","Myanmar"
"MMR",5,5,2.01742060297342,1606.875,2.38254594655031,2910.625,1606.875,2910.625,0.163419780957724,0.0873135971807019,2025,"SEARO",2025-05-01,699,699,NA,16,NA,FALSE,"no_lookup_match",NA,1,"2025/2026","Observed",1393,1393,12040,12040,NA,12040,"East & Southeast Asia","Myanmar",2.38254594655031,2910.625,21.648899766907,"Low","Below average - fewer cases than typical at this point",-0.804490985255068,"Normal",34.7886850344737,"Average - typical case load at this point","Myanmar"
"MMR",6,6,2.00738919336951,3349.25,2.29210858272142,6259.875,3349.25,6259.875,0.343357526961002,0.179937746003277,2025,"SEARO",2025-06-01,1744,1744,NA,15,NA,FALSE,"no_lookup_match",NA,1,"2025/2026","Observed",3137,3137,12040,12040,NA,12040,"East & Southeast Asia","Myanmar",2.29210858272142,6259.875,24.0208914301937,"Low","Below average - fewer cases than typical at this point",-0.755139238642339,"Normal",34.7886850344737,"Average - typical case load at this point","Myanmar"
"MMR",7,7,2.3036051949931,3762.25,2.37286120159303,10022.125,3762.25,10022.125,0.551931611861797,0.208574084900796,2025,"SEARO",2025-07-01,3065,3065,NA,14,NA,FALSE,"no_lookup_match",NA,1,"2025/2026","Observed",6202,6202,12040,12040,NA,12040,"East & Southeast Asia","Myanmar",2.37286120159303,10022.125,32.3148744643231,"Normal","Average - typical case load at this point",-0.587087076242274,"Normal",34.7886850344737,"Average - typical case load at this point","Myanmar"
"MMR",8,8,2.85960759118277,2790.87500000001,2.49070668640976,12813,2790.875,12813,0.712577430083693,0.160645818221896,2025,"SEARO",2025-08-01,2415,2415,NA,13,NA,FALSE,"no_lookup_match",NA,1,"2025/2026","Observed",8617,8617,12040,12040,NA,12040,"East & Southeast Asia","Myanmar",2.49070668640976,12813,35.6342748073055,"Normal","Average - typical case load at this point",-0.516777670306788,"Normal",34.7886850344737,"Average - typical case load at this point","Myanmar"
"MMR",9,9,3.12993388352785,1933.4375,2.59007341238555,14746.4375,1933.4375,14746.4375,0.826097809015117,0.113520378931423,2025,"SEARO",2025-09-01,1576,1576,NA,12,NA,FALSE,"no_lookup_match",NA,1,"2025/2026","Observed",10193,10193,12040,12040,NA,12040,"East & Southeast Asia","Myanmar",2.59007341238555,14746.4375,36.4852991234032,"Normal","Average - typical case load at this point",-0.496901337528289,"Normal",34.7886850344737,"Average - typical case load at this point","Myanmar"
"MMR",10,10,3.41199133959609,1375.625,2.7051634068361,16122.0625,1375.625,16122.0625,0.910486423894396,0.0843886148792796,2025,"SEARO",2025-10-01,943,943,NA,11,NA,FALSE,"no_lookup_match",NA,1,"2025/2026","Observed",11136,11136,12040,12040,NA,12040,"East & Southeast Asia","Myanmar",2.7051634068361,16122.0625,35.8120061159542,"Normal","Average - typical case load at this point",-0.50862468861145,"Normal",34.7886850344737,"Average - typical case load at this point","Myanmar"
"MMR",11,11,2.77321387468218,931.6875,2.76150037683062,17053.75,931.6875,17053.75,0.966770668325206,0.0562842444308095,2025,"SEARO",2025-11-01,594,594,NA,10,NA,FALSE,"no_lookup_match",NA,1,"2025/2026","Observed",11730,11730,12040,12040,NA,12040,"East & Southeast Asia","Myanmar",2.76150037683062,17053.75,35.2808223983848,"Normal","Average - typical case load at this point",-0.518722581753844,"Normal",34.7886850344737,"Average - typical case load at this point","Myanmar"
"MMR",12,12,2.22881817926418,526.437499999999,2.80999342863343,17580.1875,526.4375,17580.1875,1,0.0332293316747943,2025,"SEARO",2025-12-01,310,310,NA,9,NA,FALSE,"no_lookup_match",NA,1,"2025/2026","Observed",12040,12040,12040,12040,NA,12040,"East & Southeast Asia","Myanmar",2.80999342863343,17580.1875,34.7886850344737,"Normal","Average - typical case load at this point",-0.528224945252653,"Normal",34.7886850344737,"Average - typical case load at this point","Myanmar"
"MMR",1,1,1.29673731193397,202.4375,1.29673731193397,202.4375,202.4375,202.4375,0.0127456453030561,0.0127456453030561,2026,"SEARO",2026-01-01,130,130,NA,8,NA,FALSE,"no_lookup_match",NA,1,"2026/2027","Observed",130,130,6099,6099,NA,6099,"East & Southeast Asia","Myanmar",1.29673731193397,202.4375,43.6625592281731,"Normal","Average - typical case load at this point",-0.406173855450904,"Extremely Low",4.57982024947883,"Rare good event - unusually low cases to date","Myanmar"
"MMR",2,2,2.140536282609,213.375,2.07475465726027,415.812499999999,213.375,415.8125,0.0262225038999254,0.0134768585968693,2026,"SEARO",2026-02-01,99,99,NA,7,NA,FALSE,"no_lookup_match",NA,1,"2026/2027","Observed",229,229,6099,6099,NA,6099,"East & Southeast Asia","Myanmar",2.07475465726027,415.812499999999,29.672192688245,"Normal","Average - typical case load at this point",-0.645521888876654,"Extremely Low",4.57982024947883,"Rare good event - unusually low cases to date","Myanmar"
"MMR",3,3,2.01546517503599,296.1875,2.19438710100573,711.999999999999,296.1875,712,0.0434041860447314,0.0171816821448059,2026,"SEARO",2026-03-01,131,131,NA,6,NA,FALSE,"no_lookup_match",NA,1,"2026/2027","Observed",360,360,6099,6099,NA,6099,"East & Southeast Asia","Myanmar",2.19438710100573,711.999999999999,25.2469736442133,"Normal","Average - typical case load at this point",-0.731225067363379,"Extremely Low",4.57982024947883,"Rare good event - unusually low cases to date","Myanmar"
"MMR",4,4,1.86062576626071,591.75,2.44568988105293,1303.75,591.75,1303.75,0.0761061837770225,0.0327019977322912,2026,"SEARO",2026-04-01,184,184,NA,5,NA,FALSE,"no_lookup_match",NA,1,"2026/2027","Observed",544,544,6099,6099,NA,6099,"East & Southeast Asia","Myanmar",2.44568988105293,1303.75,16.7463768387246,"Low","Below average - fewer cases than typical at this point",-0.910479387537914,"Extremely Low",4.57982024947883,"Rare good event - unusually low cases to date","Myanmar"
"MMR",5,5,2.01742060297342,1606.875,2.38254594655031,2910.625,1606.875,2910.625,0.163419780957724,0.0873135971807019,2026,"SEARO",2026-05-01,380,380,NA,4,NA,FALSE,"no_lookup_match",NA,1,"2026/2027","Observed",924,924,6099,6099,NA,6099,"East & Southeast Asia","Myanmar",2.38254594655031,2910.625,10.4873076270862,"Low","Below average - fewer cases than typical at this point",-1.05310725876442,"Extremely Low",4.57982024947883,"Rare good event - unusually low cases to date","Myanmar"
"MMR",6,6,2.00738919336951,3349.25,2.29210858272142,6259.875,3349.25,6259.875,0.343357526961002,0.179937746003277,2026,"SEARO",2026-06-01,866,866,NA,3,NA,FALSE,"no_lookup_match",NA,1,"2026/2027","Observed",1790,1790,6099,6099,NA,6099,"East & Southeast Asia","Myanmar",2.29210858272142,6259.875,9.15064663231379,"Low","Below average - fewer cases than typical at this point",-1.08085594342599,"Extremely Low",4.57982024947883,"Rare good event - unusually low cases to date","Myanmar"
"MMR",7,7,2.3036051949931,3762.25,2.37286120159303,10022.125,3762.25,10022.125,0.551931611861797,0.208574084900796,2026,"SEARO",2026-07-01,1576,1576,NA,2,NA,FALSE,"no_lookup_match",NA,1,"2026/2027","Observed",3366,3366,6099,6099,NA,6099,"East & Southeast Asia","Myanmar",2.37286120159303,10022.125,11.6925370981788,"Low","Below average - fewer cases than typical at this point",-1.02293117773714,"Extremely Low",4.57982024947883,"Rare good event - unusually low cases to date","Myanmar"
"MMR",8,8,2.85960759118277,2790.87500000001,2.49070668640976,12813,2790.875,12813,0.712577430083693,0.160645818221896,2026,"Estimates",2026-08-01,980,0,NA,1,NA,FALSE,"no_lookup_match",NA,1,"2026/2027","Unobserved",4346,4346,6099,6099,979.778845335343,6099,"East & Southeast Asia","Myanmar",2.49070668640976,12813,11.124331978414,"Low","Below average - fewer cases than typical at this point",-1.04279231041172,"Extremely Low",4.57982024947883,"Rare good event - unusually low cases to date","Myanmar"
"MMR",9,9,3.12993388352785,1933.4375,2.59007341238555,14746.4375,1933.4375,14746.4375,0.826097809015117,0.113520378931423,2026,"SEARO",2026-09-01,NA,0,NA,0,NA,FALSE,"no_lookup_match",NA,1,"2026/2027","Unobserved",4346,4346,6099,6099,NA,6099,"East & Southeast Asia","Myanmar",2.59007341238555,14746.4375,7.90309143720972,"Low","Below average - fewer cases than typical at this point",-1.13496480507954,"Extremely Low",4.57982024947883,"Rare good event - unusually low cases to date","Myanmar"
"MMR",10,10,3.41199133959609,1375.625,2.7051634068361,16122.0625,1375.625,16122.0625,0.910486423894396,0.0843886148792796,2026,"SEARO",2026-10-01,NA,0,NA,-1,NA,FALSE,"no_lookup_match",NA,1,"2026/2027","Unobserved",4346,4346,6099,6099,NA,6099,"East & Southeast Asia","Myanmar",2.7051634068361,16122.0625,6.03009784007625,"Low","Below average - fewer cases than typical at this point",-1.20126775830256,"Extremely Low",4.57982024947883,"Rare good event - unusually low cases to date","Myanmar"
"MMR",11,11,2.77321387468218,931.6875,2.76150037683062,17053.75,931.6875,17053.75,0.966770668325206,0.0562842444308095,2026,"SEARO",2026-11-01,NA,0,NA,-2,NA,FALSE,"no_lookup_match",NA,1,"2026/2027","Unobserved",4346,4346,6099,6099,NA,6099,"East & Southeast Asia","Myanmar",2.76150037683062,17053.75,5.09973208471976,"Low","Below average - fewer cases than typical at this point",-1.23818678342943,"Extremely Low",4.57982024947883,"Rare good event - unusually low cases to date","Myanmar"
"MMR",12,12,2.22881817926418,526.437499999999,2.80999342863343,17580.1875,526.4375,17580.1875,1,0.0332293316747943,2026,"SEARO",2026-12-01,NA,0,NA,-3,NA,FALSE,"no_lookup_match",NA,1,"2026/2027","Unobserved",4346,4346,6099,6099,NA,6099,"East & Southeast Asia","Myanmar",2.80999342863343,17580.1875,4.57982024947883,"Extremely Low","Rare good event - unusually low cases to date",-1.26180349810378,"Extremely Low",4.57982024947883,"Rare good event - unusually low cases to date","Myanmar"
"MRT",7,1,0.999717818160742,216.333333333333,1.47965230836964,1389,216.333333333333,1389,0.727461415874073,0.102489229042741,2025,"WHO",2025-01-01,102,102,NA,20,NA,FALSE,"no_lookup_match",NA,7,"2024/2025","Observed",102,102,426,9858,NA,426,"Sub-Saharan Africa","Mauritania",1.47965230836964,1389,2.72488879632116,"Extremely Low","Rare good event - unusually low cases to date",-1.12648378068699,"Extremely High",99.5962593852449,"Rare bad event - unusually high cases to date","Mauritania"
"MRT",8,2,0.840844577594972,164.333333333333,1.43917133496439,1553.33333333333,164.333333333333,1553.33333333333,0.799034071673013,0.0715726557989407,2025,"WHO",2025-02-01,66,66,NA,19,NA,FALSE,"no_lookup_match",NA,7,"2024/2025","Observed",168,168,426,9858,NA,426,"Sub-Saharan Africa","Mauritania",1.43917133496439,1553.33333333333,4.97013612640495,"Extremely Low","Rare good event - unusually low cases to date",-1.06941132128414,"Extremely High",99.5962593852449,"Rare bad event - unusually high cases to date","Mauritania"
"MRT",9,3,0.932572124128133,98.3333333333334,1.43372838146707,1651.66666666666,98.3333333333333,1651.66666666667,0.846545216267274,0.0475111445942607,2025,"WHO",2025-03-01,35,35,NA,18,NA,FALSE,"no_lookup_match",NA,7,"2024/2025","Observed",203,203,426,9858,NA,426,"Sub-Saharan Africa","Mauritania",1.43372838146707,1651.66666666666,5.93956827034608,"Low","Below average - fewer cases than typical at this point",-1.04976258922166,"Extremely High",99.5962593852449,"Rare bad event - unusually high cases to date","Mauritania"
"MRT",10,4,1.02298604533137,92.6666666666666,1.42779281308976,1744.33333333334,92.6666666666667,1744.33333333333,0.891710677508165,0.045165461240891,2025,"WHO",2025-04-01,41,41,NA,17,NA,FALSE,"no_lookup_match",NA,7,"2024/2025","Observed",244,244,426,9858,NA,426,"Sub-Saharan Africa","Mauritania",1.42779281308976,1744.33333333334,7.09913308683725,"Low","Below average - fewer cases than typical at this point",-1.0273376505168,"Extremely High",99.5962593852449,"Rare bad event - unusually high cases to date","Mauritania"
"MRT",11,5,0.611015731654304,51.3333333333333,1.44566435151093,1795.66666666666,51.3333333333333,1795.66666666667,0.922686718226738,0.0309760407185735,2025,"WHO",2025-05-01,3,3,NA,16,NA,FALSE,"no_lookup_match",NA,7,"2024/2025","Observed",247,247,426,9858,NA,426,"Sub-Saharan Africa","Mauritania",1.44566435151093,1795.66666666666,6.77233737819985,"Low","Below average - fewer cases than typical at this point",-1.03655228710965,"Extremely High",99.5962593852449,"Rare bad event - unusually high cases to date","Mauritania"
"MRT",12,6,1.0434937449835,174,1.40590922507987,1969.66666666667,174,1969.66666666667,1,0.0773132817732615,2025,"WHO",2025-06-01,179,179,NA,15,NA,FALSE,"no_lookup_match",NA,7,"2024/2025","Observed",426,426,426,9858,NA,426,"Sub-Saharan Africa","Mauritania",1.40590922507987,1969.66666666667,12.6719396420272,"Low","Below average - fewer cases than typical at this point",-0.928933213673127,"Extremely High",99.5962593852449,"Rare bad event - unusually high cases to date","Mauritania"
"MRT",1,7,1.4707046418322,80.3333333333333,1.4707046418322,80.3333333333333,80.3333333333333,80.3333333333333,0.0411034488724715,0.0411034488724715,2025,"WHO",2025-07-01,82,82,NA,14,NA,FALSE,"no_lookup_match",NA,7,"2025/2026","Observed",82,508,6098,9858,NA,6121,"Sub-Saharan Africa","Mauritania",1.4707046418322,80.3333333333333,62.150562414283,"Normal","Average - typical case load at this point",0.0249330964152376,"Extremely High",99.5962593852449,"Rare bad event - unusually high cases to date","Mauritania"
"MRT",2,8,1.18433166105189,190.666666666667,1.32816877155223,271,190.666666666667,271,0.14257511630824,0.101471667435768,2025,"WHO",2025-08-01,37,37,NA,13,NA,FALSE,"no_lookup_match",NA,7,"2025/2026","Observed",119,545,6098,9858,NA,6121,"Sub-Saharan Africa","Mauritania",1.32816877155223,271,30.1170840594974,"Normal","Average - typical case load at this point",-0.644821177027634,"Extremely High",99.5962593852449,"Rare bad event - unusually high cases to date","Mauritania"
"MRT",3,9,1.287381010049,268.666666666667,1.3033960277643,539.666666666666,268.666666666667,539.666666666667,0.284356779543939,0.141781663235699,2025,"WHO",2025-09-01,37,37,37,12,1,TRUE,"applied_mean",NA,7,"2025/2026","Observed",156,582,6098,9858,NA,6121,"Sub-Saharan Africa","Mauritania",1.3033960277643,539.666666666666,19.6003175682431,"Low","Below average - fewer cases than typical at this point",-0.810667668329511,"Extremely High",99.5962593852449,"Rare bad event - unusually high cases to date","Mauritania"
"MRT",4,10,1.38792553347331,339.333333333333,1.33248650976743,879,339.333333333333,879,0.465562448219494,0.181205668675555,2025,"WHO",2025-10-01,3135,3135,3135,11,1,TRUE,"applied_mean",NA,7,"2025/2026","Observed",3291,3717,6098,9858,NA,6121,"Sub-Saharan Africa","Mauritania",1.33248650976743,879,98.6177829226526,"Extremely High","Rare bad event - unusually high cases to date",3.16512533351903,"Extremely High",99.5962593852449,"Rare bad event - unusually high cases to date","Mauritania"
"MRT",5,11,1.41915878001516,205,1.42066619325104,1084,205,1084,0.572098527449709,0.106536079230215,2025,"WHO",2025-11-01,1923,1923,1923,10,1,TRUE,"applied_mean",NA,7,"2025/2026","Observed",5214,5640,6098,9858,NA,6121,"Sub-Saharan Africa","Mauritania",1.42066619325104,1084,99.7108127787108,"Extremely High","Rare bad event - unusually high cases to date",4.5381870315279,"Extremely High",99.5962593852449,"Rare bad event - unusually high cases to date","Mauritania"
"MRT",6,12,1.99483139109878,88.6666666666667,1.47933731718105,1172.66666666667,88.6666666666667,1172.66666666667,0.624972186831331,0.0528736593816222,2025,"Estimates",2025-12-01,23,NA,NA,NA,NA,NA,NA,NA,7,"2025/2026","Unobserved",5237,5663,6098,9858,22.5241788965711,6121,"Sub-Saharan Africa","Mauritania",1.47933731718105,1172.66666666667,99.5962593852449,"Extremely High","Rare bad event - unusually high cases to date",4.21283629188766,"Extremely High",99.5962593852449,"Rare bad event - unusually high cases to date","Mauritania"
"MRT",7,1,0.999717818160742,216.333333333333,1.47965230836964,1389,216.333333333333,1389,0.727461415874073,0.102489229042741,2026,"WHO",2026-01-01,530,530,530,8,1,TRUE,"applied_mean",NA,7,"2025/2026","Observed",5767,530,6098,22212,NA,6121,"Sub-Saharan Africa","Mauritania",1.47965230836964,1389,99.3776006291678,"Extremely High","Rare bad event - unusually high cases to date",3.83197046763609,"Normal",35.6550391722108,"Average - typical case load at this point","Mauritania"
"MRT",8,2,0.840844577594972,164.333333333333,1.43917133496439,1553.33333333333,164.333333333333,1553.33333333333,0.799034071673013,0.0715726557989407,2026,"WHO",2026-02-01,78,78,78,7,1,TRUE,"applied_mean",NA,7,"2025/2026","Observed",5845,608,6098,22212,NA,6121,"Sub-Saharan Africa","Mauritania",1.43917133496439,1553.33333333333,98.8658273981111,"Extremely High","Rare bad event - unusually high cases to date",3.31296216591273,"Normal",35.6550391722108,"Average - typical case load at this point","Mauritania"
"MRT",9,3,0.932572124128133,98.3333333333334,1.43372838146707,1651.66666666666,98.3333333333333,1651.66666666667,0.846545216267274,0.0475111445942607,2026,"WHO",2026-03-01,46,46,46,6,1,TRUE,"applied_mean",NA,7,"2025/2026","Observed",5891,654,6098,22212,NA,6121,"Sub-Saharan Africa","Mauritania",1.43372838146707,1651.66666666666,98.5140571164924,"Extremely High","Rare bad event - unusually high cases to date",3.07199277720227,"Normal",35.6550391722108,"Average - typical case load at this point","Mauritania"
"MRT",10,4,1.02298604533137,92.6666666666666,1.42779281308976,1744.33333333334,92.6666666666667,1744.33333333333,0.891710677508165,0.045165461240891,2026,"WHO",2026-04-01,30,30,30,5,1,TRUE,"applied_mean",NA,7,"2025/2026","Observed",5921,684,6098,22212,NA,6121,"Sub-Saharan Africa","Mauritania",1.42779281308976,1744.33333333334,98.1172188097447,"Extremely High","Rare bad event - unusually high cases to date",2.85992907375593,"Normal",35.6550391722108,"Average - typical case load at this point","Mauritania"
"MRT",11,5,0.611015731654304,51.3333333333333,1.44566435151093,1795.66666666666,51.3333333333333,1795.66666666667,0.922686718226738,0.0309760407185735,2026,"WHO",2026-05-01,115,115,115,4,1,TRUE,"applied_mean",NA,7,"2025/2026","Observed",6036,799,6098,22212,NA,6121,"Sub-Saharan Africa","Mauritania",1.44566435151093,1795.66666666666,98.079227437557,"Extremely High","Rare bad event - unusually high cases to date",2.83813638491646,"Normal",35.6550391722108,"Average - typical case load at this point","Mauritania"
"MRT",12,6,1.0434937449835,174,1.40590922507987,1969.66666666667,174,1969.66666666667,1,0.0773132817732615,2026,"WHO",2026-06-01,85,69,85,3,1.22889305816135,TRUE,"applied_mean",NA,7,"2025/2026","Observed",6121,884,6098,22212,NA,6121,"Sub-Saharan Africa","Mauritania",1.40590922507987,1969.66666666667,97.1841321352415,"Extremely High","Rare bad event - unusually high cases to date",2.49815034400455,"Normal",35.6550391722108,"Average - typical case load at this point","Mauritania"
"MRT",1,7,1.4707046418322,80.3333333333333,1.4707046418322,80.3333333333333,80.3333333333333,80.3333333333333,0.0411034488724715,0.0411034488724715,2026,"WHO",2026-07-01,29,29,29,2,1,TRUE,"applied_median",NA,7,"2026/2027","Observed",29,913,706,22212,NA,4545,"Sub-Saharan Africa","Mauritania",1.4707046418322,80.3333333333333,23.1429489664487,"Low","Below average - fewer cases than typical at this point",-0.767939369589295,"Normal",35.6550391722108,"Average - typical case load at this point","Mauritania"
"MRT",2,8,1.18433166105189,190.666666666667,1.32816877155223,271,190.666666666667,271,0.14257511630824,0.101471667435768,2026,"Estimates",2026-08-01,619,NA,NA,NA,NA,NA,NA,NA,7,"2026/2027","Unobserved",648,1532,706,22212,618.774228023316,4545,"Sub-Saharan Africa","Mauritania",1.32816877155223,271,92.5558119901143,"High","Above average - more cases than typical at this point",1.59932620881196,"Normal",35.6550391722108,"Average - typical case load at this point","Mauritania"
"MRT",3,9,1.287381010049,268.666666666667,1.3033960277643,539.666666666666,268.666666666667,539.666666666667,0.284356779543939,0.141781663235699,2026,NA,2026-09-01,NA,NA,NA,NA,NA,NA,NA,NA,7,"2026/2027","Unobserved",648,1532,706,22212,NA,4545,"Sub-Saharan Africa","Mauritania",1.3033960277643,539.666666666666,69.4017605378613,"Normal","Average - typical case load at this point",0.228902686539611,"Normal",35.6550391722108,"Average - typical case load at this point","Mauritania"
"MRT",4,10,1.38792553347331,339.333333333333,1.33248650976743,879,339.333333333333,879,0.465562448219494,0.181205668675555,2026,NA,2026-10-01,NA,NA,NA,NA,NA,NA,NA,NA,7,"2026/2027","Unobserved",648,1532,706,22212,NA,4545,"Sub-Saharan Africa","Mauritania",1.33248650976743,879,48.5756293816262,"Normal","Average - typical case load at this point",-0.303127674976325,"Normal",35.6550391722108,"Average - typical case load at this point","Mauritania"
"MRT",5,11,1.41915878001516,205,1.42066619325104,1084,205,1084,0.572098527449709,0.106536079230215,2026,NA,2026-11-01,NA,NA,NA,NA,NA,NA,NA,NA,7,"2026/2027","Unobserved",648,1532,706,22212,NA,4545,"Sub-Saharan Africa","Mauritania",1.42066619325104,1084,39.3049342657845,"Normal","Average - typical case load at this point",-0.47909189969641,"Normal",35.6550391722108,"Average - typical case load at this point","Mauritania"
"MRT",6,12,1.99483139109878,88.6666666666667,1.47933731718105,1172.66666666667,88.6666666666667,1172.66666666667,0.624972186831331,0.0528736593816222,2026,NA,2026-12-01,NA,NA,NA,NA,NA,NA,NA,NA,7,"2026/2027","Unobserved",648,1532,706,22212,NA,4545,"Sub-Saharan Africa","Mauritania",1.47933731718105,1172.66666666667,35.6550391722108,"Normal","Average - typical case load at this point",-0.543836982156254,"Normal",35.6550391722108,"Average - typical case load at this point","Mauritania"
"MTQ",9,1,0.676813542729751,353.066666666666,0.349384595603827,4862.39999999998,353.066666666667,4862.4,0.632261744040287,0.188400126304261,2025,"PAHO",2025-01-01,293,293,NA,86,NA,FALSE,"no_lookup_match","current_month_missing",5,"2024/2025","Observed",293,293,775,2884,NA,775,"Caribbean","Martinique",0.349384595603827,4862.39999999998,28.9861641032568,"Normal","Average - typical case load at this point",-0.555449741132812,"Normal",55.1269565278393,"Average - typical case load at this point","Martinique"
"MTQ",10,2,0.488457307472237,349.866666666666,0.392388142246166,5212.26666666667,349.866666666667,5212.26666666667,0.796466590780218,0.164204846739931,2025,"PAHO",2025-02-01,100,100,NA,82,NA,FALSE,"no_lookup_match","current_month_missing",5,"2024/2025","Observed",393,393,775,2884,NA,775,"Caribbean","Martinique",0.392388142246166,5212.26666666667,28.0857556438254,"Normal","Average - typical case load at this point",-0.579156482897258,"Normal",55.1269565278393,"Average - typical case load at this point","Martinique"
"MTQ",11,3,0.472368009922814,283.533333333333,0.418836752773013,5495.79999999998,283.533333333333,5495.8,0.932499435151506,0.136032844371287,2025,"PAHO",2025-03-01,282,282,NA,77,NA,FALSE,"no_lookup_match","current_month_missing",5,"2024/2025","Observed",675,675,775,2884,NA,775,"Caribbean","Martinique",0.418836752773013,5495.79999999998,32.081534940328,"Normal","Average - typical case load at this point",-0.567667509800551,"Normal",55.1269565278393,"Average - typical case load at this point","Martinique"
"MTQ",12,4,0.274028884325348,139.066666666667,0.430065211318627,5634.86666666666,139.066666666667,5634.86666666667,1,0.0675005648484944,2025,"PAHO",2025-04-01,100,100,NA,73,NA,FALSE,"no_lookup_match","current_month_missing",5,"2024/2025","Observed",775,775,775,2884,NA,775,"Caribbean","Martinique",0.430065211318627,5634.86666666666,32.8781512092468,"Normal","Average - typical case load at this point",-0.565576419560486,"Normal",55.1269565278393,"Average - typical case load at this point","Martinique"
"MTQ",1,5,0.216066673987244,169.8,0.216066673987244,169.8,169.8,169.8,0.0209343222827897,0.0209343222827897,2025,"PAHO",2025-05-01,130,130,NA,69,NA,FALSE,"no_lookup_match","current_month_missing",5,"2025/2026","Observed",130,905,1799,2884,NA,1935,"Caribbean","Martinique",0.216066673987244,169.8,72.1333827785943,"Normal","Average - typical case load at this point",-0.108883767666405,"Normal",55.1269565278393,"Average - typical case load at this point","Martinique"
"MTQ",2,6,0.228323798384692,212.266666666667,0.215794089961526,382.066666666667,212.266666666667,382.066666666667,0.0449925655494179,0.0240582432666282,2025,"PAHO",2025-06-01,90,90,NA,66,NA,FALSE,"no_lookup_match","current_month_missing",5,"2025/2026","Observed",220,995,1799,2884,NA,1935,"Caribbean","Martinique",0.215794089961526,382.066666666667,68.2968482898131,"Normal","Average - typical case load at this point",-0.196993416257329,"Normal",55.1269565278393,"Average - typical case load at this point","Martinique"
"MTQ",3,7,0.218362866476986,340.133333333332,0.208274976907391,722.2,340.133333333333,722.2,0.0810767929061336,0.0360842273567157,2025,"Estimates",2025-07-01,28,NA,NA,NA,NA,NA,NA,"current_month_missing",5,"2025/2026","Unobserved",248,1023,1799,2884,27.9652762014546,1935,"Caribbean","Martinique",0.208274976907391,722.2,62.289704064334,"Normal","Average - typical case load at this point",-0.299612548742571,"Normal",55.1269565278393,"Average - typical case load at this point","Martinique"
"MTQ",4,8,0.123596079725209,682.533333333333,0.186006405887349,1404.73333333334,682.533333333333,1404.73333333333,0.118284785677112,0.0372079927709788,2025,"Estimates",2025-08-01,29,NA,NA,NA,NA,NA,NA,"current_month_missing",5,"2025/2026","Unobserved",277,1052,1799,2884,28.8361943975086,1935,"Caribbean","Martinique",0.186006405887349,1404.73333333334,58.3337816157644,"Normal","Average - typical case load at this point",-0.346216473584428,"Normal",55.1269565278393,"Average - typical case load at this point","Martinique"
"MTQ",5,9,0.163988788523138,1088.33333333333,0.180197521015281,2493.06666666666,1088.33333333333,2493.06666666667,0.209034796210517,0.0907500105334048,2025,"WHO",2025-09-01,105,105,105,12,1,TRUE,"applied_mean",NA,5,"2025/2026","Observed",382,1157,1799,2884,NA,1935,"Caribbean","Martinique",0.180197521015281,2493.06666666666,56.4759194128489,"Normal","Average - typical case load at this point",-0.359440299653559,"Normal",55.1269565278393,"Average - typical case load at this point","Martinique"
"MTQ",6,10,0.208862009025628,928.399999999999,0.182698546943536,3421.46666666667,928.4,3421.46666666667,0.311006432176965,0.101971635966448,2025,"Estimates",2025-10-01,79,NA,NA,NA,NA,NA,NA,"current_month_missing",5,"2025/2026","Unobserved",461,1236,1799,2884,79.0280178739968,1935,"Caribbean","Martinique",0.182698546943536,3421.46666666667,54.8726051665621,"Normal","Average - typical case load at this point",-0.369831427665667,"Normal",55.1269565278393,"Average - typical case load at this point","Martinique"
"MTQ",7,11,0.214831601592304,709.933333333332,0.183647588271983,4131.39999999999,709.933333333333,4131.4,0.392499576799916,0.0814931446229513,2025,"WHO",2025-11-01,30,30,30,10,1,TRUE,"applied_mean",NA,5,"2025/2026","Observed",491,1266,1799,2884,NA,1935,"Caribbean","Martinique",0.183647588271983,4131.39999999999,53.5222791043571,"Normal","Average - typical case load at this point",-0.377602466874087,"Normal",55.1269565278393,"Average - typical case load at this point","Martinique"
"MTQ",8,12,0.202103987750129,377.933333333334,0.184757120010493,4509.33333333334,377.933333333333,4509.33333333333,0.443861617736027,0.0513620409361105,2025,"PAHO",2025-12-01,150,150,150,39,1,TRUE,"applied_mean","not_missing",5,"2025/2026","Observed",641,1416,1799,2884,NA,1935,"Caribbean","Martinique",0.184757120010493,4509.33333333334,55.1269565278393,"Normal","Average - typical case load at this point",-0.368725561225732,"Normal",55.1269565278393,"Average - typical case load at this point","Martinique"
"MTQ",9,1,0.676813542729751,353.066666666666,0.349384595603827,4862.39999999998,353.066666666667,4862.4,0.632261744040287,0.188400126304261,2026,"PAHO",2026-01-01,346,346,346,34,1,TRUE,"applied_mean","not_missing",5,"2025/2026","Observed",987,346,1799,64678,NA,1935,"Caribbean","Martinique",0.349384595603827,4862.39999999998,43.7221694212767,"Normal","Average - typical case load at this point",-0.471088091825206,"Normal",45.9298907563503,"Average - typical case load at this point","Martinique"
"MTQ",10,2,0.488457307472237,349.866666666666,0.392388142246166,5212.26666666667,349.866666666667,5212.26666666667,0.796466590780218,0.164204846739931,2026,"PAHO",2026-02-01,322,322,322,30,1,TRUE,"applied_mean","not_missing",5,"2025/2026","Observed",1309,668,1799,64678,NA,1935,"Caribbean","Martinique",0.392388142246166,5212.26666666667,44.1609065259407,"Normal","Average - typical case load at this point",-0.469075971685202,"Normal",45.9298907563503,"Average - typical case load at this point","Martinique"
"MTQ",11,3,0.472368009922814,283.533333333333,0.418836752773013,5495.79999999998,283.533333333333,5495.8,0.932499435151506,0.136032844371287,2026,"PAHO",2026-03-01,416,416,416,25,1,TRUE,"applied_mean","not_missing",5,"2025/2026","Observed",1725,1084,1799,64678,NA,1935,"Caribbean","Martinique",0.418836752773013,5495.79999999998,46.4323317241844,"Normal","Average - typical case load at this point",-0.444026021812959,"Normal",45.9298907563503,"Average - typical case load at this point","Martinique"
"MTQ",12,4,0.274028884325348,139.066666666667,0.430065211318627,5634.86666666666,139.066666666667,5634.86666666667,1,0.0675005648484944,2026,"PAHO",2026-04-01,210,210,210,21,1,TRUE,"applied_mean","not_missing",5,"2025/2026","Observed",1935,1294,1799,64678,NA,1935,"Caribbean","Martinique",0.430065211318627,5634.86666666666,47.4766848808686,"Normal","Average - typical case load at this point",-0.430579167230484,"Normal",45.9298907563503,"Average - typical case load at this point","Martinique"
"MTQ",1,5,0.216066673987244,169.8,0.216066673987244,169.8,169.8,169.8,0.0209343222827897,0.0209343222827897,2026,"PAHO",2026-05-01,60,60,60,19,1,TRUE,"applied_mean","not_missing",5,"2026/2027","Observed",60,1354,2866,64678,NA,1987,"Caribbean","Martinique",0.216066673987244,169.8,62.0381295294296,"Normal","Average - typical case load at this point",-0.300387881652544,"Normal",45.9298907563503,"Average - typical case load at this point","Martinique"
"MTQ",2,6,0.228323798384692,212.266666666667,0.215794089961526,382.066666666667,212.266666666667,382.066666666667,0.0449925655494179,0.0240582432666282,2026,"Estimates",2026-06-01,43,NA,NA,3,1,FALSE,"applied_mean",NA,5,"2026/2027","Unobserved",103,1397,2866,64678,43.2807796366641,1987,"Caribbean","Martinique",0.215794089961526,382.066666666667,58.6805190037225,"Normal","Average - typical case load at this point",-0.339207914624918,"Normal",45.9298907563503,"Average - typical case load at this point","Martinique"
"MTQ",3,7,0.218362866476986,340.133333333332,0.208274976907391,722.2,340.133333333333,722.2,0.0810767929061336,0.0360842273567157,2026,"Estimates",2026-07-01,65,NA,NA,2,1.02840909090909,FALSE,"applied_median",NA,5,"2026/2027","Unobserved",168,1462,2866,64678,64.9155250147315,1987,"Caribbean","Martinique",0.208274976907391,722.2,57.674156501538,"Normal","Average - typical case load at this point",-0.350158740010825,"Normal",45.9298907563503,"Average - typical case load at this point","Martinique"
"MTQ",4,8,0.123596079725209,682.533333333333,0.186006405887349,1404.73333333334,682.533333333333,1404.73333333333,0.118284785677112,0.0372079927709788,2026,"Estimates",2026-08-01,67,NA,NA,1,NA,FALSE,"no_lookup_match",NA,5,"2026/2027","Unobserved",235,1529,2866,64678,66.9371789949909,1987,"Caribbean","Martinique",0.186006405887349,1404.73333333334,56.6293736528563,"Normal","Average - typical case load at this point",-0.359110560742041,"Normal",45.9298907563503,"Average - typical case load at this point","Martinique"
"MTQ",5,9,0.163988788523138,1088.33333333333,0.180197521015281,2493.06666666666,1088.33333333333,2493.06666666667,0.209034796210517,0.0907500105334048,2026,NA,2026-09-01,NA,NA,NA,NA,NA,NA,NA,NA,5,"2026/2027","Unobserved",235,1529,2866,64678,NA,1987,"Caribbean","Martinique",0.180197521015281,2493.06666666666,51.8341980035086,"Normal","Average - typical case load at this point",-0.384469222180436,"Normal",45.9298907563503,"Average - typical case load at this point","Martinique"
"MTQ",6,10,0.208862009025628,928.399999999999,0.182698546943536,3421.46666666667,928.4,3421.46666666667,0.311006432176965,0.101971635966448,2026,NA,2026-10-01,NA,NA,NA,NA,NA,NA,NA,NA,5,"2026/2027","Unobserved",235,1529,2866,64678,NA,1987,"Caribbean","Martinique",0.182698546943536,3421.46666666667,48.6175936864239,"Normal","Average - typical case load at this point",-0.39806410584223,"Normal",45.9298907563503,"Average - typical case load at this point","Martinique"
"MTQ",7,11,0.214831601592304,709.933333333332,0.183647588271983,4131.39999999999,709.933333333333,4131.4,0.392499576799916,0.0814931446229513,2026,NA,2026-11-01,NA,NA,NA,NA,NA,NA,NA,NA,5,"2026/2027","Unobserved",235,1529,2866,64678,NA,1987,"Caribbean","Martinique",0.183647588271983,4131.39999999999,46.8415692427468,"Normal","Average - typical case load at this point",-0.404156205891713,"Normal",45.9298907563503,"Average - typical case load at this point","Martinique"
"MTQ",8,12,0.202103987750129,377.933333333334,0.184757120010493,4509.33333333334,377.933333333333,4509.33333333333,0.443861617736027,0.0513620409361105,2026,NA,2026-12-01,NA,NA,NA,NA,NA,NA,NA,NA,5,"2026/2027","Unobserved",235,1529,2866,64678,NA,1987,"Caribbean","Martinique",0.184757120010493,4509.33333333334,45.9298907563503,"Normal","Average - typical case load at this point",-0.407425064334129,"Normal",45.9298907563503,"Average - typical case load at this point","Martinique"
"MYS",12,1,2.31418082584684,8894.25,3.40573056610684,78687.2499999999,8894.25,78687.25,1,0.113492873800181,2025,"WHO",2025-01-01,6676,6676,NA,20,NA,FALSE,"no_lookup_match",NA,2,"2024/2025","Observed",6676,6676,6676,62491,NA,6676,"East & Southeast Asia","Malaysia",3.40573056610684,78687.2499999999,0.114408343591343,"Extremely Low","Rare good event - unusually low cases to date",-1.68885252392406,"Normal",33.1810585573385,"Average - typical case load at this point","Malaysia"
"MYS",1,2,2.34377180435788,6822.37499999998,2.34377180435788,6822.37499999998,6822.375,6822.375,0.0859488852526062,0.0859488852526062,2025,"WHO",2025-02-01,5049,5049,NA,19,NA,FALSE,"no_lookup_match",NA,2,"2025/2026","Observed",5049,11725,54034,62491,NA,54034,"East & Southeast Asia","Malaysia",2.34377180435788,6822.37499999998,41.5158898290965,"Normal","Average - typical case load at this point",-0.397876300181475,"Normal",33.1810585573385,"Average - typical case load at this point","Malaysia"
"MYS",2,3,2.54808182096947,6205.4375,2.45518744296392,13027.8125,6205.4375,13027.8125,0.164207892369626,0.0782590071170194,2025,"WHO",2025-03-01,4571,4571,NA,18,NA,FALSE,"no_lookup_match",NA,2,"2025/2026","Observed",9620,16296,54034,62491,NA,54034,"East & Southeast Asia","Malaysia",2.45518744296392,13027.8125,40.7872672170237,"Normal","Average - typical case load at this point",-0.409831749625279,"Normal",33.1810585573385,"Average - typical case load at this point","Malaysia"
"MYS",3,4,3.58150535550164,5244.1875,2.83390540868003,18272,5244.1875,18272,0.234436248976605,0.0702283566069791,2025,"WHO",2025-04-01,5383,5383,NA,17,NA,FALSE,"no_lookup_match",NA,2,"2025/2026","Observed",15003,21679,54034,62491,NA,54034,"East & Southeast Asia","Malaysia",2.83390540868003,18272,45.2705817386365,"Normal","Average - typical case load at this point",-0.301153443281049,"Normal",33.1810585573385,"Average - typical case load at this point","Malaysia"
"MYS",4,5,3.10393871618946,6146.5,2.97891965527469,24418.4999999999,6146.5,24418.5,0.313443248163409,0.0790069991868045,2025,"WHO",2025-05-01,4877,4877,NA,16,NA,FALSE,"no_lookup_match",NA,2,"2025/2026","Observed",19880,26556,54034,62491,NA,54034,"East & Southeast Asia","Malaysia",2.97891965527469,24418.4999999999,44.2111265898277,"Normal","Average - typical case load at this point",-0.320771860745557,"Normal",33.1810585573385,"Average - typical case load at this point","Malaysia"
"MYS",5,6,3.054734218957,6701.0625,3.05524901863024,31119.5625,6701.0625,31119.5625,0.397950185521174,0.084506937357765,2025,"WHO",2025-06-01,4657,4657,NA,15,NA,FALSE,"no_lookup_match",NA,2,"2025/2026","Observed",24537,31213,54034,62491,NA,54034,"East & Southeast Asia","Malaysia",3.05524901863024,31119.5625,41.9128568361174,"Normal","Average - typical case load at this point",-0.369711957629647,"Normal",33.1810585573385,"Average - typical case load at this point","Malaysia"
"MYS",6,7,2.69018538032931,7708.125,3.02325505362723,38827.6875,7708.125,38827.6875,0.493191136139086,0.0952409506179119,2025,"WHO",2025-07-01,5065,5065,NA,14,NA,FALSE,"no_lookup_match",NA,2,"2025/2026","Observed",29602,36278,54034,62491,NA,54034,"East & Southeast Asia","Malaysia",3.02325505362723,38827.6875,39.9608357792831,"Normal","Average - typical case load at this point",-0.413121407988199,"Normal",33.1810585573385,"Average - typical case load at this point","Malaysia"
"MYS",7,8,2.46614756004972,6399.43750000001,2.98036078878297,45227.1249999999,6399.4375,45227.125,0.570994879185013,0.0778037430459266,2025,"WHO",2025-08-01,3338,3338,NA,13,NA,FALSE,"no_lookup_match",NA,2,"2025/2026","Observed",32940,39616,54034,62491,NA,54034,"East & Southeast Asia","Malaysia",2.98036078878297,45227.1249999999,37.4166633259735,"Normal","Average - typical case load at this point",-0.468998449090424,"Normal",33.1810585573385,"Average - typical case load at this point","Malaysia"
"MYS",8,9,3.03215289045527,5931.4375,3.07199491511117,51158.5625,5931.4375,51158.5625,0.646039949290114,0.0750450701051017,2025,"WHO",2025-09-01,2969,2969,2969,12,1,TRUE,"applied_mean",NA,2,"2025/2026","Observed",35909,42585,54034,62491,NA,54034,"East & Southeast Asia","Malaysia",3.07199491511117,51158.5625,34.8502779403826,"Normal","Average - typical case load at this point",-0.522439805063486,"Normal",33.1810585573385,"Average - typical case load at this point","Malaysia"
"MYS",9,10,3.60641802732605,6006.18750000001,3.21967299648352,57164.7499999997,6006.1875,57164.75,0.724489218141597,0.0784492688514828,2025,"WHO",2025-10-01,4398,4398,4398,11,1,TRUE,"applied_mean",NA,2,"2025/2026","Observed",40307,46983,54034,62491,NA,54034,"East & Southeast Asia","Malaysia",3.21967299648352,57164.7499999997,34.4328170957237,"Normal","Average - typical case load at this point",-0.529133128413318,"Normal",33.1810585573385,"Average - typical case load at this point","Malaysia"
"MYS",10,11,2.99196288810831,5926.4375,3.29072059288916,63091.1875000001,5926.4375,63091.1875,0.799981631133767,0.0754924129921702,2025,"WHO",2025-11-01,3449,3449,3449,10,1,TRUE,"applied_mean",NA,2,"2025/2026","Observed",43756,50432,54034,62491,NA,54034,"East & Southeast Asia","Malaysia",3.29072059288916,63091.1875000001,33.1491365023273,"Normal","Average - typical case load at this point",-0.555922004927535,"Normal",33.1810585573385,"Average - typical case load at this point","Malaysia"
"MYS",11,12,2.91090170723974,6701.81250000002,3.37005953725026,69792.9999999998,6701.8125,69793,0.886507126199819,0.0865254950660519,2025,"WHO",2025-12-01,4967,4967,4967,9,1,TRUE,"applied_mean",NA,2,"2025/2026","Observed",48723,55399,54034,62491,NA,54034,"East & Southeast Asia","Malaysia",3.37005953725026,69792.9999999998,33.1810585573385,"Normal","Average - typical case load at this point",-0.554192916826724,"Normal",33.1810585573385,"Average - typical case load at this point","Malaysia"
"MYS",12,1,2.31418082584684,8894.25,3.40573056610684,78687.2499999999,8894.25,78687.25,1,0.113492873800181,2026,"WHO",2026-01-01,5311,5311,5311,8,1,TRUE,"applied_mean",NA,2,"2025/2026","Observed",54034,5311,54034,130577,NA,54034,"East & Southeast Asia","Malaysia",3.40573056610684,78687.2499999999,32.0603403875843,"Normal","Average - typical case load at this point",-0.578183318376375,"Normal",56.6880725917751,"Average - typical case load at this point","Malaysia"
"MYS",1,2,2.34377180435788,6822.37499999998,2.34377180435788,6822.37499999998,6822.375,6822.375,0.0859488852526062,0.0859488852526062,2026,"WHO",2026-02-01,4913,4913,4913,7,1,TRUE,"applied_mean",NA,2,"2026/2027","Observed",4913,10224,121276,130577,NA,121276,"East & Southeast Asia","Malaysia",2.34377180435788,6822.37499999998,40.0666266633509,"Normal","Average - typical case load at this point",-0.428389404755905,"Normal",56.6880725917751,"Average - typical case load at this point","Malaysia"
"MYS",2,3,2.54808182096947,6205.4375,2.45518744296392,13027.8125,6205.4375,13027.8125,0.164207892369626,0.0782590071170194,2026,"WHO",2026-03-01,4431,4431,4431,6,1,TRUE,"applied_mean",NA,2,"2026/2027","Observed",9344,14655,121276,130577,NA,121276,"East & Southeast Asia","Malaysia",2.45518744296392,13027.8125,39.2144103218344,"Normal","Average - typical case load at this point",-0.443024175234545,"Normal",56.6880725917751,"Average - typical case load at this point","Malaysia"
"MYS",3,4,3.58150535550164,5244.1875,2.83390540868003,18272,5244.1875,18272,0.234436248976605,0.0702283566069791,2026,"WHO",2026-04-01,6873,6873,6873,5,1,TRUE,"applied_mean",NA,2,"2026/2027","Observed",16217,21528,121276,130577,NA,121276,"East & Southeast Asia","Malaysia",2.83390540868003,18272,50.1740563070571,"Normal","Average - typical case load at this point",-0.189314874867714,"Normal",56.6880725917751,"Average - typical case load at this point","Malaysia"
"MYS",4,5,3.10393871618946,6146.5,2.97891965527469,24418.4999999999,6146.5,24418.5,0.313443248163409,0.0790069991868045,2026,"WHO",2026-05-01,7343,7343,7343,4,1,TRUE,"applied_mean",NA,2,"2026/2027","Observed",23560,28871,121276,130577,NA,121276,"East & Southeast Asia","Malaysia",2.97891965527469,24418.4999999999,55.3144937176674,"Normal","Average - typical case load at this point",-0.0606770171752829,"Normal",56.6880725917751,"Average - typical case load at this point","Malaysia"
"MYS",5,6,3.054734218957,6701.0625,3.05524901863024,31119.5625,6701.0625,31119.5625,0.397950185521174,0.084506937357765,2026,"WHO",2026-06-01,9983,9983,9983,3,1,TRUE,"applied_mean",NA,2,"2026/2027","Observed",33543,38854,121276,130577,NA,121276,"East & Southeast Asia","Malaysia",3.05524901863024,31119.5625,62.6864139072071,"Normal","Average - typical case load at this point",0.136113226774238,"Normal",56.6880725917751,"Average - typical case load at this point","Malaysia"
"MYS",6,7,2.69018538032931,7708.125,3.02325505362723,38827.6875,7708.125,38827.6875,0.493191136139086,0.0952409506179119,2026,"WHO",2026-07-01,24076,13269,24076,2,1.81441774428585,TRUE,"applied_mean",NA,2,"2026/2027","Observed",57619,62930,121276,130577,NA,121276,"East & Southeast Asia","Malaysia",3.02325505362723,38827.6875,82.1485545897129,"High","Above average - more cases than typical at this point",0.841465037477835,"Normal",56.6880725917751,"Average - typical case load at this point","Malaysia"
"MYS",7,8,2.46614756004972,6399.43750000001,2.98036078878297,45227.1249999999,6399.4375,45227.125,0.570994879185013,0.0778037430459266,2026,"WHO",2026-08-01,11629,11629,NA,1,NA,FALSE,"insufficient_n_rf",NA,2,"2026/2027","Observed",69248,74559,121276,130577,NA,121276,"East & Southeast Asia","Malaysia",2.98036078878297,45227.1249999999,83.616157278998,"High","Above average - more cases than typical at this point",0.916874624519164,"Normal",56.6880725917751,"Average - typical case load at this point","Malaysia"
"MYS",8,9,3.03215289045527,5931.4375,3.07199491511117,51158.5625,5931.4375,51158.5625,0.646039949290114,0.0750450701051017,2026,NA,2026-09-01,NA,NA,NA,NA,NA,NA,NA,NA,2,"2026/2027","Unobserved",69248,74559,121276,130577,NA,121276,"East & Southeast Asia","Malaysia",3.07199491511117,51158.5625,77.1979908007647,"High","Above average - more cases than typical at this point",0.619732021899518,"Normal",56.6880725917751,"Average - typical case load at this point","Malaysia"
"MYS",9,10,3.60641802732605,6006.18750000001,3.21967299648352,57164.7499999997,6006.1875,57164.75,0.724489218141597,0.0784492688514828,2026,NA,2026-10-01,NA,NA,NA,NA,NA,NA,NA,NA,2,"2026/2027","Unobserved",69248,74559,121276,130577,NA,121276,"East & Southeast Asia","Malaysia",3.21967299648352,57164.7499999997,70.5200530264173,"Normal","Average - typical case load at this point",0.379270535741749,"Normal",56.6880725917751,"Average - typical case load at this point","Malaysia"
"MYS",10,11,2.99196288810831,5926.4375,3.29072059288916,63091.1875000001,5926.4375,63091.1875,0.799981631133767,0.0754924129921702,2026,NA,2026-11-01,NA,NA,NA,NA,NA,NA,NA,NA,2,"2026/2027","Unobserved",69248,74559,121276,130577,NA,121276,"East & Southeast Asia","Malaysia",3.29072059288916,63091.1875000001,63.8734613250512,"Normal","Average - typical case load at this point",0.177019620262947,"Normal",56.6880725917751,"Average - typical case load at this point","Malaysia"
"MYS",11,12,2.91090170723974,6701.81250000002,3.37005953725026,69792.9999999998,6701.8125,69793,0.886507126199819,0.0865254950660519,2026,NA,2026-12-01,NA,NA,NA,NA,NA,NA,NA,NA,2,"2026/2027","Unobserved",69248,74559,121276,130577,NA,121276,"East & Southeast Asia","Malaysia",3.37005953725026,69792.9999999998,56.6880725917751,"Normal","Average - typical case load at this point",-0.0143348428889636,"Normal",56.6880725917751,"Average - typical case load at this point","Malaysia"
"NCL",5,1,0.315784958306296,180.333333333333,0.550960167889621,347.916666666667,180.333333333333,347.916666666667,0.31302838706969,0.0638125007274016,2025,"WHO",2025-01-01,0,0,NA,20,NA,FALSE,"no_lookup_match",NA,9,"2024/2025","Observed",0,0,3,20,NA,3,"Pacific Islands","New Caledonia",0.550960167889621,347.916666666667,2.86244598194842,"Extremely Low","Rare good event - unusually low cases to date",-0.741679882378817,"Low",23.2000227729476,"Below average - fewer cases than typical at this point","New Caledonia"
"NCL",6,2,0.275588171459701,335.333333333333,0.505222214895599,683.249999999999,335.333333333333,683.25,0.414245302199774,0.101216915130084,2025,"WHO",2025-02-01,0,0,NA,19,NA,FALSE,"no_lookup_match",NA,9,"2024/2025","Observed",0,0,3,20,NA,3,"Pacific Islands","New Caledonia",0.505222214895599,683.249999999999,2.61780897437844,"Extremely Low","Rare good event - unusually low cases to date",-0.7105272053482,"Low",23.2000227729476,"Below average - fewer cases than typical at this point","New Caledonia"
"NCL",7,3,0.291372633850495,502.5,0.451536684208841,1185.75,502.5,1185.75,0.54943474547593,0.135189443276157,2025,"WHO",2025-03-01,0,0,NA,18,NA,FALSE,"no_lookup_match",NA,9,"2024/2025","Observed",0,0,3,20,NA,3,"Pacific Islands","New Caledonia",0.451536684208841,1185.75,2.85749784919065,"Extremely Low","Rare good event - unusually low cases to date",-0.671836887434525,"Low",23.2000227729476,"Below average - fewer cases than typical at this point","New Caledonia"
"NCL",8,4,0.311563461921652,446.083333333333,0.447656994522835,1631.83333333334,446.083333333333,1631.83333333333,0.696535814114424,0.147101068638494,2025,"WHO",2025-04-01,2,2,NA,17,NA,FALSE,"no_lookup_match",NA,9,"2024/2025","Observed",2,2,3,20,NA,3,"Pacific Islands","New Caledonia",0.447656994522835,1631.83333333334,4.50635818699465,"Extremely Low","Rare good event - unusually low cases to date",-0.668160075230136,"Low",23.2000227729476,"Below average - fewer cases than typical at this point","New Caledonia"
"NCL",9,5,0.296137680289162,278.583333333334,0.466429471563206,1910.41666666667,278.583333333333,1910.41666666667,0.841765507450736,0.145229693336312,2025,"WHO",2025-05-01,1,1,NA,16,NA,FALSE,"no_lookup_match",NA,9,"2024/2025","Observed",3,3,3,20,NA,3,"Pacific Islands","New Caledonia",0.466429471563206,1910.41666666667,4.31526602436957,"Extremely Low","Rare good event - unusually low cases to date",-0.681800721535001,"Low",23.2000227729476,"Below average - fewer cases than typical at this point","New Caledonia"
"NCL",10,6,0.364856880104013,116.25,0.472405281704872,2026.66666666666,116.25,2026.66666666667,0.9048565387111,0.0630910312603642,2025,"WHO",2025-06-01,0,0,NA,15,NA,FALSE,"no_lookup_match",NA,9,"2024/2025","Observed",3,3,3,20,NA,3,"Pacific Islands","New Caledonia",0.472405281704872,2026.66666666666,4.05027105013648,"Extremely Low","Rare good event - unusually low cases to date",-0.686220070189857,"Low",23.2000227729476,"Below average - fewer cases than typical at this point","New Caledonia"
"NCL",11,7,0.341233064220781,43.9166666666667,0.482428448050052,2070.58333333333,43.9166666666667,2070.58333333333,0.938090630724953,0.0332340920138523,2025,"WHO",2025-07-01,0,0,NA,14,NA,FALSE,"no_lookup_match",NA,9,"2024/2025","Observed",3,3,3,20,NA,3,"Pacific Islands","New Caledonia",0.482428448050052,2070.58333333333,3.77516056265892,"Extremely Low","Rare good event - unusually low cases to date",-0.69348356953407,"Low",23.2000227729476,"Below average - fewer cases than typical at this point","New Caledonia"
"NCL",12,8,0.415338048664265,23.5,0.508337616701193,2094.08333333333,23.5,2094.08333333333,1,0.0619093692750474,2025,"WHO",2025-08-01,0,0,NA,13,NA,FALSE,"no_lookup_match",NA,9,"2024/2025","Observed",3,3,3,20,NA,3,"Pacific Islands","New Caledonia",0.508337616701193,2094.08333333333,3.21450803457481,"Extremely Low","Rare good event - unusually low cases to date",-0.711870176134011,"Low",23.2000227729476,"Below average - fewer cases than typical at this point","New Caledonia"
"NCL",1,9,0.363606323507445,29.9166666666667,0.363606323507445,29.9166666666667,29.9166666666667,29.9166666666667,0.0623459798141881,0.0623459798141881,2025,"WHO",2025-09-01,2,2,2,12,1,TRUE,"applied_mean",NA,9,"2025/2026","Observed",2,5,2157,20,NA,2157,"Pacific Islands","New Caledonia",0.363606323507445,29.9166666666667,32.0728442387127,"Normal","Average - typical case load at this point",-0.559297374143409,"Low",23.2000227729476,"Below average - fewer cases than typical at this point","New Caledonia"
"NCL",2,10,0.310926572002768,26,0.345914102740616,55.9166666666667,26,55.9166666666667,0.110329685340512,0.0479837055263242,2025,"WHO",2025-10-01,0,0,0,11,1,TRUE,"applied_mean",NA,9,"2025/2026","Observed",2,5,2157,20,NA,2157,"Pacific Islands","New Caledonia",0.345914102740616,55.9166666666667,27.0410883452808,"Normal","Average - typical case load at this point",-0.565362120251251,"Low",23.2000227729476,"Below average - fewer cases than typical at this point","New Caledonia"
"NCL",3,11,0.28541826829877,44.75,0.32233265927749,100.666666666667,44.75,100.666666666667,0.174783612913322,0.0644539275728092,2025,"WHO",2025-11-01,0,0,0,10,1,TRUE,"applied_mean",NA,9,"2025/2026","Observed",2,5,2157,20,NA,2157,"Pacific Islands","New Caledonia",0.32233265927749,100.666666666667,24.0451169285945,"Low","Below average - fewer cases than typical at this point",-0.555575049144628,"Low",23.2000227729476,"Below average - fewer cases than typical at this point","New Caledonia"
"NCL",4,12,0.240116846692485,66.9166666666666,0.291341568288043,167.583333333333,66.9166666666667,167.583333333333,0.249215886342288,0.0744322734289666,2025,"WHO",2025-12-01,0,0,0,9,1,TRUE,"applied_mean",NA,9,"2025/2026","Observed",2,5,2157,20,NA,2157,"Pacific Islands","New Caledonia",0.291341568288043,167.583333333333,23.2000227729476,"Low","Below average - fewer cases than typical at this point",-0.532855979122831,"Low",23.2000227729476,"Below average - fewer cases than typical at this point","New Caledonia"
"NCL",5,1,0.315784958306296,180.333333333333,0.550960167889621,347.916666666667,180.333333333333,347.916666666667,0.31302838706969,0.0638125007274016,2026,"WHO",2026-01-01,42,42,42,8,1,TRUE,"applied_mean",NA,9,"2025/2026","Observed",44,42,2157,2155,NA,2157,"Pacific Islands","New Caledonia",0.550960167889621,347.916666666667,25.5201019781724,"Normal","Average - typical case load at this point",-0.647881803840849,"Low",15.6937777425266,"Below average - fewer cases than typical at this point","New Caledonia"
"NCL",6,2,0.275588171459701,335.333333333333,0.505222214895599,683.249999999999,335.333333333333,683.25,0.414245302199774,0.101216915130084,2026,"WHO",2026-02-01,132,132,132,7,1,TRUE,"applied_mean",NA,9,"2025/2026","Observed",176,174,2157,2155,NA,2157,"Pacific Islands","New Caledonia",0.505222214895599,683.249999999999,38.6444970169525,"Normal","Average - typical case load at this point",-0.5275008048487,"Low",15.6937777425266,"Below average - fewer cases than typical at this point","New Caledonia"
"NCL",7,3,0.291372633850495,502.5,0.451536684208841,1185.75,502.5,1185.75,0.54943474547593,0.135189443276157,2026,"WHO",2026-03-01,322,322,322,6,1,TRUE,"applied_mean",NA,9,"2025/2026","Observed",498,496,2157,2155,NA,2157,"Pacific Islands","New Caledonia",0.451536684208841,1185.75,50.3464162382037,"Normal","Average - typical case load at this point",-0.389673893597381,"Low",15.6937777425266,"Below average - fewer cases than typical at this point","New Caledonia"
"NCL",8,4,0.311563461921652,446.083333333333,0.447656994522835,1631.83333333334,446.083333333333,1631.83333333333,0.696535814114424,0.147101068638494,2026,"WHO",2026-04-01,910,910,910,5,1,TRUE,"applied_mean",NA,9,"2025/2026","Observed",1408,1406,2157,2155,NA,2157,"Pacific Islands","New Caledonia",0.447656994522835,1631.83333333334,65.8731210444589,"Normal","Average - typical case load at this point",-0.0917618346491548,"Low",15.6937777425266,"Below average - fewer cases than typical at this point","New Caledonia"
"NCL",9,5,0.296137680289162,278.583333333334,0.466429471563206,1910.41666666667,278.583333333333,1910.41666666667,0.841765507450736,0.145229693336312,2026,"WHO",2026-05-01,508,508,NA,4,NA,FALSE,"insufficient_n_rf",NA,9,"2025/2026","Observed",1916,1914,2157,2155,NA,2157,"Pacific Islands","New Caledonia",0.466429471563206,1910.41666666667,68.9152754164014,"Normal","Average - typical case load at this point",0.00199574679290414,"Low",15.6937777425266,"Below average - fewer cases than typical at this point","New Caledonia"
"NCL",10,6,0.364856880104013,116.25,0.472405281704872,2026.66666666666,116.25,2026.66666666667,0.9048565387111,0.0630910312603642,2026,"WHO",2026-06-01,181,181,NA,3,NA,FALSE,"no_lookup_match",NA,9,"2025/2026","Observed",2097,2095,2157,2155,NA,2157,"Pacific Islands","New Caledonia",0.472405281704872,2026.66666666666,69.5375118724265,"Normal","Average - typical case load at this point",0.0238498492521935,"Low",15.6937777425266,"Below average - fewer cases than typical at this point","New Caledonia"
"NCL",11,7,0.341233064220781,43.9166666666667,0.482428448050052,2070.58333333333,43.9166666666667,2070.58333333333,0.938090630724953,0.0332340920138523,2026,"WHO",2026-07-01,57,57,NA,2,NA,FALSE,"no_lookup_match",NA,9,"2025/2026","Observed",2154,2152,2157,2155,NA,2157,"Pacific Islands","New Caledonia",0.482428448050052,2070.58333333333,69.501850793035,"Normal","Average - typical case load at this point",0.0279786003427371,"Low",15.6937777425266,"Below average - fewer cases than typical at this point","New Caledonia"
"NCL",12,8,0.415338048664265,23.5,0.508337616701193,2094.08333333333,23.5,2094.08333333333,1,0.0619093692750474,2026,"WHO",2026-08-01,3,3,NA,1,NA,FALSE,"insufficient_n_rf",NA,9,"2025/2026","Observed",2157,2155,2157,2155,NA,2157,"Pacific Islands","New Caledonia",0.508337616701193,2094.08333333333,68.8636371099417,"Normal","Average - typical case load at this point",0.0214188013781219,"Low",15.6937777425266,"Below average - fewer cases than typical at this point","New Caledonia"
"NCL",1,9,0.363606323507445,29.9166666666667,0.363606323507445,29.9166666666667,29.9166666666667,29.9166666666667,0.0623459798141881,0.0623459798141881,2026,NA,2026-09-01,NA,NA,NA,NA,NA,NA,NA,NA,9,"2026/2027","Unobserved",0,2155,NA,2155,NA,NA,"Pacific Islands","New Caledonia",0.363606323507445,29.9166666666667,20.0301289077187,"Low","Below average - fewer cases than typical at this point",-0.599366439753683,"Low",15.6937777425266,"Below average - fewer cases than typical at this point","New Caledonia"
"NCL",2,10,0.310926572002768,26,0.345914102740616,55.9166666666667,26,55.9166666666667,0.110329685340512,0.0479837055263242,2026,NA,2026-10-01,NA,NA,NA,NA,NA,NA,NA,NA,9,"2026/2027","Unobserved",0,2155,NA,2155,NA,NA,"Pacific Islands","New Caledonia",0.345914102740616,55.9166666666667,17.1829197810029,"Low","Below average - fewer cases than typical at this point",-0.586333821775254,"Low",15.6937777425266,"Below average - fewer cases than typical at this point","New Caledonia"
"NCL",3,11,0.28541826829877,44.75,0.32233265927749,100.666666666667,44.75,100.666666666667,0.174783612913322,0.0644539275728092,2026,NA,2026-11-01,NA,NA,NA,NA,NA,NA,NA,NA,9,"2026/2027","Unobserved",0,2155,NA,2155,NA,NA,"Pacific Islands","New Caledonia",0.32233265927749,100.666666666667,15.684382697888,"Low","Below average - fewer cases than typical at this point",-0.566836705546209,"Low",15.6937777425266,"Below average - fewer cases than typical at this point","New Caledonia"
"NCL",4,12,0.240116846692485,66.9166666666666,0.291341568288043,167.583333333333,66.9166666666667,167.583333333333,0.249215886342288,0.0744322734289666,2026,NA,2026-12-01,NA,NA,NA,NA,NA,NA,NA,NA,9,"2026/2027","Unobserved",0,2155,NA,2155,NA,NA,"Pacific Islands","New Caledonia",0.291341568288043,167.583333333333,15.6937777425266,"Low","Below average - fewer cases than typical at this point",-0.539292085564174,"Low",15.6937777425266,"Below average - fewer cases than typical at this point","New Caledonia"
"NPL",11,1,0.429811026734913,73.5625,0.330393509200056,11354.5,73.5625,11354.5,0.977084069738173,0.0414965974573006,2025,"SEARO",2025-01-01,259,259,NA,20,NA,FALSE,"no_lookup_match",NA,3,"2024/2025","Observed",259,259,511,9163,NA,511,"South Asia","Nepal",0.330393509200056,11354.5,22.2417278864574,"Low","Below average - fewer cases than typical at this point",-0.561679143809939,"Normal",65.9780519910115,"Average - typical case load at this point","Nepal"
"NPL",12,2,0.263695789502805,65.875,0.33305602462676,11420.375,65.875,11420.375,1,0.022915930261827,2025,"SEARO",2025-02-01,252,252,NA,19,NA,FALSE,"no_lookup_match",NA,3,"2024/2025","Observed",511,511,511,9163,NA,511,"South Asia","Nepal",0.33305602462676,11420.375,27.4983316879125,"Normal","Average - typical case load at this point",-0.551279471028582,"Normal",65.9780519910115,"Average - typical case load at this point","Nepal"
"NPL",1,3,0.294099293828999,56.6875,0.294099293828999,56.6875,56.6875,56.6875,0.00984506965673806,0.00984506965673806,2025,"SEARO",2025-03-01,254,254,NA,18,NA,FALSE,"no_lookup_match",NA,3,"2025/2026","Observed",254,765,8393,9163,NA,8393,"South Asia","Nepal",0.294099293828999,56.6875,94.7458381734096,"High","Above average - more cases than typical at this point",1.88274117547846,"Normal",65.9780519910115,"Average - typical case load at this point","Nepal"
"NPL",2,4,0.26393509489501,58.625,0.280048376728978,115.3125,58.625,115.3125,0.0200276948910573,0.0101826252343192,2025,"SEARO",2025-04-01,224,224,NA,17,NA,FALSE,"no_lookup_match",NA,3,"2025/2026","Observed",478,989,8393,9163,NA,8393,"South Asia","Nepal",0.280048376728978,115.3125,93.8450250846077,"High","Above average - more cases than typical at this point",1.66244009464977,"Normal",65.9780519910115,"Average - typical case load at this point","Nepal"
"NPL",3,5,0.383181141624163,74,0.351335983074124,189.3125,74,189.3125,0.0362212523256304,0.0161935574345731,2025,"SEARO",2025-05-01,314,314,NA,16,NA,FALSE,"no_lookup_match",NA,3,"2025/2026","Observed",792,1303,8393,9163,NA,8393,"South Asia","Nepal",0.351335983074124,189.3125,94.6193195102809,"High","Above average - more cases than typical at this point",1.88526146056673,"Normal",65.9780519910115,"Average - typical case load at this point","Nepal"
"NPL",4,6,0.388205331629884,165.875,0.393388323428814,355.1875,165.875,355.1875,0.0620804790657882,0.0258592267401578,2025,"SEARO",2025-06-01,530,530,NA,15,NA,FALSE,"no_lookup_match",NA,3,"2025/2026","Observed",1322,1833,8393,9163,NA,8393,"South Asia","Nepal",0.393388323428814,355.1875,93.7071650149702,"High","Above average - more cases than typical at this point",1.70629825776294,"Normal",65.9780519910115,"Average - typical case load at this point","Nepal"
"NPL",5,7,0.31842454927245,669.375000000001,0.354530586585014,1024.5625,669.375,1024.5625,0.127828674373069,0.0657481953072809,2025,"SEARO",2025-07-01,830,830,NA,14,NA,FALSE,"no_lookup_match",NA,3,"2025/2026","Observed",2152,2663,8393,9163,NA,8393,"South Asia","Nepal",0.354530586585014,1024.5625,85.0006312062092,"High","Above average - more cases than typical at this point",0.655097206625353,"Normal",65.9780519910115,"Average - typical case load at this point","Nepal"
"NPL",6,8,0.312255930463065,1797.375,0.332555180963654,2821.9375,1797.375,2821.9375,0.272465525270557,0.144636850897488,2025,"SEARO",2025-08-01,1197,1197,NA,13,NA,FALSE,"no_lookup_match",NA,3,"2025/2026","Observed",3349,3860,8393,9163,NA,8393,"South Asia","Nepal",0.332555180963654,2821.9375,74.9352724784473,"Normal","Average - typical case load at this point",0.107701312896406,"Normal",65.9780519910115,"Average - typical case load at this point","Nepal"
"NPL",7,9,0.288166304699503,4073.375,0.312721692470875,6895.31250000001,4073.375,6895.3125,0.535252155977601,0.262786630707044,2025,"SEARO",2025-09-01,1636,1636,NA,12,NA,FALSE,"no_lookup_match",NA,3,"2025/2026","Observed",4985,5496,8393,9163,NA,8393,"South Asia","Nepal",0.312721692470875,6895.31250000001,66.5906078557435,"Normal","Average - typical case load at this point",-0.154924327606537,"Normal",65.9780519910115,"Average - typical case load at this point","Nepal"
"NPL",8,10,0.301730209332673,3219.875,0.310729705960748,10115.1875,3219.875,10115.1875,0.767490427206454,0.232238271228854,2025,"SEARO",2025-10-01,1869,1869,NA,11,NA,FALSE,"no_lookup_match",NA,3,"2025/2026","Observed",6854,7365,8393,9163,NA,8393,"South Asia","Nepal",0.310729705960748,10115.1875,65.5471879655024,"Normal","Average - typical case load at this point",-0.179715919027539,"Normal",65.9780519910115,"Average - typical case load at this point","Nepal"
"NPL",9,11,0.375379646957435,989.1875,0.318185645655181,11104.375,989.1875,11104.375,0.890153780859391,0.122663353652937,2025,"SEARO",2025-11-01,891,891,NA,10,NA,FALSE,"no_lookup_match",NA,3,"2025/2026","Observed",7745,8256,8393,9163,NA,8393,"South Asia","Nepal",0.318185645655181,11104.375,65.7319813167929,"Normal","Average - typical case load at this point",-0.170646912827467,"Normal",65.9780519910115,"Average - typical case load at this point","Nepal"
"NPL",10,12,0.491328852473604,176.5625,0.322688890299568,11280.9375,176.5625,11280.9375,0.935587472280872,0.0454336914214809,2025,"SEARO",2025-12-01,317,317,NA,9,NA,FALSE,"no_lookup_match",NA,3,"2025/2026","Observed",8062,8573,8393,9163,NA,8393,"South Asia","Nepal",0.322688890299568,11280.9375,65.9780519910115,"Normal","Average - typical case load at this point",-0.162088852112303,"Normal",65.9780519910115,"Average - typical case load at this point","Nepal"
"NPL",11,1,0.429811026734913,73.5625,0.330393509200056,11354.5,73.5625,11354.5,0.977084069738173,0.0414965974573006,2026,"SEARO",2026-01-01,144,144,NA,8,NA,FALSE,"no_lookup_match",NA,3,"2025/2026","Observed",8206,144,8393,14688,NA,8393,"South Asia","Nepal",0.330393509200056,11354.5,65.8724931317356,"Normal","Average - typical case load at this point",-0.159384145309864,"Normal",52.6943882892764,"Average - typical case load at this point","Nepal"
"NPL",12,2,0.263695789502805,65.875,0.33305602462676,11420.375,65.875,11420.375,1,0.022915930261827,2026,"SEARO",2026-02-01,187,187,NA,7,NA,FALSE,"no_lookup_match",NA,3,"2025/2026","Observed",8393,331,8393,14688,NA,8393,"South Asia","Nepal",0.33305602462676,11420.375,66.0742158725705,"Normal","Average - typical case load at this point",-0.152981237569078,"Normal",52.6943882892764,"Average - typical case load at this point","Nepal"
"NPL",1,3,0.294099293828999,56.6875,0.294099293828999,56.6875,56.6875,56.6875,0.00984506965673806,0.00984506965673806,2026,"SEARO",2026-03-01,174,174,NA,6,NA,FALSE,"no_lookup_match",NA,3,"2026/2027","Observed",174,505,13473,14688,NA,13473,"South Asia","Nepal",0.294099293828999,56.6875,90.5039602933638,"High","Above average - more cases than typical at this point",1.11938713537316,"Normal",52.6943882892764,"Average - typical case load at this point","Nepal"
"NPL",2,4,0.26393509489501,58.625,0.280048376728978,115.3125,58.625,115.3125,0.0200276948910573,0.0101826252343192,2026,"SEARO",2026-04-01,208,208,NA,5,NA,FALSE,"no_lookup_match",NA,3,"2026/2027","Observed",382,713,13473,14688,NA,13473,"South Asia","Nepal",0.280048376728978,115.3125,91.3566980742981,"High","Above average - more cases than typical at this point",1.22240770013279,"Normal",52.6943882892764,"Average - typical case load at this point","Nepal"
"NPL",3,5,0.383181141624163,74,0.351335983074124,189.3125,74,189.3125,0.0362212523256304,0.0161935574345731,2026,"SEARO",2026-05-01,244,244,NA,4,NA,FALSE,"no_lookup_match",NA,3,"2026/2027","Observed",626,957,13473,14688,NA,13473,"South Asia","Nepal",0.351335983074124,189.3125,91.8665077896706,"High","Above average - more cases than typical at this point",1.36599832261534,"Normal",52.6943882892764,"Average - typical case load at this point","Nepal"
"NPL",4,6,0.388205331629884,165.875,0.393388323428814,355.1875,165.875,355.1875,0.0620804790657882,0.0258592267401578,2026,"SEARO",2026-06-01,351,351,NA,3,NA,FALSE,"no_lookup_match",NA,3,"2026/2027","Observed",977,1308,13473,14688,NA,13473,"South Asia","Nepal",0.393388323428814,355.1875,89.5508123110809,"High","Above average - more cases than typical at this point",1.09741815026721,"Normal",52.6943882892764,"Average - typical case load at this point","Nepal"
"NPL",5,7,0.31842454927245,669.375000000001,0.354530586585014,1024.5625,669.375,1024.5625,0.127828674373069,0.0657481953072809,2026,"SEARO",2026-07-01,918,918,NA,2,NA,FALSE,"no_lookup_match",NA,3,"2026/2027","Observed",1895,2226,13473,14688,NA,13473,"South Asia","Nepal",0.354530586585014,1024.5625,82.7858340821555,"High","Above average - more cases than typical at this point",0.50576743703483,"Normal",52.6943882892764,"Average - typical case load at this point","Nepal"
"NPL",6,8,0.312255930463065,1797.375,0.332555180963654,2821.9375,1797.375,2821.9375,0.272465525270557,0.144636850897488,2026,"SEARO",2026-08-01,1776,1776,NA,1,NA,FALSE,"no_lookup_match",NA,3,"2026/2027","Observed",3671,4002,13473,14688,NA,13473,"South Asia","Nepal",0.332555180963654,2821.9375,76.6202072442606,"High","Above average - more cases than typical at this point",0.173499624771455,"Normal",52.6943882892764,"Average - typical case load at this point","Nepal"
"NPL",7,9,0.288166304699503,4073.375,0.312721692470875,6895.31250000001,4073.375,6895.3125,0.535252155977601,0.262786630707044,2026,"SEARO",2026-09-01,NA,0,NA,0,NA,FALSE,"no_lookup_match",NA,3,"2026/2027","Unobserved",3671,4002,13473,14688,NA,13473,"South Asia","Nepal",0.312721692470875,6895.31250000001,61.3258837929329,"Normal","Average - typical case load at this point",-0.261488340811177,"Normal",52.6943882892764,"Average - typical case load at this point","Nepal"
"NPL",8,10,0.301730209332673,3219.875,0.310729705960748,10115.1875,3219.875,10115.1875,0.767490427206454,0.232238271228854,2026,"SEARO",2026-10-01,NA,0,NA,-1,NA,FALSE,"no_lookup_match",NA,3,"2026/2027","Unobserved",3671,4002,13473,14688,NA,13473,"South Asia","Nepal",0.310729705960748,10115.1875,55.188871871374,"Normal","Average - typical case load at this point",-0.355123119706635,"Normal",52.6943882892764,"Average - typical case load at this point","Nepal"
"NPL",9,11,0.375379646957435,989.1875,0.318185645655181,11104.375,989.1875,11104.375,0.890153780859391,0.122663353652937,2026,"SEARO",2026-11-01,NA,0,NA,-2,NA,FALSE,"no_lookup_match",NA,3,"2026/2027","Unobserved",3671,4002,13473,14688,NA,13473,"South Asia","Nepal",0.318185645655181,11104.375,53.2380259798851,"Normal","Average - typical case load at this point",-0.37759478939948,"Normal",52.6943882892764,"Average - typical case load at this point","Nepal"
"NPL",10,12,0.491328852473604,176.5625,0.322688890299568,11280.9375,176.5625,11280.9375,0.935587472280872,0.0454336914214809,2026,"SEARO",2026-12-01,NA,0,NA,-3,NA,FALSE,"no_lookup_match",NA,3,"2026/2027","Unobserved",3671,4002,13473,14688,NA,13473,"South Asia","Nepal",0.322688890299568,11280.9375,52.6943882892764,"Normal","Average - typical case load at this point",-0.383196639891695,"Normal",52.6943882892764,"Average - typical case load at this point","Nepal"
"PAK",12,1,0.563232014519081,1150.1875,0.820020049665309,49023,1150.1875,49023,1,0.0343466746105192,2025,"WHO",2025-01-01,3743,3743,NA,20,NA,FALSE,"no_lookup_match",NA,2,"2024/2025","Observed",3743,3743,3743,28388,NA,3743,"South Asia","Pakistan",0.820020049665309,49023,10.7018323086625,"Low","Below average - fewer cases than typical at this point",-0.836402142795421,"Normal",42.9822066554585,"Average - typical case load at this point","Pakistan"
"PAK",1,2,0.552514021753644,705.5625,0.552514021753644,705.5625,705.5625,705.5625,0.0196389896589475,0.0196389896589475,2025,"WHO",2025-02-01,2496,2496,NA,19,NA,FALSE,"no_lookup_match",NA,2,"2025/2026","Observed",2496,6239,24891,28388,NA,24891,"South Asia","Pakistan",0.552514021753644,705.5625,94.4234631620849,"High","Above average - more cases than typical at this point",1.8854948446031,"Normal",42.9822066554585,"Average - typical case load at this point","Pakistan"
"PAK",2,3,0.593797840333917,600.1875,0.559863629728904,1305.75,600.1875,1305.75,0.034129480293964,0.0144904906350165,2025,"WHO",2025-03-01,615,615,NA,18,NA,FALSE,"no_lookup_match",NA,2,"2025/2026","Observed",3111,6854,24891,28388,NA,24891,"South Asia","Pakistan",0.559863629728904,1305.75,88.0761628751619,"High","Above average - more cases than typical at this point",1.03424959876214,"Normal",42.9822066554585,"Average - typical case load at this point","Pakistan"
"PAK",3,4,0.557542380424875,972.625,0.550302439675854,2278.375,972.625,2278.375,0.0556441825932933,0.0215147022993293,2025,"WHO",2025-04-01,431,431,NA,17,NA,FALSE,"no_lookup_match",NA,2,"2025/2026","Observed",3542,7285,24891,28388,NA,24891,"South Asia","Pakistan",0.550302439675854,2278.375,78.6182841630614,"High","Above average - more cases than typical at this point",0.411378206274473,"Normal",42.9822066554585,"Average - typical case load at this point","Pakistan"
"PAK",4,5,0.680902910074401,3630.68750000001,0.743560953378158,5909.0625,3630.6875,5909.0625,0.13126152960428,0.0756173470109872,2025,"WHO",2025-05-01,499,499,NA,16,NA,FALSE,"no_lookup_match",NA,2,"2025/2026","Observed",4041,7784,24891,28388,NA,24891,"South Asia","Pakistan",0.743560953378158,5909.0625,53.6701354626092,"Normal","Average - typical case load at this point",-0.272586148835865,"Normal",42.9822066554585,"Average - typical case load at this point","Pakistan"
"PAK",5,6,0.736523926171851,2556.1875,0.763281669003582,8465.25000000001,2556.1875,8465.25,0.183819487990003,0.052557958385723,2025,"WHO",2025-06-01,598,598,NA,15,NA,FALSE,"no_lookup_match",NA,2,"2025/2026","Observed",4639,8382,24891,28388,NA,24891,"South Asia","Pakistan",0.763281669003582,8465.25000000001,46.8826271561511,"Normal","Average - typical case load at this point",-0.394872047710401,"Normal",42.9822066554585,"Average - typical case load at this point","Pakistan"
"PAK",6,7,0.740956116167718,1827.3125,0.7623297312596,10292.5625,1827.3125,10292.5625,0.221119798209314,0.0373003102193108,2025,"WHO",2025-07-01,1029,1029,NA,14,NA,FALSE,"no_lookup_match",NA,2,"2025/2026","Observed",5668,9411,24891,28388,NA,24891,"South Asia","Pakistan",0.7623297312596,10292.5625,47.0402792210607,"Normal","Average - typical case load at this point",-0.392285708621134,"Normal",42.9822066554585,"Average - typical case load at this point","Pakistan"
"PAK",7,8,0.760914975806126,4198.56249999999,0.787589206321273,14491.1249999999,4198.5625,14491.125,0.304439966591268,0.0833201683819538,2025,"WHO",2025-08-01,1015,1015,NA,13,NA,FALSE,"no_lookup_match",NA,2,"2025/2026","Observed",6683,10426,24891,28388,NA,24891,"South Asia","Pakistan",0.787589206321273,14491.1249999999,41.5926834220031,"Normal","Average - typical case load at this point",-0.478170446495739,"Normal",42.9822066554585,"Average - typical case load at this point","Pakistan"
"PAK",8,9,0.76242888713651,13995.625,0.819640021475739,28486.75,13995.625,28486.75,0.585032949463572,0.280592982872304,2025,"WHO",2025-09-01,3275,3275,3275,12,1,TRUE,"applied_mean",NA,2,"2025/2026","Observed",9958,13701,24891,28388,NA,24891,"South Asia","Pakistan",0.819640021475739,28486.75,33.8040724053745,"Normal","Average - typical case load at this point",-0.588855244830736,"Normal",42.9822066554585,"Average - typical case load at this point","Pakistan"
"PAK",9,10,0.771355389617291,11919.125,0.811508531188762,40405.875,11919.125,40405.875,0.818818418465938,0.233785469002366,2025,"WHO",2025-10-01,7780,7780,7780,11,1,TRUE,"applied_mean",NA,2,"2025/2026","Observed",17738,21481,24891,28388,NA,24891,"South Asia","Pakistan",0.811508531188762,40405.875,39.6988601212705,"Normal","Average - typical case load at this point",-0.505368858858981,"Normal",42.9822066554585,"Average - typical case load at this point","Pakistan"
"PAK",10,11,0.75894421822417,5527.8125,0.811052536223672,45933.6874999999,5527.8125,45933.6875,0.929180606604236,0.110362188138298,2025,"WHO",2025-11-01,5067,5115,5067,10,0.990709226382118,TRUE,"applied_mean",NA,2,"2025/2026","Observed",22805,26548,24891,28388,NA,24891,"South Asia","Pakistan",0.811052536223672,45933.6874999999,43.0366600511497,"Normal","Average - typical case load at this point",-0.453461412012273,"Normal",42.9822066554585,"Average - typical case load at this point","Pakistan"
"PAK",11,12,0.644942653305488,1939.125,0.808449682553933,47872.8125,1939.125,47872.8125,0.965653325389481,0.0364727187852447,2025,"WHO",2025-12-01,865,884,865,9,0.978573866889447,TRUE,"applied_mean",NA,2,"2025/2026","Observed",23670,27413,24891,28388,NA,24891,"South Asia","Pakistan",0.808449682553933,47872.8125,42.9822066554585,"Normal","Average - typical case load at this point",-0.454568904627551,"Normal",42.9822066554585,"Average - typical case load at this point","Pakistan"
"PAK",12,1,0.563232014519081,1150.1875,0.820020049665309,49023,1150.1875,49023,1,0.0343466746105192,2026,"WHO",2026-01-01,1221,1218,1221,8,1.00249958265346,TRUE,"applied_mean",NA,2,"2025/2026","Observed",24891,1221,24891,29030,NA,24891,"South Asia","Pakistan",0.820020049665309,49023,43.4608558537665,"Normal","Average - typical case load at this point",-0.445760965325511,"Low",19.2816766489827,"Below average - fewer cases than typical at this point","Pakistan"
"PAK",1,2,0.552514021753644,705.5625,0.552514021753644,705.5625,705.5625,705.5625,0.0196389896589475,0.0196389896589475,2026,"WHO",2026-02-01,303,304,303,7,0.997879394305409,TRUE,"applied_mean",NA,2,"2026/2027","Observed",303,1524,25020,29030,NA,25020,"South Asia","Pakistan",0.552514021753644,705.5625,46.853774497267,"Normal","Average - typical case load at this point",-0.423935221631883,"Low",19.2816766489827,"Below average - fewer cases than typical at this point","Pakistan"
"PAK",2,3,0.593797840333917,600.1875,0.559863629728904,1305.75,600.1875,1305.75,0.034129480293964,0.0144904906350165,2026,"WHO",2026-03-01,277,283,277,6,0.979528648244155,TRUE,"applied_mean",NA,2,"2026/2027","Observed",580,1801,25020,29030,NA,25020,"South Asia","Pakistan",0.559863629728904,1305.75,47.3258158270838,"Normal","Average - typical case load at this point",-0.41579096873099,"Low",19.2816766489827,"Below average - fewer cases than typical at this point","Pakistan"
"PAK",3,4,0.557542380424875,972.625,0.550302439675854,2278.375,972.625,2278.375,0.0556441825932933,0.0215147022993293,2026,"WHO",2026-04-01,1643,1618,1643,5,1.01526529027167,TRUE,"applied_mean",NA,2,"2026/2027","Observed",2223,3444,25020,29030,NA,25020,"South Asia","Pakistan",0.550302439675854,2278.375,66.8705405522521,"Normal","Average - typical case load at this point",-0.0180275541972105,"Low",19.2816766489827,"Below average - fewer cases than typical at this point","Pakistan"
"PAK",4,5,0.680902910074401,3630.68750000001,0.743560953378158,5909.0625,3630.6875,5909.0625,0.13126152960428,0.0756173470109872,2026,"WHO",2026-05-01,2066,1949,2066,4,1.06025770066907,TRUE,"applied_mean",NA,2,"2026/2027","Observed",4289,5510,25020,29030,NA,25020,"South Asia","Pakistan",0.743560953378158,5909.0625,55.4370895485753,"Normal","Average - typical case load at this point",-0.236398192109955,"Low",19.2816766489827,"Below average - fewer cases than typical at this point","Pakistan"
"PAK",5,6,0.736523926171851,2556.1875,0.763281669003582,8465.25000000001,2556.1875,8465.25,0.183819487990003,0.052557958385723,2026,"WHO",2026-06-01,1316,1171,1316,3,1.12370606523562,TRUE,"applied_mean",NA,2,"2026/2027","Observed",5605,6826,25020,29030,NA,25020,"South Asia","Pakistan",0.763281669003582,8465.25000000001,52.3422879126312,"Normal","Average - typical case load at this point",-0.29518007826558,"Low",19.2816766489827,"Below average - fewer cases than typical at this point","Pakistan"
"PAK",6,7,0.740956116167718,1827.3125,0.7623297312596,10292.5625,1827.3125,10292.5625,0.221119798209314,0.0373003102193108,2026,"WHO",2026-07-01,937,639,937,2,1.46563026652075,TRUE,"applied_mean",NA,2,"2026/2027","Observed",6542,7763,25020,29030,NA,25020,"South Asia","Pakistan",0.7623297312596,10292.5625,51.1550178659838,"Normal","Average - typical case load at this point",-0.318147298915378,"Low",19.2816766489827,"Below average - fewer cases than typical at this point","Pakistan"
"PAK",7,8,0.760914975806126,4198.56249999999,0.787589206321273,14491.1249999999,4198.5625,14491.125,0.304439966591268,0.0833201683819538,2026,"WHO",2026-08-01,1075,1075,NA,1,NA,FALSE,"no_lookup_match",NA,2,"2026/2027","Observed",7617,8838,25020,29030,NA,25020,"South Asia","Pakistan",0.787589206321273,14491.1249999999,45.1637139852808,"Normal","Average - typical case load at this point",-0.420972182248301,"Low",19.2816766489827,"Below average - fewer cases than typical at this point","Pakistan"
"PAK",8,9,0.76242888713651,13995.625,0.819640021475739,28486.75,13995.625,28486.75,0.585032949463572,0.280592982872304,2026,NA,2026-09-01,NA,NA,NA,NA,NA,NA,NA,NA,2,"2026/2027","Unobserved",7617,8838,25020,29030,NA,25020,"South Asia","Pakistan",0.819640021475739,28486.75,27.9328129365544,"Normal","Average - typical case load at this point",-0.663253686611685,"Low",19.2816766489827,"Below average - fewer cases than typical at this point","Pakistan"
"PAK",9,10,0.771355389617291,11919.125,0.811508531188762,40405.875,11919.125,40405.875,0.818818418465938,0.233785469002366,2026,NA,2026-10-01,NA,NA,NA,NA,NA,NA,NA,NA,2,"2026/2027","Unobserved",7617,8838,25020,29030,NA,25020,"South Asia","Pakistan",0.811508531188762,40405.875,21.80050160879,"Low","Below average - fewer cases than typical at this point",-0.731011457493028,"Low",19.2816766489827,"Below average - fewer cases than typical at this point","Pakistan"
"PAK",10,11,0.75894421822417,5527.8125,0.811052536223672,45933.6874999999,5527.8125,45933.6875,0.929180606604236,0.110362188138298,2026,NA,2026-11-01,NA,NA,NA,NA,NA,NA,NA,NA,2,"2026/2027","Unobserved",7617,8838,25020,29030,NA,25020,"South Asia","Pakistan",0.811052536223672,45933.6874999999,19.8169916548146,"Low","Below average - fewer cases than typical at this point",-0.751237579624137,"Low",19.2816766489827,"Below average - fewer cases than typical at this point","Pakistan"
"PAK",11,12,0.644942653305488,1939.125,0.808449682553933,47872.8125,1939.125,47872.8125,0.965653325389481,0.0364727187852447,2026,NA,2026-12-01,NA,NA,NA,NA,NA,NA,NA,NA,2,"2026/2027","Unobserved",7617,8838,25020,29030,NA,25020,"South Asia","Pakistan",0.808449682553933,47872.8125,19.2816766489827,"Low","Below average - fewer cases than typical at this point",-0.756070832388471,"Low",19.2816766489827,"Below average - fewer cases than typical at this point","Pakistan"
"PAN",10,1,1.0414584285569,994.874999999999,1.30427947881971,9137.4375,994.875,9137.4375,0.911973472174664,0.111224087952596,2025,"PAHO",2025-01-01,2339,2339,NA,86,NA,FALSE,"no_lookup_match","current_month_missing",4,"2024/2025","Observed",2339,2339,4947,24738,NA,4947,"North & Central America","Panama",1.30427947881971,9137.4375,17.000948646169,"Low","Below average - fewer cases than typical at this point",-0.849647975846336,"High",84.8751572872993,"Above average - more cases than typical at this point","Panama"
"PAN",11,2,1.11252470591622,468.875,1.31551649324341,9606.3125,468.875,9606.3125,0.961858559277359,0.0498850871026942,2025,"PAHO",2025-02-01,1335,1335,NA,82,NA,FALSE,"no_lookup_match","current_month_missing",4,"2024/2025","Observed",3674,3674,4947,24738,NA,4947,"North & Central America","Panama",1.31551649324341,9606.3125,26.0972277423881,"Normal","Average - typical case load at this point",-0.708248598956573,"High",84.8751572872993,"Above average - more cases than typical at this point","Panama"
"PAN",12,3,1.233353400558,359.3125,1.32209287861838,9965.62500000001,359.3125,9965.625,1,0.0381414407226414,2025,"PAHO",2025-03-01,1273,1273,NA,77,NA,FALSE,"no_lookup_match","current_month_missing",4,"2024/2025","Observed",4947,4947,4947,24738,NA,4947,"North & Central America","Panama",1.32209287861838,9965.62500000001,33.8985731066875,"Normal","Average - typical case load at this point",-0.579005090175729,"High",84.8751572872993,"Above average - more cases than typical at this point","Panama"
"PAN",1,4,1.12073960642034,274.625,1.12073960642034,274.625,274.625,274.625,0.0319138713064926,0.0319138713064926,2025,"PAHO",2025-04-01,827,827,NA,73,NA,FALSE,"no_lookup_match","current_month_missing",4,"2025/2026","Observed",827,5774,17339,24738,NA,17339,"North & Central America","Panama",1.12073960642034,274.625,95.6641700082058,"Extremely High","Rare bad event - unusually high cases to date",2.12501467728976,"High",84.8751572872993,"Above average - more cases than typical at this point","Panama"
"PAN",2,5,1.70976279249224,351.625,1.47182898096717,626.25,351.625,626.25,0.081262017794933,0.0493481464884403,2025,"PAHO",2025-05-01,962,962,NA,69,NA,FALSE,"no_lookup_match","current_month_missing",4,"2025/2026","Observed",1789,6736,17339,24738,NA,17339,"North & Central America","Panama",1.47182898096717,626.25,96.3373872730488,"Extremely High","Rare bad event - unusually high cases to date",2.24987058672581,"High",84.8751572872993,"Above average - more cases than typical at this point","Panama"
"PAN",3,6,1.03234354879405,624.9375,1.30567451176053,1251.1875,624.9375,1251.1875,0.146051394162778,0.0647893763678453,2025,"PAHO",2025-06-01,1813,1813,NA,64,NA,FALSE,"no_lookup_match","current_month_missing",4,"2025/2026","Observed",3602,8549,17339,24738,NA,17339,"North & Central America","Panama",1.30567451176053,1251.1875,95.8255547931711,"Extremely High","Rare bad event - unusually high cases to date",2.14578681345041,"High",84.8751572872993,"Above average - more cases than typical at this point","Panama"
"PAN",4,7,0.882048062081433,1231.75,1.14365724081327,2482.9375,1231.75,2482.9375,0.252559714902093,0.106508320739315,2025,"PAHO",2025-07-01,2331,2331,NA,60,NA,FALSE,"no_lookup_match","current_month_missing",4,"2025/2026","Observed",5933,10880,17339,24738,NA,17339,"North & Central America","Panama",1.14365724081327,2482.9375,91.6259360077219,"High","Above average - more cases than typical at this point",1.48562473124175,"High",84.8751572872993,"Above average - more cases than typical at this point","Panama"
"PAN",5,8,0.975255831508233,1208.75,1.13305271662702,3691.6875,1208.75,3691.6875,0.360598390680036,0.108038675777943,2025,"PAHO",2025-08-01,1989,1989,NA,56,NA,FALSE,"no_lookup_match","current_month_missing",4,"2025/2026","Observed",7922,12869,17339,24738,NA,17339,"North & Central America","Panama",1.13305271662702,3691.6875,89.0102889799059,"High","Above average - more cases than typical at this point",1.21956777723284,"High",84.8751572872993,"Above average - more cases than typical at this point","Panama"
"PAN",6,9,0.905933147971305,1191.6875,1.11509461627924,4883.375,1191.6875,4883.375,0.464620872497947,0.10402248181791,2025,"PAHO",2025-09-01,2406,2406,NA,51,1,TRUE,"applied_mean","previous_month_missing",4,"2025/2026","Observed",10328,15275,17339,24738,NA,17339,"North & Central America","Panama",1.11509461627924,4883.375,88.5416196372305,"High","Above average - more cases than typical at this point",1.17721063829726,"High",84.8751572872993,"Above average - more cases than typical at this point","Panama"
"PAN",7,10,1.18913419522384,1146.375,1.14815523691414,6029.75,1146.375,6029.75,0.5779621801603,0.113341307662354,2025,"PAHO",2025-10-01,1624,1624,1624,47,1,TRUE,"applied_mean","not_missing",4,"2025/2026","Observed",11952,16899,17339,24738,NA,17339,"North & Central America","Panama",1.14815523691414,6029.75,86.9470707551824,"High","Above average - more cases than typical at this point",1.05231652838147,"High",84.8751572872993,"Above average - more cases than typical at this point","Panama"
"PAN",8,11,1.19618267217609,1010.4375,1.1777767306619,7040.18750000001,1010.4375,7040.1875,0.67885854244927,0.10089636228897,2025,"PAHO",2025-11-01,1427,1427,1427,43,1,TRUE,"applied_mean","not_missing",4,"2025/2026","Observed",13379,18326,17339,24738,NA,17339,"North & Central America","Panama",1.1777767306619,7040.18750000001,85.8627309575149,"High","Above average - more cases than typical at this point",0.977054615178354,"High",84.8751572872993,"Above average - more cases than typical at this point","Panama"
"PAN",9,12,1.23915930453774,1102.375,1.23410081456723,8142.5625,1102.375,8142.5625,0.800749384222069,0.121890841772798,2025,"PAHO",2025-12-01,1483,1483,1483,38,1,TRUE,"applied_mean","not_missing",4,"2025/2026","Observed",14862,19809,17339,24738,NA,17339,"North & Central America","Panama",1.23410081456723,8142.5625,84.8751572872993,"High","Above average - more cases than typical at this point",0.916672554795922,"High",84.8751572872993,"Above average - more cases than typical at this point","Panama"
"PAN",10,1,1.0414584285569,994.874999999999,1.30427947881971,9137.4375,994.875,9137.4375,0.911973472174664,0.111224087952596,2026,"PAHO",2026-01-01,1035,1036,1035,34,0.999364958404775,TRUE,"applied_mean","not_missing",4,"2025/2026","Observed",15897,1035,17339,25397,NA,17339,"North & Central America","Panama",1.30427947881971,9137.4375,83.6015258197802,"High","Above average - more cases than typical at this point",0.84478949695894,"Normal",53.787694670491,"Average - typical case load at this point","Panama"
"PAN",11,2,1.11252470591622,468.875,1.31551649324341,9606.3125,468.875,9606.3125,0.961858559277359,0.0498850871026942,2026,"PAHO",2026-02-01,722,756,722,30,0.980684621523889,TRUE,"applied_mean","not_missing",4,"2025/2026","Observed",16619,1757,17339,25397,NA,17339,"North & Central America","Panama",1.31551649324341,9606.3125,83.4552716622646,"High","Above average - more cases than typical at this point",0.837232714358065,"Normal",53.787694670491,"Average - typical case load at this point","Panama"
"PAN",12,3,1.233353400558,359.3125,1.32209287861838,9965.62500000001,359.3125,9965.625,1,0.0381414407226414,2026,"PAHO",2026-03-01,720,815,720,25,0.94998255429646,TRUE,"applied_mean","not_missing",4,"2025/2026","Observed",17339,2477,17339,25397,NA,17339,"North & Central America","Panama",1.32209287861838,9965.62500000001,83.6728289040121,"High","Above average - more cases than typical at this point",0.850675564875729,"Normal",53.787694670491,"Average - typical case load at this point","Panama"
"PAN",1,4,1.12073960642034,274.625,1.12073960642034,274.625,274.625,274.625,0.0319138713064926,0.0319138713064926,2026,"PAHO",2026-04-01,521,565,521,21,0.945061475846768,TRUE,"applied_mean","not_missing",4,"2026/2027","Observed",521,2998,18528,25397,NA,18528,"North & Central America","Panama",1.12073960642034,274.625,85.5516092476797,"High","Above average - more cases than typical at this point",0.947817137121097,"Normal",53.787694670491,"Average - typical case load at this point","Panama"
"PAN",2,5,1.70976279249224,351.625,1.47182898096717,626.25,351.625,626.25,0.081262017794933,0.0493481464884403,2026,"PAHO",2026-05-01,721,711,721,17,0.957718136837861,TRUE,"applied_mean","not_missing",4,"2026/2027","Observed",1242,3719,18528,25397,NA,18528,"North & Central America","Panama",1.47182898096717,626.25,88.4622438249695,"High","Above average - more cases than typical at this point",1.19144942057744,"Normal",53.787694670491,"Average - typical case load at this point","Panama"
"PAN",3,6,1.03234354879405,624.9375,1.30567451176053,1251.1875,624.9375,1251.1875,0.146051394162778,0.0647893763678453,2026,"PAHO",2026-06-01,1699,1811,1699,12,0.951537992717454,TRUE,"applied_mean","not_missing",4,"2026/2027","Observed",2941,5418,18528,25397,NA,18528,"North & Central America","Panama",1.30567451176053,1251.1875,92.0817333104977,"High","Above average - more cases than typical at this point",1.54243580876981,"Normal",53.787694670491,"Average - typical case load at this point","Panama"
"PAN",4,7,0.882048062081433,1231.75,1.14365724081327,2482.9375,1231.75,2482.9375,0.252559714902093,0.106508320739315,2026,"PAHO",2026-07-01,2052,2154,2052,8,0.951876239903428,TRUE,"applied_mean","not_missing",4,"2026/2027","Observed",4993,7470,18528,25397,NA,18528,"North & Central America","Panama",1.14365724081327,2482.9375,87.3286252087154,"High","Above average - more cases than typical at this point",1.08085315177986,"Normal",53.787694670491,"Average - typical case load at this point","Panama"
"PAN",5,8,0.975255831508233,1208.75,1.13305271662702,3691.6875,1208.75,3691.6875,0.360598390680036,0.108038675777943,2026,"PAHO",2026-08-01,1688,1608,1688,5,0.968526486210583,TRUE,"applied_mean","not_missing",4,"2026/2027","Observed",6681,9158,18528,25397,NA,18528,"North & Central America","Panama",1.13305271662702,3691.6875,84.1821905029199,"High","Above average - more cases than typical at this point",0.861796664213186,"Normal",53.787694670491,"Average - typical case load at this point","Panama"
"PAN",6,9,0.905933147971305,1191.6875,1.11509461627924,4883.375,1191.6875,4883.375,0.464620872497947,0.10402248181791,2026,NA,2026-09-01,NA,NA,NA,NA,NA,NA,NA,NA,4,"2026/2027","Unobserved",6681,9158,18528,25397,NA,18528,"North & Central America","Panama",1.11509461627924,4883.375,74.5693505546747,"Normal","Average - typical case load at this point",0.388673834041667,"Normal",53.787694670491,"Average - typical case load at this point","Panama"
"PAN",7,10,1.18913419522384,1146.375,1.14815523691414,6029.75,1146.375,6029.75,0.5779621801603,0.113341307662354,2026,NA,2026-10-01,NA,NA,NA,NA,NA,NA,NA,NA,4,"2026/2027","Unobserved",6681,9158,18528,25397,NA,18528,"North & Central America","Panama",1.14815523691414,6029.75,66.4330429478447,"Normal","Average - typical case load at this point",0.115719724616224,"Normal",53.787694670491,"Average - typical case load at this point","Panama"
"PAN",8,11,1.19618267217609,1010.4375,1.1777767306619,7040.18750000001,1010.4375,7040.1875,0.67885854244927,0.10089636228897,2026,NA,2026-11-01,NA,NA,NA,NA,NA,NA,NA,NA,4,"2026/2027","Unobserved",6681,9158,18528,25397,NA,18528,"North & Central America","Panama",1.1777767306619,7040.18750000001,60.0915232297497,"Normal","Average - typical case load at this point",-0.055364597799569,"Normal",53.787694670491,"Average - typical case load at this point","Panama"
"PAN",9,12,1.23915930453774,1102.375,1.23410081456723,8142.5625,1102.375,8142.5625,0.800749384222069,0.121890841772798,2026,NA,2026-12-01,NA,NA,NA,NA,NA,NA,NA,NA,4,"2026/2027","Unobserved",6681,9158,18528,25397,NA,18528,"North & Central America","Panama",1.23410081456723,8142.5625,53.787694670491,"Normal","Average - typical case load at this point",-0.199387855139499,"Normal",53.787694670491,"Average - typical case load at this point","Panama"
"PER",5,1,2.00158719666197,4669.8125,1.88177106779366,15004.4375,4669.8125,15004.4375,0.318535307387107,0.113578880404677,2025,"PAHO",2025-01-01,6182,6182,NA,86,NA,FALSE,"no_lookup_match","current_month_missing",9,"2024/2025","Observed",6182,6182,32252,188347,NA,32252,"South America","Peru",1.88177106779366,15004.4375,21.1463710113723,"Low","Below average - fewer cases than typical at this point",-0.806538370355821,"Normal",41.6485074641325,"Average - typical case load at this point","Peru"
"PER",6,2,1.15356978406265,6133.1875,1.77741394179923,21137.625,6133.1875,21137.625,0.424290637811876,0.105755330424768,2025,"PAHO",2025-02-01,4516,4516,NA,82,NA,FALSE,"no_lookup_match","current_month_missing",9,"2024/2025","Observed",10698,10698,32252,188347,NA,32252,"South America","Peru",1.77741394179923,21137.625,29.0527305337634,"Normal","Average - typical case load at this point",-0.658422619757538,"Normal",41.6485074641325,"Average - typical case load at this point","Peru"
"PER",7,3,0.755769322061587,10154.125,1.35713427183386,31291.75,10154.125,31291.75,0.544950503258163,0.120659865446287,2025,"PAHO",2025-03-01,7093,7093,NA,77,NA,FALSE,"no_lookup_match","current_month_missing",9,"2024/2025","Observed",17791,17791,32252,188347,NA,32252,"South America","Peru",1.35713427183386,31291.75,38.1560547318047,"Normal","Average - typical case load at this point",-0.502608738204788,"Normal",41.6485074641325,"Average - typical case load at this point","Peru"
"PER",8,4,0.727821199736064,11828.5,1.22732990098889,43120.25,11828.5,43120.25,0.681557821070018,0.136607317811856,2025,"PAHO",2025-04-01,6207,6207,NA,73,NA,FALSE,"no_lookup_match","current_month_missing",9,"2024/2025","Observed",23998,23998,32252,188347,NA,32252,"South America","Peru",1.22732990098889,43120.25,39.1328230548476,"Normal","Average - typical case load at this point",-0.491283522798007,"Normal",41.6485074641325,"Average - typical case load at this point","Peru"
"PER",9,5,0.643648941463995,11861.5,1.16302782337029,54981.7499999999,11861.5,54981.75,0.819930395799216,0.138372574729197,2025,"PAHO",2025-05-01,3573,3573,NA,69,NA,FALSE,"no_lookup_match","current_month_missing",9,"2024/2025","Observed",27571,27571,32252,188347,NA,32252,"South America","Peru",1.16302782337029,54981.7499999999,36.6239806265953,"Normal","Average - typical case load at this point",-0.537641543111114,"Normal",41.6485074641325,"Average - typical case load at this point","Peru"
"PER",10,6,0.709251186994602,6276.93750000001,1.15358906275312,61258.6875000001,6276.9375,61258.6875,0.903088897380609,0.0831585015813933,2025,"PAHO",2025-06-01,2451,2451,NA,64,NA,FALSE,"no_lookup_match","current_month_missing",9,"2024/2025","Observed",30022,30022,32252,188347,NA,32252,"South America","Peru",1.15358906275312,61258.6875000001,36.0466127463317,"Normal","Average - typical case load at this point",-0.547669759112137,"Normal",41.6485074641325,"Average - typical case load at this point","Peru"
"PER",11,7,0.724792868674395,4106.6875,1.15208443057838,65365.3750000001,4106.6875,65365.375,0.960279031042413,0.057190133661804,2025,"PAHO",2025-07-01,1191,1191,NA,60,NA,FALSE,"no_lookup_match","current_month_missing",9,"2024/2025","Observed",31213,31213,32252,188347,NA,32252,"South America","Peru",1.15208443057838,65365.3750000001,35.2573612140444,"Normal","Average - typical case load at this point",-0.560804487205967,"Normal",41.6485074641325,"Average - typical case load at this point","Peru"
"PER",12,8,0.91873217948213,2416.8125,1.16188984329064,67782.1875,2416.8125,67782.1875,1,0.0397209689575869,2025,"PAHO",2025-08-01,1039,1039,NA,56,NA,FALSE,"no_lookup_match","current_month_missing",9,"2024/2025","Observed",32252,32252,32252,188347,NA,32252,"South America","Peru",1.16188984329064,67782.1875,34.9840831084186,"Normal","Average - typical case load at this point",-0.565015906419666,"Normal",41.6485074641325,"Average - typical case load at this point","Peru"
"PER",1,9,0.806177087771703,1797.625,0.806177087771703,1797.625,1797.625,1797.625,0.0313559885419931,0.0313559885419931,2025,"PAHO",2025-09-01,1276,1276,NA,51,0.951246429568071,TRUE,"applied_mean","replaced_with_uncor",9,"2025/2026","Observed",1276,33528,55872,188347,NA,55872,"South America","Peru",0.806177087771703,1797.625,53.7082196503388,"Normal","Average - typical case load at this point",-0.26048166677212,"Normal",41.6485074641325,"Average - typical case load at this point","Peru"
"PER",2,10,1.03565117138428,2156.3125,0.965565652930691,3953.9375,2156.3125,3953.9375,0.0689900281297871,0.037634039587794,2025,"PAHO",2025-10-01,946,1100,946,47,0.948336148086641,TRUE,"applied_mean","not_missing",9,"2025/2026","Observed",2222,34474,55872,188347,NA,55872,"South America","Peru",0.965565652930691,3953.9375,43.6009983617576,"Normal","Average - typical case load at this point",-0.430368323374002,"Normal",41.6485074641325,"Average - typical case load at this point","Peru"
"PER",3,11,0.907706574623066,3525.25,1.04734109612153,7479.18750000001,3525.25,7479.1875,0.144404654623676,0.0754146264938888,2025,"PAHO",2025-11-01,1564,1751,1564,43,0.945669840272493,TRUE,"applied_mean","not_missing",9,"2025/2026","Observed",3786,36038,55872,188347,NA,55872,"South America","Peru",1.04734109612153,7479.18750000001,38.8732261232258,"Normal","Average - typical case load at this point",-0.505313152784544,"Normal",41.6485074641325,"Average - typical case load at this point","Peru"
"PER",4,12,1.60461890662919,2855.4375,1.30828426181525,10334.625,2855.4375,10334.625,0.20495642698243,0.0605517723587542,2025,"PAHO",2025-12-01,2565,2832,2565,38,0.942789030683527,TRUE,"applied_mean","not_missing",9,"2025/2026","Observed",6351,38603,55872,188347,NA,55872,"South America","Peru",1.30828426181525,10334.625,41.6485074641325,"Normal","Average - typical case load at this point",-0.440866701282011,"Normal",41.6485074641325,"Average - typical case load at this point","Peru"
"PER",5,1,2.00158719666197,4669.8125,1.88177106779366,15004.4375,4669.8125,15004.4375,0.318535307387107,0.113578880404677,2026,"PAHO",2026-01-01,2204,2345,2204,34,0.939840233521528,TRUE,"applied_mean","not_missing",9,"2025/2026","Observed",8555,2204,55872,49521,NA,55872,"South America","Peru",1.88177106779366,15004.4375,32.6303900864058,"Normal","Average - typical case load at this point",-0.589601095044507,"Extremely Low",0.0007957360109953,"Rare good event - unusually low cases to date","Peru"
"PER",6,2,1.15356978406265,6133.1875,1.77741394179923,21137.625,6133.1875,21137.625,0.424290637811876,0.105755330424768,2026,"PAHO",2026-02-01,2589,2619,2589,30,0.965538169540361,TRUE,"applied_mean","not_missing",9,"2025/2026","Observed",11144,4793,55872,49521,NA,55872,"South America","Peru",1.77741394179923,21137.625,30.5663451038674,"Normal","Average - typical case load at this point",-0.630293593244434,"Extremely Low",0.0007957360109953,"Rare good event - unusually low cases to date","Peru"
"PER",7,3,0.755769322061587,10154.125,1.35713427183386,31291.75,10154.125,31291.75,0.544950503258163,0.120659865446287,2026,"PAHO",2026-03-01,5412,5144,5412,25,1.00956206793654,TRUE,"applied_mean","not_missing",9,"2025/2026","Observed",16556,10205,55872,49521,NA,55872,"South America","Peru",1.35713427183386,31291.75,35.585383206772,"Normal","Average - typical case load at this point",-0.548585575912539,"Extremely Low",0.0007957360109953,"Rare good event - unusually low cases to date","Peru"
"PER",8,4,0.727821199736064,11828.5,1.22732990098889,43120.25,11828.5,43120.25,0.681557821070018,0.136607317811856,2026,"PAHO",2026-04-01,6589,6446,6589,21,1.01448974755849,TRUE,"applied_mean","not_missing",9,"2025/2026","Observed",23145,16794,55872,49521,NA,55872,"South America","Peru",1.22732990098889,43120.25,37.8890465683405,"Normal","Average - typical case load at this point",-0.513198561297487,"Extremely Low",0.0007957360109953,"Rare good event - unusually low cases to date","Peru"
"PER",9,5,0.643648941463995,11861.5,1.16302782337029,54981.7499999999,11861.5,54981.75,0.819930395799216,0.138372574729197,2026,"PAHO",2026-05-01,7147,7211,7147,17,1.00740331212842,TRUE,"applied_mean","not_missing",9,"2025/2026","Observed",30292,23941,55872,49521,NA,55872,"South America","Peru",1.16302782337029,54981.7499999999,39.725692601511,"Normal","Average - typical case load at this point",-0.484271145044467,"Extremely Low",0.0007957360109953,"Rare good event - unusually low cases to date","Peru"
"PER",10,6,0.709251186994602,6276.93750000001,1.15358906275312,61258.6875000001,6276.9375,61258.6875,0.903088897380609,0.0831585015813933,2026,"PAHO",2026-06-01,8685,8686,8685,12,1.00538074093976,TRUE,"applied_mean","not_missing",9,"2025/2026","Observed",38977,32626,55872,49521,NA,55872,"South America","Peru",1.15358906275312,61258.6875000001,44.8933078204632,"Normal","Average - typical case load at this point",-0.390662627903068,"Extremely Low",0.0007957360109953,"Rare good event - unusually low cases to date","Peru"
"PER",11,7,0.724792868674395,4106.6875,1.15208443057838,65365.3750000001,4106.6875,65365.375,0.960279031042413,0.057190133661804,2026,"PAHO",2026-07-01,7896,7976,7896,8,1.0023620863027,TRUE,"applied_mean","not_missing",9,"2025/2026","Observed",46873,40522,55872,49521,NA,55872,"South America","Peru",1.15208443057838,65365.3750000001,49.3236259885227,"Normal","Average - typical case load at this point",-0.303656974927673,"Extremely Low",0.0007957360109953,"Rare good event - unusually low cases to date","Peru"
"PER",12,8,0.91873217948213,2416.8125,1.16188984329064,67782.1875,2416.8125,67782.1875,1,0.0397209689575869,2026,"PAHO",2026-08-01,8999,9264,8999,5,0.99657974662407,TRUE,"applied_mean","not_missing",9,"2025/2026","Observed",55872,49521,55872,49521,NA,55872,"South America","Peru",1.16188984329064,67782.1875,54.591071295332,"Normal","Average - typical case load at this point",-0.189400784500241,"Extremely Low",0.0007957360109953,"Rare good event - unusually low cases to date","Peru"
"PER",1,9,0.806177087771703,1797.625,0.806177087771703,1797.625,1797.625,1797.625,0.0313559885419931,0.0313559885419931,2026,NA,2026-09-01,NA,NA,NA,NA,NA,NA,NA,NA,9,"2026/2027","Unobserved",0,49521,NA,49521,NA,NA,"South America","Peru",0.806177087771703,1797.625,0.199777029106987,"Extremely Low","Rare good event - unusually low cases to date",-0.897672381943411,"Extremely Low",0.0007957360109953,"Rare good event - unusually low cases to date","Peru"
"PER",2,10,1.03565117138428,2156.3125,0.965565652930691,3953.9375,2156.3125,3953.9375,0.0689900281297871,0.037634039587794,2026,NA,2026-10-01,NA,NA,NA,NA,NA,NA,NA,NA,9,"2026/2027","Unobserved",0,49521,NA,49521,NA,NA,"South America","Peru",0.965565652930691,3953.9375,0.0325113510695022,"Extremely Low","Rare good event - unusually low cases to date",-0.982512043650879,"Extremely Low",0.0007957360109953,"Rare good event - unusually low cases to date","Peru"
"PER",3,11,0.907706574623066,3525.25,1.04734109612153,7479.18750000001,3525.25,7479.1875,0.144404654623676,0.0754146264938888,2026,NA,2026-11-01,NA,NA,NA,NA,NA,NA,NA,NA,9,"2026/2027","Unobserved",0,49521,NA,49521,NA,NA,"South America","Peru",1.04734109612153,7479.18750000001,0.00919874359721532,"Extremely Low","Rare good event - unusually low cases to date",-1.02332519426424,"Extremely Low",0.0007957360109953,"Rare good event - unusually low cases to date","Peru"
"PER",4,12,1.60461890662919,2855.4375,1.30828426181525,10334.625,2855.4375,10334.625,0.20495642698243,0.0605517723587542,2026,NA,2026-12-01,NA,NA,NA,NA,NA,NA,NA,NA,9,"2026/2027","Unobserved",0,49521,NA,49521,NA,NA,"South America","Peru",1.30828426181525,10334.625,0.0007957360109953,"Extremely Low","Rare good event - unusually low cases to date",-1.14373015350004,"Extremely Low",0.0007957360109953,"Rare good event - unusually low cases to date","Peru"
"PLW",11,1,0.436411467227103,33.75,0.657546663807155,493.5,33.75,493.5,0.931101940621081,0.105194930915939,2025,"WHO",2025-01-01,0,0,NA,20,NA,FALSE,"no_lookup_match",NA,3,"2024/2025","Observed",0,0,0,57,NA,0,"Pacific Islands","Palau",0.657546663807155,493.5,1.2850972715583,"Extremely Low","Rare good event - unusually low cases to date",-0.810352827330296,"Low",22.3042674456832,"Below average - fewer cases than typical at this point","Palau"
"PLW",12,2,0.659462073674005,15.25,0.689382459718503,508.75,15.25,508.75,1,0.0688980593789191,2025,"WHO",2025-02-01,0,0,NA,19,NA,FALSE,"no_lookup_match",NA,3,"2024/2025","Observed",0,0,0,57,NA,0,"Pacific Islands","Palau",0.689382459718503,508.75,1.05296811052349,"Extremely Low","Rare good event - unusually low cases to date",-0.829728615317572,"Low",22.3042674456832,"Below average - fewer cases than typical at this point","Palau"
"PLW",1,3,0.487884214652631,30.25,0.487884214652631,30.25,30.25,30.25,0.0690784958079524,0.0690784958079524,2025,"WHO",2025-03-01,0,0,NA,18,NA,FALSE,"no_lookup_match",NA,3,"2025/2026","Observed",0,0,49,57,NA,49,"Pacific Islands","Palau",0.487884214652631,30.25,13.2471368828807,"Low","Below average - fewer cases than typical at this point",-0.692921581228572,"Low",22.3042674456832,"Below average - fewer cases than typical at this point","Palau"
"PLW",2,4,0.444854370864495,34.875,0.446372952685773,65.125,34.875,65.125,0.133143972640451,0.0640654768324982,2025,"WHO",2025-04-01,0,0,NA,17,NA,FALSE,"no_lookup_match",NA,3,"2025/2026","Observed",0,0,49,57,NA,49,"Pacific Islands","Palau",0.446372952685773,65.125,10.7820784744377,"Low","Below average - fewer cases than typical at this point",-0.665833535644198,"Low",22.3042674456832,"Below average - fewer cases than typical at this point","Palau"
"PLW",3,5,0.400021704160919,34.875,0.417638540566757,100,34.875,100,0.193275235895952,0.0601312632555014,2025,"WHO",2025-05-01,0,0,NA,16,NA,FALSE,"no_lookup_match",NA,3,"2025/2026","Observed",0,0,49,57,NA,49,"Pacific Islands","Palau",0.417638540566757,100,10.1297492402977,"Low","Below average - fewer cases than typical at this point",-0.644904314838636,"Low",22.3042674456832,"Below average - fewer cases than typical at this point","Palau"
"PLW",4,6,0.409812722505067,59.9999999999999,0.456098256563157,160,60,160,0.269125150743885,0.0758499148479328,2025,"WHO",2025-06-01,1,1,NA,15,NA,FALSE,"no_lookup_match",NA,3,"2025/2026","Observed",1,1,49,57,NA,49,"Pacific Islands","Palau",0.456098256563157,160,10.0332546062164,"Low","Below average - fewer cases than typical at this point",-0.670175003602137,"Low",22.3042674456832,"Below average - fewer cases than typical at this point","Palau"
"PLW",5,7,0.507014520329561,60.375,0.513963269237762,220.375,60.375,220.375,0.367506471978467,0.0983813212345822,2025,"WHO",2025-07-01,6,6,NA,14,NA,FALSE,"no_lookup_match",NA,3,"2025/2026","Observed",7,7,49,57,NA,49,"Pacific Islands","Palau",0.513963269237762,220.375,14.2491735887525,"Low","Below average - fewer cases than typical at this point",-0.693332254542661,"Low",22.3042674456832,"Below average - fewer cases than typical at this point","Palau"
"PLW",6,8,0.534075501666699,62,0.538583152404045,282.375,62,282.375,0.479402331423187,0.11189585944472,2025,"WHO",2025-08-01,9,9,NA,13,NA,FALSE,"no_lookup_match",NA,3,"2025/2026","Observed",16,16,49,57,NA,49,"Pacific Islands","Palau",0.538583152404045,282.375,17.4299062063693,"Low","Below average - fewer cases than typical at this point",-0.691639555749993,"Low",22.3042674456832,"Below average - fewer cases than typical at this point","Palau"
"PLW",7,9,0.424659576740421,56,0.5399302146366,338.374999999999,56,338.375,0.577917559671541,0.0985152282483536,2025,"WHO",2025-09-01,10,10,10,12,1,TRUE,"applied_mean",NA,3,"2025/2026","Observed",26,26,49,57,NA,49,"Pacific Islands","Palau",0.5399302146366,338.374999999999,20.2056977146557,"Low","Below average - fewer cases than typical at this point",-0.677798494436874,"Low",22.3042674456832,"Below average - fewer cases than typical at this point","Palau"
"PLW",8,10,0.613240786790755,52.875,0.562871281439178,391.250000000001,52.875,391.25,0.706387807939023,0.128470248267482,2025,"WHO",2025-10-01,20,20,20,11,1,TRUE,"applied_mean",NA,3,"2025/2026","Observed",46,46,49,57,NA,49,"Pacific Islands","Palau",0.562871281439178,391.250000000001,24.010311319145,"Low","Below average - fewer cases than typical at this point",-0.661563761813932,"Low",22.3042674456832,"Below average - fewer cases than typical at this point","Palau"
"PLW",9,11,0.3842383545124,43.625,0.561035069984979,434.874999999999,43.625,434.875,0.775255768014494,0.0688679600754709,2025,"WHO",2025-11-01,1,1,1,10,1,TRUE,"applied_mean",NA,3,"2025/2026","Observed",47,47,49,57,NA,49,"Pacific Islands","Palau",0.561035069984979,434.874999999999,23.0211888439181,"Low","Below average - fewer cases than typical at this point",-0.66764006249933,"Low",22.3042674456832,"Below average - fewer cases than typical at this point","Palau"
"PLW",10,12,NA,NA,0.56185354339199,459.750000000001,24.875,459.75,0.825907009705142,0.0506512416906475,2025,"WHO",2025-12-01,0,0,0,9,1,TRUE,"applied_mean",NA,3,"2025/2026","Observed",47,47,49,57,NA,49,"Pacific Islands","Palau",0.56185354339199,459.750000000001,22.3042674456832,"Low","Below average - fewer cases than typical at this point",-0.672530052296261,"Low",22.3042674456832,"Below average - fewer cases than typical at this point","Palau"
"PLW",11,1,0.436411467227103,33.75,0.657546663807155,493.5,33.75,493.5,0.931101940621081,0.105194930915939,2026,"WHO",2026-01-01,0,0,0,8,1,TRUE,"applied_mean",NA,3,"2025/2026","Observed",47,0,49,29,NA,49,"Pacific Islands","Palau",0.657546663807155,493.5,17.6949860136596,"Low","Below average - fewer cases than typical at this point",-0.733176367584553,"Low",10.7963056581571,"Below average - fewer cases than typical at this point","Palau"
"PLW",12,2,0.659462073674005,15.25,0.689382459718503,508.75,15.25,508.75,1,0.0688980593789191,2026,"WHO",2026-02-01,2,2,2,7,1,TRUE,"applied_mean",NA,3,"2025/2026","Observed",49,2,49,29,NA,49,"Pacific Islands","Palau",0.689382459718503,508.75,16.7342786542714,"Low","Below average - fewer cases than typical at this point",-0.749813721655535,"Low",10.7963056581571,"Below average - fewer cases than typical at this point","Palau"
"PLW",1,3,0.487884214652631,30.25,0.487884214652631,30.25,30.25,30.25,0.0690784958079524,0.0690784958079524,2026,"WHO",2026-03-01,3,3,NA,6,NA,FALSE,"insufficient_n_rf",NA,3,"2026/2027","Observed",3,5,25,29,NA,25,"Pacific Islands","Palau",0.487884214652631,30.25,28.0648509685045,"Normal","Average - typical case load at this point",-0.62420208556954,"Low",10.7963056581571,"Below average - fewer cases than typical at this point","Palau"
"PLW",2,4,0.444854370864495,34.875,0.446372952685773,65.125,34.875,65.125,0.133143972640451,0.0640654768324982,2026,"WHO",2026-04-01,0,0,NA,5,NA,FALSE,"insufficient_n_rf",NA,3,"2026/2027","Observed",3,5,25,29,NA,25,"Pacific Islands","Palau",0.446372952685773,65.125,21.7761788408728,"Low","Below average - fewer cases than typical at this point",-0.635161741295905,"Low",10.7963056581571,"Below average - fewer cases than typical at this point","Palau"
"PLW",3,5,0.400021704160919,34.875,0.417638540566757,100,34.875,100,0.193275235895952,0.0601312632555014,2026,"WHO",2026-05-01,2,2,NA,4,NA,FALSE,"insufficient_n_rf",NA,3,"2026/2027","Observed",5,7,25,29,NA,25,"Pacific Islands","Palau",0.417638540566757,100,23.5204104548434,"Low","Below average - fewer cases than typical at this point",-0.612659099096704,"Low",10.7963056581571,"Below average - fewer cases than typical at this point","Palau"
"PLW",4,6,0.409812722505067,59.9999999999999,0.456098256563157,160,60,160,0.269125150743885,0.0758499148479328,2026,"WHO",2026-06-01,2,2,NA,3,NA,FALSE,"insufficient_n_rf",NA,3,"2026/2027","Observed",7,9,25,29,NA,25,"Pacific Islands","Palau",0.456098256563157,160,19.6719377571878,"Low","Below average - fewer cases than typical at this point",-0.644885380824698,"Low",10.7963056581571,"Below average - fewer cases than typical at this point","Palau"
"PLW",5,7,0.507014520329561,60.375,0.513963269237762,220.375,60.375,220.375,0.367506471978467,0.0983813212345822,2026,"WHO",2026-07-01,2,2,NA,2,NA,FALSE,"insufficient_n_rf",NA,3,"2026/2027","Observed",9,11,25,29,NA,25,"Pacific Islands","Palau",0.513963269237762,220.375,16.0054244599874,"Low","Below average - fewer cases than typical at this point",-0.686833533937692,"Low",10.7963056581571,"Below average - fewer cases than typical at this point","Palau"
"PLW",6,8,0.534075501666699,62,0.538583152404045,282.375,62,282.375,0.479402331423187,0.11189585944472,2026,"WHO",2026-08-01,3,3,NA,1,NA,FALSE,"no_lookup_match",NA,3,"2026/2027","Observed",12,14,25,29,NA,25,"Pacific Islands","Palau",0.538583152404045,282.375,15.0911758337552,"Low","Below average - fewer cases than typical at this point",-0.702025508722307,"Low",10.7963056581571,"Below average - fewer cases than typical at this point","Palau"
"PLW",7,9,0.424659576740421,56,0.5399302146366,338.374999999999,56,338.375,0.577917559671541,0.0985152282483536,2026,NA,2026-09-01,NA,NA,NA,NA,NA,NA,NA,NA,3,"2026/2027","Unobserved",12,14,25,29,NA,25,"Pacific Islands","Palau",0.5399302146366,338.374999999999,13.6556783203765,"Low","Below average - fewer cases than typical at this point",-0.70817601799707,"Low",10.7963056581571,"Below average - fewer cases than typical at this point","Palau"
"PLW",8,10,0.613240786790755,52.875,0.562871281439178,391.250000000001,52.875,391.25,0.706387807939023,0.128470248267482,2026,NA,2026-10-01,NA,NA,NA,NA,NA,NA,NA,NA,3,"2026/2027","Unobserved",12,14,25,29,NA,25,"Pacific Islands","Palau",0.562871281439178,391.250000000001,11.7713552167704,"Low","Below average - fewer cases than typical at this point",-0.726714139516101,"Low",10.7963056581571,"Below average - fewer cases than typical at this point","Palau"
"PLW",9,11,0.3842383545124,43.625,0.561035069984979,434.874999999999,43.625,434.875,0.775255768014494,0.0688679600754709,2026,NA,2026-11-01,NA,NA,NA,NA,NA,NA,NA,NA,3,"2026/2027","Unobserved",12,14,25,29,NA,25,"Pacific Islands","Palau",0.561035069984979,434.874999999999,11.1644121050926,"Low","Below average - fewer cases than typical at this point",-0.727884734590795,"Low",10.7963056581571,"Below average - fewer cases than typical at this point","Palau"
"PLW",10,12,NA,NA,0.56185354339199,459.750000000001,24.875,459.75,0.825907009705142,0.0506512416906475,2026,NA,2026-12-01,NA,NA,NA,NA,NA,NA,NA,NA,3,"2026/2027","Unobserved",12,14,25,29,NA,25,"Pacific Islands","Palau",0.56185354339199,459.750000000001,10.7963056581571,"Low","Below average - fewer cases than typical at this point",-0.729558645464933,"Low",10.7963056581571,"Below average - fewer cases than typical at this point","Palau"
"PRI",10,1,0.943724435724332,392.769230769231,0.766995417213769,5333.15384615385,392.769230769231,5333.15384615385,0.855605037388354,0.1065329920791,2025,"PAHO",2025-01-01,662,662,NA,86,NA,FALSE,"no_lookup_match","current_month_missing",4,"2024/2025","Observed",662,662,1378,4431,NA,1378,"Caribbean","Puerto Rico",0.766995417213769,5333.15384615385,17.141442835458,"Low","Below average - fewer cases than typical at this point",-0.767017400759157,"Normal",40.591830460763,"Average - typical case load at this point","Puerto Rico"
"PRI",11,2,1.11210012031254,281.692307692307,0.816506346889587,5614.84615384615,281.692307692308,5614.84615384615,0.940152422838424,0.0845473854500706,2025,"PAHO",2025-02-01,389,389,NA,82,NA,FALSE,"no_lookup_match","current_month_missing",4,"2024/2025","Observed",1051,1051,1378,4431,NA,1378,"Caribbean","Puerto Rico",0.816506346889587,5614.84615384615,21.5558704738991,"Low","Below average - fewer cases than typical at this point",-0.734414668203037,"Normal",40.591830460763,"Average - typical case load at this point","Puerto Rico"
"PRI",12,3,0.991745166815932,257,0.834762860734584,5871.84615384615,257,5871.84615384615,1,0.0598475771615757,2025,"PAHO",2025-03-01,327,327,NA,77,NA,FALSE,"no_lookup_match","current_month_missing",4,"2024/2025","Observed",1378,1378,1378,4431,NA,1378,"Caribbean","Puerto Rico",0.834762860734584,5871.84615384615,24.9808783772656,"Low","Below average - fewer cases than typical at this point",-0.699188414058633,"Normal",40.591830460763,"Average - typical case load at this point","Puerto Rico"
"PRI",1,4,0.585091571988947,256.76923076923,0.585091571988947,256.76923076923,256.769230769231,256.769230769231,0.0422227193103318,0.0422227193103318,2025,"PAHO",2025-04-01,193,193,NA,73,NA,FALSE,"no_lookup_match","current_month_missing",4,"2025/2026","Observed",193,1571,2455,4431,NA,2455,"Caribbean","Puerto Rico",0.585091571988947,256.76923076923,59.5244936940081,"Normal","Average - typical case load at this point",-0.189751787622437,"Normal",40.591830460763,"Average - typical case load at this point","Puerto Rico"
"PRI",2,5,0.594858236957255,315.461538461539,0.567748060923524,572.23076923077,315.461538461538,572.230769230769,0.097905878120027,0.0556831588096952,2025,"PAHO",2025-05-01,191,191,NA,69,NA,FALSE,"no_lookup_match","current_month_missing",4,"2025/2026","Observed",384,1762,2455,4431,NA,2455,"Caribbean","Puerto Rico",0.567748060923524,572.23076923077,56.9752262874707,"Normal","Average - typical case load at this point",-0.247731881501976,"Normal",40.591830460763,"Average - typical case load at this point","Puerto Rico"
"PRI",3,6,0.540734257161304,312.307692307692,0.539213696015251,884.538461538464,312.307692307692,884.538461538462,0.147164054154797,0.0492581760347698,2025,"PAHO",2025-06-01,295,295,NA,64,NA,FALSE,"no_lookup_match","current_month_missing",4,"2025/2026","Observed",679,2057,2455,4431,NA,2455,"Caribbean","Puerto Rico",0.539213696015251,884.538461538464,61.0079046786581,"Normal","Average - typical case load at this point",-0.170578583946016,"Normal",40.591830460763,"Average - typical case load at this point","Puerto Rico"
"PRI",4,7,0.512239731274933,456,0.517983916566966,1340.53846153846,456,1340.53846153846,0.216698258662847,0.0695342045080505,2025,"PAHO",2025-07-01,208,208,NA,60,NA,FALSE,"no_lookup_match","current_month_missing",4,"2025/2026","Observed",887,2265,2455,4431,NA,2455,"Caribbean","Puerto Rico",0.517983916566966,1340.53846153846,57.9131009448577,"Normal","Average - typical case load at this point",-0.243449614809096,"Normal",40.591830460763,"Average - typical case load at this point","Puerto Rico"
"PRI",5,8,0.553420534849393,513.153846153846,0.511618342264849,1853.69230769231,513.153846153846,1853.69230769231,0.296258672755643,0.0795604140927957,2025,"PAHO",2025-08-01,193,193,NA,56,NA,FALSE,"no_lookup_match","current_month_missing",4,"2025/2026","Observed",1080,2458,2455,4431,NA,2455,"Caribbean","Puerto Rico",0.511618342264849,1853.69230769231,55.1159437503783,"Normal","Average - typical case load at this point",-0.298499604502597,"Normal",40.591830460763,"Average - typical case load at this point","Puerto Rico"
"PRI",6,9,0.551062986671902,576.384615384616,0.507116351553481,2430.07692307692,576.384615384615,2430.07692307692,0.384617054881023,0.0883583821253802,2025,"PAHO",2025-09-01,229,229,NA,51,1,TRUE,"applied_mean","previous_month_missing",4,"2025/2026","Observed",1309,2687,2455,4431,NA,2455,"Caribbean","Puerto Rico",0.507116351553481,2430.07692307692,53.4713069799918,"Normal","Average - typical case load at this point",-0.328491312580094,"Normal",40.591830460763,"Average - typical case load at this point","Puerto Rico"
"PRI",7,10,0.658556231271052,741.692307692306,0.593635575608805,3171.76923076923,741.692307692308,3171.76923076923,0.50189503879208,0.117277983911057,2025,"PAHO",2025-10-01,269,269,269,47,1,TRUE,"applied_mean","not_missing",4,"2025/2026","Observed",1578,2956,2455,4431,NA,2455,"Caribbean","Puerto Rico",0.593635575608805,3171.76923076923,48.8422333266714,"Normal","Average - typical case load at this point",-0.38711783317213,"Normal",40.591830460763,"Average - typical case load at this point","Puerto Rico"
"PRI",8,11,0.621785800726295,947.615384615383,0.638896223039407,4119.38461538462,947.615384615385,4119.38461538462,0.636374869923634,0.134479831131554,2025,"PAHO",2025-11-01,242,242,242,43,1,TRUE,"applied_mean","not_missing",4,"2025/2026","Observed",1820,3198,2455,4431,NA,2455,"Caribbean","Puerto Rico",0.638896223039407,4119.38461538462,44.6028286138593,"Normal","Average - typical case load at this point",-0.446129316603757,"Normal",40.591830460763,"Average - typical case load at this point","Puerto Rico"
"PRI",9,12,0.607351399301445,821,0.678863041584276,4940.38461538462,821,4940.38461538462,0.749072045309254,0.11269717538562,2025,"PAHO",2025-12-01,121,121,121,40,1,TRUE,"applied_mean","not_missing",4,"2025/2026","Observed",1941,3319,2455,4431,NA,2455,"Caribbean","Puerto Rico",0.678863041584276,4940.38461538462,40.591830460763,"Normal","Average - typical case load at this point",-0.500187282449346,"Normal",40.591830460763,"Average - typical case load at this point","Puerto Rico"
"PRI",10,1,0.943724435724332,392.769230769231,0.766995417213769,5333.15384615385,392.769230769231,5333.15384615385,0.855605037388354,0.1065329920791,2026,"PAHO",2026-01-01,239,239,239,34,1,TRUE,"applied_mean","not_missing",4,"2025/2026","Observed",2180,239,2455,3001,NA,2455,"Caribbean","Puerto Rico",0.766995417213769,5333.15384615385,39.020040019524,"Normal","Average - typical case load at this point",-0.517757270885445,"Low",14.4786553162829,"Below average - fewer cases than typical at this point","Puerto Rico"
"PRI",11,2,1.11210012031254,281.692307692307,0.816506346889587,5614.84615384615,281.692307692308,5614.84615384615,0.940152422838424,0.0845473854500706,2026,"PAHO",2026-02-01,116,116,116,30,1,TRUE,"applied_mean","not_missing",4,"2025/2026","Observed",2296,355,2455,3001,NA,2455,"Caribbean","Puerto Rico",0.816506346889587,5614.84615384615,37.7420134972701,"Normal","Average - typical case load at this point",-0.534069119494691,"Low",14.4786553162829,"Below average - fewer cases than typical at this point","Puerto Rico"
"PRI",12,3,0.991745166815932,257,0.834762860734584,5871.84615384615,257,5871.84615384615,1,0.0598475771615757,2026,"PAHO",2026-03-01,159,159,159,25,0.999593370972299,TRUE,"applied_mean","not_missing",4,"2025/2026","Observed",2455,514,2455,3001,NA,2455,"Caribbean","Puerto Rico",0.834762860734584,5871.84615384615,37.8602904987065,"Normal","Average - typical case load at this point",-0.531620167135748,"Low",14.4786553162829,"Below average - fewer cases than typical at this point","Puerto Rico"
"PRI",1,4,0.585091571988947,256.76923076923,0.585091571988947,256.76923076923,256.769230769231,256.769230769231,0.0422227193103318,0.0422227193103318,2026,"PAHO",2026-04-01,123,124,123,21,0.998837148906053,TRUE,"applied_mean","not_missing",4,"2026/2027","Observed",123,637,1266,3001,NA,1266,"Caribbean","Puerto Rico",0.585091571988947,256.76923076923,48.3242680884649,"Normal","Average - typical case load at this point",-0.39804385847457,"Low",14.4786553162829,"Below average - fewer cases than typical at this point","Puerto Rico"
"PRI",2,5,0.594858236957255,315.461538461539,0.567748060923524,572.23076923077,315.461538461538,572.230769230769,0.097905878120027,0.0556831588096952,2026,"PAHO",2026-05-01,100,100,100,17,0.998666797439585,TRUE,"applied_mean","not_missing",4,"2026/2027","Observed",223,737,1266,3001,NA,1266,"Caribbean","Puerto Rico",0.567748060923524,572.23076923077,44.1896889356904,"Normal","Average - typical case load at this point",-0.459625149987318,"Low",14.4786553162829,"Below average - fewer cases than typical at this point","Puerto Rico"
"PRI",3,6,0.540734257161304,312.307692307692,0.539213696015251,884.538461538464,312.307692307692,884.538461538462,0.147164054154797,0.0492581760347698,2026,"PAHO",2026-06-01,116,116,116,12,0.999304760084518,TRUE,"applied_mean","not_missing",4,"2026/2027","Observed",339,853,1266,3001,NA,1266,"Caribbean","Puerto Rico",0.539213696015251,884.538461538464,44.8825018182011,"Normal","Average - typical case load at this point",-0.452748247509408,"Low",14.4786553162829,"Below average - fewer cases than typical at this point","Puerto Rico"
"PRI",4,7,0.512239731274933,456,0.517983916566966,1340.53846153846,456,1340.53846153846,0.216698258662847,0.0695342045080505,2026,"PAHO",2026-07-01,31,28,31,8,1.00229231632732,TRUE,"applied_mean","not_missing",4,"2026/2027","Observed",370,884,1266,3001,NA,1266,"Caribbean","Puerto Rico",0.517983916566966,1340.53846153846,39.2751025635814,"Normal","Average - typical case load at this point",-0.520964007809765,"Low",14.4786553162829,"Below average - fewer cases than typical at this point","Puerto Rico"
"PRI",5,8,0.553420534849393,513.153846153846,0.511618342264849,1853.69230769231,513.153846153846,1853.69230769231,0.296258672755643,0.0795604140927957,2026,"PAHO",2026-08-01,5,0,5,6,1.00809866256541,TRUE,"applied_mean","not_missing",4,"2026/2027","Observed",375,889,1266,3001,NA,1266,"Caribbean","Puerto Rico",0.511618342264849,1853.69230769231,34.1704174158484,"Normal","Average - typical case load at this point",-0.57049690767085,"Low",14.4786553162829,"Below average - fewer cases than typical at this point","Puerto Rico"
"PRI",6,9,0.551062986671902,576.384615384616,0.507116351553481,2430.07692307692,576.384615384615,2430.07692307692,0.384617054881023,0.0883583821253802,2026,NA,2026-09-01,NA,NA,NA,NA,NA,NA,NA,NA,4,"2026/2027","Unobserved",375,889,1266,3001,NA,1266,"Caribbean","Puerto Rico",0.507116351553481,2430.07692307692,30.2201983395182,"Normal","Average - typical case load at this point",-0.60216645443185,"Low",14.4786553162829,"Below average - fewer cases than typical at this point","Puerto Rico"
"PRI",7,10,0.658556231271052,741.692307692306,0.593635575608805,3171.76923076923,741.692307692308,3171.76923076923,0.50189503879208,0.117277983911057,2026,NA,2026-10-01,NA,NA,NA,NA,NA,NA,NA,NA,4,"2026/2027","Unobserved",375,889,1266,3001,NA,1266,"Caribbean","Puerto Rico",0.593635575608805,3171.76923076923,22.5721893661167,"Low","Below average - fewer cases than typical at this point",-0.679319956487876,"Low",14.4786553162829,"Below average - fewer cases than typical at this point","Puerto Rico"
"PRI",8,11,0.621785800726295,947.615384615383,0.638896223039407,4119.38461538462,947.615384615385,4119.38461538462,0.636374869923634,0.134479831131554,2026,NA,2026-11-01,NA,NA,NA,NA,NA,NA,NA,NA,4,"2026/2027","Unobserved",375,889,1266,3001,NA,1266,"Caribbean","Puerto Rico",0.638896223039407,4119.38461538462,17.7010487144985,"Low","Below average - fewer cases than typical at this point",-0.726489921862741,"Low",14.4786553162829,"Below average - fewer cases than typical at this point","Puerto Rico"
"PRI",9,12,0.607351399301445,821,0.678863041584276,4940.38461538462,821,4940.38461538462,0.749072045309254,0.11269717538562,2026,NA,2026-12-01,NA,NA,NA,NA,NA,NA,NA,NA,4,"2026/2027","Unobserved",375,889,1266,3001,NA,1266,"Caribbean","Puerto Rico",0.678863041584276,4940.38461538462,14.4786553162829,"Low","Below average - fewer cases than typical at this point",-0.761338613391688,"Low",14.4786553162829,"Below average - fewer cases than typical at this point","Puerto Rico"
"PRY",7,1,0.396922293817861,14981,1.11999233695977,29154.375,14981,29154.375,0.502802675722662,0.135633403907443,2025,"PAHO",2025-01-01,4664,4664,NA,86,NA,FALSE,"no_lookup_match","current_month_missing",7,"2024/2025","Observed",4664,4664,21838,86216,NA,21838,"South America","Paraguay",1.11999233695977,29154.375,12.5663686808875,"Low","Below average - fewer cases than typical at this point",-0.888977733884014,"Normal",48.101038153287,"Average - typical case load at this point","Paraguay"
"PRY",8,2,0.412704785314326,15297.9375,0.937577033011722,44452.3125,15297.9375,44452.3125,0.650173267516352,0.147370591793689,2025,"PAHO",2025-02-01,3832,3832,NA,82,NA,FALSE,"no_lookup_match","current_month_missing",7,"2024/2025","Observed",8496,8496,21838,86216,NA,21838,"South America","Paraguay",0.937577033011722,44452.3125,18.7852758459188,"Low","Below average - fewer cases than typical at this point",-0.783212639788193,"Normal",48.101038153287,"Average - typical case load at this point","Paraguay"
"PRY",9,3,0.554852113981421,11456,0.947627311060434,55908.3125000001,11456,55908.3125,0.799214478733169,0.149041211216817,2025,"PAHO",2025-03-01,4747,4747,NA,77,NA,FALSE,"no_lookup_match","current_month_missing",7,"2024/2025","Observed",13243,13243,21838,86216,NA,21838,"South America","Paraguay",0.947627311060434,55908.3125000001,22.2779998187969,"Low","Below average - fewer cases than typical at this point",-0.742871420795797,"Normal",48.101038153287,"Average - typical case load at this point","Paraguay"
"PRY",10,4,0.733942785356244,5536.12499999999,0.975114698158892,61444.4374999998,5536.125,61444.4375,0.890335185123467,0.0911207063902982,2025,"PAHO",2025-04-01,2923,2923,NA,73,NA,FALSE,"no_lookup_match","current_month_missing",7,"2024/2025","Observed",16166,16166,21838,86216,NA,21838,"South America","Paraguay",0.975114698158892,61444.4374999998,23.6903862011129,"Low","Below average - fewer cases than typical at this point",-0.727667978632047,"Normal",48.101038153287,"Average - typical case load at this point","Paraguay"
"PRY",11,5,0.736977829929191,4001.25,0.9981287152642,65445.6875,4001.25,65445.6875,0.960005992601858,0.069670807478391,2025,"PAHO",2025-05-01,3701,3701,NA,69,NA,FALSE,"no_lookup_match","current_month_missing",7,"2024/2025","Observed",19867,19867,21838,86216,NA,21838,"South America","Paraguay",0.9981287152642,65445.6875,26.2237526043952,"Normal","Average - typical case load at this point",-0.695778082293001,"Normal",48.101038153287,"Average - typical case load at this point","Paraguay"
"PRY",12,6,0.701166463788115,1642.1875,1.02652079091421,67087.875,1642.1875,67087.875,1,0.0399940073981422,2025,"PAHO",2025-06-01,1971,1971,NA,64,NA,FALSE,"no_lookup_match","current_month_missing",7,"2024/2025","Observed",21838,21838,21838,86216,NA,21838,"South America","Paraguay",1.02652079091421,67087.875,27.2177087934412,"Normal","Average - typical case load at this point",-0.68336683883655,"Normal",48.101038153287,"Average - typical case load at this point","Paraguay"
"PRY",1,7,0.807576939177908,1098.125,0.807576939177908,1098.125,1098.125,1098.125,0.0389210374851129,0.0389210374851129,2025,"PAHO",2025-07-01,870,870,NA,60,NA,FALSE,"no_lookup_match","current_month_missing",7,"2025/2026","Observed",870,22708,18617,86216,NA,18617,"South America","Paraguay",0.807576939177908,1098.125,57.1504956920503,"Normal","Average - typical case load at this point",-0.186617953659312,"Normal",48.101038153287,"Average - typical case load at this point","Paraguay"
"PRY",2,8,0.63561555996515,1697.375,0.765087604761586,2795.5,1697.375,2795.5,0.103534521191334,0.0646134837062213,2025,"PAHO",2025-08-01,877,877,NA,56,NA,FALSE,"no_lookup_match","current_month_missing",7,"2025/2026","Observed",1747,23585,18617,86216,NA,18617,"South America","Paraguay",0.765087604761586,2795.5,50.6122519074271,"Normal","Average - typical case load at this point",-0.32802360656387,"Normal",48.101038153287,"Average - typical case load at this point","Paraguay"
"PRY",3,9,1.07157340410334,1191.4375,0.884977674427133,3986.9375,1191.4375,3986.9375,0.136585403484213,0.0330508822928789,2025,"PAHO",2025-09-01,1338,1338,NA,51,1,TRUE,"applied_mean","previous_month_missing",7,"2025/2026","Observed",3085,24923,18617,86216,NA,18617,"South America","Paraguay",0.884977674427133,3986.9375,55.3101077763513,"Normal","Average - typical case load at this point",-0.21279184451272,"Normal",48.101038153287,"Average - typical case load at this point","Paraguay"
"PRY",4,10,1.25525372193674,2234.3125,1.09203797493136,6221.25,2234.3125,6221.25,0.200801801497542,0.0642163980133292,2025,"PAHO",2025-10-01,1750,1750,1750,47,1,TRUE,"applied_mean","not_missing",7,"2025/2026","Observed",4835,26673,18617,86216,NA,18617,"South America","Paraguay",1.09203797493136,6221.25,53.0151734658037,"Normal","Average - typical case load at this point",-0.232833068958253,"Normal",48.101038153287,"Average - typical case load at this point","Paraguay"
"PRY",5,11,0.899487735083229,2623.5,1.21784459159164,8844.75,2623.5,8844.75,0.26827163792601,0.0674698364284679,2025,"PAHO",2025-11-01,2523,2523,2523,43,1,TRUE,"applied_mean","not_missing",7,"2025/2026","Observed",7358,29196,18617,86216,NA,18617,"South America","Paraguay",1.21784459159164,8844.75,54.4812243164635,"Normal","Average - typical case load at this point",-0.185489112771899,"Normal",48.101038153287,"Average - typical case load at this point","Paraguay"
"PRY",6,12,0.690466490866564,5328.625,1.14614596864754,14173.375,5328.625,14173.375,0.36716927181522,0.0988976338892096,2025,"PAHO",2025-12-01,2460,2460,2460,38,1,TRUE,"applied_mean","not_missing",7,"2025/2026","Observed",9818,31656,18617,86216,NA,18617,"South America","Paraguay",1.14614596864754,14173.375,48.101038153287,"Normal","Average - typical case load at this point",-0.328968778706775,"Normal",48.101038153287,"Average - typical case load at this point","Paraguay"
"PRY",7,1,0.396922293817861,14981,1.11999233695977,29154.375,14981,29154.375,0.502802675722662,0.135633403907443,2026,"PAHO",2026-01-01,2904,2904,2904,34,0.999936242536258,TRUE,"applied_mean","not_missing",7,"2025/2026","Observed",12722,2904,18617,95234,NA,18617,"South America","Paraguay",1.11999233695977,29154.375,33.0980777326478,"Normal","Average - typical case load at this point",-0.596479861571426,"Low",5.35263323739092,"Below average - fewer cases than typical at this point","Paraguay"
"PRY",8,2,0.412704785314326,15297.9375,0.937577033011722,44452.3125,15297.9375,44452.3125,0.650173267516352,0.147370591793689,2026,"PAHO",2026-02-01,1789,1794,1789,30,0.998914884599704,TRUE,"applied_mean","not_missing",7,"2025/2026","Observed",14511,4693,18617,95234,NA,18617,"South America","Paraguay",0.937577033011722,44452.3125,29.257754472641,"Normal","Average - typical case load at this point",-0.652191862050598,"Low",5.35263323739092,"Below average - fewer cases than typical at this point","Paraguay"
"PRY",9,3,0.554852113981421,11456,0.947627311060434,55908.3125000001,11456,55908.3125,0.799214478733169,0.149041211216817,2026,"PAHO",2026-03-01,1654,1717,1654,25,0.989427256389076,TRUE,"applied_mean","not_missing",7,"2025/2026","Observed",16165,6347,18617,95234,NA,18617,"South America","Paraguay",0.947627311060434,55908.3125000001,26.2974046272192,"Normal","Average - typical case load at this point",-0.691994721098231,"Low",5.35263323739092,"Below average - fewer cases than typical at this point","Paraguay"
"PRY",10,4,0.733942785356244,5536.12499999999,0.975114698158892,61444.4374999998,5536.125,61444.4375,0.890335185123467,0.0911207063902982,2026,"PAHO",2026-04-01,1383,1389,1383,21,0.990543711568621,TRUE,"applied_mean","not_missing",7,"2025/2026","Observed",17548,7730,18617,95234,NA,18617,"South America","Paraguay",0.975114698158892,61444.4374999998,25.3991864117094,"Normal","Average - typical case load at this point",-0.705457911280021,"Low",5.35263323739092,"Below average - fewer cases than typical at this point","Paraguay"
"PRY",11,5,0.736977829929191,4001.25,0.9981287152642,65445.6875,4001.25,65445.6875,0.960005992601858,0.069670807478391,2026,"PAHO",2026-05-01,558,594,558,17,0.986925406369306,TRUE,"applied_mean","not_missing",7,"2025/2026","Observed",18106,8288,18617,95234,NA,18617,"South America","Paraguay",0.9981287152642,65445.6875,24.210730688019,"Low","Below average - fewer cases than typical at this point",-0.722660497520907,"Low",5.35263323739092,"Below average - fewer cases than typical at this point","Paraguay"
"PRY",12,6,0.701166463788115,1642.1875,1.02652079091421,67087.875,1642.1875,67087.875,1,0.0399940073981422,2026,"PAHO",2026-06-01,511,522,511,12,0.986401599210856,TRUE,"applied_mean","not_missing",7,"2025/2026","Observed",18617,8799,18617,95234,NA,18617,"South America","Paraguay",1.02652079091421,67087.875,23.6597004879628,"Low","Below average - fewer cases than typical at this point",-0.732010610513102,"Low",5.35263323739092,"Below average - fewer cases than typical at this point","Paraguay"
"PRY",1,7,0.807576939177908,1098.125,0.807576939177908,1098.125,1098.125,1098.125,0.0389210374851129,0.0389210374851129,2026,"PAHO",2026-07-01,540,571,540,8,0.983959050280452,TRUE,"applied_mean","not_missing",7,"2026/2027","Observed",540,9339,10248,95234,NA,10248,"South America","Paraguay",0.807576939177908,1098.125,42.8869320608194,"Normal","Average - typical case load at this point",-0.456574883884292,"Low",5.35263323739092,"Below average - fewer cases than typical at this point","Paraguay"
"PRY",2,8,0.63561555996515,1697.375,0.765087604761586,2795.5,1697.375,2795.5,0.103534521191334,0.0646134837062213,2026,"PAHO",2026-08-01,521,543,521,4,0.982649506719879,TRUE,"applied_mean","not_missing",7,"2026/2027","Observed",1061,9860,10248,95234,NA,10248,"South America","Paraguay",0.765087604761586,2795.5,37.2618182701714,"Normal","Average - typical case load at this point",-0.542638956208901,"Low",5.35263323739092,"Below average - fewer cases than typical at this point","Paraguay"
"PRY",3,9,1.07157340410334,1191.4375,0.884977674427133,3986.9375,1191.4375,3986.9375,0.136585403484213,0.0330508822928789,2026,NA,2026-09-01,NA,NA,NA,NA,NA,NA,NA,NA,7,"2026/2027","Unobserved",1061,9860,10248,95234,NA,10248,"South America","Paraguay",0.884977674427133,3986.9375,26.1060982848021,"Normal","Average - typical case load at this point",-0.690309070810267,"Low",5.35263323739092,"Below average - fewer cases than typical at this point","Paraguay"
"PRY",4,10,1.25525372193674,2234.3125,1.09203797493136,6221.25,2234.3125,6221.25,0.200801801497542,0.0642163980133292,2026,NA,2026-10-01,NA,NA,NA,NA,NA,NA,NA,NA,7,"2026/2027","Unobserved",1061,9860,10248,95234,NA,10248,"South America","Paraguay",1.09203797493136,6221.25,13.9189855315317,"Low","Below average - fewer cases than typical at this point",-0.866710076892207,"Low",5.35263323739092,"Below average - fewer cases than typical at this point","Paraguay"
"PRY",5,11,0.899487735083229,2623.5,1.21784459159164,8844.75,2623.5,8844.75,0.26827163792601,0.0674698364284679,2026,NA,2026-11-01,NA,NA,NA,NA,NA,NA,NA,NA,7,"2026/2027","Unobserved",1061,9860,10248,95234,NA,10248,"South America","Paraguay",1.21784459159164,8844.75,7.9850688544998,"Low","Below average - fewer cases than typical at this point",-0.971112077711965,"Low",5.35263323739092,"Below average - fewer cases than typical at this point","Paraguay"
"PRY",6,12,0.690466490866564,5328.625,1.14614596864754,14173.375,5328.625,14173.375,0.36716927181522,0.0988976338892096,2026,NA,2026-12-01,NA,NA,NA,NA,NA,NA,NA,NA,7,"2026/2027","Unobserved",1061,9860,10248,95234,NA,10248,"South America","Paraguay",1.14614596864754,14173.375,5.35263323739092,"Low","Below average - fewer cases than typical at this point",-0.990399676192122,"Low",5.35263323739092,"Below average - fewer cases than typical at this point","Paraguay"
"PYF",9,1,0.620035778951773,129.833333333333,1.05589514110577,856.250000000001,129.833333333333,856.25,0.749642399449016,0.115206315387013,2025,"WHO",2025-01-01,223,223,NA,20,NA,FALSE,"no_lookup_match",NA,5,"2024/2025","Observed",223,223,762,1699,NA,762,"Pacific Islands","French Polynesia",1.05589514110577,856.250000000001,21.8216742592324,"Low","Below average - fewer cases than typical at this point",-0.759481845194728,"Normal",38.8838469962813,"Average - typical case load at this point","French Polynesia"
"PYF",10,2,0.707817466811557,81.7499999999999,1.14738274656199,937.999999999999,81.75,938,0.833040479404712,0.0833980799556953,2025,"WHO",2025-02-01,131,131,NA,19,NA,FALSE,"no_lookup_match",NA,5,"2024/2025","Observed",354,354,762,1699,NA,762,"Pacific Islands","French Polynesia",1.14738274656199,937.999999999999,28.6184684850124,"Normal","Average - typical case load at this point",-0.66649778303805,"Normal",38.8838469962813,"Average - typical case load at this point","French Polynesia"
"PYF",11,3,0.570521470837198,91.9166666666666,1.20760038791303,1029.91666666667,91.9166666666667,1029.91666666667,0.924222421812154,0.0911819424074428,2025,"WHO",2025-03-01,240,240,NA,18,NA,FALSE,"no_lookup_match",NA,5,"2024/2025","Observed",594,594,762,1699,NA,762,"Pacific Islands","French Polynesia",1.20760038791303,1029.91666666667,40.700173958288,"Normal","Average - typical case load at this point",-0.464845412009252,"Normal",38.8838469962813,"Average - typical case load at this point","French Polynesia"
"PYF",12,4,0.623422603174741,71.8333333333333,1.2425119884391,1101.75,71.8333333333333,1101.75,1,0.0757775781878456,2025,"WHO",2025-04-01,168,168,NA,17,NA,FALSE,"no_lookup_match",NA,5,"2024/2025","Observed",762,762,762,1699,NA,762,"Pacific Islands","French Polynesia",1.2425119884391,1101.75,46.9572390317838,"Normal","Average - typical case load at this point",-0.343543667482585,"Normal",38.8838469962813,"Average - typical case load at this point","French Polynesia"
"PYF",1,5,0.764713576389969,114.666666666667,0.764713576389969,114.666666666667,114.666666666667,114.666666666667,0.127306971280756,0.127306971280756,2025,"WHO",2025-05-01,203,203,NA,16,NA,FALSE,"no_lookup_match",NA,5,"2025/2026","Observed",203,965,340,1699,NA,340,"Pacific Islands","French Polynesia",0.764713576389969,114.666666666667,82.1709708158029,"High","Above average - more cases than typical at this point",0.671418774833033,"Normal",38.8838469962813,"Average - typical case load at this point","French Polynesia"
"PYF",2,6,0.776181635204542,83.7500000000001,0.854332264028706,198.416666666666,83.75,198.416666666667,0.209193843812358,0.0818868725316015,2025,"WHO",2025-06-01,84,84,NA,15,NA,FALSE,"no_lookup_match",NA,5,"2025/2026","Observed",287,1049,340,1699,NA,340,"Pacific Islands","French Polynesia",0.854332264028706,198.416666666666,76.4135529818086,"High","Above average - more cases than typical at this point",0.411769617341533,"Normal",38.8838469962813,"Average - typical case load at this point","French Polynesia"
"PYF",3,7,0.509537797709053,77.9166666666666,0.902965660125742,276.333333333334,77.9166666666667,276.333333333333,0.274698429702026,0.0655045858896677,2025,"WHO",2025-07-01,0,0,NA,14,NA,FALSE,"no_lookup_match",NA,5,"2025/2026","Observed",287,1049,340,1699,NA,340,"Pacific Islands","French Polynesia",0.902965660125742,276.333333333334,65.2486466291181,"Normal","Average - typical case load at this point",0.0366203639832406,"Normal",38.8838469962813,"Average - typical case load at this point","French Polynesia"
"PYF",4,8,0.507065323825577,76.0000000000001,0.906406075908909,352.333333333334,76,352.333333333333,0.336263292569078,0.0615648628670523,2025,"WHO",2025-08-01,0,0,NA,13,NA,FALSE,"no_lookup_match",NA,5,"2025/2026","Observed",287,1049,340,1699,NA,340,"Pacific Islands","French Polynesia",0.906406075908909,352.333333333334,56.8379217868289,"Normal","Average - typical case load at this point",-0.176313098011492,"Normal",38.8838469962813,"Average - typical case load at this point","French Polynesia"
"PYF",5,9,0.537568392699996,88.25,0.88490621834627,440.583333333333,88.25,440.583333333333,0.406590753884907,0.0703274613158291,2025,"WHO",2025-09-01,0,0,0,12,1,TRUE,"applied_mean",NA,5,"2025/2026","Observed",287,1049,340,1699,NA,340,"Pacific Islands","French Polynesia",0.88490621834627,440.583333333333,49.7506507021918,"Normal","Average - typical case load at this point",-0.32758872680672,"Normal",38.8838469962813,"Average - typical case load at this point","French Polynesia"
"PYF",6,10,0.478199433916274,74.6666666666668,0.861195488190372,515.250000000001,74.6666666666667,515.25,0.46412891937337,0.0575381654884634,2025,"WHO",2025-10-01,0,0,0,11,1,TRUE,"applied_mean",NA,5,"2025/2026","Observed",287,1049,340,1699,NA,340,"Pacific Islands","French Polynesia",0.861195488190372,515.250000000001,45.3474404185809,"Normal","Average - typical case load at this point",-0.410753260017683,"Normal",38.8838469962813,"Average - typical case load at this point","French Polynesia"
"PYF",7,11,0.808095164436461,92.1666666666667,0.855488911902115,607.416666666667,92.1666666666667,607.416666666667,0.542697039243958,0.0785681198705874,2025,"WHO",2025-11-01,29,29,29,10,1,TRUE,"applied_mean",NA,5,"2025/2026","Observed",316,1078,340,1699,NA,340,"Pacific Islands","French Polynesia",0.855488911902115,607.416666666667,43.4493652535774,"Normal","Average - typical case load at this point",-0.443434274758431,"Normal",38.8838469962813,"Average - typical case load at this point","French Polynesia"
"PYF",8,12,0.499443001065378,119,0.837723287920963,726.416666666667,119,726.416666666667,0.634436084062003,0.0917390448180453,2025,"WHO",2025-12-01,0,0,0,9,1,TRUE,"applied_mean",NA,5,"2025/2026","Observed",316,1078,340,1699,NA,340,"Pacific Islands","French Polynesia",0.837723287920963,726.416666666667,38.8838469962813,"Normal","Average - typical case load at this point",-0.51681987582085,"Normal",38.8838469962813,"Average - typical case load at this point","French Polynesia"
"PYF",9,1,0.620035778951773,129.833333333333,1.05589514110577,856.250000000001,129.833333333333,856.25,0.749642399449016,0.115206315387013,2026,"WHO",2026-01-01,6,6,6,8,1,TRUE,"applied_mean",NA,5,"2025/2026","Observed",322,6,340,110,NA,340,"Pacific Islands","French Polynesia",1.05589514110577,856.250000000001,30.266110983329,"Normal","Average - typical case load at this point",-0.640747217994921,"Extremely Low",3.30628456733898,"Rare good event - unusually low cases to date","French Polynesia"
"PYF",10,2,0.707817466811557,81.7499999999999,1.14738274656199,937.999999999999,81.75,938,0.833040479404712,0.0833980799556953,2026,"WHO",2026-02-01,7,7,7,7,1,TRUE,"applied_mean",NA,5,"2025/2026","Observed",329,13,340,110,NA,340,"Pacific Islands","French Polynesia",1.14738274656199,937.999999999999,26.7249100095015,"Normal","Average - typical case load at this point",-0.695029366216049,"Extremely Low",3.30628456733898,"Rare good event - unusually low cases to date","French Polynesia"
"PYF",11,3,0.570521470837198,91.9166666666666,1.20760038791303,1029.91666666667,91.9166666666667,1029.91666666667,0.924222421812154,0.0911819424074428,2026,"WHO",2026-03-01,2,2,2,6,1,TRUE,"applied_mean",NA,5,"2025/2026","Observed",331,15,340,110,NA,340,"Pacific Islands","French Polynesia",1.20760038791303,1029.91666666667,23.5095341104246,"Low","Below average - fewer cases than typical at this point",-0.745298885590059,"Extremely Low",3.30628456733898,"Rare good event - unusually low cases to date","French Polynesia"
"PYF",12,4,0.623422603174741,71.8333333333333,1.2425119884391,1101.75,71.8333333333333,1101.75,1,0.0757775781878456,2026,"WHO",2026-04-01,9,9,9,5,1,TRUE,"applied_mean",NA,5,"2025/2026","Observed",340,24,340,110,NA,340,"Pacific Islands","French Polynesia",1.2425119884391,1101.75,21.967193078978,"Low","Below average - fewer cases than typical at this point",-0.770255743060659,"Extremely Low",3.30628456733898,"Rare good event - unusually low cases to date","French Polynesia"
"PYF",1,5,0.764713576389969,114.666666666667,0.764713576389969,114.666666666667,114.666666666667,114.666666666667,0.127306971280756,0.127306971280756,2026,"WHO",2026-05-01,4,4,4,4,0.960500963391137,TRUE,"applied_mean",NA,5,"2026/2027","Observed",4,28,39,110,NA,39,"Pacific Islands","French Polynesia",0.764713576389969,114.666666666667,7.77536407588094,"Low","Below average - fewer cases than typical at this point",-0.841173710356858,"Extremely Low",3.30628456733898,"Rare good event - unusually low cases to date","French Polynesia"
"PYF",2,6,0.776181635204542,83.7500000000001,0.854332264028706,198.416666666666,83.75,198.416666666667,0.209193843812358,0.0818868725316015,2026,"WHO",2026-06-01,4,4,4,3,0.918906176331919,TRUE,"applied_mean",NA,5,"2026/2027","Observed",8,32,39,110,NA,39,"Pacific Islands","French Polynesia",0.854332264028706,198.416666666666,6.4003706609537,"Low","Below average - fewer cases than typical at this point",-0.885130362770835,"Extremely Low",3.30628456733898,"Rare good event - unusually low cases to date","French Polynesia"
"PYF",3,7,0.509537797709053,77.9166666666666,0.902965660125742,276.333333333334,77.9166666666667,276.333333333333,0.274698429702026,0.0655045858896677,2026,"WHO",2026-07-01,5,4,5,2,1.21546444840562,TRUE,"applied_mean",NA,5,"2026/2027","Observed",13,37,39,110,NA,39,"Pacific Islands","French Polynesia",0.902965660125742,276.333333333334,6.24454206019901,"Low","Below average - fewer cases than typical at this point",-0.904065235836315,"Extremely Low",3.30628456733898,"Rare good event - unusually low cases to date","French Polynesia"
"PYF",4,8,0.507065323825577,76.0000000000001,0.906406075908909,352.333333333334,76,352.333333333333,0.336263292569078,0.0615648628670523,2026,"WHO",2026-08-01,0,0,NA,1,NA,FALSE,"insufficient_n_rf",NA,5,"2026/2027","Observed",13,37,39,110,NA,39,"Pacific Islands","French Polynesia",0.906406075908909,352.333333333334,4.99282631482042,"Extremely Low","Rare good event - unusually low cases to date",-0.915748641712737,"Extremely Low",3.30628456733898,"Rare good event - unusually low cases to date","French Polynesia"
"PYF",5,9,0.537568392699996,88.25,0.88490621834627,440.583333333333,88.25,440.583333333333,0.406590753884907,0.0703274613158291,2026,NA,2026-09-01,NA,NA,NA,NA,NA,NA,NA,NA,5,"2026/2027","Unobserved",13,37,39,110,NA,39,"Pacific Islands","French Polynesia",0.88490621834627,440.583333333333,4.35611649950268,"Extremely Low","Rare good event - unusually low cases to date",-0.912022657213932,"Extremely Low",3.30628456733898,"Rare good event - unusually low cases to date","French Polynesia"
"PYF",6,10,0.478199433916274,74.6666666666668,0.861195488190372,515.250000000001,74.6666666666667,515.25,0.46412891937337,0.0575381654884634,2026,NA,2026-10-01,NA,NA,NA,NA,NA,NA,NA,NA,5,"2026/2027","Unobserved",13,37,39,110,NA,39,"Pacific Islands","French Polynesia",0.861195488190372,515.250000000001,4.08755643561442,"Extremely Low","Rare good event - unusually low cases to date",-0.903837129655558,"Extremely Low",3.30628456733898,"Rare good event - unusually low cases to date","French Polynesia"
"PYF",7,11,0.808095164436461,92.1666666666667,0.855488911902115,607.416666666667,92.1666666666667,607.416666666667,0.542697039243958,0.0785681198705874,2026,NA,2026-11-01,NA,NA,NA,NA,NA,NA,NA,NA,5,"2026/2027","Unobserved",13,37,39,110,NA,39,"Pacific Islands","French Polynesia",0.855488911902115,607.416666666667,3.61996759619892,"Extremely Low","Rare good event - unusually low cases to date",-0.90449433281438,"Extremely Low",3.30628456733898,"Rare good event - unusually low cases to date","French Polynesia"
"PYF",8,12,0.499443001065378,119,0.837723287920963,726.416666666667,119,726.416666666667,0.634436084062003,0.0917390448180453,2026,NA,2026-12-01,NA,NA,NA,NA,NA,NA,NA,NA,5,"2026/2027","Unobserved",13,37,39,110,NA,39,"Pacific Islands","French Polynesia",0.837723287920963,726.416666666667,3.30628456733898,"Extremely Low","Rare good event - unusually low cases to date",-0.898374610538537,"Extremely Low",3.30628456733898,"Rare good event - unusually low cases to date","French Polynesia"
"REU",1,1,0.39148420431675,130.2,0.39148420431675,130.2,130.2,130.2,0.0250022006642007,0.0250022006642007,2025,"WHO",2025-01-01,10,10,NA,20,NA,FALSE,"no_lookup_match",NA,1,"2025/2026","Observed",10,10,17,17,NA,17,"Sub-Saharan Africa","Reunion",0.39148420431675,130.2,29.0558411381114,"Normal","Average - typical case load at this point",-0.576764695143814,"Low",6.97516549939677,"Below average - fewer cases than typical at this point","Reunion"
"REU",2,2,0.345783433347924,406,0.369909521303603,536.2,406,536.2,0.076292599863536,0.0512903991993352,2025,"WHO",2025-02-01,0,0,NA,19,NA,FALSE,"no_lookup_match",NA,1,"2025/2026","Observed",10,10,17,17,NA,17,"Sub-Saharan Africa","Reunion",0.369909521303603,536.2,18.249741275801,"Low","Below average - fewer cases than typical at this point",-0.596653286130526,"Low",6.97516549939677,"Below average - fewer cases than typical at this point","Reunion"
"REU",3,3,0.383009851069874,1372.5,0.38672633004568,1908.7,1372.5,1908.7,0.259873937486681,0.183581337623145,2025,"WHO",2025-03-01,2,2,NA,18,NA,FALSE,"no_lookup_match",NA,1,"2025/2026","Observed",12,12,17,17,NA,17,"Sub-Saharan Africa","Reunion",0.38672633004568,1908.7,11.2133457395061,"Low","Below average - fewer cases than typical at this point",-0.617900930628984,"Low",6.97516549939677,"Below average - fewer cases than typical at this point","Reunion"
"REU",4,4,0.37957648245776,2221.8,0.388919858031196,4130.5,2221.8,4130.5,0.535546256614885,0.275672319128204,2025,"WHO",2025-04-01,5,5,NA,17,NA,FALSE,"no_lookup_match",NA,1,"2025/2026","Observed",17,17,17,17,NA,17,"Sub-Saharan Africa","Reunion",0.388919858031196,4130.5,9.35179362529929,"Low","Below average - fewer cases than typical at this point",-0.621038449973913,"Low",6.97516549939677,"Below average - fewer cases than typical at this point","Reunion"
"REU",5,5,0.336797907515271,2265.5,0.375261049543991,6396,2265.5,6396,0.771859440855868,0.236313184240983,2025,"WHO",2025-05-01,0,0,NA,16,NA,FALSE,"no_lookup_match",NA,1,"2025/2026","Observed",17,17,17,17,NA,17,"Sub-Saharan Africa","Reunion",0.375261049543991,6396,8.53685324025945,"Low","Below average - fewer cases than typical at this point",-0.610939424683281,"Low",6.97516549939677,"Below average - fewer cases than typical at this point","Reunion"
"REU",6,6,0.407282836949987,712.600000000001,0.384233720983205,7108.6,712.6,7108.6,0.885417124160769,0.113557683304901,2025,"WHO",2025-06-01,0,0,NA,15,NA,FALSE,"no_lookup_match",NA,1,"2025/2026","Observed",17,17,17,17,NA,17,"Sub-Saharan Africa","Reunion",0.384233720983205,7108.6,7.78416010476272,"Low","Below average - fewer cases than typical at this point",-0.618366787412178,"Low",6.97516549939677,"Below average - fewer cases than typical at this point","Reunion"
"REU",7,7,0.430103163188438,182,0.388283575744098,7290.6,182,7290.6,0.923731846445034,0.0383147222842653,2025,"WHO",2025-07-01,0,0,NA,14,NA,FALSE,"no_lookup_match",NA,1,"2025/2026","Observed",17,17,17,17,NA,17,"Sub-Saharan Africa","Reunion",0.388283575744098,7290.6,7.52734449504664,"Low","Below average - fewer cases than typical at this point",-0.621654509625492,"Low",6.97516549939677,"Below average - fewer cases than typical at this point","Reunion"
"REU",8,8,0.391683264184625,80.5000000000001,0.389869070252641,7371.09999999998,80.5,7371.1,0.940681937740446,0.0169500912954121,2025,"WHO",2025-08-01,0,0,NA,13,NA,FALSE,"no_lookup_match",NA,1,"2025/2026","Observed",17,17,17,17,NA,17,"Sub-Saharan Africa","Reunion",0.389869070252641,7371.09999999998,7.42562855159038,"Low","Below average - fewer cases than typical at this point",-0.62293844464693,"Low",6.97516549939677,"Below average - fewer cases than typical at this point","Reunion"
"REU",9,9,0.388843151300042,50.1,0.390672405913281,7421.20000000001,50.1,7421.2,0.950614920145639,0.00993298240519287,2025,"WHO",2025-09-01,0,0,0,12,1,TRUE,"applied_mean",NA,1,"2025/2026","Observed",17,17,17,17,NA,17,"Sub-Saharan Africa","Reunion",0.390672405913281,7421.20000000001,7.37104772171649,"Low","Below average - fewer cases than typical at this point",-0.623589714025716,"Low",6.97516549939677,"Below average - fewer cases than typical at this point","Reunion"
"REU",10,10,0.479823751576095,28.1,0.391849931161963,7449.3,28.1,7449.3,0.959270703731138,0.00865578358549939,2025,"WHO",2025-10-01,0,0,0,11,1,TRUE,"applied_mean",NA,1,"2025/2026","Observed",17,17,17,17,NA,17,"Sub-Saharan Africa","Reunion",0.391849931161963,7449.3,7.30921779917232,"Low","Below average - fewer cases than typical at this point",-0.624534209074357,"Low",6.97516549939677,"Below average - fewer cases than typical at this point","Reunion"
"REU",11,11,0.551871271224944,29.4,0.394906162513545,7478.70000000001,29.4,7478.7,0.975756524014302,0.0164858202831633,2025,"WHO",2025-11-01,0,0,0,10,1,TRUE,"applied_mean",NA,1,"2025/2026","Observed",17,17,17,17,NA,17,"Sub-Saharan Africa","Reunion",0.394906162513545,7478.70000000001,7.16750978502512,"Low","Below average - fewer cases than typical at this point",-0.626970578344245,"Low",6.97516549939677,"Below average - fewer cases than typical at this point","Reunion"
"REU",12,12,0.352040345899097,37,0.399186262036389,7515.69999999997,37,7515.7,1,0.0242434759856984,2025,"WHO",2025-12-01,0,0,0,9,1,TRUE,"applied_mean",NA,1,"2025/2026","Observed",17,17,17,17,NA,17,"Sub-Saharan Africa","Reunion",0.399186262036389,7515.69999999997,6.97516549939677,"Low","Below average - fewer cases than typical at this point",-0.63036603254272,"Low",6.97516549939677,"Below average - fewer cases than typical at this point","Reunion"
"REU",1,1,0.39148420431675,130.2,0.39148420431675,130.2,130.2,130.2,0.0250022006642007,0.0250022006642007,2026,"WHO",2026-01-01,10,10,10,8,1,TRUE,"applied_mean",NA,1,"2026/2027","Observed",10,10,309,309,NA,309,"Sub-Saharan Africa","Reunion",0.39148420431675,130.2,29.0558411381114,"Normal","Average - typical case load at this point",-0.576764695143814,"Low",21.2586264543498,"Below average - fewer cases than typical at this point","Reunion"
"REU",2,2,0.345783433347924,406,0.369909521303603,536.2,406,536.2,0.076292599863536,0.0512903991993352,2026,"WHO",2026-02-01,3,3,3,7,1,TRUE,"applied_mean",NA,1,"2026/2027","Observed",13,13,309,309,NA,309,"Sub-Saharan Africa","Reunion",0.369909521303603,536.2,19.987083866069,"Low","Below average - fewer cases than typical at this point",-0.593251614031721,"Low",21.2586264543498,"Below average - fewer cases than typical at this point","Reunion"
"REU",3,3,0.383009851069874,1372.5,0.38672633004568,1908.7,1372.5,1908.7,0.259873937486681,0.183581337623145,2026,"WHO",2026-03-01,45,45,45,6,1,TRUE,"applied_mean",NA,1,"2026/2027","Observed",58,58,309,309,NA,309,"Sub-Saharan Africa","Reunion",0.38672633004568,1908.7,20.218622765506,"Low","Below average - fewer cases than typical at this point",-0.602915196032615,"Low",21.2586264543498,"Below average - fewer cases than typical at this point","Reunion"
"REU",4,4,0.37957648245776,2221.8,0.388919858031196,4130.5,2221.8,4130.5,0.535546256614885,0.275672319128204,2026,"WHO",2026-04-01,76,76,76,5,1,TRUE,"applied_mean",NA,1,"2026/2027","Observed",134,134,309,309,NA,309,"Sub-Saharan Africa","Reunion",0.388919858031196,4130.5,20.5294402537053,"Low","Below average - fewer cases than typical at this point",-0.603374295689983,"Low",21.2586264543498,"Below average - fewer cases than typical at this point","Reunion"
"REU",5,5,0.336797907515271,2265.5,0.375261049543991,6396,2265.5,6396,0.771859440855868,0.236313184240983,2026,"WHO",2026-05-01,73,73,73,4,1,TRUE,"applied_mean",NA,1,"2026/2027","Observed",207,207,309,309,NA,309,"Sub-Saharan Africa","Reunion",0.375261049543991,6396,21.4483118657542,"Low","Below average - fewer cases than typical at this point",-0.592742451695379,"Low",21.2586264543498,"Below average - fewer cases than typical at this point","Reunion"
"REU",6,6,0.407282836949987,712.600000000001,0.384233720983205,7108.6,712.6,7108.6,0.885417124160769,0.113557683304901,2026,"WHO",2026-06-01,66,66,66,3,1,TRUE,"applied_mean",NA,1,"2026/2027","Observed",273,273,309,309,NA,309,"Sub-Saharan Africa","Reunion",0.384233720983205,7108.6,22.2110003782337,"Low","Below average - fewer cases than typical at this point",-0.596044335838835,"Low",21.2586264543498,"Below average - fewer cases than typical at this point","Reunion"
"REU",7,7,0.430103163188438,182,0.388283575744098,7290.6,182,7290.6,0.923731846445034,0.0383147222842653,2026,"WHO",2026-07-01,10,10,10,2,1,TRUE,"applied_mean",NA,1,"2026/2027","Observed",283,283,309,309,NA,309,"Sub-Saharan Africa","Reunion",0.388283575744098,7290.6,22.0189225844549,"Low","Below average - fewer cases than typical at this point",-0.598920224050209,"Low",21.2586264543498,"Below average - fewer cases than typical at this point","Reunion"
"REU",8,8,0.391683264184625,80.5000000000001,0.389869070252641,7371.09999999998,80.5,7371.1,0.940681937740446,0.0169500912954121,2026,"WHO",2026-08-01,8,8,NA,1,NA,FALSE,"insufficient_n_rf",NA,1,"2026/2027","Observed",291,291,309,309,NA,309,"Sub-Saharan Africa","Reunion",0.389869070252641,7371.09999999998,22.0523516646648,"Low","Below average - fewer cases than typical at this point",-0.599728924266019,"Low",21.2586264543498,"Below average - fewer cases than typical at this point","Reunion"
"REU",9,9,0.388843151300042,50.1,0.390672405913281,7421.20000000001,50.1,7421.2,0.950614920145639,0.00993298240519287,2026,NA,2026-09-01,NA,NA,NA,NA,NA,NA,NA,NA,1,"2026/2027","Unobserved",291,291,309,309,NA,309,"Sub-Saharan Africa","Reunion",0.390672405913281,7421.20000000001,21.9396985667826,"Low","Below average - fewer cases than typical at this point",-0.600513138346636,"Low",21.2586264543498,"Below average - fewer cases than typical at this point","Reunion"
"REU",10,10,0.479823751576095,28.1,0.391849931161963,7449.3,28.1,7449.3,0.959270703731138,0.00865578358549939,2026,NA,2026-10-01,NA,NA,NA,NA,NA,NA,NA,NA,1,"2026/2027","Unobserved",291,291,309,309,NA,309,"Sub-Saharan Africa","Reunion",0.391849931161963,7449.3,21.8271813700324,"Low","Below average - fewer cases than typical at this point",-0.601510061329194,"Low",21.2586264543498,"Below average - fewer cases than typical at this point","Reunion"
"REU",11,11,0.551871271224944,29.4,0.394906162513545,7478.70000000001,29.4,7478.7,0.975756524014302,0.0164858202831633,2026,NA,2026-11-01,NA,NA,NA,NA,NA,NA,NA,NA,1,"2026/2027","Unobserved",291,291,309,309,NA,309,"Sub-Saharan Africa","Reunion",0.394906162513545,7478.70000000001,21.5865900192013,"Low","Below average - fewer cases than typical at this point",-0.603947682962989,"Low",21.2586264543498,"Below average - fewer cases than typical at this point","Reunion"
"REU",12,12,0.352040345899097,37,0.399186262036389,7515.69999999997,37,7515.7,1,0.0242434759856984,2026,NA,2026-12-01,NA,NA,NA,NA,NA,NA,NA,NA,1,"2026/2027","Unobserved",291,291,309,309,NA,309,"Sub-Saharan Africa","Reunion",0.399186262036389,7515.69999999997,21.2586264543498,"Low","Below average - fewer cases than typical at this point",-0.607332667703921,"Low",21.2586264543498,"Below average - fewer cases than typical at this point","Reunion"
"SDN",8,1,0.241033213480961,634,0.511043975432859,8568.44444444445,634,8568.44444444445,0.921492252587912,0.0431127758634489,2025,"WHO",2025-01-01,822,822,NA,20,NA,FALSE,"no_lookup_match",NA,6,"2024/2025","Observed",822,822,3998,56315,NA,3998,"Europe, Middle East & North Africa","Sudan",0.511043975432859,8568.44444444445,23.7707494818953,"Low","Below average - fewer cases than typical at this point",-0.646273890789633,"Extremely High",98.4388150512435,"Rare bad event - unusually high cases to date","Sudan"
"SDN",9,2,0.197301009128575,616.333333333333,0.49663104660323,9184.77777777781,616.333333333333,9184.77777777778,0.94447310446516,0.022980851877248,2025,"WHO",2025-02-01,816,816,NA,19,NA,FALSE,"no_lookup_match",NA,6,"2024/2025","Observed",1638,1638,3998,56315,NA,3998,"Europe, Middle East & North Africa","Sudan",0.49663104660323,9184.77777777781,32.8977445247542,"Normal","Average - typical case load at this point",-0.579026047044452,"Extremely High",98.4388150512435,"Rare bad event - unusually high cases to date","Sudan"
"SDN",10,3,0.157576425370262,511.222222222223,0.486031842410564,9696.00000000001,511.222222222222,9696,0.963558141769992,0.0190850373048319,2025,"WHO",2025-03-01,669,669,NA,18,NA,FALSE,"no_lookup_match",NA,6,"2024/2025","Observed",2307,2307,3998,56315,NA,3998,"Europe, Middle East & North Africa","Sudan",0.486031842410564,9696.00000000001,38.1214777022819,"Normal","Average - typical case load at this point",-0.531269075083899,"Extremely High",98.4388150512435,"Rare bad event - unusually high cases to date","Sudan"
"SDN",11,4,0.108218370069039,897.77777777778,0.466665515988478,10593.7777777778,897.777777777778,10593.7777777778,0.986863274911882,0.0233051331418898,2025,"WHO",2025-04-01,838,838,NA,17,NA,FALSE,"no_lookup_match",NA,6,"2024/2025","Observed",3145,3145,3998,56315,NA,3998,"Europe, Middle East & North Africa","Sudan",0.466665515988478,10593.7777777778,42.994825041262,"Normal","Average - typical case load at this point",-0.480316437126517,"Extremely High",98.4388150512435,"Rare bad event - unusually high cases to date","Sudan"
"SDN",12,5,NA,NA,0.46167343934105,10924.1111111111,330.333333333333,10924.1111111111,1,0.0131367250881185,2025,"WHO",2025-05-01,853,853,NA,16,NA,FALSE,"no_lookup_match",NA,6,"2024/2025","Observed",3998,3998,3998,56315,NA,3998,"Europe, Middle East & North Africa","Sudan",0.46167343934105,10924.1111111111,47.1674011305614,"Normal","Average - typical case load at this point",-0.43078603251982,"Extremely High",98.4388150512435,"Rare bad event - unusually high cases to date","Sudan"
"SDN",1,6,0.22898575737938,44.8888888888888,0.22898575737938,44.8888888888888,44.8888888888889,44.8888888888889,0.003576270684999,0.003576270684999,2025,"WHO",2025-06-01,335,335,NA,15,NA,FALSE,"no_lookup_match",NA,6,"2025/2026","Observed",335,4333,68169,56315,NA,68169,"Europe, Middle East & North Africa","Sudan",0.22898575737938,44.8888888888888,97.7366267806554,"Extremely High","Rare bad event - unusually high cases to date",3.08478466458949,"Extremely High",98.4388150512435,"Rare bad event - unusually high cases to date","Sudan"
"SDN",2,7,0.294845442978204,101.111111111111,0.29969573632899,146,101.111111111111,146,0.0151628658346441,0.0115865951496451,2025,"WHO",2025-07-01,741,741,NA,14,NA,FALSE,"no_lookup_match",NA,6,"2025/2026","Observed",1076,5074,68169,56315,NA,68169,"Europe, Middle East & North Africa","Sudan",0.29969573632899,146,98.3048972121814,"Extremely High","Rare bad event - unusually high cases to date",3.48357440850576,"Extremely High",98.4388150512435,"Rare bad event - unusually high cases to date","Sudan"
"SDN",3,8,0.374910909334577,526.555555555555,0.386638638701048,672.555555555556,526.555555555556,672.555555555556,0.0687611260854536,0.0535982602508096,2025,"WHO",2025-08-01,3791,3791,NA,13,NA,FALSE,"no_lookup_match",NA,6,"2025/2026","Observed",4867,8865,68169,56315,NA,68169,"Europe, Middle East & North Africa","Sudan",0.386638638701048,672.555555555556,98.7977721240267,"Extremely High","Rare bad event - unusually high cases to date",3.87680637432333,"Extremely High",98.4388150512435,"Rare bad event - unusually high cases to date","Sudan"
"SDN",4,9,0.385409443869222,1735.11111111111,0.402242903356345,2407.66666666667,1735.11111111111,2407.66666666667,0.208429111428526,0.139667985343073,2025,"WHO",2025-09-01,12511,12511,12511,12,1,TRUE,"applied_mean",NA,6,"2025/2026","Observed",17378,21376,68169,56315,NA,68169,"Europe, Middle East & North Africa","Sudan",0.402242903356345,2407.66666666667,98.8709279990336,"Extremely High","Rare bad event - unusually high cases to date",3.94314756969981,"Extremely High",98.4388150512435,"Rare bad event - unusually high cases to date","Sudan"
"SDN",5,10,0.496403136921055,3254.22222222221,0.470224867413954,5661.88888888889,3254.22222222222,5661.88888888889,0.543064339954795,0.334635228526269,2025,"WHO",2025-10-01,18678,18678,18678,11,1,TRUE,"applied_mean",NA,6,"2025/2026","Observed",36056,40054,68169,56315,NA,68169,"Europe, Middle East & North Africa","Sudan",0.470224867413954,5661.88888888889,98.6980166406324,"Extremely High","Rare bad event - unusually high cases to date",3.68097499466928,"Extremely High",98.4388150512435,"Rare bad event - unusually high cases to date","Sudan"
"SDN",6,11,0.610711178016964,1698.44444444444,0.506758771554759,7360.33333333334,1698.44444444444,7360.33333333333,0.785189753580287,0.242125413625492,2025,"WHO",2025-11-01,6632,6632,6632,10,1,TRUE,"applied_mean",NA,6,"2025/2026","Observed",42688,46686,68169,56315,NA,68169,"Europe, Middle East & North Africa","Sudan",0.506758771554759,7360.33333333334,98.4326595797693,"Extremely High","Rare bad event - unusually high cases to date",3.41667097423309,"Extremely High",98.4388150512435,"Rare bad event - unusually high cases to date","Sudan"
"SDN",7,12,0.675854584452986,574.111111111109,0.520163527122355,7934.44444444442,574.111111111111,7934.44444444444,0.878379476724463,0.0931897231441759,2025,"WHO",2025-12-01,2780,2006,2780,9,1.38571428571429,TRUE,"applied_mean",NA,6,"2025/2026","Observed",45468,49466,68169,56315,NA,68169,"Europe, Middle East & North Africa","Sudan",0.520163527122355,7934.44444444442,98.4388150512435,"Extremely High","Rare bad event - unusually high cases to date",3.41160621403373,"Extremely High",98.4388150512435,"Rare bad event - unusually high cases to date","Sudan"
"SDN",8,1,0.241033213480961,634,0.511043975432859,8568.44444444445,634,8568.44444444445,0.921492252587912,0.0431127758634489,2026,"WHO",2026-01-01,5368,4104,5368,8,1.30797342192691,TRUE,"applied_mean",NA,6,"2025/2026","Observed",50836,5368,68169,417896,NA,68169,"Europe, Middle East & North Africa","Sudan",0.511043975432859,8568.44444444445,98.569302503197,"Extremely High","Rare bad event - unusually high cases to date",3.52631685142291,"Normal",61.1981605987455,"Average - typical case load at this point","Sudan"
"SDN",9,2,0.197301009128575,616.333333333333,0.49663104660323,9184.77777777781,616.333333333333,9184.77777777778,0.94447310446516,0.022980851877248,2026,"WHO",2026-02-01,5194,4219,5194,7,1.23116638013434,TRUE,"applied_mean",NA,6,"2025/2026","Observed",56030,10562,68169,417896,NA,68169,"Europe, Middle East & North Africa","Sudan",0.49663104660323,9184.77777777781,98.6319181683045,"Extremely High","Rare bad event - unusually high cases to date",3.59419670817964,"Normal",61.1981605987455,"Average - typical case load at this point","Sudan"
"SDN",10,3,0.157576425370262,511.222222222223,0.486031842410564,9696.00000000001,511.222222222222,9696,0.963558141769992,0.0190850373048319,2026,"WHO",2026-03-01,3528,3412,3528,6,1.03388685539362,TRUE,"applied_mean",NA,6,"2025/2026","Observed",59558,14090,68169,417896,NA,68169,"Europe, Middle East & North Africa","Sudan",0.486031842410564,9696.00000000001,98.6117381102143,"Extremely High","Rare bad event - unusually high cases to date",3.58507763186268,"Normal",61.1981605987455,"Average - typical case load at this point","Sudan"
"SDN",11,4,0.108218370069039,897.77777777778,0.466665515988478,10593.7777777778,897.777777777778,10593.7777777778,0.986863274911882,0.0233051331418898,2026,"WHO",2026-04-01,6659,6915,6659,5,0.963010853488882,TRUE,"applied_mean",NA,6,"2025/2026","Observed",66217,20749,68169,417896,NA,68169,"Europe, Middle East & North Africa","Sudan",0.466665515988478,10593.7777777778,98.5946373039027,"Extremely High","Rare bad event - unusually high cases to date",3.58672908715028,"Normal",61.1981605987455,"Average - typical case load at this point","Sudan"
"SDN",12,5,NA,NA,0.46167343934105,10924.1111111111,330.333333333333,10924.1111111111,1,0.0131367250881185,2026,"WHO",2026-05-01,1952,1930,1952,4,1.0114618261655,TRUE,"applied_mean",NA,6,"2025/2026","Observed",68169,22701,68169,417896,NA,68169,"Europe, Middle East & North Africa","Sudan",0.46167343934105,10924.1111111111,98.5605053472818,"Extremely High","Rare bad event - unusually high cases to date",3.56048266781652,"Normal",61.1981605987455,"Average - typical case load at this point","Sudan"
"SDN",1,6,0.22898575737938,44.8888888888888,0.22898575737938,44.8888888888888,44.8888888888889,44.8888888888889,0.003576270684999,0.003576270684999,2026,"WHO",2026-06-01,604,605,604,3,0.998649204044385,TRUE,"applied_mean",NA,6,"2026/2027","Observed",604,23305,87753,417896,NA,87753,"Europe, Middle East & North Africa","Sudan",0.22898575737938,44.8888888888888,99.5949941182354,"Extremely High","Rare bad event - unusually high cases to date",5.945092467336,"Normal",61.1981605987455,"Average - typical case load at this point","Sudan"
"SDN",2,7,0.294845442978204,101.111111111111,0.29969573632899,146,101.111111111111,146,0.0151628658346441,0.0115865951496451,2026,"WHO",2026-07-01,3535,3264,3535,2,1.08305439194039,TRUE,"applied_median",NA,6,"2026/2027","Observed",4139,26840,87753,417896,NA,87753,"Europe, Middle East & North Africa","Sudan",0.29969573632899,146,99.9985706396459,"Extremely High","Rare bad event - unusually high cases to date",14.9568952829715,"Normal",61.1981605987455,"Average - typical case load at this point","Sudan"
"SDN",3,8,0.374910909334577,526.555555555555,0.386638638701048,672.555555555556,526.555555555556,672.555555555556,0.0687611260854536,0.0535982602508096,2026,"WHO",2026-08-01,1895,1895,NA,1,NA,FALSE,"insufficient_n_rf",NA,6,"2026/2027","Observed",6034,28735,87753,417896,NA,87753,"Europe, Middle East & North Africa","Sudan",0.386638638701048,672.555555555556,99.447455125501,"Extremely High","Rare bad event - unusually high cases to date",4.95543146967479,"Normal",61.1981605987455,"Average - typical case load at this point","Sudan"
"SDN",4,9,0.385409443869222,1735.11111111111,0.402242903356345,2407.66666666667,1735.11111111111,2407.66666666667,0.208429111428526,0.139667985343073,2026,NA,2026-09-01,NA,NA,NA,NA,NA,NA,NA,NA,6,"2026/2027","Unobserved",6034,28735,87753,417896,NA,87753,"Europe, Middle East & North Africa","Sudan",0.402242903356345,2407.66666666667,88.1050479759242,"High","Above average - more cases than typical at this point",0.955166939296926,"Normal",61.1981605987455,"Average - typical case load at this point","Sudan"
"SDN",5,10,0.496403136921055,3254.22222222221,0.470224867413954,5661.88888888889,3254.22222222222,5661.88888888889,0.543064339954795,0.334635228526269,2026,NA,2026-10-01,NA,NA,NA,NA,NA,NA,NA,NA,6,"2026/2027","Unobserved",6034,28735,87753,417896,NA,87753,"Europe, Middle East & North Africa","Sudan",0.470224867413954,5661.88888888889,70.2567694423277,"Normal","Average - typical case load at this point",0.0450656934901401,"Normal",61.1981605987455,"Average - typical case load at this point","Sudan"
"SDN",6,11,0.610711178016964,1698.44444444444,0.506758771554759,7360.33333333334,1698.44444444444,7360.33333333333,0.785189753580287,0.242125413625492,2026,NA,2026-11-01,NA,NA,NA,NA,NA,NA,NA,NA,6,"2026/2027","Unobserved",6034,28735,87753,417896,NA,87753,"Europe, Middle East & North Africa","Sudan",0.506758771554759,7360.33333333334,63.3281145406782,"Normal","Average - typical case load at this point",-0.128274664865814,"Normal",61.1981605987455,"Average - typical case load at this point","Sudan"
"SDN",7,12,0.675854584452986,574.111111111109,0.520163527122355,7934.44444444442,574.111111111111,7934.44444444444,0.878379476724463,0.0931897231441759,2026,NA,2026-12-01,NA,NA,NA,NA,NA,NA,NA,NA,6,"2026/2027","Unobserved",6034,28735,87753,417896,NA,87753,"Europe, Middle East & North Africa","Sudan",0.520163527122355,7934.44444444442,61.1981605987455,"Normal","Average - typical case load at this point",-0.172740577867603,"Normal",61.1981605987455,"Average - typical case load at this point","Sudan"
"SEN",10,1,0.542918223837258,140,0.497349526686009,2425,140,2425,0.811234687751997,0.12990157491278,2025,"WHO",2025-01-01,92,92,NA,20,NA,FALSE,"no_lookup_match",NA,4,"2024/2025","Observed",92,92,321,18292,NA,321,"Sub-Saharan Africa","Senegal",0.497349526686009,2425,15.6288552661537,"Low","Below average - fewer cases than typical at this point",-0.678405436615201,"Extremely High",97.3873136068919,"Rare bad event - unusually high cases to date","Senegal"
"SEN",11,2,0.582091979667925,114.142857142857,0.533810955515713,2539.14285714286,114.142857142857,2539.14285714286,0.922281356716431,0.111046668964434,2025,"WHO",2025-02-01,140,140,NA,19,NA,FALSE,"no_lookup_match",NA,4,"2024/2025","Observed",232,232,321,18292,NA,321,"Sub-Saharan Africa","Senegal",0.533810955515713,2539.14285714286,22.1218611412108,"Low","Below average - fewer cases than typical at this point",-0.663797244859465,"Extremely High",97.3873136068919,"Rare bad event - unusually high cases to date","Senegal"
"SEN",12,3,0.497314296269353,79.4285714285715,0.555395542361578,2618.57142857143,79.4285714285714,2618.57142857143,1,0.0777186432835692,2025,"WHO",2025-03-01,89,89,NA,18,NA,FALSE,"no_lookup_match",NA,4,"2024/2025","Observed",321,321,321,18292,NA,321,"Sub-Saharan Africa","Senegal",0.555395542361578,2618.57142857143,24.7119810433645,"Low","Below average - fewer cases than typical at this point",-0.653822316660468,"Extremely High",97.3873136068919,"Rare bad event - unusually high cases to date","Senegal"
"SEN",1,4,0.391797975142083,31.8571428571429,0.391797975142083,31.8571428571429,31.8571428571429,31.8571428571429,0.0142309108013106,0.0142309108013106,2025,"WHO",2025-04-01,130,130,NA,17,NA,FALSE,"no_lookup_match",NA,4,"2025/2026","Observed",130,451,13139,18292,NA,13139,"Sub-Saharan Africa","Senegal",0.391797975142083,31.8571428571429,94.7259883670681,"High","Above average - more cases than typical at this point",1.9165875001728,"Extremely High",97.3873136068919,"Rare bad event - unusually high cases to date","Senegal"
"SEN",2,5,0.446762308536378,41.1428571428571,0.454298407281442,73,41.1428571428571,73,0.0292344944648122,0.0150035836635016,2025,"WHO",2025-05-01,201,201,NA,16,NA,FALSE,"no_lookup_match",NA,4,"2025/2026","Observed",331,652,13139,18292,NA,13139,"Sub-Saharan Africa","Senegal",0.454298407281442,73,96.3167305336405,"Extremely High","Rare bad event - unusually high cases to date",2.37476300959502,"Extremely High",97.3873136068919,"Rare bad event - unusually high cases to date","Senegal"
"SEN",3,6,0.352230742125386,51.5714285714286,0.436912371721848,124.571428571429,51.5714285714286,124.571428571429,0.0489597597181648,0.0197252652533526,2025,"WHO",2025-06-01,225,225,NA,15,NA,FALSE,"no_lookup_match",NA,4,"2025/2026","Observed",556,877,13139,18292,NA,13139,"Sub-Saharan Africa","Senegal",0.436912371721848,124.571428571429,96.0318893560824,"Extremely High","Rare bad event - unusually high cases to date",2.28521652553656,"Extremely High",97.3873136068919,"Rare bad event - unusually high cases to date","Senegal"
"SEN",4,7,0.51806272311482,86.8571428571428,0.475844833176856,211.428571428571,86.8571428571429,211.428571428571,0.091649204835017,0.0426894451168522,2025,"WHO",2025-07-01,304,304,NA,14,NA,FALSE,"no_lookup_match",NA,4,"2025/2026","Observed",860,1181,13139,18292,NA,13139,"Sub-Saharan Africa","Senegal",0.475844833176856,211.428571428571,95.4297821996935,"Extremely High","Rare bad event - unusually high cases to date",2.11367713909895,"Extremely High",97.3873136068919,"Rare bad event - unusually high cases to date","Senegal"
"SEN",5,8,0.537518674974865,94.9999999999998,0.499338507839416,306.428571428571,95,306.428571428571,0.136040904286383,0.0443916994513662,2025,"WHO",2025-08-01,356,356,NA,13,NA,FALSE,"no_lookup_match",NA,4,"2025/2026","Observed",1216,1537,13139,18292,NA,13139,"Sub-Saharan Africa","Senegal",0.499338507839416,306.428571428571,95.3560407054003,"Extremely High","Rare bad event - unusually high cases to date",2.09580812725919,"Extremely High",97.3873136068919,"Rare bad event - unusually high cases to date","Senegal"
"SEN",6,9,0.42787528075218,175,0.476272645695368,481.428571428571,175,481.428571428571,0.192141422786286,0.0561005184999024,2025,"WHO",2025-09-01,878,878,878,12,1,TRUE,"applied_mean",NA,4,"2025/2026","Observed",2094,2415,13139,18292,NA,13139,"Sub-Saharan Africa","Senegal",0.476272645695368,481.428571428571,96.111720443625,"Extremely High","Rare bad event - unusually high cases to date",2.31046930835846,"Extremely High",97.3873136068919,"Rare bad event - unusually high cases to date","Senegal"
"SEN",7,10,0.394494215570698,641.857142857143,0.442972276560838,1123.28571428571,641.857142857143,1123.28571428571,0.360571549614602,0.168430126828316,2025,"WHO",2025-10-01,3616,3616,3616,11,1,TRUE,"applied_mean",NA,4,"2025/2026","Observed",5710,6031,13139,18292,NA,13139,"Sub-Saharan Africa","Senegal",0.442972276560838,1123.28571428571,97.184649672259,"Extremely High","Rare bad event - unusually high cases to date",2.71715309985859,"Extremely High",97.3873136068919,"Rare bad event - unusually high cases to date","Senegal"
"SEN",8,11,0.390320416492125,874.428571428571,0.423335371198877,1997.71428571428,874.428571428571,1997.71428571429,0.589281304848517,0.228709755233915,2025,"WHO",2025-11-01,4923,4923,4923,10,1,TRUE,"applied_mean",NA,4,"2025/2026","Observed",10633,10954,13139,18292,NA,13139,"Sub-Saharan Africa","Senegal",0.423335371198877,1997.71428571428,97.3735224429352,"Extremely High","Rare bad event - unusually high cases to date",2.81215726350103,"Extremely High",97.3873136068919,"Rare bad event - unusually high cases to date","Senegal"
"SEN",9,12,0.442727418605016,287.285714285714,0.426735787688242,2285,287.285714285714,2285,0.681333112839217,0.0920518079907004,2025,"WHO",2025-12-01,1509,1509,1509,9,1,TRUE,"applied_mean",NA,4,"2025/2026","Observed",12142,12463,13139,18292,NA,13139,"Sub-Saharan Africa","Senegal",0.426735787688242,2285,97.3873136068919,"Extremely High","Rare bad event - unusually high cases to date",2.81771805971593,"Extremely High",97.3873136068919,"Rare bad event - unusually high cases to date","Senegal"
"SEN",10,1,0.542918223837258,140,0.497349526686009,2425,140,2425,0.811234687751997,0.12990157491278,2026,"WHO",2026-01-01,455,455,455,8,1,TRUE,"applied_mean",NA,4,"2025/2026","Observed",12597,455,13139,13856,NA,13139,"Sub-Saharan Africa","Senegal",0.497349526686009,2425,97.7172169873968,"Extremely High","Rare bad event - unusually high cases to date",2.95788259804965,"Normal",49.9572274893204,"Average - typical case load at this point","Senegal"
"SEN",11,2,0.582091979667925,114.142857142857,0.533810955515713,2539.14285714286,114.142857142857,2539.14285714286,0.922281356716431,0.111046668964434,2026,"WHO",2026-02-01,312,312,312,7,1,TRUE,"applied_mean",NA,4,"2025/2026","Observed",12909,767,13139,13856,NA,13139,"Sub-Saharan Africa","Senegal",0.533810955515713,2539.14285714286,97.7957304765622,"Extremely High","Rare bad event - unusually high cases to date",2.98355283016122,"Normal",49.9572274893204,"Average - typical case load at this point","Senegal"
"SEN",12,3,0.497314296269353,79.4285714285715,0.555395542361578,2618.57142857143,79.4285714285714,2618.57142857143,1,0.0777186432835692,2026,"WHO",2026-03-01,230,230,230,6,1,TRUE,"applied_mean",NA,4,"2025/2026","Observed",13139,997,13139,13856,NA,13139,"Sub-Saharan Africa","Senegal",0.555395542361578,2618.57142857143,97.8328857425992,"Extremely High","Rare bad event - unusually high cases to date",2.99380941775955,"Normal",49.9572274893204,"Average - typical case load at this point","Senegal"
"SEN",1,4,0.391797975142083,31.8571428571429,0.391797975142083,31.8571428571429,31.8571428571429,31.8571428571429,0.0142309108013106,0.0142309108013106,2026,"WHO",2026-04-01,247,247,247,5,1,TRUE,"applied_mean",NA,4,"2026/2027","Observed",247,1244,6527,13856,NA,6527,"Sub-Saharan Africa","Senegal",0.391797975142083,31.8571428571429,99.0623067072897,"Extremely High","Rare bad event - unusually high cases to date",4.20142762046615,"Normal",49.9572274893204,"Average - typical case load at this point","Senegal"
"SEN",2,5,0.446762308536378,41.1428571428571,0.454298407281442,73,41.1428571428571,73,0.0292344944648122,0.0150035836635016,2026,"WHO",2026-05-01,116,116,116,4,1,TRUE,"applied_mean",NA,4,"2026/2027","Observed",363,1360,6527,13856,NA,6527,"Sub-Saharan Africa","Senegal",0.454298407281442,73,97.0929746865785,"Extremely High","Rare bad event - unusually high cases to date",2.66930725884711,"Normal",49.9572274893204,"Average - typical case load at this point","Senegal"
"SEN",3,6,0.352230742125386,51.5714285714286,0.436912371721848,124.571428571429,51.5714285714286,124.571428571429,0.0489597597181648,0.0197252652533526,2026,"WHO",2026-06-01,156,156,156,3,1,TRUE,"applied_mean",NA,4,"2026/2027","Observed",519,1516,6527,13856,NA,6527,"Sub-Saharan Africa","Senegal",0.436912371721848,124.571428571429,95.3516375071079,"Extremely High","Rare bad event - unusually high cases to date",2.08923272417432,"Normal",49.9572274893204,"Average - typical case load at this point","Senegal"
"SEN",4,7,0.51806272311482,86.8571428571428,0.475844833176856,211.428571428571,86.8571428571429,211.428571428571,0.091649204835017,0.0426894451168522,2026,"WHO",2026-07-01,292,280,292,2,1.0412477666715,TRUE,"applied_mean",NA,4,"2026/2027","Observed",811,1808,6527,13856,NA,6527,"Sub-Saharan Africa","Senegal",0.475844833176856,211.428571428571,94.7804826625446,"High","Above average - more cases than typical at this point",1.95398743453707,"Normal",49.9572274893204,"Average - typical case load at this point","Senegal"
"SEN",5,8,0.537518674974865,94.9999999999998,0.499338507839416,306.428571428571,95,306.428571428571,0.136040904286383,0.0443916994513662,2026,"WHO",2026-08-01,77,77,NA,1,NA,FALSE,"insufficient_n_rf",NA,4,"2026/2027","Observed",888,1885,6527,13856,NA,6527,"Sub-Saharan Africa","Senegal",0.499338507839416,306.428571428571,91.1259564762807,"High","Above average - more cases than typical at this point",1.34004003236566,"Normal",49.9572274893204,"Average - typical case load at this point","Senegal"
"SEN",6,9,0.42787528075218,175,0.476272645695368,481.428571428571,175,481.428571428571,0.192141422786286,0.0561005184999024,2026,NA,2026-09-01,NA,NA,NA,NA,NA,NA,NA,NA,4,"2026/2027","Unobserved",888,1885,6527,13856,NA,6527,"Sub-Saharan Africa","Senegal",0.476272645695368,481.428571428571,82.5515218469431,"High","Above average - more cases than typical at this point",0.582529735257633,"Normal",49.9572274893204,"Average - typical case load at this point","Senegal"
"SEN",7,10,0.394494215570698,641.857142857143,0.442972276560838,1123.28571428571,641.857142857143,1123.28571428571,0.360571549614602,0.168430126828316,2026,NA,2026-10-01,NA,NA,NA,NA,NA,NA,NA,NA,4,"2026/2027","Unobserved",888,1885,6527,13856,NA,6527,"Sub-Saharan Africa","Senegal",0.442972276560838,1123.28571428571,64.0451380995739,"Normal","Average - typical case load at this point",-0.139382413662662,"Normal",49.9572274893204,"Average - typical case load at this point","Senegal"
"SEN",8,11,0.390320416492125,874.428571428571,0.423335371198877,1997.71428571428,874.428571428571,1997.71428571429,0.589281304848517,0.228709755233915,2026,NA,2026-11-01,NA,NA,NA,NA,NA,NA,NA,NA,4,"2026/2027","Unobserved",888,1885,6527,13856,NA,6527,"Sub-Saharan Africa","Senegal",0.423335371198877,1997.71428571428,52.699264436649,"Normal","Average - typical case load at this point",-0.361388284329677,"Normal",49.9572274893204,"Average - typical case load at this point","Senegal"
"SEN",9,12,0.442727418605016,287.285714285714,0.426735787688242,2285,287.285714285714,2285,0.681333112839217,0.0920518079907004,2026,NA,2026-12-01,NA,NA,NA,NA,NA,NA,NA,NA,4,"2026/2027","Unobserved",888,1885,6527,13856,NA,6527,"Sub-Saharan Africa","Senegal",0.426735787688242,2285,49.9572274893204,"Normal","Average - typical case load at this point",-0.399345858722041,"Normal",49.9572274893204,"Average - typical case load at this point","Senegal"
"SGP",12,1,1.9464080873496,1001.375,1.89362656998737,12649.75,1001.375,12649.75,1,0.102619872441714,2025,"WHO",2025-01-01,486,486,NA,20,NA,FALSE,"no_lookup_match",NA,2,"2024/2025","Observed",486,486,486,4498,NA,486,"East & Southeast Asia","Singapore",1.89362656998737,12649.75,0.369058908005507,"Extremely Low","Rare good event - unusually low cases to date",-1.32312296851601,"Low",15.0829947287792,"Below average - fewer cases than typical at this point","Singapore"
"SGP",1,2,1.92586102319404,805.062499999999,1.92586102319404,805.062499999999,805.0625,805.0625,0.0743645391296388,0.0743645391296388,2025,"WHO",2025-02-01,380,380,NA,19,NA,FALSE,"no_lookup_match",NA,2,"2025/2026","Observed",380,866,3699,4498,NA,3699,"East & Southeast Asia","Singapore",1.92586102319404,805.062499999999,25.165879910872,"Normal","Average - typical case load at this point",-0.731841157362946,"Low",15.0829947287792,"Below average - fewer cases than typical at this point","Singapore"
"SGP",2,3,1.69541219086068,797.625,1.86348155408988,1602.6875,797.625,1602.6875,0.140359349825143,0.065994810695504,2025,"WHO",2025-03-01,356,356,NA,18,NA,FALSE,"no_lookup_match",NA,2,"2025/2026","Observed",736,1222,3699,4498,NA,3699,"East & Southeast Asia","Singapore",1.86348155408988,1602.6875,24.808021980095,"Low","Below average - fewer cases than typical at this point",-0.737774935605081,"Low",15.0829947287792,"Below average - fewer cases than typical at this point","Singapore"
"SGP",3,4,1.62778096108952,887.9375,1.85797170687362,2490.625,887.9375,2490.625,0.211037069812616,0.0706777199874728,2025,"WHO",2025-04-01,380,380,NA,17,NA,FALSE,"no_lookup_match",NA,2,"2025/2026","Observed",1116,1602,3699,4498,NA,3699,"East & Southeast Asia","Singapore",1.85797170687362,2490.625,24.0359812460135,"Low","Below average - fewer cases than typical at this point",-0.752027140881073,"Low",15.0829947287792,"Below average - fewer cases than typical at this point","Singapore"
"SGP",4,5,1.14739480196335,1338.8125,1.60933478989647,3829.4375,1338.8125,3829.4375,0.303778771673857,0.0927417018612419,2025,"WHO",2025-05-01,532,532,NA,16,NA,FALSE,"no_lookup_match",NA,2,"2025/2026","Observed",1648,2134,3699,4498,NA,3699,"East & Southeast Asia","Singapore",1.60933478989647,3829.4375,25.5119936763493,"Normal","Average - typical case load at this point",-0.722503160051112,"Low",15.0829947287792,"Below average - fewer cases than typical at this point","Singapore"
"SGP",5,6,1.16491361235597,1676.5,1.51033357227797,5505.93749999999,1676.5,5505.9375,0.417609352609051,0.113830580935193,2025,"WHO",2025-06-01,449,449,NA,15,NA,FALSE,"no_lookup_match",NA,2,"2025/2026","Observed",2097,2583,3699,4498,NA,3699,"East & Southeast Asia","Singapore",1.51033357227797,5505.93749999999,23.1948671577773,"Low","Below average - fewer cases than typical at this point",-0.760789731510916,"Low",15.0829947287792,"Below average - fewer cases than typical at this point","Singapore"
"SGP",6,7,1.23606548689859,1650.75,1.49183702419237,7156.68749999999,1650.75,7156.6875,0.535290198069568,0.117680845460518,2025,"WHO",2025-07-01,465,465,NA,14,NA,FALSE,"no_lookup_match",NA,2,"2025/2026","Observed",2562,3048,3699,4498,NA,3699,"East & Southeast Asia","Singapore",1.49183702419237,7156.68749999999,21.7828959845701,"Low","Below average - fewer cases than typical at this point",-0.784078156616961,"Low",15.0829947287792,"Below average - fewer cases than typical at this point","Singapore"
"SGP",7,8,1.19138433696591,1320.375,1.46392721820009,8477.0625,1320.375,8477.0625,0.625982668417061,0.0906924703474931,2025,"WHO",2025-08-01,233,233,NA,13,NA,FALSE,"no_lookup_match",NA,2,"2025/2026","Observed",2795,3281,3699,4498,NA,3699,"East & Southeast Asia","Singapore",1.46392721820009,8477.0625,20.1065407547975,"Low","Below average - fewer cases than typical at this point",-0.810929066924184,"Low",15.0829947287792,"Below average - fewer cases than typical at this point","Singapore"
"SGP",8,9,1.80267189670415,988.125,1.52669337636728,9465.1875,988.125,9465.1875,0.705691538925494,0.0797088705084324,2025,"WHO",2025-09-01,176,176,176,12,1,TRUE,"applied_mean",NA,2,"2025/2026","Observed",2971,3457,3699,4498,NA,3699,"East & Southeast Asia","Singapore",1.52669337636728,9465.1875,18.1242777078824,"Low","Below average - fewer cases than typical at this point",-0.847688888595984,"Low",15.0829947287792,"Below average - fewer cases than typical at this point","Singapore"
"SGP",9,10,2.30606870819339,831.6875,1.59737998594162,10296.875,831.6875,10296.875,0.777555571640696,0.071864032715202,2025,"WHO",2025-10-01,224,224,224,11,1.00014467592593,TRUE,"applied_mean",NA,2,"2025/2026","Observed",3195,3681,3699,4498,NA,3699,"East & Southeast Asia","Singapore",1.59737998594162,10296.875,16.9854713286082,"Low","Below average - fewer cases than typical at this point",-0.87164173962395,"Low",15.0829947287792,"Below average - fewer cases than typical at this point","Singapore"
"SGP",10,11,1.9129931185318,683.999999999999,1.64805605789242,10980.875,684,10980.875,0.834990684595172,0.0574351129544767,2025,"WHO",2025-11-01,160,160,160,10,1.00052985309355,TRUE,"applied_mean",NA,2,"2025/2026","Observed",3355,3841,3699,4498,NA,3699,"East & Southeast Asia","Singapore",1.64805605789242,10980.875,16.0504964182768,"Low","Below average - fewer cases than typical at this point",-0.891468775996072,"Low",15.0829947287792,"Below average - fewer cases than typical at this point","Singapore"
"SGP",11,12,2.35225519411003,667.500000000001,1.73063077025101,11648.375,667.5,11648.375,0.897380127558286,0.0623894429631139,2025,"WHO",2025-12-01,195,195,195,9,1.000949599069,TRUE,"applied_mean",NA,2,"2025/2026","Observed",3550,4036,3699,4498,NA,3699,"East & Southeast Asia","Singapore",1.73063077025101,11648.375,15.0829947287792,"Low","Below average - fewer cases than typical at this point",-0.914539547348172,"Low",15.0829947287792,"Below average - fewer cases than typical at this point","Singapore"
"SGP",12,1,1.9464080873496,1001.375,1.89362656998737,12649.75,1001.375,12649.75,1,0.102619872441714,2026,"WHO",2026-01-01,149,149,149,8,1.00123475644469,TRUE,"applied_mean",NA,2,"2025/2026","Observed",3699,149,3699,3425,NA,3699,"East & Southeast Asia","Singapore",1.89362656998737,12649.75,12.6272258378369,"Low","Below average - fewer cases than typical at this point",-0.973625971468066,"Low",6.40497827193964,"Below average - fewer cases than typical at this point","Singapore"
"SGP",1,2,1.92586102319404,805.062499999999,1.92586102319404,805.062499999999,805.0625,805.0625,0.0743645391296388,0.0743645391296388,2026,"WHO",2026-02-01,134,134,134,7,1.0015395502684,TRUE,"applied_mean",NA,2,"2026/2027","Observed",134,283,3187,3425,NA,3187,"East & Southeast Asia","Singapore",1.92586102319404,805.062499999999,4.93756832086182,"Extremely Low","Rare good event - unusually low cases to date",-1.1553857530666,"Low",6.40497827193964,"Below average - fewer cases than typical at this point","Singapore"
"SGP",2,3,1.69541219086068,797.625,1.86348155408988,1602.6875,797.625,1602.6875,0.140359349825143,0.065994810695504,2026,"WHO",2026-03-01,127,127,127,6,1.00145318061343,TRUE,"applied_mean",NA,2,"2026/2027","Observed",261,410,3187,3425,NA,3187,"East & Southeast Asia","Singapore",1.86348155408988,1602.6875,5.08108593977558,"Low","Below average - fewer cases than typical at this point",-1.14212263233823,"Low",6.40497827193964,"Below average - fewer cases than typical at this point","Singapore"
"SGP",3,4,1.62778096108952,887.9375,1.85797170687362,2490.625,887.9375,2490.625,0.211037069812616,0.0706777199874728,2026,"WHO",2026-04-01,131,131,131,5,1.00114816157752,TRUE,"applied_mean",NA,2,"2026/2027","Observed",392,541,3187,3425,NA,3187,"East & Southeast Asia","Singapore",1.85797170687362,2490.625,4.81856906783771,"Extremely Low","Rare good event - unusually low cases to date",-1.14811163665112,"Low",6.40497827193964,"Below average - fewer cases than typical at this point","Singapore"
"SGP",4,5,1.14739480196335,1338.8125,1.60933478989647,3829.4375,1338.8125,3829.4375,0.303778771673857,0.0927417018612419,2026,"WHO",2026-05-01,198,198,198,4,1.00089351689751,TRUE,"applied_mean",NA,2,"2026/2027","Observed",590,739,3187,3425,NA,3187,"East & Southeast Asia","Singapore",1.60933478989647,3829.4375,6.35018665935392,"Low","Below average - fewer cases than typical at this point",-1.07291812419016,"Low",6.40497827193964,"Below average - fewer cases than typical at this point","Singapore"
"SGP",5,6,1.16491361235597,1676.5,1.51033357227797,5505.93749999999,1676.5,5505.9375,0.417609352609051,0.113830580935193,2026,"WHO",2026-06-01,441,441,441,3,1.00072411521605,TRUE,"applied_mean",NA,2,"2026/2027","Observed",1031,1180,3187,3425,NA,3187,"East & Southeast Asia","Singapore",1.51033357227797,5505.93749999999,9.39092993442414,"Low","Below average - fewer cases than typical at this point",-0.998694314329063,"Low",6.40497827193964,"Below average - fewer cases than typical at this point","Singapore"
"SGP",6,7,1.23606548689859,1650.75,1.49183702419237,7156.68749999999,1650.75,7156.6875,0.535290198069568,0.117680845460518,2026,"WHO",2026-07-01,664,610,664,2,1.08913245538724,TRUE,"applied_mean",NA,2,"2026/2027","Observed",1695,1844,3187,3425,NA,3187,"East & Southeast Asia","Singapore",1.49183702419237,7156.68749999999,13.0368984367473,"Low","Below average - fewer cases than typical at this point",-0.932030713082859,"Low",6.40497827193964,"Below average - fewer cases than typical at this point","Singapore"
"SGP",7,8,1.19138433696591,1320.375,1.46392721820009,8477.0625,1320.375,8477.0625,0.625982668417061,0.0906924703474931,2026,"WHO",2026-08-01,300,300,NA,1,NA,FALSE,"insufficient_n_rf",NA,2,"2026/2027","Observed",1995,2144,3187,3425,NA,3187,"East & Southeast Asia","Singapore",1.46392721820009,8477.0625,13.2728477234893,"Low","Below average - fewer cases than typical at this point",-0.925102970069273,"Low",6.40497827193964,"Below average - fewer cases than typical at this point","Singapore"
"SGP",8,9,1.80267189670415,988.125,1.52669337636728,9465.1875,988.125,9465.1875,0.705691538925494,0.0797088705084324,2026,NA,2026-09-01,NA,NA,NA,NA,NA,NA,NA,NA,2,"2026/2027","Unobserved",1995,2144,3187,3425,NA,3187,"East & Southeast Asia","Singapore",1.52669337636728,9465.1875,10.8083697696986,"Low","Below average - fewer cases than typical at this point",-0.975086558476886,"Low",6.40497827193964,"Below average - fewer cases than typical at this point","Singapore"
"SGP",9,10,2.30606870819339,831.6875,1.59737998594162,10296.875,831.6875,10296.875,0.777555571640696,0.071864032715202,2026,NA,2026-10-01,NA,NA,NA,NA,NA,NA,NA,NA,2,"2026/2027","Unobserved",1995,2144,3187,3425,NA,3187,"East & Southeast Asia","Singapore",1.59737998594162,10296.875,8.93454427955001,"Low","Below average - fewer cases than typical at this point",-1.01892257567763,"Low",6.40497827193964,"Below average - fewer cases than typical at this point","Singapore"
"SGP",10,11,1.9129931185318,683.999999999999,1.64805605789242,10980.875,684,10980.875,0.834990684595172,0.0574351129544767,2026,NA,2026-11-01,NA,NA,NA,NA,NA,NA,NA,NA,2,"2026/2027","Unobserved",1995,2144,3187,3425,NA,3187,"East & Southeast Asia","Singapore",1.64805605789242,10980.875,7.69944440759443,"Low","Below average - fewer cases than typical at this point",-1.05045348730522,"Low",6.40497827193964,"Below average - fewer cases than typical at this point","Singapore"
"SGP",11,12,2.35225519411003,667.500000000001,1.73063077025101,11648.375,667.5,11648.375,0.897380127558286,0.0623894429631139,2026,NA,2026-12-01,NA,NA,NA,NA,NA,NA,NA,NA,2,"2026/2027","Unobserved",1995,2144,3187,3425,NA,3187,"East & Southeast Asia","Singapore",1.73063077025101,11648.375,6.40497827193964,"Low","Below average - fewer cases than typical at this point",-1.09014378846153,"Low",6.40497827193964,"Below average - fewer cases than typical at this point","Singapore"
"SLB",9,1,0.384304517416383,284.454545454546,0.48206695441404,2805.45454545454,284.454545454545,2805.45454545455,0.805258331182416,0.0956277679698534,2025,"WHO",2025-01-01,47,47,NA,20,NA,FALSE,"no_lookup_match",NA,5,"2024/2025","Observed",47,47,141,409,NA,141,"Pacific Islands","Solomon Islands",0.48206695441404,2805.45454545454,11.1149499439301,"Low","Below average - fewer cases than typical at this point",-0.68261993414675,"Normal",28.7070793984804,"Average - typical case load at this point","Solomon Islands"
"SLB",10,2,0.445003208431051,137.545454545455,0.502920490221915,2943,137.545454545455,2943,0.87354454842065,0.0682862172382349,2025,"WHO",2025-02-01,34,34,NA,19,NA,FALSE,"no_lookup_match",NA,5,"2024/2025","Observed",81,81,141,409,NA,141,"Pacific Islands","Solomon Islands",0.502920490221915,2943,13.1083630790674,"Low","Below average - fewer cases than typical at this point",-0.689591544903335,"Normal",28.7070793984804,"Average - typical case load at this point","Solomon Islands"
"SLB",11,3,0.678670105739557,102.727272727273,0.520591841244509,3045.72727272727,102.727272727273,3045.72727272727,0.944118969689057,0.0705744212684064,2025,"WHO",2025-03-01,30,30,NA,18,NA,FALSE,"no_lookup_match",NA,5,"2024/2025","Observed",111,111,141,409,NA,141,"Pacific Islands","Solomon Islands",0.520591841244509,3045.72727272727,14.2673373546756,"Low","Below average - fewer cases than typical at this point",-0.695165646002986,"Normal",28.7070793984804,"Average - typical case load at this point","Solomon Islands"
"SLB",12,4,0.973078522233522,51.9090909090909,0.537507305274609,3097.63636363637,51.9090909090909,3097.63636363636,1,0.0558810303109432,2025,"WHO",2025-04-01,30,30,NA,17,NA,FALSE,"no_lookup_match",NA,5,"2024/2025","Observed",141,141,141,409,NA,141,"Pacific Islands","Solomon Islands",0.537507305274609,3097.63636363637,15.2388062172962,"Low","Below average - fewer cases than typical at this point",-0.699716297021493,"Normal",28.7070793984804,"Average - typical case load at this point","Solomon Islands"
"SLB",1,5,0.407441505796242,59.9090909090909,0.407441505796242,59.9090909090909,59.9090909090909,59.9090909090909,0.0570895047356648,0.0570895047356648,2025,"WHO",2025-05-01,28,28,NA,16,NA,FALSE,"no_lookup_match",NA,5,"2025/2026","Observed",28,169,239,409,NA,239,"Pacific Islands","Solomon Islands",0.407441505796242,59.9090909090909,54.7893488765052,"Normal","Average - typical case load at this point",-0.338830516382107,"Normal",28.7070793984804,"Average - typical case load at this point","Solomon Islands"
"SLB",2,6,0.433264616891719,60.8181818181818,0.392841171986882,120.727272727273,60.8181818181818,120.727272727273,0.110751144144327,0.0536616394086623,2025,"WHO",2025-06-01,13,13,NA,15,NA,FALSE,"no_lookup_match",NA,5,"2025/2026","Observed",41,182,239,409,NA,239,"Pacific Islands","Solomon Islands",0.392841171986882,120.727272727273,49.4796452312854,"Normal","Average - typical case load at this point",-0.413242116313172,"Normal",28.7070793984804,"Average - typical case load at this point","Solomon Islands"
"SLB",3,7,0.400928730185634,65,0.384575466795674,185.727272727273,65,185.727272727273,0.15696227430157,0.046211130157243,2025,"WHO",2025-07-01,5,5,NA,14,NA,FALSE,"no_lookup_match",NA,5,"2025/2026","Observed",46,187,239,409,NA,239,"Pacific Islands","Solomon Islands",0.384575466795674,185.727272727273,44.629490378416,"Normal","Average - typical case load at this point",-0.466065674528357,"Normal",28.7070793984804,"Average - typical case load at this point","Solomon Islands"
"SLB",4,8,0.295572791678773,533.545454545454,0.373408082395856,719.272727272727,533.545454545455,719.272727272727,0.278971648037727,0.122009373736157,2025,"WHO",2025-08-01,23,23,NA,13,NA,FALSE,"no_lookup_match",NA,5,"2025/2026","Observed",69,210,239,409,NA,239,"Pacific Islands","Solomon Islands",0.373408082395856,719.272727272727,32.2478992635164,"Normal","Average - typical case load at this point",-0.552307704375012,"Normal",28.7070793984804,"Average - typical case load at this point","Solomon Islands"
"SLB",5,9,0.386551096449369,359,0.375937581007807,1078.27272727273,359,1078.27272727273,0.393435078194787,0.11446343015706,2025,"WHO",2025-09-01,20,20,20,12,1,TRUE,"applied_mean",NA,5,"2025/2026","Observed",89,230,239,409,NA,239,"Pacific Islands","Solomon Islands",0.375937581007807,1078.27272727273,30.3190478444167,"Normal","Average - typical case load at this point",-0.562431443111377,"Normal",28.7070793984804,"Average - typical case load at this point","Solomon Islands"
"SLB",6,10,0.336903784047465,630.181818181819,0.370891559540939,1708.45454545454,630.181818181818,1708.45454545455,0.542061993712934,0.148626915518147,2025,"WHO",2025-10-01,30,30,30,11,1,TRUE,"applied_mean",NA,5,"2025/2026","Observed",119,260,239,409,NA,239,"Pacific Islands","Solomon Islands",0.370891559540939,1708.45454545454,28.8365500269508,"Normal","Average - typical case load at this point",-0.566527535727007,"Normal",28.7070793984804,"Average - typical case load at this point","Solomon Islands"
"SLB",7,11,0.325007245085295,491.727272727272,0.358795763649073,2200.18181818182,491.727272727273,2200.18181818182,0.647948371658429,0.105886377945495,2025,"WHO",2025-11-01,14,14,14,10,1,TRUE,"applied_mean",NA,5,"2025/2026","Observed",133,274,239,409,NA,239,"Pacific Islands","Solomon Islands",0.358795763649073,2200.18181818182,28.301278004547,"Normal","Average - typical case load at this point",-0.562740730324991,"Normal",28.7070793984804,"Average - typical case load at this point","Solomon Islands"
"SLB",8,12,0.3005045058037,320.818181818182,0.350738211183381,2521,320.818181818182,2521,0.709630563212562,0.0616821915541334,2025,"WHO",2025-12-01,16,16,16,9,1,TRUE,"applied_mean",NA,5,"2025/2026","Observed",149,290,239,409,NA,239,"Pacific Islands","Solomon Islands",0.350738211183381,2521,28.7070793984804,"Normal","Average - typical case load at this point",-0.557189817874062,"Normal",28.7070793984804,"Average - typical case load at this point","Solomon Islands"
"SLB",9,1,0.384304517416383,284.454545454546,0.48206695441404,2805.45454545454,284.454545454545,2805.45454545455,0.805258331182416,0.0956277679698534,2026,"WHO",2026-01-01,20,20,20,8,1,TRUE,"applied_mean",NA,5,"2025/2026","Observed",169,20,239,541,NA,239,"Pacific Islands","Solomon Islands",0.48206695441404,2805.45454545454,20.3482478529235,"Low","Below average - fewer cases than typical at this point",-0.652429249256497,"Low",21.1016626641953,"Below average - fewer cases than typical at this point","Solomon Islands"
"SLB",10,2,0.445003208431051,137.545454545455,0.502920490221915,2943,137.545454545455,2943,0.87354454842065,0.0682862172382349,2026,"WHO",2026-02-01,26,26,26,7,1,TRUE,"applied_mean",NA,5,"2025/2026","Observed",195,46,239,541,NA,239,"Pacific Islands","Solomon Islands",0.502920490221915,2943,20.2044366703878,"Low","Below average - fewer cases than typical at this point",-0.662123537873643,"Low",21.1016626641953,"Below average - fewer cases than typical at this point","Solomon Islands"
"SLB",11,3,0.678670105739557,102.727272727273,0.520591841244509,3045.72727272727,102.727272727273,3045.72727272727,0.944118969689057,0.0705744212684064,2026,"WHO",2026-03-01,25,25,25,6,1,TRUE,"applied_mean",NA,5,"2025/2026","Observed",220,71,239,541,NA,239,"Pacific Islands","Solomon Islands",0.520591841244509,3045.72727272727,20.2067955492667,"Low","Below average - fewer cases than typical at this point",-0.669346192141467,"Low",21.1016626641953,"Below average - fewer cases than typical at this point","Solomon Islands"
"SLB",12,4,0.973078522233522,51.9090909090909,0.537507305274609,3097.63636363637,51.9090909090909,3097.63636363636,1,0.0558810303109432,2026,"WHO",2026-04-01,19,19,19,5,1,TRUE,"applied_mean",NA,5,"2025/2026","Observed",239,90,239,541,NA,239,"Pacific Islands","Solomon Islands",0.537507305274609,3097.63636363637,20.0935459566462,"Low","Below average - fewer cases than typical at this point",-0.676523658944158,"Low",21.1016626641953,"Below average - fewer cases than typical at this point","Solomon Islands"
"SLB",1,5,0.407441505796242,59.9090909090909,0.407441505796242,59.9090909090909,59.9090909090909,59.9090909090909,0.0570895047356648,0.0570895047356648,2026,"WHO",2026-05-01,22,22,22,4,1,TRUE,"applied_mean",NA,5,"2026/2027","Observed",22,112,219,541,NA,219,"Pacific Islands","Solomon Islands",0.407441505796242,59.9090909090909,50.3572572898918,"Normal","Average - typical case load at this point",-0.402542237411221,"Low",21.1016626641953,"Below average - fewer cases than typical at this point","Solomon Islands"
"SLB",2,6,0.433264616891719,60.8181818181818,0.392841171986882,120.727272727273,60.8181818181818,120.727272727273,0.110751144144327,0.0536616394086623,2026,"WHO",2026-06-01,15,15,15,3,1,TRUE,"applied_mean",NA,5,"2026/2027","Observed",37,127,219,541,NA,219,"Pacific Islands","Solomon Islands",0.392841171986882,120.727272727273,47.7257307339063,"Normal","Average - typical case load at this point",-0.433974902080309,"Low",21.1016626641953,"Below average - fewer cases than typical at this point","Solomon Islands"
"SLB",3,7,0.400928730185634,65,0.384575466795674,185.727272727273,65,185.727272727273,0.15696227430157,0.046211130157243,2026,"WHO",2026-07-01,13,12,13,2,1.06602254428341,TRUE,"applied_mean",NA,5,"2026/2027","Observed",50,140,219,541,NA,219,"Pacific Islands","Solomon Islands",0.384575466795674,185.727272727273,45.9601637186584,"Normal","Average - typical case load at this point",-0.452723521191176,"Low",21.1016626641953,"Below average - fewer cases than typical at this point","Solomon Islands"
"SLB",4,8,0.295572791678773,533.545454545454,0.373408082395856,719.272727272727,533.545454545455,719.272727272727,0.278971648037727,0.122009373736157,2026,"WHO",2026-08-01,11,11,NA,1,NA,FALSE,"insufficient_n_rf",NA,5,"2026/2027","Observed",61,151,219,541,NA,219,"Pacific Islands","Solomon Islands",0.373408082395856,719.272727272727,30.846922822707,"Normal","Average - typical case load at this point",-0.559102486702008,"Low",21.1016626641953,"Below average - fewer cases than typical at this point","Solomon Islands"
"SLB",5,9,0.386551096449369,359,0.375937581007807,1078.27272727273,359,1078.27272727273,0.393435078194787,0.11446343015706,2026,NA,2026-09-01,NA,NA,NA,NA,NA,NA,NA,NA,5,"2026/2027","Unobserved",61,151,219,541,NA,219,"Pacific Islands","Solomon Islands",0.375937581007807,1078.27272727273,26.4096524982152,"Normal","Average - typical case load at this point",-0.578350289323315,"Low",21.1016626641953,"Below average - fewer cases than typical at this point","Solomon Islands"
"SLB",6,10,0.336903784047465,630.181818181819,0.370891559540939,1708.45454545454,630.181818181818,1708.45454545455,0.542061993712934,0.148626915518147,2026,NA,2026-10-01,NA,NA,NA,NA,NA,NA,NA,NA,5,"2026/2027","Unobserved",61,151,219,541,NA,219,"Pacific Islands","Solomon Islands",0.370891559540939,1708.45454545454,22.6282221057994,"Low","Below average - fewer cases than typical at this point",-0.587200411944911,"Low",21.1016626641953,"Below average - fewer cases than typical at this point","Solomon Islands"
"SLB",7,11,0.325007245085295,491.727272727272,0.358795763649073,2200.18181818182,491.727272727273,2200.18181818182,0.647948371658429,0.105886377945495,2026,NA,2026-11-01,NA,NA,NA,NA,NA,NA,NA,NA,5,"2026/2027","Unobserved",61,151,219,541,NA,219,"Pacific Islands","Solomon Islands",0.358795763649073,2200.18181818182,21.5089234278574,"Low","Below average - fewer cases than typical at this point",-0.582341005553338,"Low",21.1016626641953,"Below average - fewer cases than typical at this point","Solomon Islands"
"SLB",8,12,0.3005045058037,320.818181818182,0.350738211183381,2521,320.818181818182,2521,0.709630563212562,0.0616821915541334,2026,NA,2026-12-01,NA,NA,NA,NA,NA,NA,NA,NA,5,"2026/2027","Unobserved",61,151,219,541,NA,219,"Pacific Islands","Solomon Islands",0.350738211183381,2521,21.1016626641953,"Low","Below average - fewer cases than typical at this point",-0.577861278233639,"Low",21.1016626641953,"Below average - fewer cases than typical at this point","Solomon Islands"
"SLV",12,1,1.92480496655856,1037.75,1.57239856095336,19645.1875000001,1037.75,19645.1875,1,0.0652075503887483,2025,"PAHO",2025-01-01,411,411,NA,86,NA,FALSE,"no_lookup_match","current_month_missing",2,"2024/2025","Observed",411,411,411,6240,NA,411,"North & Central America","El Salvador",1.57239856095336,19645.1875000001,0.327665955534182,"Extremely Low","Rare good event - unusually low cases to date",-1.22766989516132,"Low",16.6160321329649,"Below average - fewer cases than typical at this point","El Salvador"
"SLV",1,2,2.39433106553672,808.312500000001,2.39433106553672,808.312500000001,808.3125,808.3125,0.0567598281784501,0.0567598281784501,2025,"PAHO",2025-02-01,358,358,NA,82,NA,FALSE,"no_lookup_match","current_month_missing",2,"2025/2026","Observed",358,769,6153,6240,NA,6153,"North & Central America","El Salvador",2.39433106553672,808.312500000001,19.0085892068438,"Low","Below average - fewer cases than typical at this point",-0.860764879879945,"Low",16.6160321329649,"Below average - fewer cases than typical at this point","El Salvador"
"SLV",2,3,2.28158463207612,992.999999999999,2.46278388363395,1801.3125,993,1801.3125,0.119833699554259,0.063073871375809,2025,"PAHO",2025-03-01,492,492,NA,77,NA,FALSE,"no_lookup_match","current_month_missing",2,"2025/2026","Observed",850,1261,6153,6240,NA,6153,"North & Central America","El Salvador",2.46278388363395,1801.3125,20.5677387955895,"Low","Below average - fewer cases than typical at this point",-0.828229332757775,"Low",16.6160321329649,"Below average - fewer cases than typical at this point","El Salvador"
"SLV",3,4,2.55165853946503,928.499999999999,2.60588840687516,2729.8125,928.5,2729.8125,0.180582394591809,0.0607486950375496,2025,"PAHO",2025-04-01,379,379,NA,73,NA,FALSE,"no_lookup_match","current_month_missing",2,"2025/2026","Observed",1229,1640,6153,6240,NA,6153,"North & Central America","El Salvador",2.60588840687516,2729.8125,17.949051303138,"Low","Below average - fewer cases than typical at this point",-0.887083163090454,"Low",16.6160321329649,"Below average - fewer cases than typical at this point","El Salvador"
"SLV",4,5,2.07020803177392,1331.0625,2.5166785710905,4060.875,1331.0625,4060.875,0.261370794320229,0.0807883997284198,2025,"PAHO",2025-05-01,391,391,NA,69,NA,FALSE,"no_lookup_match","current_month_missing",2,"2025/2026","Observed",1620,2031,6153,6240,NA,6153,"North & Central America","El Salvador",2.5166785710905,4060.875,14.9176867411585,"Low","Below average - fewer cases than typical at this point",-0.953246590777296,"Low",16.6160321329649,"Below average - fewer cases than typical at this point","El Salvador"
"SLV",5,6,1.50245505673121,1941,2.21010927044106,6001.875,1941,6001.875,0.360363363973912,0.0989925696536838,2025,"PAHO",2025-06-01,616,616,NA,64,NA,FALSE,"no_lookup_match","current_month_missing",2,"2025/2026","Observed",2236,2647,6153,6240,NA,6153,"North & Central America","El Salvador",2.21010927044106,6001.875,15.3647276936484,"Low","Below average - fewer cases than typical at this point",-0.932622482268111,"Low",16.6160321329649,"Below average - fewer cases than typical at this point","El Salvador"
"SLV",6,7,1.28821661797535,2424.4375,1.97273927714284,8426.31249999999,2424.4375,8426.3125,0.476437399391624,0.116074035417712,2025,"PAHO",2025-07-01,732,732,NA,60,NA,FALSE,"no_lookup_match","current_month_missing",2,"2025/2026","Observed",2968,3379,6153,6240,NA,6153,"North & Central America","El Salvador",1.97273927714284,8426.31249999999,15.9952757622105,"Low","Below average - fewer cases than typical at this point",-0.90971393819468,"Low",16.6160321329649,"Below average - fewer cases than typical at this point","El Salvador"
"SLV",7,8,0.890988989606058,3142.625,1.62525641376289,11568.9375,3142.625,11568.9375,0.602944226378592,0.126506826986968,2025,"PAHO",2025-08-01,690,690,NA,56,NA,FALSE,"no_lookup_match","current_month_missing",2,"2025/2026","Observed",3658,4069,6153,6240,NA,6153,"North & Central America","El Salvador",1.62525641376289,11568.9375,17.0748900249138,"Low","Below average - fewer cases than typical at this point",-0.87169573112926,"Low",16.6160321329649,"Below average - fewer cases than typical at this point","El Salvador"
"SLV",8,9,1.0151103787324,2653.25,1.5251417826721,14222.1875,2653.25,14222.1875,0.719425362491168,0.116481136112576,2025,"PAHO",2025-09-01,811,811,NA,51,1,TRUE,"applied_mean","previous_month_missing",2,"2025/2026","Observed",4469,4880,6153,6240,NA,6153,"North & Central America","El Salvador",1.5251417826721,14222.1875,18.1662217590094,"Low","Below average - fewer cases than typical at this point",-0.846860736939376,"Low",16.6160321329649,"Below average - fewer cases than typical at this point","El Salvador"
"SLV",9,10,1.31428969601339,2081.24999999999,1.51285850105396,16303.4375,2081.25,16303.4375,0.819978183806794,0.100552821315626,2025,"PAHO",2025-10-01,458,458,458,47,1,TRUE,"applied_mean","not_missing",2,"2025/2026","Observed",4927,5338,6153,6240,NA,6153,"North & Central America","El Salvador",1.51285850105396,16303.4375,17.4545577198905,"Low","Below average - fewer cases than typical at this point",-0.858234775957742,"Low",16.6160321329649,"Below average - fewer cases than typical at this point","El Salvador"
"SLV",10,11,1.14752061587406,1516.875,1.49975216599132,17820.3125,1516.875,17820.3125,0.89185263714244,0.0718744533356464,2025,"PAHO",2025-11-01,298,298,298,43,1,TRUE,"applied_mean","not_missing",2,"2025/2026","Observed",5225,5636,6153,6240,NA,6153,"North & Central America","El Salvador",1.49975216599132,17820.3125,16.9729568690384,"Low","Below average - fewer cases than typical at this point",-0.865535940411903,"Low",16.6160321329649,"Below average - fewer cases than typical at this point","El Salvador"
"SLV",11,12,1.4064541395253,787.125,1.51730399200511,18607.4375,787.125,18607.4375,0.934792449611252,0.0429398124688116,2025,"PAHO",2025-12-01,197,197,197,39,1,TRUE,"applied_mean","not_missing",2,"2025/2026","Observed",5422,5833,6153,6240,NA,6153,"North & Central America","El Salvador",1.51730399200511,18607.4375,16.6160321329649,"Low","Below average - fewer cases than typical at this point",-0.872823779298153,"Low",16.6160321329649,"Below average - fewer cases than typical at this point","El Salvador"
"SLV",12,1,1.92480496655856,1037.75,1.57239856095336,19645.1875000001,1037.75,19645.1875,1,0.0652075503887483,2026,"PAHO",2026-01-01,731,731,731,34,1,TRUE,"applied_mean","not_missing",2,"2025/2026","Observed",6153,731,6153,6379,NA,6153,"North & Central America","El Salvador",1.57239856095336,19645.1875000001,17.4958146122632,"Low","Below average - fewer cases than typical at this point",-0.861172452104974,"Low",7.8911576137262,"Below average - fewer cases than typical at this point","El Salvador"
"SLV",1,2,2.39433106553672,808.312500000001,2.39433106553672,808.312500000001,808.3125,808.3125,0.0567598281784501,0.0567598281784501,2026,"PAHO",2026-02-01,371,371,371,30,1,TRUE,"applied_mean","not_missing",2,"2026/2027","Observed",371,1102,4844,6379,NA,5118,"North & Central America","El Salvador",2.39433106553672,808.312500000001,20.1841836026213,"Low","Below average - fewer cases than typical at this point",-0.835915595353224,"Low",7.8911576137262,"Below average - fewer cases than typical at this point","El Salvador"
"SLV",2,3,2.28158463207612,992.999999999999,2.46278388363395,1801.3125,993,1801.3125,0.119833699554259,0.063073871375809,2026,"PAHO",2026-03-01,463,463,463,25,1,TRUE,"applied_mean","not_missing",2,"2026/2027","Observed",834,1565,4844,6379,NA,5118,"North & Central America","El Salvador",2.46278388363395,1801.3125,19.9117336694332,"Low","Below average - fewer cases than typical at this point",-0.842159213132651,"Low",7.8911576137262,"Below average - fewer cases than typical at this point","El Salvador"
"SLV",3,4,2.55165853946503,928.499999999999,2.60588840687516,2729.8125,928.5,2729.8125,0.180582394591809,0.0607486950375496,2026,"PAHO",2026-04-01,358,358,358,21,1,TRUE,"applied_mean","not_missing",2,"2026/2027","Observed",1192,1923,4844,6379,NA,5118,"North & Central America","El Salvador",2.60588840687516,2729.8125,16.9722021408161,"Low","Below average - fewer cases than typical at this point",-0.908952701779895,"Low",7.8911576137262,"Below average - fewer cases than typical at this point","El Salvador"
"SLV",4,5,2.07020803177392,1331.0625,2.5166785710905,4060.875,1331.0625,4060.875,0.261370794320229,0.0807883997284198,2026,"PAHO",2026-05-01,219,219,219,17,1,TRUE,"applied_mean","not_missing",2,"2026/2027","Observed",1411,2142,4844,6379,NA,5118,"North & Central America","El Salvador",2.5166785710905,4060.875,11.4973875845007,"Low","Below average - fewer cases than typical at this point",-1.03486836062313,"Low",7.8911576137262,"Below average - fewer cases than typical at this point","El Salvador"
"SLV",5,6,1.50245505673121,1941,2.21010927044106,6001.875,1941,6001.875,0.360363363973912,0.0989925696536838,2026,"PAHO",2026-06-01,439,439,439,12,1,TRUE,"applied_mean","not_missing",2,"2026/2027","Observed",1850,2581,4844,6379,NA,5118,"North & Central America","El Salvador",2.21010927044106,6001.875,11.0861114206441,"Low","Below average - fewer cases than typical at this point",-1.02821574496416,"Low",7.8911576137262,"Below average - fewer cases than typical at this point","El Salvador"
"SLV",6,7,1.28821661797535,2424.4375,1.97273927714284,8426.31249999999,2424.4375,8426.3125,0.476437399391624,0.116074035417712,2026,"PAHO",2026-07-01,458,458,458,9,1,TRUE,"applied_mean","not_missing",2,"2026/2027","Observed",2308,3039,4844,6379,NA,5118,"North & Central America","El Salvador",1.97273927714284,8426.31249999999,10.733562952109,"Low","Below average - fewer cases than typical at this point",-1.01971335636806,"Low",7.8911576137262,"Below average - fewer cases than typical at this point","El Salvador"
"SLV",7,8,0.890988989606058,3142.625,1.62525641376289,11568.9375,3142.625,11568.9375,0.602944226378592,0.126506826986968,2026,"Estimates",2026-08-01,778,NA,NA,1,NA,FALSE,"insufficient_n_rf",NA,2,"2026/2027","Unobserved",3086,3817,4844,6379,778.396506450816,5118,"North & Central America","El Salvador",1.62525641376289,11568.9375,13.5796147143582,"Low","Below average - fewer cases than typical at this point",-0.934723653952053,"Low",7.8911576137262,"Below average - fewer cases than typical at this point","El Salvador"
"SLV",8,9,1.0151103787324,2653.25,1.5251417826721,14222.1875,2653.25,14222.1875,0.719425362491168,0.116481136112576,2026,NA,2026-09-01,NA,NA,NA,NA,NA,NA,NA,NA,2,"2026/2027","Unobserved",3086,3817,4844,6379,NA,5118,"North & Central America","El Salvador",1.5251417826721,14222.1875,11.2507901133752,"Low","Below average - fewer cases than typical at this point",-0.966945416864493,"Low",7.8911576137262,"Below average - fewer cases than typical at this point","El Salvador"
"SLV",9,10,1.31428969601339,2081.24999999999,1.51285850105396,16303.4375,2081.25,16303.4375,0.819978183806794,0.100552821315626,2026,NA,2026-10-01,NA,NA,NA,NA,NA,NA,NA,NA,2,"2026/2027","Unobserved",3086,3817,4844,6379,NA,5118,"North & Central America","El Salvador",1.51285850105396,16303.4375,9.49227561852956,"Low","Below average - fewer cases than typical at this point",-0.997119222212398,"Low",7.8911576137262,"Below average - fewer cases than typical at this point","El Salvador"
"SLV",10,11,1.14752061587406,1516.875,1.49975216599132,17820.3125,1516.875,17820.3125,0.89185263714244,0.0718744533356464,2026,NA,2026-11-01,NA,NA,NA,NA,NA,NA,NA,NA,2,"2026/2027","Unobserved",3086,3817,4844,6379,NA,5118,"North & Central America","El Salvador",1.49975216599132,17820.3125,8.5484506124434,"Low","Below average - fewer cases than typical at this point",-1.01252565396931,"Low",7.8911576137262,"Below average - fewer cases than typical at this point","El Salvador"
"SLV",11,12,1.4064541395253,787.125,1.51730399200511,18607.4375,787.125,18607.4375,0.934792449611252,0.0429398124688116,2026,NA,2026-12-01,NA,NA,NA,NA,NA,NA,NA,NA,2,"2026/2027","Unobserved",3086,3817,4844,6379,NA,5118,"North & Central America","El Salvador",1.51730399200511,18607.4375,7.8911576137262,"Low","Below average - fewer cases than typical at this point",-1.02745773425342,"Low",7.8911576137262,"Below average - fewer cases than typical at this point","El Salvador"
"SUR",10,1,0.962040225403346,52.4545454545454,1.20351292449662,243.818181818182,52.4545454545455,243.818181818182,0.682046833629579,0.208073237620615,2025,"PAHO",2025-01-01,75,75,NA,86,NA,FALSE,"no_lookup_match","current_month_missing",4,"2024/2025","Observed",75,75,526,2770,NA,526,"South America","Suriname",1.20351292449662,243.818181818182,22.7772532565878,"Low","Below average - fewer cases than typical at this point",-0.757720930552653,"Extremely High",95.6517487598482,"Rare bad event - unusually high cases to date","Suriname"
"SUR",11,2,0.675018648783509,74.6363636363637,1.39840797870577,318.454545454545,74.6363636363636,318.454545454545,0.888294275418271,0.206247441788692,2025,"PAHO",2025-02-01,162,162,NA,82,NA,FALSE,"no_lookup_match","current_month_missing",4,"2024/2025","Observed",237,237,526,2770,NA,526,"South America","Suriname",1.39840797870577,318.454545454545,48.4404520412004,"Normal","Average - typical case load at this point",-0.301809817274415,"Extremely High",95.6517487598482,"Rare bad event - unusually high cases to date","Suriname"
"SUR",12,3,0.459067440369509,48.1818181818182,1.37195657455104,366.636363636365,48.1818181818182,366.636363636364,1,0.111705724581729,2025,"PAHO",2025-03-01,289,289,NA,77,NA,FALSE,"no_lookup_match","current_month_missing",4,"2024/2025","Observed",526,526,526,2770,NA,526,"South America","Suriname",1.37195657455104,366.636363636365,76.7221245043942,"High","Above average - more cases than typical at this point",0.508174450577677,"Extremely High",95.6517487598482,"Rare bad event - unusually high cases to date","Suriname"
"SUR",1,4,0.334373341326792,25.2727272727273,0.334373341326792,25.2727272727273,25.2727272727273,25.2727272727273,0.0647708686754699,0.0647708686754699,2025,"PAHO",2025-04-01,98,98,NA,73,NA,FALSE,"no_lookup_match","current_month_missing",4,"2025/2026","Observed",98,624,1114,2770,NA,1114,"South America","Suriname",0.334373341326792,25.2727272727273,93.6440448755246,"High","Above average - more cases than typical at this point",1.65312945856095,"Extremely High",95.6517487598482,"Rare bad event - unusually high cases to date","Suriname"
"SUR",2,5,0.359616314256549,29.4545454545455,0.351833428567706,54.7272727272728,29.4545454545455,54.7272727272727,0.120012610815138,0.0552417421396679,2025,"PAHO",2025-05-01,204,204,NA,69,NA,FALSE,"no_lookup_match","current_month_missing",4,"2025/2026","Observed",302,828,1114,2770,NA,1114,"South America","Suriname",0.351833428567706,54.7272727272728,97.0444625013296,"Extremely High","Rare bad event - unusually high cases to date",2.67146460331187,"Extremely High",95.6517487598482,"Rare bad event - unusually high cases to date","Suriname"
"SUR",3,6,0.386113334103505,18.7272727272727,0.362305347493399,73.4545454545456,18.7272727272727,73.4545454545455,0.163996412551135,0.0439838017359971,2025,"PAHO",2025-06-01,119,119,NA,64,NA,FALSE,"no_lookup_match","current_month_missing",4,"2025/2026","Observed",421,947,1114,2770,NA,1114,"South America","Suriname",0.362305347493399,73.4545454545456,97.3962903788218,"Extremely High","Rare bad event - unusually high cases to date",2.84093888051223,"Extremely High",95.6517487598482,"Rare bad event - unusually high cases to date","Suriname"
"SUR",4,7,0.338903503657827,24.6363636363636,0.353952624439047,98.0909090909092,24.6363636363636,98.0909090909091,0.221598165216215,0.0576017526650806,2025,"PAHO",2025-07-01,115,115,NA,60,NA,FALSE,"no_lookup_match","current_month_missing",4,"2025/2026","Observed",536,1062,1114,2770,NA,1114,"South America","Suriname",0.353952624439047,98.0909090909092,96.9952113580292,"Extremely High","Rare bad event - unusually high cases to date",2.65121912032148,"Extremely High",95.6517487598482,"Rare bad event - unusually high cases to date","Suriname"
"SUR",5,8,0.34964441850824,26.9090909090909,0.348584414582896,125,26.9090909090909,125,0.278796931444777,0.057198766228562,2025,"PAHO",2025-08-01,133,133,NA,56,NA,FALSE,"no_lookup_match","current_month_missing",4,"2025/2026","Observed",669,1195,1114,2770,NA,1114,"South America","Suriname",0.348584414582896,125,96.7951637851447,"Extremely High","Rare bad event - unusually high cases to date",2.56589073826361,"Extremely High",95.6517487598482,"Rare bad event - unusually high cases to date","Suriname"
"SUR",6,9,0.409861700074039,17.3636363636364,0.348878024607882,142.363636363636,17.3636363636364,142.363636363636,0.318669777287554,0.0398728458427769,2025,"PAHO",2025-09-01,67,67,NA,51,1,TRUE,"applied_mean","previous_month_missing",4,"2025/2026","Observed",736,1262,1114,2770,NA,1114,"South America","Suriname",0.348878024607882,142.363636363636,96.5309230400572,"Extremely High","Rare bad event - unusually high cases to date",2.45995259615983,"Extremely High",95.6517487598482,"Rare bad event - unusually high cases to date","Suriname"
"SUR",7,10,0.604073124013413,21.1818181818182,0.465886050644389,163.545454545454,21.1818181818182,163.545454545455,0.395153172468188,0.0764833951806339,2025,"PAHO",2025-10-01,19,19,19,47,1,TRUE,"applied_mean","not_missing",4,"2025/2026","Observed",755,1281,1114,2770,NA,1114,"South America","Suriname",0.465886050644389,163.545454545454,96.5729910573467,"Extremely High","Rare bad event - unusually high cases to date",2.46493260245579,"Extremely High",95.6517487598482,"Rare bad event - unusually high cases to date","Suriname"
"SUR",8,11,0.642546626621659,11.6363636363636,0.476755833603969,175.181818181818,11.6363636363636,175.181818181818,0.427515433857863,0.032362261389675,2025,"PAHO",2025-11-01,20,20,20,43,1,TRUE,"applied_mean","not_missing",4,"2025/2026","Observed",775,1301,1114,2770,NA,1114,"South America","Suriname",0.476755833603969,175.181818181818,96.273486496285,"Extremely High","Rare bad event - unusually high cases to date",2.36095898646104,"Extremely High",95.6517487598482,"Rare bad event - unusually high cases to date","Suriname"
"SUR",9,12,0.424507692666457,16.1818181818182,0.488948121048894,191.363636363636,16.1818181818182,191.363636363636,0.473973596008965,0.0464581621511014,2025,"PAHO",2025-12-01,12,12,12,41,1,TRUE,"applied_mean","not_missing",4,"2025/2026","Observed",787,1313,1114,2770,NA,1114,"South America","Suriname",0.488948121048894,191.363636363636,95.6517487598482,"Extremely High","Rare bad event - unusually high cases to date",2.17369726952276,"Extremely High",95.6517487598482,"Rare bad event - unusually high cases to date","Suriname"
"SUR",10,1,0.962040225403346,52.4545454545454,1.20351292449662,243.818181818182,52.4545454545455,243.818181818182,0.682046833629579,0.208073237620615,2026,"PAHO",2026-01-01,109,109,109,34,1,TRUE,"applied_mean","not_missing",4,"2025/2026","Observed",896,109,1114,3483,NA,1114,"South America","Suriname",1.20351292449662,243.818181818182,98.1489846903859,"Extremely High","Rare bad event - unusually high cases to date",2.92724284102571,"High",76.4411474145935,"Above average - more cases than typical at this point","Suriname"
"SUR",11,2,0.675018648783509,74.6363636363637,1.39840797870577,318.454545454545,74.6363636363636,318.454545454545,0.888294275418271,0.206247441788692,2026,"PAHO",2026-02-01,133,133,133,30,1,TRUE,"applied_mean","not_missing",4,"2025/2026","Observed",1029,242,1114,3483,NA,1114,"South America","Suriname",1.39840797870577,318.454545454545,97.5709633782124,"Extremely High","Rare bad event - unusually high cases to date",2.632751709617,"High",76.4411474145935,"Above average - more cases than typical at this point","Suriname"
"SUR",12,3,0.459067440369509,48.1818181818182,1.37195657455104,366.636363636365,48.1818181818182,366.636363636364,1,0.111705724581729,2026,"PAHO",2026-03-01,85,85,85,25,1,TRUE,"applied_mean","not_missing",4,"2025/2026","Observed",1114,327,1114,3483,NA,1114,"South America","Suriname",1.37195657455104,366.636363636365,96.7961614595794,"Extremely High","Rare bad event - unusually high cases to date",2.38317293679355,"High",76.4411474145935,"Above average - more cases than typical at this point","Suriname"
"SUR",1,4,0.334373341326792,25.2727272727273,0.334373341326792,25.2727272727273,25.2727272727273,25.2727272727273,0.0647708686754699,0.0647708686754699,2026,"PAHO",2026-04-01,89,89,89,21,1,TRUE,"applied_mean","not_missing",4,"2026/2027","Observed",89,416,758,3483,NA,961,"South America","Suriname",0.334373341326792,25.2727272727273,92.527364121017,"High","Above average - more cases than typical at this point",1.44855468806404,"High",76.4411474145935,"Above average - more cases than typical at this point","Suriname"
"SUR",2,5,0.359616314256549,29.4545454545455,0.351833428567706,54.7272727272728,29.4545454545455,54.7272727272727,0.120012610815138,0.0552417421396679,2026,"PAHO",2026-05-01,2,2,2,20,1,TRUE,"applied_mean","not_missing",4,"2026/2027","Observed",91,418,758,3483,NA,961,"South America","Suriname",0.351833428567706,54.7272727272728,80.9562902157275,"High","Above average - more cases than typical at this point",0.39188028555935,"High",76.4411474145935,"Above average - more cases than typical at this point","Suriname"
"SUR",3,6,0.386113334103505,18.7272727272727,0.362305347493399,73.4545454545456,18.7272727272727,73.4545454545455,0.163996412551135,0.0439838017359971,2026,"Estimates",2026-06-01,49,NA,NA,3,NA,FALSE,"insufficient_n_rf",NA,4,"2026/2027","Unobserved",140,467,758,3483,48.9979551339007,961,"South America","Suriname",0.362305347493399,73.4545454545456,83.3351983131988,"High","Above average - more cases than typical at this point",0.543962139820808,"High",76.4411474145935,"Above average - more cases than typical at this point","Suriname"
"SUR",4,7,0.338903503657827,24.6363636363636,0.353952624439047,98.0909090909092,24.6363636363636,98.0909090909091,0.221598165216215,0.0576017526650806,2026,"Estimates",2026-07-01,64,NA,NA,2,NA,FALSE,"no_lookup_match",NA,4,"2026/2027","Unobserved",204,531,758,3483,64.1683524688998,961,"South America","Suriname",0.353952624439047,98.0909090909092,84.8553804063133,"High","Above average - more cases than typical at this point",0.641202050067369,"High",76.4411474145935,"Above average - more cases than typical at this point","Suriname"
"SUR",5,8,0.34964441850824,26.9090909090909,0.348584414582896,125,26.9090909090909,125,0.278796931444777,0.057198766228562,2026,"Estimates",2026-08-01,64,NA,NA,1,NA,FALSE,"no_lookup_match",NA,4,"2026/2027","Unobserved",268,595,758,3483,63.7194255786181,961,"South America","Suriname",0.348584414582896,125,85.3646928062331,"High","Above average - more cases than typical at this point",0.674489660977382,"High",76.4411474145935,"Above average - more cases than typical at this point","Suriname"
"SUR",6,9,0.409861700074039,17.3636363636364,0.348878024607882,142.363636363636,17.3636363636364,142.363636363636,0.318669777287554,0.0398728458427769,2026,NA,2026-09-01,NA,NA,NA,NA,NA,NA,NA,NA,4,"2026/2027","Unobserved",268,595,758,3483,NA,961,"South America","Suriname",0.348878024607882,142.363636363636,83.1379190389228,"High","Above average - more cases than typical at this point",0.52062090166813,"High",76.4411474145935,"Above average - more cases than typical at this point","Suriname"
"SUR",7,10,0.604073124013413,21.1818181818182,0.465886050644389,163.545454545454,21.1818181818182,163.545454545455,0.395153172468188,0.0764833951806339,2026,NA,2026-10-01,NA,NA,NA,NA,NA,NA,NA,NA,4,"2026/2027","Unobserved",268,595,758,3483,NA,961,"South America","Suriname",0.465886050644389,163.545454545454,80.0619976539152,"High","Above average - more cases than typical at this point",0.435322403968906,"High",76.4411474145935,"Above average - more cases than typical at this point","Suriname"
"SUR",8,11,0.642546626621659,11.6363636363636,0.476755833603969,175.181818181818,11.6363636363636,175.181818181818,0.427515433857863,0.032362261389675,2026,NA,2026-11-01,NA,NA,NA,NA,NA,NA,NA,NA,4,"2026/2027","Unobserved",268,595,758,3483,NA,961,"South America","Suriname",0.476755833603969,175.181818181818,78.5137007417207,"High","Above average - more cases than typical at this point",0.36534391106043,"High",76.4411474145935,"Above average - more cases than typical at this point","Suriname"
"SUR",9,12,0.424507692666457,16.1818181818182,0.488948121048894,191.363636363636,16.1818181818182,191.363636363636,0.473973596008965,0.0464581621511014,2026,NA,2026-12-01,NA,NA,NA,NA,NA,NA,NA,NA,4,"2026/2027","Unobserved",268,595,758,3483,NA,961,"South America","Suriname",0.488948121048894,191.363636363636,76.4411474145935,"High","Above average - more cases than typical at this point",0.279674419750868,"High",76.4411474145935,"Above average - more cases than typical at this point","Suriname"
"SXM",10,1,0.405197800581291,11,5.1035283971246,140.75,11,140.75,0.919411237668336,0.105346507156213,2025,"WHO",2025-01-01,0,0,NA,20,NA,FALSE,"no_lookup_match",NA,4,"2024/2025","Observed",0,0,0,60,NA,0,"Caribbean","Sint Maarten",5.1035283971246,140.75,3.70702768040798e-06,"Extremely Low","Rare good event - unusually low cases to date",-2.21922328061138,"Extremely Low",0.49500116300709,"Rare good event - unusually low cases to date","Sint Maarten"
"SXM",11,2,0.447760131396827,5.5,6.79729711458437,146.25,5.5,146.25,0.971687218703031,0.0522759810346952,2025,"WHO",2025-02-01,0,0,NA,19,NA,FALSE,"no_lookup_match",NA,4,"2024/2025","Observed",0,0,0,60,NA,0,"Caribbean","Sint Maarten",6.79729711458437,146.25,6.40807568390445e-08,"Extremely Low","Rare good event - unusually low cases to date",-2.54860911565279,"Extremely Low",0.49500116300709,"Rare good event - unusually low cases to date","Sint Maarten"
"SXM",12,3,0.605693961871764,3,7.72601614164735,149.25,3,149.25,1,0.0283127812969688,2025,"WHO",2025-03-01,0,0,NA,18,NA,FALSE,"no_lookup_match",NA,4,"2024/2025","Observed",0,0,0,60,NA,0,"Caribbean","Sint Maarten",7.72601614164735,149.25,7.85806906193093e-09,"Extremely Low","Rare good event - unusually low cases to date",-2.71030598405711,"Extremely Low",0.49500116300709,"Rare good event - unusually low cases to date","Sint Maarten"
"SXM",1,4,13.3764510355463,3.75,13.3764510355463,3.75,3.75,3.75,0.0235301342190358,0.0235301342190358,2025,"WHO",2025-04-01,0,0,NA,17,NA,FALSE,"no_lookup_match",NA,4,"2025/2026","Observed",0,0,60,60,NA,19,"Caribbean","Sint Maarten",13.3764510355463,3.75,3.66735277206284,"Extremely Low","Rare good event - unusually low cases to date",-1.71140342704242,"Extremely Low",0.49500116300709,"Rare good event - unusually low cases to date","Sint Maarten"
"SXM",2,5,8.88828459974943,4.5,4.00704860368706,8.25,4.5,8.25,0.0521150979056599,0.0285849636866242,2025,"PAHO",2025-05-01,6,6,NA,69,NA,FALSE,"no_lookup_match","current_month_missing",4,"2025/2026","Observed",6,6,60,60,NA,19,"Caribbean","Sint Maarten",4.00704860368706,8.25,42.2021208750802,"Normal","Average - typical case load at this point",-0.447893639230474,"Extremely Low",0.49500116300709,"Rare good event - unusually low cases to date","Sint Maarten"
"SXM",3,6,4.40230546489065,5.25,2.91931501408543,13.5,5.25,13.5,0.0849603459730504,0.0328452480673905,2025,"WHO",2025-06-01,0,0,NA,15,NA,FALSE,"no_lookup_match",NA,4,"2025/2026","Observed",6,6,60,60,NA,19,"Caribbean","Sint Maarten",2.91931501408543,13.5,21.888371189958,"Low","Below average - fewer cases than typical at this point",-0.860710977542419,"Extremely Low",0.49500116300709,"Rare good event - unusually low cases to date","Sint Maarten"
"SXM",4,7,4.66235676491655,7.75,2.77378592067633,21.25,7.75,21.25,0.134272866663374,0.0493125206903238,2025,"PAHO",2025-07-01,2,2,NA,63,NA,FALSE,"no_lookup_match","current_month_missing",4,"2025/2026","Observed",8,8,60,60,NA,19,"Caribbean","Sint Maarten",2.77378592067633,21.25,15.7802649594517,"Low","Below average - fewer cases than typical at this point",-0.976679688940145,"Extremely Low",0.49500116300709,"Rare good event - unusually low cases to date","Sint Maarten"
"SXM",5,8,2.89202819690717,20,2.58366957751371,41.2499999999999,20,41.25,0.260234635542651,0.125961768879277,2025,"Estimates",2025-08-01,0,NA,NA,13,NA,FALSE,"no_lookup_match",NA,4,"2025/2026","Unobserved",8,8,60,60,0,19,"Caribbean","Sint Maarten",2.58366957751371,41.2499999999999,4.67209720117048,"Extremely Low","Rare good event - unusually low cases to date",-1.2568812402164,"Extremely Low",0.49500116300709,"Rare good event - unusually low cases to date","Sint Maarten"
"SXM",6,9,3.00869793539221,16.25,2.52664933443238,57.5,16.25,57.5,0.362666270202891,0.102431634660241,2025,"Estimates",2025-09-01,0,NA,NA,12,1,FALSE,"applied_mean",NA,4,"2025/2026","Unobserved",8,8,60,60,0,19,"Caribbean","Sint Maarten",2.52664933443238,57.5,2.40920192880423,"Extremely Low","Rare good event - unusually low cases to date",-1.33928101192447,"Extremely Low",0.49500116300709,"Rare good event - unusually low cases to date","Sint Maarten"
"SXM",7,10,2.66245362250926,21.25,2.45133840577419,78.7499999999999,21.25,78.75,0.49569090067827,0.133024630475379,2025,"Estimates",2025-10-01,0,NA,NA,11,1,FALSE,"applied_mean",NA,4,"2025/2026","Unobserved",8,8,60,60,0,19,"Caribbean","Sint Maarten",2.45133840577419,78.7499999999999,1.31747810924595,"Extremely Low","Rare good event - unusually low cases to date",-1.3852278163793,"Extremely Low",0.49500116300709,"Rare good event - unusually low cases to date","Sint Maarten"
"SXM",8,11,2.57352204177887,33,2.4122856328569,111.75,33,111.75,0.702562202127266,0.206871301448996,2025,"Estimates",2025-11-01,0,NA,NA,10,1,FALSE,"applied_mean",NA,4,"2025/2026","Unobserved",8,8,60,60,0,19,"Caribbean","Sint Maarten",2.4122856328569,111.75,0.639525200633843,"Extremely Low","Rare good event - unusually low cases to date",-1.42664979075057,"Extremely Low",0.49500116300709,"Rare good event - unusually low cases to date","Sint Maarten"
"SXM",9,12,2.51541927943701,18,2.36654845163251,129.75,18,129.75,0.814064730512123,0.111502528384857,2025,"Estimates",2025-12-01,0,NA,NA,9,1,FALSE,"applied_mean",NA,4,"2025/2026","Unobserved",8,8,60,60,0,19,"Caribbean","Sint Maarten",2.36654845163251,129.75,0.49500116300709,"Extremely Low","Rare good event - unusually low cases to date",-1.43052145990934,"Extremely Low",0.49500116300709,"Rare good event - unusually low cases to date","Sint Maarten"
"SXM",10,1,0.405197800581291,11,5.1035283971246,140.75,11,140.75,0.919411237668336,0.105346507156213,2026,"Estimates",2026-01-01,6,NA,NA,8,1,FALSE,"applied_mean",NA,4,"2025/2026","Unobserved",14,6,60,NA,6.32079042937275,19,"Caribbean","Sint Maarten",5.1035283971246,140.75,0.0324749619887705,"Extremely Low","Rare good event - unusually low cases to date",-1.99848348715803,"Extremely Low",1.86914163343803,"Rare good event - unusually low cases to date","Sint Maarten"
"SXM",11,2,0.447760131396827,5.5,6.79729711458437,146.25,5.5,146.25,0.971687218703031,0.0522759810346952,2026,"Estimates",2026-02-01,3,NA,NA,7,1,FALSE,"applied_mean",NA,4,"2025/2026","Unobserved",17,9,60,NA,3.13655886208171,19,"Caribbean","Sint Maarten",6.79729711458437,146.25,0.00893467936686312,"Extremely Low","Rare good event - unusually low cases to date",-2.25236053468803,"Extremely Low",1.86914163343803,"Rare good event - unusually low cases to date","Sint Maarten"
"SXM",12,3,0.605693961871764,3,7.72601614164735,149.25,3,149.25,1,0.0283127812969688,2026,"Estimates",2026-03-01,2,NA,NA,6,1,FALSE,"applied_mean",NA,4,"2025/2026","Unobserved",19,11,60,NA,1.69876687781813,19,"Caribbean","Sint Maarten",7.72601614164735,149.25,0.00543477073865917,"Extremely Low","Rare good event - unusually low cases to date",-2.3652754065222,"Extremely Low",1.86914163343803,"Rare good event - unusually low cases to date","Sint Maarten"
"SXM",1,4,13.3764510355463,3.75,13.3764510355463,3.75,3.75,3.75,0.0235301342190358,0.0235301342190358,2026,"Estimates",2026-04-01,1,NA,NA,5,1,FALSE,"applied_mean",NA,4,"2026/2027","Unobserved",1,12,NA,NA,1.41180805314215,61,"Caribbean","Sint Maarten",13.3764510355463,3.75,14.4086685043233,"Low","Below average - fewer cases than typical at this point",-1.25502917983111,"Extremely Low",1.86914163343803,"Rare good event - unusually low cases to date","Sint Maarten"
"SXM",2,5,8.88828459974943,4.5,4.00704860368706,8.25,4.5,8.25,0.0521150979056599,0.0285849636866242,2026,"Estimates",2026-05-01,2,NA,NA,4,NA,FALSE,"insufficient_n_rf",NA,4,"2026/2027","Unobserved",3,14,NA,NA,1.71509782119745,61,"Caribbean","Sint Maarten",4.00704860368706,8.25,16.281706312862,"Low","Below average - fewer cases than typical at this point",-1.04508515820444,"Extremely Low",1.86914163343803,"Rare good event - unusually low cases to date","Sint Maarten"
"SXM",3,6,4.40230546489065,5.25,2.91931501408543,13.5,5.25,13.5,0.0849603459730504,0.0328452480673905,2026,"Estimates",2026-06-01,2,NA,NA,3,NA,FALSE,"insufficient_n_rf",NA,4,"2026/2027","Unobserved",5,16,NA,NA,1.97071488404343,61,"Caribbean","Sint Maarten",2.91931501408543,13.5,16.8271497659746,"Low","Below average - fewer cases than typical at this point",-0.975472441214742,"Extremely Low",1.86914163343803,"Rare good event - unusually low cases to date","Sint Maarten"
"SXM",4,7,4.66235676491655,7.75,2.77378592067633,21.25,7.75,21.25,0.134272866663374,0.0493125206903238,2026,"Estimates",2026-07-01,3,NA,NA,2,NA,FALSE,"no_lookup_match",NA,4,"2026/2027","Unobserved",8,19,NA,NA,2.95875124141943,61,"Caribbean","Sint Maarten",2.77378592067633,21.25,15.7802649594517,"Low","Below average - fewer cases than typical at this point",-0.976679688940145,"Extremely Low",1.86914163343803,"Rare good event - unusually low cases to date","Sint Maarten"
"SXM",5,8,2.89202819690717,20,2.58366957751371,41.2499999999999,20,41.25,0.260234635542651,0.125961768879277,2026,"Estimates",2026-08-01,8,NA,NA,1,NA,FALSE,"no_lookup_match",NA,4,"2026/2027","Unobserved",16,27,NA,NA,7.55770613275659,61,"Caribbean","Sint Maarten",2.58366957751371,41.2499999999999,15.7631465284574,"Low","Below average - fewer cases than typical at this point",-0.954473723773352,"Extremely Low",1.86914163343803,"Rare good event - unusually low cases to date","Sint Maarten"
"SXM",6,9,3.00869793539221,16.25,2.52664933443238,57.5,16.25,57.5,0.362666270202891,0.102431634660241,2026,NA,2026-09-01,NA,NA,NA,NA,NA,NA,NA,NA,4,"2026/2027","Unobserved",16,27,NA,NA,NA,61,"Caribbean","Sint Maarten",2.52664933443238,57.5,8.66034869447248,"Low","Below average - fewer cases than typical at this point",-1.12283155545183,"Extremely Low",1.86914163343803,"Rare good event - unusually low cases to date","Sint Maarten"
"SXM",7,10,2.66245362250926,21.25,2.45133840577419,78.7499999999999,21.25,78.75,0.49569090067827,0.133024630475379,2026,NA,2026-10-01,NA,NA,NA,NA,NA,NA,NA,NA,4,"2026/2027","Unobserved",16,27,NA,NA,NA,61,"Caribbean","Sint Maarten",2.45133840577419,78.7499999999999,4.86306798217373,"Extremely Low","Rare good event - unusually low cases to date",-1.22859428237174,"Extremely Low",1.86914163343803,"Rare good event - unusually low cases to date","Sint Maarten"
"SXM",8,11,2.57352204177887,33,2.4122856328569,111.75,33,111.75,0.702562202127266,0.206871301448996,2026,NA,2026-11-01,NA,NA,NA,NA,NA,NA,NA,NA,4,"2026/2027","Unobserved",16,27,NA,NA,NA,61,"Caribbean","Sint Maarten",2.4122856328569,111.75,2.43111466117763,"Extremely Low","Rare good event - unusually low cases to date",-1.31664305989751,"Extremely Low",1.86914163343803,"Rare good event - unusually low cases to date","Sint Maarten"
"SXM",9,12,2.51541927943701,18,2.36654845163251,129.75,18,129.75,0.814064730512123,0.111502528384857,2026,NA,2026-12-01,NA,NA,NA,NA,NA,NA,NA,NA,4,"2026/2027","Unobserved",16,27,NA,NA,NA,61,"Caribbean","Sint Maarten",2.36654845163251,129.75,1.86914163343803,"Extremely Low","Rare good event - unusually low cases to date",-1.33652415658881,"Extremely Low",1.86914163343803,"Rare good event - unusually low cases to date","Sint Maarten"
"SYC",7,1,5.15678818556957,369.200000000001,1.56102440422787,1329.4,369.2,1329.4,0.460497222349788,0.188764883186937,2025,"WHO",2025-01-01,1,1,NA,20,NA,FALSE,"no_lookup_match",NA,7,"2024/2025","Observed",1,1,13,386,NA,13,"Sub-Saharan Africa","Seychelles",1.56102440422787,1329.4,0.00680960698293112,"Extremely Low","Rare good event - unusually low cases to date",-1.247737440688,"Low",13.4838876546103,"Below average - fewer cases than typical at this point","Seychelles"
"SYC",8,2,1.41730558298565,423.4,1.85187830467675,1752.8,423.4,1752.8,0.602966332440988,0.1424691100912,2025,"WHO",2025-02-01,0,0,NA,19,NA,FALSE,"no_lookup_match",NA,7,"2024/2025","Observed",1,1,13,386,NA,13,"Sub-Saharan Africa","Seychelles",1.85187830467675,1752.8,0.000876137084859886,"Extremely Low","Rare good event - unusually low cases to date",-1.35934307419592,"Low",13.4838876546103,"Below average - fewer cases than typical at this point","Seychelles"
"SYC",9,3,1.47843069772554,412,1.89503125990762,2164.8,412,2164.8,0.740140694587879,0.137174362146891,2025,"WHO",2025-03-01,0,0,NA,18,NA,FALSE,"no_lookup_match",NA,7,"2024/2025","Observed",1,1,13,386,NA,13,"Sub-Saharan Africa","Seychelles",1.89503125990762,2164.8,0.000463505808111434,"Extremely Low","Rare good event - unusually low cases to date",-1.37536358758837,"Low",13.4838876546103,"Below average - fewer cases than typical at this point","Seychelles"
"SYC",10,4,1.54160441668535,292.2,1.87104077329006,2457,292.2,2457,0.834411335189452,0.0942706406015731,2025,"WHO",2025-04-01,10,10,NA,17,NA,FALSE,"no_lookup_match",NA,7,"2024/2025","Observed",11,11,13,386,NA,13,"Sub-Saharan Africa","Seychelles",1.87104077329006,2457,0.00910582429196981,"Extremely Low","Rare good event - unusually low cases to date",-1.36121781476078,"Low",13.4838876546103,"Below average - fewer cases than typical at this point","Seychelles"
"SYC",11,5,NA,NA,1.75336178470025,2763.39999999999,306.4,2763.4,0.916423140686169,0.0820118054967165,2025,"WHO",2025-05-01,1,1,NA,16,NA,FALSE,"no_lookup_match",NA,7,"2024/2025","Observed",12,12,13,386,NA,13,"Sub-Saharan Africa","Seychelles",1.75336178470025,2763.39999999999,0.0143833634654741,"Extremely Low","Rare good event - unusually low cases to date",-1.31797755098336,"Low",13.4838876546103,"Below average - fewer cases than typical at this point","Seychelles"
"SYC",12,6,NA,NA,1.71326193347077,3040.4,277,3040.4,1,0.0835768593138314,2025,"Estimates",2025-06-01,1,NA,NA,NA,NA,NA,NA,NA,7,"2024/2025","Unobserved",13,13,13,386,1.08649917107981,13,"Sub-Saharan Africa","Seychelles",1.71326193347077,3040.4,0.0165805411725508,"Extremely Low","Rare good event - unusually low cases to date",-1.30295266266978,"Low",13.4838876546103,"Below average - fewer cases than typical at this point","Seychelles"
"SYC",1,7,NA,NA,NA,NA,114.2,114.2,0.0262690387875114,0.0262690387875114,2025,"WHO",2025-07-01,0,0,NA,14,NA,FALSE,"no_lookup_match",NA,7,"2025/2026","Observed",0,13,336,386,NA,336,"Sub-Saharan Africa","Seychelles",NA,NA,NA,"Unknown","Cannot determine",NA,"Low",13.4838876546103,"Below average - fewer cases than typical at this point","Seychelles"
"SYC",2,8,0.718867864687858,129.2,0.633442784300677,243.4,129.2,243.4,0.0598902758500156,0.0336212370625043,2025,"WHO",2025-08-01,7,7,NA,13,NA,FALSE,"no_lookup_match",NA,7,"2025/2026","Observed",7,20,336,386,NA,336,"Sub-Saharan Africa","Seychelles",0.633442784300677,243.4,9.3686497683567,"Low","Below average - fewer cases than typical at this point",-0.771998059125917,"Low",13.4838876546103,"Below average - fewer cases than typical at this point","Seychelles"
"SYC",3,9,0.660238969052445,137.6,0.642620536986068,381,137.6,381,0.0942706998125903,0.0343804239625747,2025,"WHO",2025-09-01,5,5,5,12,1,TRUE,"applied_mean",NA,7,"2025/2026","Observed",12,25,336,386,NA,336,"Sub-Saharan Africa","Seychelles",0.642620536986068,381,9.38397503715019,"Low","Below average - fewer cases than typical at this point",-0.775733852265229,"Low",13.4838876546103,"Below average - fewer cases than typical at this point","Seychelles"
"SYC",4,10,0.654491283723673,187.6,0.646438733137409,568.6,187.6,568.6,0.141199578002798,0.0469288781902073,2025,"WHO",2025-10-01,7,7,7,11,1,TRUE,"applied_mean",NA,7,"2025/2026","Observed",19,32,336,386,NA,336,"Sub-Saharan Africa","Seychelles",0.646438733137409,568.6,9.4892784578,"Low","Below average - fewer cases than typical at this point",-0.776706286868269,"Low",13.4838876546103,"Below average - fewer cases than typical at this point","Seychelles"
"SYC",5,11,0.680686527139956,263.799999999999,0.660171286716479,832.4,263.8,832.4,0.209224364721224,0.0680247867184262,2025,"WHO",2025-11-01,14,14,14,10,1,TRUE,"applied_mean",NA,7,"2025/2026","Observed",33,46,336,386,NA,336,"Sub-Saharan Africa","Seychelles",0.660171286716479,832.4,10.065600483553,"Low","Below average - fewer cases than typical at this point",-0.779988569313054,"Low",13.4838876546103,"Below average - fewer cases than typical at this point","Seychelles"
"SYC",6,12,1.32599744966546,127.8,0.800788876498992,960.199999999998,127.8,960.2,0.271732339162851,0.0625079744416273,2025,"WHO",2025-12-01,60,60,60,9,1,TRUE,"applied_mean",NA,7,"2025/2026","Observed",93,106,336,386,NA,336,"Sub-Saharan Africa","Seychelles",0.800788876498992,960.199999999998,13.4838876546103,"Low","Below average - fewer cases than typical at this point",-0.807858989953437,"Low",13.4838876546103,"Below average - fewer cases than typical at this point","Seychelles"
"SYC",7,1,5.15678818556957,369.200000000001,1.56102440422787,1329.4,369.2,1329.4,0.460497222349788,0.188764883186937,2026,"WHO",2026-01-01,151,151,151,8,1,TRUE,"applied_mean",NA,7,"2025/2026","Observed",244,151,336,4258,NA,336,"Sub-Saharan Africa","Seychelles",1.56102440422787,1329.4,8.67140042319378,"Low","Below average - fewer cases than typical at this point",-1.01949278690361,"Extremely Low",2.83426136484117,"Rare good event - unusually low cases to date","Seychelles"
"SYC",8,2,1.41730558298565,423.4,1.85187830467675,1752.8,423.4,1752.8,0.602966332440988,0.1424691100912,2026,"WHO",2026-02-01,29,29,29,7,1,TRUE,"applied_median",NA,7,"2025/2026","Observed",273,180,336,4258,NA,336,"Sub-Saharan Africa","Seychelles",1.85187830467675,1752.8,4.78199686195289,"Extremely Low","Rare good event - unusually low cases to date",-1.14827941614061,"Extremely Low",2.83426136484117,"Rare good event - unusually low cases to date","Seychelles"
"SYC",9,3,1.47843069772554,412,1.89503125990762,2164.8,412,2164.8,0.740140694587879,0.137174362146891,2026,"WHO",2026-03-01,29,29,29,6,1,TRUE,"applied_median",NA,7,"2025/2026","Observed",302,209,336,4258,NA,336,"Sub-Saharan Africa","Seychelles",1.89503125990762,2164.8,3.75086932822981,"Extremely Low","Rare good event - unusually low cases to date",-1.18404071123007,"Extremely Low",2.83426136484117,"Rare good event - unusually low cases to date","Seychelles"
"SYC",10,4,1.54160441668535,292.2,1.87104077329006,2457,292.2,2457,0.834411335189452,0.0942706406015731,2026,"WHO",2026-04-01,22,22,22,5,1,TRUE,"applied_median",NA,7,"2025/2026","Observed",324,231,336,4258,NA,336,"Sub-Saharan Africa","Seychelles",1.87104077329006,2457,3.51546615333111,"Extremely Low","Rare good event - unusually low cases to date",-1.1870309071483,"Extremely Low",2.83426136484117,"Rare good event - unusually low cases to date","Seychelles"
"SYC",11,5,NA,NA,1.75336178470025,2763.39999999999,306.4,2763.4,0.916423140686169,0.0820118054967165,2026,"WHO",2026-05-01,0,0,0,4,1,TRUE,"applied_median",NA,7,"2025/2026","Observed",324,231,336,4258,NA,336,"Sub-Saharan Africa","Seychelles",1.75336178470025,2763.39999999999,3.42212466160377,"Extremely Low","Rare good event - unusually low cases to date",-1.16852309292316,"Extremely Low",2.83426136484117,"Rare good event - unusually low cases to date","Seychelles"
"SYC",12,6,NA,NA,1.71326193347077,3040.4,277,3040.4,1,0.0835768593138314,2026,"WHO",2026-06-01,12,12,12,3,1,TRUE,"applied_mean",NA,7,"2025/2026","Observed",336,243,336,4258,NA,336,"Sub-Saharan Africa","Seychelles",1.71326193347077,3040.4,3.30696538208914,"Extremely Low","Rare good event - unusually low cases to date",-1.16393776208105,"Extremely Low",2.83426136484117,"Rare good event - unusually low cases to date","Seychelles"
"SYC",1,7,NA,NA,NA,NA,114.2,114.2,0.0262690387875114,0.0262690387875114,2026,"WHO",2026-07-01,12,12,12,2,1,TRUE,"applied_mean",NA,7,"2026/2027","Observed",12,255,200,4258,NA,200,"Sub-Saharan Africa","Seychelles",NA,NA,NA,"Unknown","Cannot determine",NA,"Extremely Low",2.83426136484117,"Rare good event - unusually low cases to date","Seychelles"
"SYC",2,8,0.718867864687858,129.2,0.633442784300677,243.4,129.2,243.4,0.0598902758500156,0.0336212370625043,2026,"WHO",2026-08-01,0,0,NA,1,NA,FALSE,"insufficient_n_rf",NA,7,"2026/2027","Observed",12,255,200,4258,NA,200,"Sub-Saharan Africa","Seychelles",0.633442784300677,243.4,12.7486717573038,"Low","Below average - fewer cases than typical at this point",-0.755669842985352,"Extremely Low",2.83426136484117,"Rare good event - unusually low cases to date","Seychelles"
"SYC",3,9,0.660238969052445,137.6,0.642620536986068,381,137.6,381,0.0942706998125903,0.0343804239625747,2026,NA,2026-09-01,NA,NA,NA,NA,NA,NA,NA,NA,7,"2026/2027","Unobserved",12,255,200,4258,NA,200,"Sub-Saharan Africa","Seychelles",0.642620536986068,381,9.38397503715019,"Low","Below average - fewer cases than typical at this point",-0.775733852265229,"Extremely Low",2.83426136484117,"Rare good event - unusually low cases to date","Seychelles"
"SYC",4,10,0.654491283723673,187.6,0.646438733137409,568.6,187.6,568.6,0.141199578002798,0.0469288781902073,2026,NA,2026-10-01,NA,NA,NA,NA,NA,NA,NA,NA,7,"2026/2027","Unobserved",12,255,200,4258,NA,200,"Sub-Saharan Africa","Seychelles",0.646438733137409,568.6,7.18317267746934,"Low","Below average - fewer cases than typical at this point",-0.7865988341901,"Extremely Low",2.83426136484117,"Rare good event - unusually low cases to date","Seychelles"
"SYC",5,11,0.680686527139956,263.799999999999,0.660171286716479,832.4,263.8,832.4,0.209224364721224,0.0680247867184262,2026,NA,2026-11-01,NA,NA,NA,NA,NA,NA,NA,NA,7,"2026/2027","Unobserved",12,255,200,4258,NA,200,"Sub-Saharan Africa","Seychelles",0.660171286716479,832.4,5.34265540791381,"Low","Below average - fewer cases than typical at this point",-0.800478636808143,"Extremely Low",2.83426136484117,"Rare good event - unusually low cases to date","Seychelles"
"SYC",6,12,1.32599744966546,127.8,0.800788876498992,960.199999999998,127.8,960.2,0.271732339162851,0.0625079744416273,2026,NA,2026-12-01,NA,NA,NA,NA,NA,NA,NA,NA,7,"2026/2027","Unobserved",12,255,200,4258,NA,200,"Sub-Saharan Africa","Seychelles",0.800788876498992,960.199999999998,2.83426136484117,"Extremely Low","Rare good event - unusually low cases to date",-0.88331629874752,"Extremely Low",2.83426136484117,"Rare good event - unusually low cases to date","Seychelles"
"TCA",10,1,NA,NA,2.33982893929351,191.142857142857,34.4285714285714,191.142857142857,0.733352630935429,0.17761348941776,2025,"WHO",2025-01-01,0,0,NA,20,NA,FALSE,"no_lookup_match",NA,4,"2024/2025","Observed",0,0,0,2,NA,0,"Caribbean","Turks And Caicos Islands",2.33982893929351,191.142857142857,0.00326194235512338,"Extremely Low","Rare good event - unusually low cases to date",-1.5203726089815,"Unknown",5.27237454664497,"Cannot determine","Turks And Caicos Islands"
"TCA",11,2,NA,NA,3.41580223922848,220.428571428572,29.2857142857143,220.428571428571,0.880347590429312,0.146994959493883,2025,"WHO",2025-02-01,0,0,NA,19,NA,FALSE,"no_lookup_match",NA,4,"2024/2025","Observed",0,0,0,2,NA,0,"Caribbean","Turks And Caicos Islands",3.41580223922848,220.428571428572,6.24243732048276e-05,"Extremely Low","Rare good event - unusually low cases to date",-1.83403327585381,"Unknown",5.27237454664497,"Cannot determine","Turks And Caicos Islands"
"TCA",12,3,NA,NA,4.14272895488674,244.714285714286,24.2857142857143,244.714285714286,1,0.119652409570688,2025,"WHO",2025-03-01,0,0,NA,18,NA,FALSE,"no_lookup_match",NA,4,"2024/2025","Observed",0,0,0,2,NA,0,"Caribbean","Turks And Caicos Islands",4.14272895488674,244.714285714286,4.28035478495786e-06,"Extremely Low","Rare good event - unusually low cases to date",-2.01835696600865,"Unknown",5.27237454664497,"Cannot determine","Turks And Caicos Islands"
"TCA",1,4,NA,NA,NA,NA,10.4285714285714,10.4285714285714,0.0390390427429309,0.0390390427429309,2025,"WHO",2025-04-01,0,0,NA,17,NA,FALSE,"no_lookup_match",NA,4,"2025/2026","Observed",0,0,9,2,NA,9,"Caribbean","Turks And Caicos Islands",NA,NA,NA,"Unknown","Cannot determine",NA,"Unknown",5.27237454664497,"Cannot determine","Turks And Caicos Islands"
"TCA",2,5,0.750750305187013,6.71428571428572,NA,NA,6.71428571428571,17.1428571428571,0.0633960455366801,0.0243570027937492,2025,"PAHO",2025-05-01,1,1,NA,69,NA,FALSE,"no_lookup_match","current_month_missing",4,"2025/2026","Observed",1,1,9,2,NA,9,"Caribbean","Turks And Caicos Islands",NA,NA,NA,"Unknown","Cannot determine",NA,"Unknown",5.27237454664497,"Cannot determine","Turks And Caicos Islands"
"TCA",3,6,NA,NA,NA,NA,6.57142857142857,23.7142857142857,0.0857270617048793,0.0223310161681992,2025,"WHO",2025-06-01,0,0,NA,15,NA,FALSE,"no_lookup_match",NA,4,"2025/2026","Observed",1,1,9,2,NA,9,"Caribbean","Turks And Caicos Islands",NA,NA,NA,"Unknown","Cannot determine",NA,"Unknown",5.27237454664497,"Cannot determine","Turks And Caicos Islands"
"TCA",4,7,NA,NA,NA,NA,7.14285714285714,30.8571428571429,0.110264518433595,0.0245374567287156,2025,"WHO",2025-07-01,0,0,NA,14,NA,FALSE,"no_lookup_match",NA,4,"2025/2026","Observed",1,1,9,2,NA,9,"Caribbean","Turks And Caicos Islands",NA,NA,NA,"Unknown","Cannot determine",NA,"Unknown",5.27237454664497,"Cannot determine","Turks And Caicos Islands"
"TCA",5,8,0.689979240612947,18.8571428571429,0.636828017071606,49.7142857142857,18.8571428571429,49.7142857142857,0.175889204620139,0.0656246861865438,2025,"WHO",2025-08-01,0,0,NA,13,NA,FALSE,"no_lookup_match",NA,4,"2025/2026","Observed",1,1,9,2,NA,9,"Caribbean","Turks And Caicos Islands",0.636828017071606,49.7142857142857,10.0732466836117,"Low","Below average - fewer cases than typical at this point",-0.777002251553284,"Unknown",5.27237454664497,"Cannot determine","Turks And Caicos Islands"
"TCA",6,9,1.00524730946344,21.2857142857143,0.775747774324402,70.9999999999999,21.2857142857143,71,0.253446538898937,0.0775573342787984,2025,"WHO",2025-09-01,0,0,0,12,1,TRUE,"applied_mean",NA,4,"2025/2026","Observed",1,1,9,2,NA,9,"Caribbean","Turks And Caicos Islands",0.775747774324402,70.9999999999999,5.27237454664497,"Low","Below average - fewer cases than typical at this point",-0.863654960715246,"Unknown",5.27237454664497,"Cannot determine","Turks And Caicos Islands"
"TCA",7,10,NA,NA,NA,NA,69.7142857142857,140.714285714286,0.49980646192941,0.246359923030473,2025,"WHO",2025-10-01,0,0,0,11,1,TRUE,"applied_mean",NA,4,"2025/2026","Observed",1,1,9,2,NA,9,"Caribbean","Turks And Caicos Islands",NA,NA,NA,"Unknown","Cannot determine",NA,"Unknown",5.27237454664497,"Cannot determine","Turks And Caicos Islands"
"TCA",8,11,NA,NA,NA,NA,8.28571428571429,149,0.528593461297396,0.0287869993679861,2025,"WHO",2025-11-01,0,0,0,10,1,TRUE,"applied_mean",NA,4,"2025/2026","Observed",1,1,9,2,NA,9,"Caribbean","Turks And Caicos Islands",NA,NA,NA,"Unknown","Cannot determine",NA,"Unknown",5.27237454664497,"Cannot determine","Turks And Caicos Islands"
"TCA",9,12,NA,NA,NA,NA,7.71428571428571,156.714285714286,0.555739141517669,0.0271456802202732,2025,"Estimates",2025-12-01,0,NA,NA,NA,NA,NA,NA,"current_month_missing",4,"2025/2026","Unobserved",1,1,9,2,0,9,"Caribbean","Turks And Caicos Islands",NA,NA,NA,"Unknown","Cannot determine",NA,"Unknown",5.27237454664497,"Cannot determine","Turks And Caicos Islands"
"TCA",10,1,NA,NA,2.33982893929351,191.142857142857,34.4285714285714,191.142857142857,0.733352630935429,0.17761348941776,2026,"PAHO",2026-01-01,8,8,8,34,1,TRUE,"applied_mean","previous_month_missing",4,"2025/2026","Observed",9,8,9,8,NA,9,"Caribbean","Turks And Caicos Islands",2.33982893929351,191.142857142857,0.273951282493333,"Extremely Low","Rare good event - unusually low cases to date",-1.44878555788596,"Unknown",5.27237454664497,"Cannot determine","Turks And Caicos Islands"
"TCA",11,2,NA,NA,3.41580223922848,220.428571428572,29.2857142857143,220.428571428571,0.880347590429312,0.146994959493883,2026,"WHO",2026-02-01,0,0,0,7,1,TRUE,"applied_mean",NA,4,"2025/2026","Observed",9,8,9,8,NA,9,"Caribbean","Turks And Caicos Islands",3.41580223922848,220.428571428572,0.0205829954544553,"Extremely Low","Rare good event - unusually low cases to date",-1.7591505173452,"Unknown",5.27237454664497,"Cannot determine","Turks And Caicos Islands"
"TCA",12,3,NA,NA,4.14272895488674,244.714285714286,24.2857142857143,244.714285714286,1,0.119652409570688,2026,"WHO",2026-03-01,0,0,0,6,1,TRUE,"applied_mean",NA,4,"2025/2026","Observed",9,8,9,8,NA,9,"Caribbean","Turks And Caicos Islands",4.14272895488674,244.714285714286,0.00316573469771563,"Extremely Low","Rare good event - unusually low cases to date",-1.94412667478942,"Unknown",5.27237454664497,"Cannot determine","Turks And Caicos Islands"
"TCA",1,4,NA,NA,NA,NA,10.4285714285714,10.4285714285714,0.0390390427429309,0.0390390427429309,2026,"Estimates",2026-04-01,0,NA,NA,5,1,FALSE,"applied_mean",NA,4,"2026/2027","Unobserved",0,8,NA,8,0.351351384686378,6,"Caribbean","Turks And Caicos Islands",NA,NA,NA,"Unknown","Cannot determine",NA,"Unknown",5.27237454664497,"Cannot determine","Turks And Caicos Islands"
"TCA",2,5,0.750750305187013,6.71428571428572,NA,NA,6.71428571428571,17.1428571428571,0.0633960455366801,0.0243570027937492,2026,"Estimates",2026-05-01,0,NA,NA,4,1,FALSE,"applied_mean",NA,4,"2026/2027","Unobserved",0,8,NA,8,0.219213025143743,6,"Caribbean","Turks And Caicos Islands",NA,NA,NA,"Unknown","Cannot determine",NA,"Unknown",5.27237454664497,"Cannot determine","Turks And Caicos Islands"
"TCA",3,6,NA,NA,NA,NA,6.57142857142857,23.7142857142857,0.0857270617048793,0.0223310161681992,2026,"Estimates",2026-06-01,0,NA,NA,3,1,FALSE,"applied_mean",NA,4,"2026/2027","Unobserved",0,8,NA,8,0.200979145513792,6,"Caribbean","Turks And Caicos Islands",NA,NA,NA,"Unknown","Cannot determine",NA,"Unknown",5.27237454664497,"Cannot determine","Turks And Caicos Islands"
"TCA",4,7,NA,NA,NA,NA,7.14285714285714,30.8571428571429,0.110264518433595,0.0245374567287156,2026,"Estimates",2026-07-01,0,NA,NA,2,NA,FALSE,"no_lookup_match",NA,4,"2026/2027","Unobserved",0,8,NA,8,0.22083711055844,6,"Caribbean","Turks And Caicos Islands",NA,NA,NA,"Unknown","Cannot determine",NA,"Unknown",5.27237454664497,"Cannot determine","Turks And Caicos Islands"
"TCA",5,8,0.689979240612947,18.8571428571429,0.636828017071606,49.7142857142857,18.8571428571429,49.7142857142857,0.175889204620139,0.0656246861865438,2026,"Estimates",2026-08-01,1,NA,NA,1,NA,FALSE,"no_lookup_match",NA,4,"2026/2027","Unobserved",1,9,NA,8,0.590622175678895,6,"Caribbean","Turks And Caicos Islands",0.636828017071606,49.7142857142857,10.0732466836117,"Low","Below average - fewer cases than typical at this point",-0.777002251553284,"Unknown",5.27237454664497,"Cannot determine","Turks And Caicos Islands"
"TCA",6,9,1.00524730946344,21.2857142857143,0.775747774324402,70.9999999999999,21.2857142857143,71,0.253446538898937,0.0775573342787984,2026,NA,2026-09-01,NA,NA,NA,NA,NA,NA,NA,NA,4,"2026/2027","Unobserved",1,9,NA,8,NA,6,"Caribbean","Turks And Caicos Islands",0.775747774324402,70.9999999999999,5.27237454664497,"Low","Below average - fewer cases than typical at this point",-0.863654960715246,"Unknown",5.27237454664497,"Cannot determine","Turks And Caicos Islands"
"TCA",7,10,NA,NA,NA,NA,69.7142857142857,140.714285714286,0.49980646192941,0.246359923030473,2026,NA,2026-10-01,NA,NA,NA,NA,NA,NA,NA,NA,4,"2026/2027","Unobserved",1,9,NA,8,NA,6,"Caribbean","Turks And Caicos Islands",NA,NA,NA,"Unknown","Cannot determine",NA,"Unknown",5.27237454664497,"Cannot determine","Turks And Caicos Islands"
"TCA",8,11,NA,NA,NA,NA,8.28571428571429,149,0.528593461297396,0.0287869993679861,2026,NA,2026-11-01,NA,NA,NA,NA,NA,NA,NA,NA,4,"2026/2027","Unobserved",1,9,NA,8,NA,6,"Caribbean","Turks And Caicos Islands",NA,NA,NA,"Unknown","Cannot determine",NA,"Unknown",5.27237454664497,"Cannot determine","Turks And Caicos Islands"
"TCA",9,12,NA,NA,NA,NA,7.71428571428571,156.714285714286,0.555739141517669,0.0271456802202732,2026,NA,2026-12-01,NA,NA,NA,NA,NA,NA,NA,NA,4,"2026/2027","Unobserved",1,9,NA,8,NA,6,"Caribbean","Turks And Caicos Islands",NA,NA,NA,"Unknown","Cannot determine",NA,"Unknown",5.27237454664497,"Cannot determine","Turks And Caicos Islands"
"THA",12,1,2.1239564508486,3499.93749999999,2.7045016369764,84104.3125000001,3499.9375,84104.3125,1,0.0457469339377959,2025,"SEARO",2025-01-01,4005,4005,NA,20,NA,FALSE,"no_lookup_match",NA,2,"2024/2025","Observed",4005,4005,4005,60194,NA,4005,"East & Southeast Asia","Thailand",2.7045016369764,84104.3125000001,0.0851106140217284,"Extremely Low","Rare good event - unusually low cases to date",-1.56619980357005,"Normal",33.9715129273705,"Average - typical case load at this point","Thailand"
"THA",1,2,2.54294957101223,2720.0625,2.54294957101223,2720.0625,2720.0625,2720.0625,0.03737012376918,0.03737012376918,2025,"SEARO",2025-02-01,2269,2269,NA,19,NA,FALSE,"no_lookup_match",NA,2,"2025/2026","Observed",2269,6274,55338,60194,NA,55338,"East & Southeast Asia","Thailand",2.54294957101223,2720.0625,47.3415982103233,"Normal","Average - typical case load at this point",-0.264316211138458,"Normal",33.9715129273705,"Average - typical case load at this point","Thailand"
"THA",2,3,2.69794191030474,2920.43749999999,2.66181780493204,5640.5,2920.4375,5640.5,0.0758439310608258,0.0384738072916457,2025,"SEARO",2025-03-01,2447,2447,NA,18,NA,FALSE,"no_lookup_match",NA,2,"2025/2026","Observed",4716,8721,55338,60194,NA,55338,"East & Southeast Asia","Thailand",2.66181780493204,5640.5,47.0201893742516,"Normal","Average - typical case load at this point",-0.267347436805406,"Normal",33.9715129273705,"Average - typical case load at this point","Thailand"
"THA",3,4,2.3968292196608,3023.75,2.70194309549726,8664.25000000001,3023.75,8664.25,0.112375986040397,0.0365320549795709,2025,"SEARO",2025-04-01,2271,2271,NA,17,NA,FALSE,"no_lookup_match",NA,2,"2025/2026","Observed",6987,10992,55338,60194,NA,55338,"East & Southeast Asia","Thailand",2.70194309549726,8664.25000000001,44.6825145993207,"Normal","Average - typical case load at this point",-0.31815387557827,"Normal",33.9715129273705,"Average - typical case load at this point","Thailand"
"THA",4,5,2.40028032607068,5658.125,2.88672216963651,14322.375,5658.125,14322.375,0.182225324078233,0.0698493380378364,2025,"SEARO",2025-05-01,4683,4683,NA,16,NA,FALSE,"no_lookup_match",NA,2,"2025/2026","Observed",11670,15675,55338,60194,NA,55338,"East & Southeast Asia","Thailand",2.88672216963651,14322.375,44.6001656888954,"Normal","Average - typical case load at this point",-0.314614414578636,"Normal",33.9715129273705,"Average - typical case load at this point","Thailand"
"THA",5,6,2.37768713306799,10646,2.83617433191888,24968.375,10646,24968.375,0.310298334997226,0.128073010918993,2025,"SEARO",2025-06-01,8697,8697,NA,15,NA,FALSE,"no_lookup_match",NA,2,"2025/2026","Observed",20367,24372,55338,60194,NA,55338,"East & Southeast Asia","Thailand",2.83617433191888,24968.375,44.8547614191159,"Normal","Average - typical case load at this point",-0.310340993999255,"Normal",33.9715129273705,"Average - typical case load at this point","Thailand"
"THA",6,7,2.14523098084328,14275.4375,2.64984360480839,39243.8125000001,14275.4375,39243.8125,0.474355647789511,0.164057312792285,2025,"SEARO",2025-07-01,10987,10987,NA,14,NA,FALSE,"no_lookup_match",NA,2,"2025/2026","Observed",31354,35359,55338,60194,NA,55338,"East & Southeast Asia","Thailand",2.64984360480839,39243.8125000001,44.3379388164121,"Normal","Average - typical case load at this point",-0.327258510727741,"Normal",33.9715129273705,"Average - typical case load at this point","Thailand"
"THA",7,8,2.15593470605881,13359.8125,2.585896906136,52603.625,13359.8125,52603.625,0.627457630489215,0.153101982699704,2025,"SEARO",2025-08-01,8610,8610,NA,13,NA,FALSE,"no_lookup_match",NA,2,"2025/2026","Observed",39964,43969,55338,60194,NA,55338,"East & Southeast Asia","Thailand",2.585896906136,52603.625,41.7053802355754,"Normal","Average - typical case load at this point",-0.386378938572088,"Normal",33.9715129273705,"Average - typical case load at this point","Thailand"
"THA",8,9,2.1949208914771,9531.00000000001,2.58667399230908,62134.625,9531,62134.625,0.737357017952903,0.109899387463688,2025,"SEARO",2025-09-01,4012,4012,NA,12,NA,FALSE,"no_lookup_match",NA,2,"2025/2026","Observed",43976,47981,55338,60194,NA,55338,"East & Southeast Asia","Thailand",2.58667399230908,62134.625,37.7686878077064,"Normal","Average - typical case load at this point",-0.470014316835719,"Normal",33.9715129273705,"Average - typical case load at this point","Thailand"
"THA",9,10,2.17533840166139,7307.8125,2.61623018493578,69442.4374999999,7307.8125,69442.4375,0.822914399708483,0.0855573817555798,2025,"SEARO",2025-10-01,3814,3814,NA,11,NA,FALSE,"no_lookup_match",NA,2,"2025/2026","Observed",47790,51795,55338,60194,NA,55338,"East & Southeast Asia","Thailand",2.61623018493578,69442.4374999999,36.1016965463245,"Normal","Average - typical case load at this point",-0.504326318106611,"Normal",33.9715129273705,"Average - typical case load at this point","Thailand"
"THA",10,11,1.78645916560573,6892.37499999999,2.62093854507768,76334.8125,6892.375,76334.8125,0.902664670736938,0.0797502710284556,2025,"SEARO",2025-11-01,3218,3218,NA,10,NA,FALSE,"no_lookup_match",NA,2,"2025/2026","Observed",51008,55013,55338,60194,NA,55338,"East & Southeast Asia","Thailand",2.62093854507768,76334.8125,34.5266583138134,"Normal","Average - typical case load at this point",-0.537129314745268,"Normal",33.9715129273705,"Average - typical case load at this point","Thailand"
"THA",11,12,1.86830735924767,4269.5625,2.64567261501576,80604.3749999999,4269.5625,80604.375,0.954253066062204,0.051588395325266,2025,"SEARO",2025-12-01,2427,2427,NA,9,NA,FALSE,"no_lookup_match",NA,2,"2025/2026","Observed",53435,57440,55338,60194,NA,55338,"East & Southeast Asia","Thailand",2.64567261501576,80604.3749999999,33.9715129273705,"Normal","Average - typical case load at this point",-0.548254186888958,"Normal",33.9715129273705,"Average - typical case load at this point","Thailand"
"THA",12,1,2.1239564508486,3499.93749999999,2.7045016369764,84104.3125000001,3499.9375,84104.3125,1,0.0457469339377959,2026,"SEARO",2026-01-01,1903,1903,NA,8,NA,FALSE,"no_lookup_match",NA,2,"2025/2026","Observed",55338,1903,55338,37899,NA,55338,"East & Southeast Asia","Thailand",2.7045016369764,84104.3125000001,33.2430976390017,"Normal","Average - typical case load at this point",-0.56247415340718,"Low",6.38739681201719,"Below average - fewer cases than typical at this point","Thailand"
"THA",1,2,2.54294957101223,2720.0625,2.54294957101223,2720.0625,2720.0625,2720.0625,0.03737012376918,0.03737012376918,2026,"SEARO",2026-02-01,1288,1288,NA,7,NA,FALSE,"no_lookup_match",NA,2,"2026/2027","Observed",1288,3191,34866,37899,NA,34866,"East & Southeast Asia","Thailand",2.54294957101223,2720.0625,20.0959616068041,"Low","Below average - fewer cases than typical at this point",-0.839168261856107,"Low",6.38739681201719,"Below average - fewer cases than typical at this point","Thailand"
"THA",2,3,2.69794191030474,2920.43749999999,2.66181780493204,5640.5,2920.4375,5640.5,0.0758439310608258,0.0384738072916457,2026,"SEARO",2026-03-01,1229,1229,NA,6,NA,FALSE,"no_lookup_match",NA,2,"2026/2027","Observed",2517,4420,34866,37899,NA,34866,"East & Southeast Asia","Thailand",2.66181780493204,5640.5,17.2694676488549,"Low","Below average - fewer cases than typical at this point",-0.903255509855801,"Low",6.38739681201719,"Below average - fewer cases than typical at this point","Thailand"
"THA",3,4,2.3968292196608,3023.75,2.70194309549726,8664.25000000001,3023.75,8664.25,0.112375986040397,0.0365320549795709,2026,"SEARO",2026-04-01,1661,1661,NA,5,NA,FALSE,"no_lookup_match",NA,2,"2026/2027","Observed",4178,6081,34866,37899,NA,34866,"East & Southeast Asia","Thailand",2.70194309549726,8664.25000000001,19.6358942789021,"Low","Below average - fewer cases than typical at this point",-0.85098692759756,"Low",6.38739681201719,"Below average - fewer cases than typical at this point","Thailand"
"THA",4,5,2.40028032607068,5658.125,2.88672216963651,14322.375,5658.125,14322.375,0.182225324078233,0.0698493380378364,2026,"SEARO",2026-05-01,1782,1782,NA,4,NA,FALSE,"no_lookup_match",NA,2,"2026/2027","Observed",5960,7863,34866,37899,NA,34866,"East & Southeast Asia","Thailand",2.88672216963651,14322.375,13.7567706179324,"Low","Below average - fewer cases than typical at this point",-0.991912423813391,"Low",6.38739681201719,"Below average - fewer cases than typical at this point","Thailand"
"THA",5,6,2.37768713306799,10646,2.83617433191888,24968.375,10646,24968.375,0.310298334997226,0.128073010918993,2026,"SEARO",2026-06-01,3992,3992,NA,3,NA,FALSE,"no_lookup_match",NA,2,"2026/2027","Observed",9952,11855,34866,37899,NA,34866,"East & Southeast Asia","Thailand",2.83617433191888,24968.375,12.8664967229536,"Low","Below average - fewer cases than typical at this point",-1.012783514442,"Low",6.38739681201719,"Below average - fewer cases than typical at this point","Thailand"
"THA",6,7,2.14523098084328,14275.4375,2.64984360480839,39243.8125000001,14275.4375,39243.8125,0.474355647789511,0.164057312792285,2026,"SEARO",2026-07-01,6004,6004,NA,2,NA,FALSE,"no_lookup_match",NA,2,"2026/2027","Observed",15956,17859,34866,37899,NA,34866,"East & Southeast Asia","Thailand",2.64984360480839,39243.8125000001,14.5406920274277,"Low","Below average - fewer cases than typical at this point",-0.965946254978407,"Low",6.38739681201719,"Below average - fewer cases than typical at this point","Thailand"
"THA",7,8,2.15593470605881,13359.8125,2.585896906136,52603.625,13359.8125,52603.625,0.627457630489215,0.153101982699704,2026,"SEARO",2026-08-01,5921,5921,NA,1,NA,FALSE,"no_lookup_match",NA,2,"2026/2027","Observed",21877,23780,34866,37899,NA,34866,"East & Southeast Asia","Thailand",2.585896906136,52603.625,15.6056322099642,"Low","Below average - fewer cases than typical at this point",-0.939277925840567,"Low",6.38739681201719,"Below average - fewer cases than typical at this point","Thailand"
"THA",8,9,2.1949208914771,9531.00000000001,2.58667399230908,62134.625,9531,62134.625,0.737357017952903,0.109899387463688,2026,"SEARO",2026-09-01,NA,0,NA,0,NA,FALSE,"no_lookup_match",NA,2,"2026/2027","Unobserved",21877,23780,34866,37899,NA,34866,"East & Southeast Asia","Thailand",2.58667399230908,62134.625,11.334522214296,"Low","Below average - fewer cases than typical at this point",-1.04202053359236,"Low",6.38739681201719,"Below average - fewer cases than typical at this point","Thailand"
"THA",9,10,2.17533840166139,7307.8125,2.61623018493578,69442.4374999999,7307.8125,69442.4375,0.822914399708483,0.0855573817555798,2026,"SEARO",2026-10-01,NA,0,NA,-1,NA,FALSE,"no_lookup_match",NA,2,"2026/2027","Unobserved",21877,23780,34866,37899,NA,34866,"East & Southeast Asia","Thailand",2.61623018493578,69442.4374999999,8.91002342746281,"Low","Below average - fewer cases than typical at this point",-1.1078892140206,"Low",6.38739681201719,"Below average - fewer cases than typical at this point","Thailand"
"THA",10,11,1.78645916560573,6892.37499999999,2.62093854507768,76334.8125,6892.375,76334.8125,0.902664670736938,0.0797502710284556,2026,"SEARO",2026-11-01,NA,0,NA,-2,NA,FALSE,"no_lookup_match",NA,2,"2026/2027","Unobserved",21877,23780,34866,37899,NA,34866,"East & Southeast Asia","Thailand",2.62093854507768,76334.8125,7.29735976509566,"Low","Below average - fewer cases than typical at this point",-1.15493757892555,"Low",6.38739681201719,"Below average - fewer cases than typical at this point","Thailand"
"THA",11,12,1.86830735924767,4269.5625,2.64567261501576,80604.3749999999,4269.5625,80604.375,0.954253066062204,0.051588395325266,2026,"SEARO",2026-12-01,NA,0,NA,-3,NA,FALSE,"no_lookup_match",NA,2,"2026/2027","Unobserved",21877,23780,34866,37899,NA,34866,"East & Southeast Asia","Thailand",2.64567261501576,80604.3749999999,6.38739681201719,"Low","Below average - fewer cases than typical at this point",-1.18506698180389,"Low",6.38739681201719,"Below average - fewer cases than typical at this point","Thailand"
"TLS",5,1,1.20099771087774,199.4,1.49866922897814,302.266666666667,199.4,302.266666666667,0.259925572052087,0.153131770628489,2025,"SEARO",2025-01-01,130,130,NA,20,NA,FALSE,"no_lookup_match",NA,9,"2024/2025","Observed",130,130,970,14139,NA,970,"East & Southeast Asia","Timor-Leste",1.49866922897814,302.266666666667,27.0905498877295,"Normal","Average - typical case load at this point",-0.695969024045045,"Unknown",95.1993879834083,"Cannot determine","Timor-Leste"
"TLS",6,2,2.21357400618481,266.8,1.92761265519414,569.066666666666,266.8,569.066666666667,0.506478294539342,0.246552722487254,2025,"SEARO",2025-02-01,189,189,NA,19,NA,FALSE,"no_lookup_match",NA,9,"2024/2025","Observed",319,319,970,14139,NA,970,"East & Southeast Asia","Timor-Leste",1.92761265519414,569.066666666666,31.632979454936,"Normal","Average - typical case load at this point",-0.609071442551921,"Unknown",95.1993879834083,"Cannot determine","Timor-Leste"
"TLS",7,3,1.95746885370705,252.866666666666,2.01723072410305,821.933333333334,252.866666666667,821.933333333333,0.726830320468757,0.220352025929415,2025,"SEARO",2025-03-01,192,192,NA,18,NA,FALSE,"no_lookup_match",NA,9,"2024/2025","Observed",511,511,970,14139,NA,970,"East & Southeast Asia","Timor-Leste",2.01723072410305,821.933333333334,35.2386205136549,"Normal","Average - typical case load at this point",-0.536631541257074,"Unknown",95.1993879834083,"Cannot determine","Timor-Leste"
"TLS",8,4,1.08513978907805,159,1.97384419917577,980.933333333332,159,980.933333333333,0.851191939384581,0.124361618915824,2025,"SEARO",2025-04-01,131,131,NA,17,NA,FALSE,"no_lookup_match",NA,9,"2024/2025","Observed",642,642,970,14139,NA,970,"East & Southeast Asia","Timor-Leste",1.97384419917577,980.933333333332,37.8963621292682,"Normal","Average - typical case load at this point",-0.484947492524084,"Unknown",95.1993879834083,"Cannot determine","Timor-Leste"
"TLS",9,5,0.472786800404994,102.2,1.86988425008355,1083.13333333333,102.2,1083.13333333333,0.918110775501317,0.0669188361167364,2025,"SEARO",2025-05-01,111,111,NA,16,NA,FALSE,"no_lookup_match",NA,9,"2024/2025","Observed",753,753,970,14139,NA,970,"East & Southeast Asia","Timor-Leste",1.86988425008355,1083.13333333333,41.4837317752464,"Normal","Average - typical case load at this point",-0.416428327800741,"Unknown",95.1993879834083,"Cannot determine","Timor-Leste"
"TLS",10,6,0.468289446250833,53.3333333333334,1.82675010427561,1136.46666666667,53.3333333333333,1136.46666666667,0.954833911223458,0.0367231357221403,2025,"SEARO",2025-06-01,74,74,NA,15,NA,FALSE,"no_lookup_match",NA,9,"2024/2025","Observed",827,827,970,14139,NA,970,"East & Southeast Asia","Timor-Leste",1.82675010427561,1136.46666666667,43.946851782148,"Normal","Average - typical case load at this point",-0.36774602266934,"Unknown",95.1993879834083,"Cannot determine","Timor-Leste"
"TLS",11,7,0.489432300642636,38.1333333333334,1.80484919090002,1174.6,38.1333333333333,1174.6,0.982210196998587,0.0273762857751292,2025,"SEARO",2025-07-01,85,85,NA,14,NA,FALSE,"no_lookup_match",NA,9,"2024/2025","Observed",912,912,970,14139,NA,970,"East & Southeast Asia","Timor-Leste",1.80484919090002,1174.6,47.2028222095394,"Normal","Average - typical case load at this point",-0.300117817846462,"Unknown",95.1993879834083,"Cannot determine","Timor-Leste"
"TLS",12,8,0.382165967665553,24.2666666666667,1.79234052667104,1198.86666666667,24.2666666666667,1198.86666666667,1,0.0177898030014132,2025,"SEARO",2025-08-01,58,58,NA,13,NA,FALSE,"no_lookup_match",NA,9,"2024/2025","Observed",970,970,970,14139,NA,970,"East & Southeast Asia","Timor-Leste",1.79234052667104,1198.86666666667,49.2895691582031,"Normal","Average - typical case load at this point",-0.255386256690801,"Unknown",95.1993879834083,"Cannot determine","Timor-Leste"
"TLS",1,9,0.484939619540353,14.0666666666667,0.484939619540353,14.0666666666667,14.0666666666667,14.0666666666667,0.014254758875722,0.014254758875722,2025,"SEARO",2025-09-01,51,51,NA,12,NA,FALSE,"no_lookup_match",NA,9,"2025/2026","Observed",51,1021,5230,14139,NA,5230,"East & Southeast Asia","Timor-Leste",0.484939619540353,14.0666666666667,94.1536798672504,"High","Above average - more cases than typical at this point",1.79767539144078,"Unknown",95.1993879834083,"Cannot determine","Timor-Leste"
"TLS",2,10,0.460767115731774,21.3333333333334,0.400670570254576,35.4,21.3333333333333,35.4,0.0367920087167107,0.0225372498409887,2025,"SEARO",2025-10-01,99,99,NA,11,NA,FALSE,"no_lookup_match",NA,9,"2025/2026","Observed",150,1120,5230,14139,NA,5230,"East & Southeast Asia","Timor-Leste",0.400670570254576,35.4,95.1993879834083,"Extremely High","Rare bad event - unusually high cases to date",2.03765722164508,"Unknown",95.1993879834083,"Cannot determine","Timor-Leste"
"TLS",3,11,NA,NA,NA,NA,19.1333333333333,54.5333333333333,0.0579281833101162,0.0211361745934054,2025,"SEARO",2025-11-01,111,111,NA,10,NA,FALSE,"no_lookup_match",NA,9,"2025/2026","Observed",261,1231,5230,14139,NA,5230,"East & Southeast Asia","Timor-Leste",NA,NA,NA,"Unknown","Cannot determine",NA,"Unknown",95.1993879834083,"Cannot determine","Timor-Leste"
"TLS",4,12,0.363892595625461,48.3333333333333,NA,NA,48.3333333333333,102.866666666667,0.106793801423598,0.048865618113482,2025,"SEARO",2025-12-01,279,279,NA,9,NA,FALSE,"no_lookup_match",NA,9,"2025/2026","Observed",540,1510,5230,14139,NA,5230,"East & Southeast Asia","Timor-Leste",NA,NA,NA,"Unknown","Cannot determine",NA,"Unknown",95.1993879834083,"Cannot determine","Timor-Leste"
"TLS",5,1,1.20099771087774,199.4,1.49866922897814,302.266666666667,199.4,302.266666666667,0.259925572052087,0.153131770628489,2026,"SEARO",2026-01-01,1281,1281,NA,8,NA,FALSE,"no_lookup_match",NA,9,"2025/2026","Observed",1821,1281,5230,4680,NA,5230,"East & Southeast Asia","Timor-Leste",1.49866922897814,302.266666666667,99.9566682269846,"Extremely High","Rare bad event - unusually high cases to date",6.13578573404418,"Unknown",16.52913630411,"Cannot determine","Timor-Leste"
"TLS",6,2,2.21357400618481,266.8,1.92761265519414,569.066666666666,266.8,569.066666666667,0.506478294539342,0.246552722487254,2026,"SEARO",2026-02-01,2105,2105,NA,7,NA,FALSE,"no_lookup_match",NA,9,"2025/2026","Observed",3926,3386,5230,4680,NA,5230,"East & Southeast Asia","Timor-Leste",1.92761265519414,569.066666666666,99.9979311080319,"Extremely High","Rare bad event - unusually high cases to date",8.17626857324968,"Unknown",16.52913630411,"Cannot determine","Timor-Leste"
"TLS",7,3,1.95746885370705,252.866666666666,2.01723072410305,821.933333333334,252.866666666667,821.933333333333,0.726830320468757,0.220352025929415,2026,"SEARO",2026-03-01,780,780,NA,6,NA,FALSE,"no_lookup_match",NA,9,"2025/2026","Observed",4706,4166,5230,4680,NA,5230,"East & Southeast Asia","Timor-Leste",2.01723072410305,821.933333333334,99.9873357458932,"Extremely High","Rare bad event - unusually high cases to date",6.70340699510684,"Unknown",16.52913630411,"Cannot determine","Timor-Leste"
"TLS",8,4,1.08513978907805,159,1.97384419917577,980.933333333332,159,980.933333333333,0.851191939384581,0.124361618915824,2026,"SEARO",2026-04-01,203,203,NA,5,NA,FALSE,"no_lookup_match",NA,9,"2025/2026","Observed",4909,4369,5230,4680,NA,5230,"East & Southeast Asia","Timor-Leste",1.97384419917577,980.933333333332,99.946678260085,"Extremely High","Rare bad event - unusually high cases to date",5.62029724764195,"Unknown",16.52913630411,"Cannot determine","Timor-Leste"
"TLS",9,5,0.472786800404994,102.2,1.86988425008355,1083.13333333333,102.2,1083.13333333333,0.918110775501317,0.0669188361167364,2026,"SEARO",2026-05-01,126,126,NA,4,NA,FALSE,"no_lookup_match",NA,9,"2025/2026","Observed",5035,4495,5230,4680,NA,5230,"East & Southeast Asia","Timor-Leste",1.86988425008355,1083.13333333333,99.8722767390624,"Extremely High","Rare bad event - unusually high cases to date",4.98486236174725,"Unknown",16.52913630411,"Cannot determine","Timor-Leste"
"TLS",10,6,0.468289446250833,53.3333333333334,1.82675010427561,1136.46666666667,53.3333333333333,1136.46666666667,0.954833911223458,0.0367231357221403,2026,"SEARO",2026-06-01,84,84,NA,3,NA,FALSE,"no_lookup_match",NA,9,"2025/2026","Observed",5119,4579,5230,4680,NA,5230,"East & Southeast Asia","Timor-Leste",1.82675010427561,1136.46666666667,99.8208369925005,"Extremely High","Rare bad event - unusually high cases to date",4.73253164632079,"Unknown",16.52913630411,"Cannot determine","Timor-Leste"
"TLS",11,7,0.489432300642636,38.1333333333334,1.80484919090002,1174.6,38.1333333333333,1174.6,0.982210196998587,0.0273762857751292,2026,"SEARO",2026-07-01,18,18,NA,2,NA,FALSE,"no_lookup_match",NA,9,"2025/2026","Observed",5137,4597,5230,4680,NA,5230,"East & Southeast Asia","Timor-Leste",1.80484919090002,1174.6,99.7670670344143,"Extremely High","Rare bad event - unusually high cases to date",4.52851043958424,"Unknown",16.52913630411,"Cannot determine","Timor-Leste"
"TLS",12,8,0.382165967665553,24.2666666666667,1.79234052667104,1198.86666666667,24.2666666666667,1198.86666666667,1,0.0177898030014132,2026,"Estimates",2026-08-01,93,0,NA,1,NA,FALSE,"no_lookup_match",NA,9,"2025/2026","Unobserved",5230,4690,5230,4680,93.0406696973908,5230,"East & Southeast Asia","Timor-Leste",1.79234052667104,1198.86666666667,99.7566612440992,"Extremely High","Rare bad event - unusually high cases to date",4.49823500825012,"Unknown",16.52913630411,"Cannot determine","Timor-Leste"
"TLS",1,9,0.484939619540353,14.0666666666667,0.484939619540353,14.0666666666667,14.0666666666667,14.0666666666667,0.014254758875722,0.014254758875722,2026,"SEARO",2026-09-01,NA,0,NA,0,NA,FALSE,"no_lookup_match",NA,9,"2026/2027","Unobserved",0,4690,NA,4680,NA,NA,"East & Southeast Asia","Timor-Leste",0.484939619540353,14.0666666666667,19.2148018515736,"Low","Below average - fewer cases than typical at this point",-0.684674201433221,"Unknown",16.52913630411,"Cannot determine","Timor-Leste"
"TLS",2,10,0.460767115731774,21.3333333333334,0.400670570254576,35.4,21.3333333333333,35.4,0.0367920087167107,0.0225372498409887,2026,"SEARO",2026-10-01,NA,0,NA,-1,NA,FALSE,"no_lookup_match",NA,9,"2026/2027","Unobserved",0,4690,NA,4680,NA,NA,"East & Southeast Asia","Timor-Leste",0.400670570254576,35.4,16.52913630411,"Low","Below average - fewer cases than typical at this point",-0.629433382602406,"Unknown",16.52913630411,"Cannot determine","Timor-Leste"
"TLS",3,11,NA,NA,NA,NA,19.1333333333333,54.5333333333333,0.0579281833101162,0.0211361745934054,2026,"SEARO",2026-11-01,NA,0,NA,-2,NA,FALSE,"no_lookup_match",NA,9,"2026/2027","Unobserved",0,4690,NA,4680,NA,NA,"East & Southeast Asia","Timor-Leste",NA,NA,NA,"Unknown","Cannot determine",NA,"Unknown",16.52913630411,"Cannot determine","Timor-Leste"
"TLS",4,12,0.363892595625461,48.3333333333333,NA,NA,48.3333333333333,102.866666666667,0.106793801423598,0.048865618113482,2026,"SEARO",2026-12-01,NA,0,NA,-3,NA,FALSE,"no_lookup_match",NA,9,"2026/2027","Unobserved",0,4690,NA,4680,NA,NA,"East & Southeast Asia","Timor-Leste",NA,NA,NA,"Unknown","Cannot determine",NA,"Unknown",16.52913630411,"Cannot determine","Timor-Leste"
"TON",9,1,NA,NA,0.623155926882242,537.500000000001,38.6666666666667,537.5,0.561855896991584,0.0595550976772477,2025,"WHO",2025-01-01,0,0,NA,20,NA,FALSE,"no_lookup_match",NA,5,"2024/2025","Observed",0,0,1285,4348,NA,1285,"Pacific Islands","Tonga",0.623155926882242,537.500000000001,1.47991451598,"Extremely Low","Rare good event - unusually low cases to date",-0.78894505609395,"High",82.0621285747334,"Above average - more cases than typical at this point","Tonga"
"TON",10,2,NA,NA,1.13125910454099,637.833333333333,100.333333333333,637.833333333333,0.684963377932375,0.123107480940791,2025,"WHO",2025-02-01,249,249,NA,19,NA,FALSE,"no_lookup_match",NA,5,"2024/2025","Observed",249,249,1285,4348,NA,1285,"Pacific Islands","Tonga",1.13125910454099,637.833333333333,29.8489485454086,"Normal","Average - typical case load at this point",-0.647817282285767,"High",82.0621285747334,"Above average - more cases than typical at this point","Tonga"
"TON",11,3,NA,NA,1.45345195539698,810.833333333333,173,810.833333333333,0.875554652482484,0.190591274550109,2025,"WHO",2025-03-01,603,603,NA,18,NA,FALSE,"no_lookup_match",NA,5,"2024/2025","Observed",852,852,1285,4348,NA,1285,"Pacific Islands","Tonga",1.45345195539698,810.833333333333,63.2813936956213,"Normal","Average - typical case load at this point",0.0611540961933077,"High",82.0621285747334,"Above average - more cases than typical at this point","Tonga"
"TON",12,4,NA,NA,1.43721986820514,938.666666666668,127.833333333333,938.666666666667,1,0.124445347517516,2025,"WHO",2025-04-01,433,433,NA,17,NA,FALSE,"no_lookup_match",NA,5,"2024/2025","Observed",1285,1285,1285,4348,NA,1285,"Pacific Islands","Tonga",1.43721986820514,938.666666666668,74.9068156902584,"Normal","Average - typical case load at this point",0.441989830519197,"High",82.0621285747334,"Above average - more cases than typical at this point","Tonga"
"TON",1,5,0.4189573672026,107.666666666666,0.4189573672026,107.666666666666,107.666666666667,107.666666666667,0.145859296851981,0.145859296851981,2025,"WHO",2025-05-01,563,563,NA,16,NA,FALSE,"no_lookup_match",NA,5,"2025/2026","Observed",563,1848,1069,4348,NA,1069,"Pacific Islands","Tonga",0.4189573672026,107.666666666666,97.2076407929383,"Extremely High","Rare bad event - unusually high cases to date",2.73205702242959,"High",82.0621285747334,"Above average - more cases than typical at this point","Tonga"
"TON",2,6,0.67062974664575,65.1666666666667,0.52032302642239,172.833333333333,65.1666666666667,172.833333333333,0.266701999495783,0.120842702643802,2025,"WHO",2025-06-01,207,207,NA,15,NA,FALSE,"no_lookup_match",NA,5,"2025/2026","Observed",770,2055,1069,4348,NA,1069,"Pacific Islands","Tonga",0.52032302642239,172.833333333333,96.6650603510671,"Extremely High","Rare bad event - unusually high cases to date",2.48858124915884,"High",82.0621285747334,"Above average - more cases than typical at this point","Tonga"
"TON",3,7,0.542393784677176,50.6666666666667,0.539997905764896,223.5,50.6666666666667,223.5,0.32394958605659,0.057247586560807,2025,"WHO",2025-07-01,109,109,NA,14,NA,FALSE,"no_lookup_match",NA,5,"2025/2026","Observed",879,2164,1069,4348,NA,1069,"Pacific Islands","Tonga",0.539997905764896,223.5,95.5761400574399,"Extremely High","Rare bad event - unusually high cases to date",2.15261910335416,"High",82.0621285747334,"Above average - more cases than typical at this point","Tonga"
"TON",4,8,0.320245226551962,27,0.537303047215149,250.5,27,250.5,0.347813944645373,0.023864358588783,2025,"WHO",2025-08-01,11,11,NA,13,NA,FALSE,"no_lookup_match",NA,5,"2025/2026","Observed",890,2175,1069,4348,NA,1069,"Pacific Islands","Tonga",0.537303047215149,250.5,94.356317135157,"High","Above average - more cases than typical at this point",1.86929224926049,"High",82.0621285747334,"Above average - more cases than typical at this point","Tonga"
"TON",5,9,0.258920916617884,108.5,0.496695490764819,359,108.5,359,0.414915382473156,0.0671014378277836,2025,"WHO",2025-09-01,1,1,1,12,1,TRUE,"applied_mean",NA,5,"2025/2026","Observed",891,2176,1069,4348,NA,1069,"Pacific Islands","Tonga",0.496695490764819,359,88.4663056791399,"High","Above average - more cases than typical at this point",1.04366727323808,"High",82.0621285747334,"Above average - more cases than typical at this point","Tonga"
"TON",6,10,0.258766981433324,111.833333333333,0.45929826009882,470.833333333333,111.833333333333,470.833333333333,0.478679585803388,0.0637642033302321,2025,"WHO",2025-10-01,7,7,7,11,1,TRUE,"applied_mean",NA,5,"2025/2026","Observed",898,2183,1069,4348,NA,1069,"Pacific Islands","Tonga",0.45929826009882,470.833333333333,83.2341123148623,"High","Above average - more cases than typical at this point",0.614562179627663,"High",82.0621285747334,"Above average - more cases than typical at this point","Tonga"
"TON",7,11,0.389670293940862,19.3333333333333,0.465646763841728,490.166666666665,19.3333333333333,490.166666666667,0.493213296465752,0.0145337106623637,2025,"WHO",2025-11-01,1,1,1,10,1,TRUE,"applied_mean",NA,5,"2025/2026","Observed",899,2184,1069,4348,NA,1069,"Pacific Islands","Tonga",0.465646763841728,490.166666666665,82.4318572822352,"High","Above average - more cases than typical at this point",0.568885194741166,"High",82.0621285747334,"Above average - more cases than typical at this point","Tonga"
"TON",8,12,0.463897572178085,8.66666666666667,0.476542111235666,498.833333333334,8.66666666666667,498.833333333333,0.502300799314336,0.00908750284858424,2025,"WHO",2025-12-01,0,0,0,9,1,TRUE,"applied_mean",NA,5,"2025/2026","Observed",899,2184,1069,4348,NA,1069,"Pacific Islands","Tonga",0.476542111235666,498.833333333334,82.0621285747334,"High","Above average - more cases than typical at this point",0.553514166874344,"High",82.0621285747334,"Above average - more cases than typical at this point","Tonga"
"TON",9,1,NA,NA,0.623155926882242,537.500000000001,38.6666666666667,537.5,0.561855896991584,0.0595550976772477,2026,"WHO",2026-01-01,0,0,0,8,1,TRUE,"applied_mean",NA,5,"2025/2026","Observed",899,0,1069,791,NA,1069,"Pacific Islands","Tonga",0.623155926882242,537.500000000001,80.382407417369,"High","Above average - more cases than typical at this point",0.530611419121789,"Normal",36.6608527619321,"Average - typical case load at this point","Tonga"
"TON",10,2,NA,NA,1.13125910454099,637.833333333333,100.333333333333,637.833333333333,0.684963377932375,0.123107480940791,2026,"WHO",2026-02-01,0,0,0,7,1,TRUE,"applied_mean",NA,5,"2025/2026","Observed",899,0,1069,791,NA,1069,"Pacific Islands","Tonga",1.13125910454099,637.833333333333,75.6848366562318,"High","Above average - more cases than typical at this point",0.435117737394684,"Normal",36.6608527619321,"Average - typical case load at this point","Tonga"
"TON",11,3,NA,NA,1.45345195539698,810.833333333333,173,810.833333333333,0.875554652482484,0.190591274550109,2026,"WHO",2026-03-01,0,0,0,6,1,TRUE,"applied_mean",NA,5,"2025/2026","Observed",899,0,1069,791,NA,1069,"Pacific Islands","Tonga",1.45345195539698,810.833333333333,65.7074721968852,"Normal","Average - typical case load at this point",0.13097375257595,"Normal",36.6608527619321,"Average - typical case load at this point","Tonga"
"TON",12,4,NA,NA,1.43721986820514,938.666666666668,127.833333333333,938.666666666667,1,0.124445347517516,2026,"WHO",2026-04-01,170,170,170,5,1,TRUE,"applied_mean",NA,5,"2025/2026","Observed",1069,170,1069,791,NA,1069,"Pacific Islands","Tonga",1.43721986820514,938.666666666668,66.9333020921686,"Normal","Average - typical case load at this point",0.166331110426376,"Normal",36.6608527619321,"Average - typical case load at this point","Tonga"
"TON",1,5,0.4189573672026,107.666666666666,0.4189573672026,107.666666666666,107.666666666667,107.666666666667,0.145859296851981,0.145859296851981,2026,"WHO",2026-05-01,73,73,73,4,1,TRUE,"applied_mean",NA,5,"2026/2027","Observed",73,243,302,791,NA,302,"Pacific Islands","Tonga",0.4189573672026,107.666666666666,61.5986492478477,"Normal","Average - typical case load at this point",-0.20800434138556,"Normal",36.6608527619321,"Average - typical case load at this point","Tonga"
"TON",2,6,0.67062974664575,65.1666666666667,0.52032302642239,172.833333333333,65.1666666666667,172.833333333333,0.266701999495783,0.120842702643802,2026,"WHO",2026-06-01,23,23,23,3,1,TRUE,"applied_mean",NA,5,"2026/2027","Observed",96,266,302,791,NA,302,"Pacific Islands","Tonga",0.52032302642239,172.833333333333,53.8734107867573,"Normal","Average - typical case load at this point",-0.320188656394704,"Normal",36.6608527619321,"Average - typical case load at this point","Tonga"
"TON",3,7,0.542393784677176,50.6666666666667,0.539997905764896,223.5,50.6666666666667,223.5,0.32394958605659,0.057247586560807,2026,"WHO",2026-07-01,8,8,8,2,1,TRUE,"applied_mean",NA,5,"2026/2027","Observed",104,274,302,791,NA,302,"Pacific Islands","Tonga",0.539997905764896,223.5,49.1759677887551,"Normal","Average - typical case load at this point",-0.392430179787679,"Normal",36.6608527619321,"Average - typical case load at this point","Tonga"
"TON",4,8,0.320245226551962,27,0.537303047215149,250.5,27,250.5,0.347813944645373,0.023864358588783,2026,"WHO",2026-08-01,1,1,NA,1,NA,FALSE,"insufficient_n_rf",NA,5,"2026/2027","Observed",105,275,302,791,NA,302,"Pacific Islands","Tonga",0.537303047215149,250.5,46.9650219501577,"Normal","Average - typical case load at this point",-0.425304178682412,"Normal",36.6608527619321,"Average - typical case load at this point","Tonga"
"TON",5,9,0.258920916617884,108.5,0.496695490764819,359,108.5,359,0.414915382473156,0.0671014378277836,2026,NA,2026-09-01,NA,NA,NA,NA,NA,NA,NA,NA,5,"2026/2027","Unobserved",105,275,302,791,NA,302,"Pacific Islands","Tonga",0.496695490764819,359,41.4081506622381,"Normal","Average - typical case load at this point",-0.498292269553522,"Normal",36.6608527619321,"Average - typical case load at this point","Tonga"
"TON",6,10,0.258766981433324,111.833333333333,0.45929826009882,470.833333333333,111.833333333333,470.833333333333,0.478679585803388,0.0637642033302321,2026,NA,2026-10-01,NA,NA,NA,NA,NA,NA,NA,NA,5,"2026/2027","Unobserved",105,275,302,791,NA,302,"Pacific Islands","Tonga",0.45929826009882,470.833333333333,38.5159170875306,"Normal","Average - typical case load at this point",-0.526322272447413,"Normal",36.6608527619321,"Average - typical case load at this point","Tonga"
"TON",7,11,0.389670293940862,19.3333333333333,0.465646763841728,490.166666666665,19.3333333333333,490.166666666667,0.493213296465752,0.0145337106623637,2026,NA,2026-11-01,NA,NA,NA,NA,NA,NA,NA,NA,5,"2026/2027","Unobserved",105,275,302,791,NA,302,"Pacific Islands","Tonga",0.465646763841728,490.166666666665,37.5188124748624,"Normal","Average - typical case load at this point",-0.535953397899236,"Normal",36.6608527619321,"Average - typical case load at this point","Tonga"
"TON",8,12,0.463897572178085,8.66666666666667,0.476542111235666,498.833333333334,8.66666666666667,498.833333333333,0.502300799314336,0.00908750284858424,2026,NA,2026-12-01,NA,NA,NA,NA,NA,NA,NA,NA,5,"2026/2027","Unobserved",105,275,302,791,NA,302,"Pacific Islands","Tonga",0.476542111235666,498.833333333334,36.6608527619321,"Normal","Average - typical case load at this point",-0.544753842700573,"Normal",36.6608527619321,"Average - typical case load at this point","Tonga"
"TTO",10,1,0.437556248494451,86.8333333333332,0.718077985294002,879.916666666666,86.8333333333333,879.916666666667,0.933641941871894,0.180281720263613,2025,"WHO",2025-01-01,0,0,NA,20,NA,FALSE,"no_lookup_match",NA,4,"2024/2025","Observed",0,0,0,97,NA,0,"Caribbean","Trinidad And Tobago",0.718077985294002,879.916666666666,0.605517855924273,"Extremely Low","Rare good event - unusually low cases to date",-0.847049265180914,"Low",19.4932739667912,"Below average - fewer cases than typical at this point","Trinidad And Tobago"
"TTO",11,2,0.402347801924365,16.5,0.728701734967936,896.416666666667,16.5,896.416666666667,0.963204035322736,0.0295620934508427,2025,"WHO",2025-02-01,0,0,NA,19,NA,FALSE,"no_lookup_match",NA,4,"2024/2025","Observed",0,0,0,97,NA,0,"Caribbean","Trinidad And Tobago",0.728701734967936,896.416666666667,0.559865290525293,"Extremely Low","Rare good event - unusually low cases to date",-0.853293531390184,"Low",19.4932739667912,"Below average - fewer cases than typical at this point","Trinidad And Tobago"
"TTO",12,3,0.419947023122783,10.75,0.751868251976651,907.166666666667,10.75,907.166666666667,1,0.0367959646772637,2025,"WHO",2025-03-01,0,0,NA,18,NA,FALSE,"no_lookup_match",NA,4,"2024/2025","Observed",0,0,0,97,NA,0,"Caribbean","Trinidad And Tobago",0.751868251976651,907.166666666667,0.481740737507233,"Extremely Low","Rare good event - unusually low cases to date",-0.86674426018202,"Low",19.4932739667912,"Below average - fewer cases than typical at this point","Trinidad And Tobago"
"TTO",1,4,0.364445647183777,8.16666666666668,0.364445647183777,8.16666666666668,8.16666666666667,8.16666666666667,0.00624891477627992,0.00624891477627992,2025,"WHO",2025-04-01,0,0,NA,17,NA,FALSE,"no_lookup_match",NA,4,"2025/2026","Observed",0,0,102,97,NA,102,"Caribbean","Trinidad And Tobago",0.364445647183777,8.16666666666668,31.6911508089153,"Normal","Average - typical case load at this point",-0.59065783446085,"Low",19.4932739667912,"Below average - fewer cases than typical at this point","Trinidad And Tobago"
"TTO",2,5,0.486588297619212,11.1666666666667,0.437965631647386,19.3333333333333,11.1666666666667,19.3333333333333,0.0214989333774732,0.0152500186011932,2025,"PAHO",2025-05-01,9,9,NA,69,NA,FALSE,"no_lookup_match","current_month_missing",4,"2025/2026","Observed",9,9,102,97,NA,102,"Caribbean","Trinidad And Tobago",0.437965631647386,19.3333333333333,54.3006842234921,"Normal","Average - typical case load at this point",-0.349775578768126,"Low",19.4932739667912,"Below average - fewer cases than typical at this point","Trinidad And Tobago"
"TTO",3,6,0.496326137269533,16.6666666666666,0.469379100250259,36,16.6666666666667,36,0.0518832878491415,0.0303843544716684,2025,"PAHO",2025-06-01,23,23,NA,64,NA,FALSE,"no_lookup_match","current_month_missing",4,"2025/2026","Observed",32,32,102,97,NA,102,"Caribbean","Trinidad And Tobago",0.469379100250259,36,66.4315981118829,"Normal","Average - typical case load at this point",-0.075632147216581,"Low",19.4932739667912,"Below average - fewer cases than typical at this point","Trinidad And Tobago"
"TTO",4,7,0.477412471941337,29.75,0.463370300513076,65.75,29.75,65.75,0.0816429706002057,0.0297596827510642,2025,"PAHO",2025-07-01,8,8,NA,60,NA,FALSE,"no_lookup_match","current_month_missing",4,"2025/2026","Observed",40,40,102,97,NA,102,"Caribbean","Trinidad And Tobago",0.463370300513076,65.75,57.9543385617249,"Normal","Average - typical case load at this point",-0.265656596844566,"Low",19.4932739667912,"Below average - fewer cases than typical at this point","Trinidad And Tobago"
"TTO",5,8,0.561090892472296,224.833333333333,0.618639686020947,290.583333333334,224.833333333333,290.583333333333,0.301273394019158,0.219630423418952,2025,"PAHO",2025-08-01,7,7,NA,56,NA,FALSE,"no_lookup_match","current_month_missing",4,"2025/2026","Observed",47,47,102,97,NA,102,"Caribbean","Trinidad And Tobago",0.618639686020947,290.583333333334,26.11959398411,"Normal","Average - typical case load at this point",-0.658618537824987,"Low",19.4932739667912,"Below average - fewer cases than typical at this point","Trinidad And Tobago"
"TTO",6,9,0.539878559398665,87.9166666666665,0.610549374744246,378.500000000001,87.9166666666667,378.5,0.377658175079294,0.0763847810601357,2025,"PAHO",2025-09-01,12,12,NA,51,1,TRUE,"applied_mean","previous_month_missing",4,"2025/2026","Observed",59,59,102,97,NA,102,"Caribbean","Trinidad And Tobago",0.610549374744246,378.500000000001,25.8417450182756,"Normal","Average - typical case load at this point",-0.659045473021083,"Low",19.4932739667912,"Below average - fewer cases than typical at this point","Trinidad And Tobago"
"TTO",7,10,0.605363127266183,162.916666666667,0.611092717460385,541.416666666667,162.916666666667,541.416666666667,0.535233326776029,0.157575151696735,2025,"PAHO",2025-10-01,14,14,14,47,1,TRUE,"applied_mean","not_missing",4,"2025/2026","Observed",73,73,102,97,NA,102,"Caribbean","Trinidad And Tobago",0.611092717460385,541.416666666667,23.7118671314484,"Low","Below average - fewer cases than typical at this point",-0.675941822650754,"Low",19.4932739667912,"Below average - fewer cases than typical at this point","Trinidad And Tobago"
"TTO",8,11,0.442971590381138,193.333333333333,0.60104481433551,734.749999999999,193.333333333333,734.75,0.704462894778558,0.169229568002529,2025,"WHO",2025-11-01,0,0,0,10,1,TRUE,"applied_mean",NA,4,"2025/2026","Observed",73,73,102,97,NA,102,"Caribbean","Trinidad And Tobago",0.60104481433551,734.749999999999,20.2390323307391,"Low","Below average - fewer cases than typical at this point",-0.697959500152626,"Low",19.4932739667912,"Below average - fewer cases than typical at this point","Trinidad And Tobago"
"TTO",9,12,0.359462992175138,58.3333333333333,0.597793124789044,793.083333333333,58.3333333333333,793.083333333333,0.75336022160828,0.0488973268297226,2025,"WHO",2025-12-01,0,0,0,9,1,TRUE,"applied_mean",NA,4,"2025/2026","Observed",73,73,102,97,NA,102,"Caribbean","Trinidad And Tobago",0.597793124789044,793.083333333333,19.4932739667912,"Low","Below average - fewer cases than typical at this point",-0.701739267034753,"Low",19.4932739667912,"Below average - fewer cases than typical at this point","Trinidad And Tobago"
"TTO",10,1,0.437556248494451,86.8333333333332,0.718077985294002,879.916666666666,86.8333333333333,879.916666666667,0.933641941871894,0.180281720263613,2026,"PAHO",2026-01-01,2,2,2,34,1,TRUE,"applied_mean","previous_month_missing",4,"2025/2026","Observed",75,2,102,339,NA,102,"Caribbean","Trinidad And Tobago",0.718077985294002,879.916666666666,14.4878637907114,"Low","Below average - fewer cases than typical at this point",-0.774850729461355,"Low",19.4932739667912,"Below average - fewer cases than typical at this point","Trinidad And Tobago"
"TTO",11,2,0.402347801924365,16.5,0.728701734967936,896.416666666667,16.5,896.416666666667,0.963204035322736,0.0295620934508427,2026,"WHO",2026-02-01,0,0,0,7,1,TRUE,"applied_mean",NA,4,"2025/2026","Observed",75,2,102,339,NA,102,"Caribbean","Trinidad And Tobago",0.728701734967936,896.416666666667,13.9912507983964,"Low","Below average - fewer cases than typical at this point",-0.781901491021014,"Low",19.4932739667912,"Below average - fewer cases than typical at this point","Trinidad And Tobago"
"TTO",12,3,0.419947023122783,10.75,0.751868251976651,907.166666666667,10.75,907.166666666667,1,0.0367959646772637,2026,"PAHO",2026-03-01,27,27,27,25,1,TRUE,"applied_mean","not_missing",4,"2025/2026","Observed",102,29,102,339,NA,102,"Caribbean","Trinidad And Tobago",0.751868251976651,907.166666666667,16.4684137976006,"Low","Below average - fewer cases than typical at this point",-0.76928927446984,"Low",19.4932739667912,"Below average - fewer cases than typical at this point","Trinidad And Tobago"
"TTO",1,4,0.364445647183777,8.16666666666668,0.364445647183777,8.16666666666668,8.16666666666667,8.16666666666667,0.00624891477627992,0.00624891477627992,2026,"PAHO",2026-04-01,14,14,14,21,1,TRUE,"applied_mean","not_missing",4,"2026/2027","Observed",14,43,242,339,NA,242,"Caribbean","Trinidad And Tobago",0.364445647183777,8.16666666666668,81.8353223422268,"High","Above average - more cases than typical at this point",0.42189845318632,"Low",19.4932739667912,"Below average - fewer cases than typical at this point","Trinidad And Tobago"
"TTO",2,5,0.486588297619212,11.1666666666667,0.437965631647386,19.3333333333333,11.1666666666667,19.3333333333333,0.0214989333774732,0.0152500186011932,2026,"WHO",2026-05-01,0,0,0,4,1,TRUE,"applied_mean",NA,4,"2026/2027","Observed",14,43,242,339,NA,242,"Caribbean","Trinidad And Tobago",0.437965631647386,19.3333333333333,63.0983308669375,"Normal","Average - typical case load at this point",-0.180529330977097,"Low",19.4932739667912,"Below average - fewer cases than typical at this point","Trinidad And Tobago"
"TTO",3,6,0.496326137269533,16.6666666666666,0.469379100250259,36,16.6666666666667,36,0.0518832878491415,0.0303843544716684,2026,"PAHO",2026-06-01,11,11,NA,12,1,TRUE,"applied_mean","previous_month_missing",4,"2026/2027","Observed",25,54,242,339,NA,242,"Caribbean","Trinidad And Tobago",0.469379100250259,36,60.9051763550169,"Normal","Average - typical case load at this point",-0.207988404845597,"Low",19.4932739667912,"Below average - fewer cases than typical at this point","Trinidad And Tobago"
"TTO",4,7,0.477412471941337,29.75,0.463370300513076,65.75,29.75,65.75,0.0816429706002057,0.0297596827510642,2026,"PAHO",2026-07-01,20,20,20,8,1,TRUE,"applied_mean","not_missing",4,"2026/2027","Observed",45,74,242,339,NA,242,"Caribbean","Trinidad And Tobago",0.463370300513076,65.75,60.5271340554286,"Normal","Average - typical case load at this point",-0.214072791632029,"Low",19.4932739667912,"Below average - fewer cases than typical at this point","Trinidad And Tobago"
"TTO",5,8,0.561090892472296,224.833333333333,0.618639686020947,290.583333333334,224.833333333333,290.583333333333,0.301273394019158,0.219630423418952,2026,"PAHO",2026-08-01,28,28,28,7,1,TRUE,"applied_mean","not_missing",4,"2026/2027","Observed",73,102,242,339,NA,242,"Caribbean","Trinidad And Tobago",0.618639686020947,290.583333333334,33.4764020270237,"Normal","Average - typical case load at this point",-0.588317824926802,"Low",19.4932739667912,"Below average - fewer cases than typical at this point","Trinidad And Tobago"
"TTO",6,9,0.539878559398665,87.9166666666665,0.610549374744246,378.500000000001,87.9166666666667,378.5,0.377658175079294,0.0763847810601357,2026,NA,2026-09-01,NA,NA,NA,NA,NA,NA,NA,NA,4,"2026/2027","Unobserved",73,102,242,339,NA,242,"Caribbean","Trinidad And Tobago",0.610549374744246,378.500000000001,29.1388879936877,"Normal","Average - typical case load at this point",-0.630167111135965,"Low",19.4932739667912,"Below average - fewer cases than typical at this point","Trinidad And Tobago"
"TTO",7,10,0.605363127266183,162.916666666667,0.611092717460385,541.416666666667,162.916666666667,541.416666666667,0.535233326776029,0.157575151696735,2026,NA,2026-10-01,NA,NA,NA,NA,NA,NA,NA,NA,4,"2026/2027","Unobserved",73,102,242,339,NA,242,"Caribbean","Trinidad And Tobago",0.611092717460385,541.416666666667,23.7118671314484,"Low","Below average - fewer cases than typical at this point",-0.675941822650754,"Low",19.4932739667912,"Below average - fewer cases than typical at this point","Trinidad And Tobago"
"TTO",8,11,0.442971590381138,193.333333333333,0.60104481433551,734.749999999999,193.333333333333,734.75,0.704462894778558,0.169229568002529,2026,NA,2026-11-01,NA,NA,NA,NA,NA,NA,NA,NA,4,"2026/2027","Unobserved",73,102,242,339,NA,242,"Caribbean","Trinidad And Tobago",0.60104481433551,734.749999999999,20.2390323307391,"Low","Below average - fewer cases than typical at this point",-0.697959500152626,"Low",19.4932739667912,"Below average - fewer cases than typical at this point","Trinidad And Tobago"
"TTO",9,12,0.359462992175138,58.3333333333333,0.597793124789044,793.083333333333,58.3333333333333,793.083333333333,0.75336022160828,0.0488973268297226,2026,NA,2026-12-01,NA,NA,NA,NA,NA,NA,NA,NA,4,"2026/2027","Unobserved",73,102,242,339,NA,242,"Caribbean","Trinidad And Tobago",0.597793124789044,793.083333333333,19.4932739667912,"Low","Below average - fewer cases than typical at this point",-0.701739267034753,"Low",19.4932739667912,"Below average - fewer cases than typical at this point","Trinidad And Tobago"
"TUV",10,1,0.971605112211704,14.8333333333333,1.22495663276628,185.833333333333,14.8333333333333,185.833333333333,0.934544668956905,0.136887404615952,2025,"WHO",2025-01-01,0,0,NA,20,NA,FALSE,"no_lookup_match",NA,4,"2024/2025","Observed",0,0,0,38,NA,0,"Pacific Islands","Tuvalu",1.22495663276628,185.833333333333,0.211286041315374,"Extremely Low","Rare good event - unusually low cases to date",-1.10314775472624,"Low",17.974911170512,"Below average - fewer cases than typical at this point","Tuvalu"
"TUV",11,2,0.400803109566886,5.16666666666667,1.27319847907975,191,5.16666666666667,191,0.970807667079504,0.0362629981225988,2025,"WHO",2025-02-01,0,0,NA,19,NA,FALSE,"no_lookup_match",NA,4,"2024/2025","Observed",0,0,0,38,NA,0,"Pacific Islands","Tuvalu",1.27319847907975,191,0.168140250155636,"Extremely Low","Rare good event - unusually low cases to date",-1.12461886349971,"Low",17.974911170512,"Below average - fewer cases than typical at this point","Tuvalu"
"TUV",12,3,0.456128155350951,4,1.30184162956024,195,4,195,1,0.0291923329204959,2025,"WHO",2025-03-01,0,0,NA,18,NA,FALSE,"no_lookup_match",NA,4,"2024/2025","Observed",0,0,0,38,NA,0,"Pacific Islands","Tuvalu",1.30184162956024,195,0.14591910987448,"Extremely Low","Rare good event - unusually low cases to date",-1.13719304839278,"Low",17.974911170512,"Below average - fewer cases than typical at this point","Tuvalu"
"TUV",1,4,0.497518301370323,3.16666666666667,0.497518301370323,3.16666666666667,3.16666666666667,3.16666666666667,0.0160362146424406,0.0160362146424406,2025,"WHO",2025-04-01,0,0,NA,17,NA,FALSE,"no_lookup_match",NA,4,"2025/2026","Observed",0,0,42,38,NA,42,"Pacific Islands","Tuvalu",0.497518301370323,3.16666666666667,37.0312086091604,"Normal","Average - typical case load at this point",-0.655717857871021,"Low",17.974911170512,"Below average - fewer cases than typical at this point","Tuvalu"
"TUV",2,5,0.481713762535211,4.16666666666667,0.397277044585401,7.33333333333333,4.16666666666667,7.33333333333333,0.0357657678604472,0.0197295532180066,2025,"WHO",2025-05-01,0,0,NA,16,NA,FALSE,"no_lookup_match",NA,4,"2025/2026","Observed",0,0,42,38,NA,42,"Pacific Islands","Tuvalu",0.397277044585401,7.33333333333333,30.7512016770684,"Normal","Average - typical case load at this point",-0.613889995880719,"Low",17.974911170512,"Below average - fewer cases than typical at this point","Tuvalu"
"TUV",3,6,0.993830376326929,3.5,0.539256176321233,10.8333333333333,3.5,10.8333333333333,0.0551059669443708,0.0193401990839236,2025,"WHO",2025-06-01,0,0,NA,15,NA,FALSE,"no_lookup_match",NA,4,"2025/2026","Observed",0,0,42,38,NA,42,"Pacific Islands","Tuvalu",0.539256176321233,10.8333333333333,19.3192464651521,"Low","Below average - fewer cases than typical at this point",-0.716719029086184,"Low",17.974911170512,"Below average - fewer cases than typical at this point","Tuvalu"
"TUV",4,7,0.567718239344569,33,0.524435718657184,43.8333333333333,33,43.8333333333333,0.214697286344149,0.159591319399779,2025,"WHO",2025-07-01,0,0,NA,14,NA,FALSE,"no_lookup_match",NA,4,"2025/2026","Observed",0,0,42,38,NA,42,"Pacific Islands","Tuvalu",0.524435718657184,43.8333333333333,9.75588954885393,"Low","Below average - fewer cases than typical at this point",-0.719885677228026,"Low",17.974911170512,"Below average - fewer cases than typical at this point","Tuvalu"
"TUV",5,8,0.485298549531887,64.3333333333334,0.46205205555702,108.166666666667,64.3333333333333,108.166666666667,0.485582199682387,0.270884913338238,2025,"WHO",2025-08-01,0,0,NA,13,NA,FALSE,"no_lookup_match",NA,4,"2025/2026","Observed",0,0,42,38,NA,42,"Pacific Islands","Tuvalu",0.46205205555702,108.166666666667,8.02337942387656,"Low","Below average - fewer cases than typical at this point",-0.678296924648343,"Low",17.974911170512,"Below average - fewer cases than typical at this point","Tuvalu"
"TUV",6,9,0.925932639844,29.5,1.00598211598342,137.666666666667,29.5,137.666666666667,0.674644568797443,0.189062369115056,2025,"WHO",2025-09-01,26,26,26,12,1,TRUE,"applied_mean",NA,4,"2025/2026","Observed",26,26,42,38,NA,42,"Pacific Islands","Tuvalu",1.00598211598342,137.666666666667,17.6254622498777,"Low","Below average - fewer cases than typical at this point",-0.81060425357053,"Low",17.974911170512,"Below average - fewer cases than typical at this point","Tuvalu"
"TUV",7,10,0.721188457470675,12.8333333333333,0.982781659824989,150.5,12.8333333333333,150.5,0.727770735432827,0.0531261666353841,2025,"WHO",2025-10-01,3,3,NA,11,NA,FALSE,"insufficient_n_rf",NA,4,"2025/2026","Observed",29,29,42,38,NA,42,"Pacific Islands","Tuvalu",0.982781659824989,150.5,18.3870328452677,"Low","Below average - fewer cases than typical at this point",-0.797728143259235,"Low",17.974911170512,"Below average - fewer cases than typical at this point","Tuvalu"
"TUV",8,11,0.614286255792114,10.6666666666667,0.955185541141148,161.166666666667,10.6666666666667,161.166666666667,0.765673296947871,0.0379025615150435,2025,"WHO",2025-11-01,1,1,NA,10,NA,FALSE,"insufficient_n_rf",NA,4,"2025/2026","Observed",30,30,42,38,NA,42,"Pacific Islands","Tuvalu",0.955185541141148,161.166666666667,18.4223942182954,"Low","Below average - fewer cases than typical at this point",-0.793065324788711,"Low",17.974911170512,"Below average - fewer cases than typical at this point","Tuvalu"
"TUV",9,12,0.503571111351241,9.83333333333333,0.934111748319484,171,9.83333333333333,171,0.797657264340953,0.031983967393082,2025,"WHO",2025-12-01,0,0,NA,9,NA,FALSE,"insufficient_n_rf",NA,4,"2025/2026","Observed",30,30,42,38,NA,42,"Pacific Islands","Tuvalu",0.934111748319484,171,17.974911170512,"Low","Below average - fewer cases than typical at this point",-0.79476631138408,"Low",17.974911170512,"Below average - fewer cases than typical at this point","Tuvalu"
"TUV",10,1,0.971605112211704,14.8333333333333,1.22495663276628,185.833333333333,14.8333333333333,185.833333333333,0.934544668956905,0.136887404615952,2026,"WHO",2026-01-01,12,12,NA,8,NA,FALSE,"insufficient_n_rf",NA,4,"2025/2026","Observed",42,12,42,75,NA,42,"Pacific Islands","Tuvalu",1.22495663276628,185.833333333333,16.3857011986803,"Low","Below average - fewer cases than typical at this point",-0.853826468456271,"Low",10.0625202841134,"Below average - fewer cases than typical at this point","Tuvalu"
"TUV",11,2,0.400803109566886,5.16666666666667,1.27319847907975,191,5.16666666666667,191,0.970807667079504,0.0362629981225988,2026,"WHO",2026-02-01,0,0,NA,7,NA,FALSE,"insufficient_n_rf",NA,4,"2025/2026","Observed",42,12,42,75,NA,42,"Pacific Islands","Tuvalu",1.27319847907975,191,15.1549941313337,"Low","Below average - fewer cases than typical at this point",-0.877320474667317,"Low",10.0625202841134,"Below average - fewer cases than typical at this point","Tuvalu"
"TUV",12,3,0.456128155350951,4,1.30184162956024,195,4,195,1,0.0291923329204959,2026,"WHO",2026-03-01,0,0,NA,6,NA,FALSE,"insufficient_n_rf",NA,4,"2025/2026","Observed",42,12,42,75,NA,42,"Pacific Islands","Tuvalu",1.30184162956024,195,14.3831195228264,"Low","Below average - fewer cases than typical at this point",-0.892259161046639,"Low",10.0625202841134,"Below average - fewer cases than typical at this point","Tuvalu"
"TUV",1,4,0.497518301370323,3.16666666666667,0.497518301370323,3.16666666666667,3.16666666666667,3.16666666666667,0.0160362146424406,0.0160362146424406,2026,"WHO",2026-04-01,2,2,NA,5,NA,FALSE,"insufficient_n_rf",NA,4,"2026/2027","Observed",2,14,19,75,NA,31,"Pacific Islands","Tuvalu",0.497518301370323,3.16666666666667,63.2564919642525,"Normal","Average - typical case load at this point",-0.241580263426166,"Low",10.0625202841134,"Below average - fewer cases than typical at this point","Tuvalu"
"TUV",2,5,0.481713762535211,4.16666666666667,0.397277044585401,7.33333333333333,4.16666666666667,7.33333333333333,0.0357657678604472,0.0197295532180066,2026,"WHO",2026-05-01,2,2,NA,4,NA,FALSE,"insufficient_n_rf",NA,4,"2026/2027","Observed",4,16,19,75,NA,31,"Pacific Islands","Tuvalu",0.397277044585401,7.33333333333333,60.5330438592114,"Normal","Average - typical case load at this point",-0.279040907218509,"Low",10.0625202841134,"Below average - fewer cases than typical at this point","Tuvalu"
"TUV",3,6,0.993830376326929,3.5,0.539256176321233,10.8333333333333,3.5,10.8333333333333,0.0551059669443708,0.0193401990839236,2026,"WHO",2026-06-01,0,0,NA,3,NA,FALSE,"insufficient_n_rf",NA,4,"2026/2027","Observed",4,16,19,75,NA,31,"Pacific Islands","Tuvalu",0.539256176321233,10.8333333333333,47.3295728101186,"Normal","Average - typical case load at this point",-0.452084310654362,"Low",10.0625202841134,"Below average - fewer cases than typical at this point","Tuvalu"
"TUV",4,7,0.567718239344569,33,0.524435718657184,43.8333333333333,33,43.8333333333333,0.214697286344149,0.159591319399779,2026,"WHO",2026-07-01,0,0,NA,2,NA,FALSE,"no_lookup_match",NA,4,"2026/2027","Observed",4,16,19,75,NA,31,"Pacific Islands","Tuvalu",0.524435718657184,43.8333333333333,24.5434628711633,"Low","Below average - fewer cases than typical at this point",-0.654192687671096,"Low",10.0625202841134,"Below average - fewer cases than typical at this point","Tuvalu"
"TUV",5,8,0.485298549531887,64.3333333333334,0.46205205555702,108.166666666667,64.3333333333333,108.166666666667,0.485582199682387,0.270884913338238,2026,"Estimates",2026-08-01,11,NA,NA,NA,NA,NA,NA,NA,4,"2026/2027","Unobserved",15,27,19,75,11.377166360206,31,"Pacific Islands","Tuvalu",0.46205205555702,108.166666666667,31.7262169533491,"Normal","Average - typical case load at this point",-0.584234177008357,"Low",10.0625202841134,"Below average - fewer cases than typical at this point","Tuvalu"
"TUV",6,9,0.925932639844,29.5,1.00598211598342,137.666666666667,29.5,137.666666666667,0.674644568797443,0.189062369115056,2026,NA,2026-09-01,NA,NA,NA,NA,NA,NA,NA,NA,4,"2026/2027","Unobserved",15,27,19,75,NA,31,"Pacific Islands","Tuvalu",1.00598211598342,137.666666666667,10.828299342774,"Low","Below average - fewer cases than typical at this point",-0.890454821832702,"Low",10.0625202841134,"Below average - fewer cases than typical at this point","Tuvalu"
"TUV",7,10,0.721188457470675,12.8333333333333,0.982781659824989,150.5,12.8333333333333,150.5,0.727770735432827,0.0531261666353841,2026,NA,2026-10-01,NA,NA,NA,NA,NA,NA,NA,NA,4,"2026/2027","Unobserved",15,27,19,75,NA,31,"Pacific Islands","Tuvalu",0.982781659824989,150.5,10.3567881088623,"Low","Below average - fewer cases than typical at this point",-0.889647435486637,"Low",10.0625202841134,"Below average - fewer cases than typical at this point","Tuvalu"
"TUV",8,11,0.614286255792114,10.6666666666667,0.955185541141148,161.166666666667,10.6666666666667,161.166666666667,0.765673296947871,0.0379025615150435,2026,NA,2026-11-01,NA,NA,NA,NA,NA,NA,NA,NA,4,"2026/2027","Unobserved",15,27,19,75,NA,31,"Pacific Islands","Tuvalu",0.955185541141148,161.166666666667,10.2106925483553,"Low","Below average - fewer cases than typical at this point",-0.883758945158449,"Low",10.0625202841134,"Below average - fewer cases than typical at this point","Tuvalu"
"TUV",9,12,0.503571111351241,9.83333333333333,0.934111748319484,171,9.83333333333333,171,0.797657264340953,0.031983967393082,2026,NA,2026-12-01,NA,NA,NA,NA,NA,NA,NA,NA,4,"2026/2027","Unobserved",15,27,19,75,NA,31,"Pacific Islands","Tuvalu",0.934111748319484,171,10.0625202841134,"Low","Below average - fewer cases than typical at this point",-0.879315918978132,"Low",10.0625202841134,"Below average - fewer cases than typical at this point","Tuvalu"
"TZA",8,1,NA,NA,0.734773450181455,543.666666666667,411,543.666666666667,0.466999226405787,0.19128179487727,2025,"WHO",2025-01-01,1,1,NA,20,NA,FALSE,"no_lookup_match",NA,6,"2024/2025","Observed",1,1,17,591,NA,17,"Sub-Saharan Africa","United Republic Of Tanzania",0.734773450181455,543.666666666667,1.3501023638145,"Extremely Low","Rare good event - unusually low cases to date",-0.855034990520666,"Normal",65.4764895898562,"Average - typical case load at this point","United Republic Of Tanzania"
"TZA",9,2,0.455660515874155,330.666666666666,0.640371962189264,874.333333333334,330.666666666667,874.333333333333,0.638863322929321,0.171864096523534,2025,"WHO",2025-02-01,3,3,NA,19,NA,FALSE,"no_lookup_match",NA,6,"2024/2025","Observed",4,4,17,591,NA,17,"Sub-Saharan Africa","United Republic Of Tanzania",0.640371962189264,874.333333333334,2.99000594950191,"Extremely Low","Rare good event - unusually low cases to date",-0.796279898835465,"Normal",65.4764895898562,"Average - typical case load at this point","United Republic Of Tanzania"
"TZA",10,3,NA,NA,0.584946741067439,1162.33333333333,288,1162.33333333333,0.766864148534469,0.128000825605147,2025,"WHO",2025-03-01,0,0,NA,18,NA,FALSE,"no_lookup_match",NA,6,"2024/2025","Observed",4,4,17,591,NA,17,"Sub-Saharan Africa","United Republic Of Tanzania",0.584946741067439,1162.33333333333,3.29869389956062,"Extremely Low","Rare good event - unusually low cases to date",-0.761994386701223,"Normal",65.4764895898562,"Average - typical case load at this point","United Republic Of Tanzania"
"TZA",11,4,0.536225394172753,161.333333333333,0.579034667949152,1323.66666666667,161.333333333333,1323.66666666667,0.863141940394739,0.0962777918602705,2025,"WHO",2025-04-01,3,3,NA,17,NA,FALSE,"no_lookup_match",NA,6,"2024/2025","Observed",7,7,17,591,NA,17,"Sub-Saharan Africa","United Republic Of Tanzania",0.579034667949152,1323.66666666667,4.1751840322155,"Extremely Low","Rare good event - unusually low cases to date",-0.756753646107338,"Normal",65.4764895898562,"Average - typical case load at this point","United Republic Of Tanzania"
"TZA",12,5,0.862178982899407,122.666666666667,0.610456706118011,1446.33333333333,122.666666666667,1446.33333333333,1,0.136858059605261,2025,"WHO",2025-05-01,10,10,NA,16,NA,FALSE,"no_lookup_match",NA,6,"2024/2025","Observed",17,17,17,591,NA,17,"Sub-Saharan Africa","United Republic Of Tanzania",0.610456706118011,1446.33333333333,5.62840110677593,"Low","Below average - fewer cases than typical at this point",-0.771970898286099,"Normal",65.4764895898562,"Average - typical case load at this point","United Republic Of Tanzania"
"TZA",1,6,NA,NA,NA,NA,7,7,0.00474704710201461,0.00474704710201461,2025,"WHO",2025-06-01,62,62,NA,15,NA,FALSE,"no_lookup_match",NA,6,"2025/2026","Observed",62,79,213,591,NA,213,"Sub-Saharan Africa","United Republic Of Tanzania",NA,NA,NA,"Unknown","Cannot determine",NA,"Normal",65.4764895898562,"Average - typical case load at this point","United Republic Of Tanzania"
"TZA",2,7,NA,NA,NA,NA,8,15,0.0101722437900313,0.0054251966880167,2025,"WHO",2025-07-01,76,76,NA,14,NA,FALSE,"no_lookup_match",NA,6,"2025/2026","Observed",138,155,213,591,NA,213,"Sub-Saharan Africa","United Republic Of Tanzania",NA,NA,NA,"Unknown","Cannot determine",NA,"Normal",65.4764895898562,"Average - typical case load at this point","United Republic Of Tanzania"
"TZA",3,8,NA,NA,NA,NA,11.3333333333333,26.3333333333333,0.0177382835333199,0.00756603974328863,2025,"WHO",2025-08-01,2,2,NA,13,NA,FALSE,"no_lookup_match",NA,6,"2025/2026","Observed",140,157,213,591,NA,213,"Sub-Saharan Africa","United Republic Of Tanzania",NA,NA,NA,"Unknown","Cannot determine",NA,"Normal",65.4764895898562,"Average - typical case load at this point","United Republic Of Tanzania"
"TZA",4,9,2.30351195217984,22.3333333333333,1.20350454457884,48.6666666666667,22.3333333333333,48.6666666666667,0.0814076695506274,0.0636693860173074,2025,"WHO",2025-09-01,2,2,NA,12,NA,FALSE,"insufficient_n_rf",NA,6,"2025/2026","Observed",142,159,213,591,NA,213,"Sub-Saharan Africa","United Republic Of Tanzania",1.20350454457884,48.6666666666667,95.5260164662628,"Extremely High","Rare bad event - unusually high cases to date",2.0783774118217,"Normal",65.4764895898562,"Average - typical case load at this point","United Republic Of Tanzania"
"TZA",5,10,NA,NA,1.01976260858249,65.6666666666666,17,65.6666666666667,0.0927567291655603,0.0113490596149329,2025,"WHO",2025-10-01,0,0,NA,11,NA,FALSE,"insufficient_n_rf",NA,6,"2025/2026","Observed",142,159,213,591,NA,213,"Sub-Saharan Africa","United Republic Of Tanzania",1.01976260858249,65.6666666666666,88.5872977268318,"High","Above average - more cases than typical at this point",1.1648568338582,"Normal",65.4764895898562,"Average - typical case load at this point","United Republic Of Tanzania"
"TZA",6,11,2.97819174227466,47.3333333333333,1.64490941365243,113,47.3333333333333,113,0.262440317452844,0.169683588287284,2025,"WHO",2025-11-01,0,0,NA,10,NA,FALSE,"no_lookup_match",NA,6,"2025/2026","Observed",142,159,213,591,NA,213,"Sub-Saharan Africa","United Republic Of Tanzania",1.64490941365243,113,71.4004590757614,"Normal","Average - typical case load at this point",0.326777677225945,"Normal",65.4764895898562,"Average - typical case load at this point","United Republic Of Tanzania"
"TZA",7,12,NA,NA,1.45588819145336,132.666666666667,19.6666666666667,132.666666666667,0.275717431528517,0.0132771140756735,2025,"WHO",2025-12-01,4,4,NA,9,NA,FALSE,"no_lookup_match",NA,6,"2025/2026","Observed",146,163,213,591,NA,213,"Sub-Saharan Africa","United Republic Of Tanzania",1.45588819145336,132.666666666667,65.4764895898562,"Normal","Average - typical case load at this point",0.120606560120861,"Normal",65.4764895898562,"Average - typical case load at this point","United Republic Of Tanzania"
"TZA",8,1,NA,NA,0.734773450181455,543.666666666667,411,543.666666666667,0.466999226405787,0.19128179487727,2026,"WHO",2026-01-01,6,6,6,8,1,TRUE,"applied_mean",NA,6,"2025/2026","Observed",152,6,213,12233,NA,213,"Sub-Saharan Africa","United Republic Of Tanzania",0.734773450181455,543.666666666667,31.4528749873052,"Normal","Average - typical case load at this point",-0.617116777556378,"High",78.8843766484955,"Above average - more cases than typical at this point","United Republic Of Tanzania"
"TZA",9,2,0.455660515874155,330.666666666666,0.640371962189264,874.333333333334,330.666666666667,874.333333333333,0.638863322929321,0.171864096523534,2026,"WHO",2026-02-01,2,2,NA,7,NA,FALSE,"insufficient_n_rf",NA,6,"2025/2026","Observed",154,8,213,12233,NA,213,"Sub-Saharan Africa","United Republic Of Tanzania",0.640371962189264,874.333333333334,26.4180045311583,"Normal","Average - typical case load at this point",-0.659042842352907,"High",78.8843766484955,"Above average - more cases than typical at this point","United Republic Of Tanzania"
"TZA",10,3,NA,NA,0.584946741067439,1162.33333333333,288,1162.33333333333,0.766864148534469,0.128000825605147,2026,"WHO",2026-03-01,9,9,9,6,1,TRUE,"applied_mean",NA,6,"2025/2026","Observed",163,17,213,12233,NA,213,"Sub-Saharan Africa","United Republic Of Tanzania",0.584946741067439,1162.33333333333,25.264107121377,"Normal","Average - typical case load at this point",-0.657398322684969,"High",78.8843766484955,"Above average - more cases than typical at this point","United Republic Of Tanzania"
"TZA",11,4,0.536225394172753,161.333333333333,0.579034667949152,1323.66666666667,161.333333333333,1323.66666666667,0.863141940394739,0.0962777918602705,2026,"Estimates",2026-04-01,21,NA,NA,NA,NA,NA,NA,NA,6,"2025/2026","Unobserved",184,38,213,12233,20.5071696662376,213,"Sub-Saharan Africa","United Republic Of Tanzania",0.579034667949152,1323.66666666667,25.3880461531384,"Normal","Average - typical case load at this point",-0.655022966086326,"High",78.8843766484955,"Above average - more cases than typical at this point","United Republic Of Tanzania"
"TZA",12,5,0.862178982899407,122.666666666667,0.610456706118011,1446.33333333333,122.666666666667,1446.33333333333,1,0.136858059605261,2026,"Estimates",2026-05-01,29,NA,NA,NA,NA,NA,NA,NA,6,"2025/2026","Unobserved",213,67,213,12233,29.1507666959205,213,"Sub-Saharan Africa","United Republic Of Tanzania",0.610456706118011,1446.33333333333,24.8814335816212,"Low","Below average - fewer cases than typical at this point",-0.666112948614404,"High",78.8843766484955,"Above average - more cases than typical at this point","United Republic Of Tanzania"
"TZA",1,6,NA,NA,NA,NA,7,7,0.00474704710201461,0.00474704710201461,2026,"WHO",2026-06-01,128,128,128,3,1,TRUE,"applied_mean",NA,6,"2026/2027","Observed",128,195,11275,12233,NA,11275,"Sub-Saharan Africa","United Republic Of Tanzania",NA,NA,NA,"Unknown","Cannot determine",NA,"High",78.8843766484955,"Above average - more cases than typical at this point","United Republic Of Tanzania"
"TZA",2,7,NA,NA,NA,NA,8,15,0.0101722437900313,0.0054251966880167,2026,"WHO",2026-07-01,62,62,62,2,1,TRUE,"applied_mean",NA,6,"2026/2027","Observed",190,257,11275,12233,NA,11275,"Sub-Saharan Africa","United Republic Of Tanzania",NA,NA,NA,"Unknown","Cannot determine",NA,"High",78.8843766484955,"Above average - more cases than typical at this point","United Republic Of Tanzania"
"TZA",3,8,NA,NA,NA,NA,11.3333333333333,26.3333333333333,0.0177382835333199,0.00756603974328863,2026,"WHO",2026-08-01,10,10,NA,1,NA,FALSE,"insufficient_n_rf",NA,6,"2026/2027","Observed",200,267,11275,12233,NA,11275,"Sub-Saharan Africa","United Republic Of Tanzania",NA,NA,NA,"Unknown","Cannot determine",NA,"High",78.8843766484955,"Above average - more cases than typical at this point","United Republic Of Tanzania"
"TZA",4,9,2.30351195217984,22.3333333333333,1.20350454457884,48.6666666666667,22.3333333333333,48.6666666666667,0.0814076695506274,0.0636693860173074,2026,NA,2026-09-01,NA,NA,NA,NA,NA,NA,NA,NA,6,"2026/2027","Unobserved",200,267,11275,12233,NA,11275,"Sub-Saharan Africa","United Republic Of Tanzania",1.20350454457884,48.6666666666667,98.8514108240249,"Extremely High","Rare bad event - unusually high cases to date",3.36994051773947,"High",78.8843766484955,"Above average - more cases than typical at this point","United Republic Of Tanzania"
"TZA",5,10,NA,NA,1.01976260858249,65.6666666666666,17,65.6666666666667,0.0927567291655603,0.0113490596149329,2026,NA,2026-10-01,NA,NA,NA,NA,NA,NA,NA,NA,6,"2026/2027","Unobserved",200,267,11275,12233,NA,11275,"Sub-Saharan Africa","United Republic Of Tanzania",1.01976260858249,65.6666666666666,95.3069195617504,"Extremely High","Rare bad event - unusually high cases to date",2.04994455914784,"High",78.8843766484955,"Above average - more cases than typical at this point","United Republic Of Tanzania"
"TZA",6,11,2.97819174227466,47.3333333333333,1.64490941365243,113,47.3333333333333,113,0.262440317452844,0.169683588287284,2026,NA,2026-11-01,NA,NA,NA,NA,NA,NA,NA,NA,6,"2026/2027","Unobserved",200,267,11275,12233,NA,11275,"Sub-Saharan Africa","United Republic Of Tanzania",1.64490941365243,113,85.4935551105931,"High","Above average - more cases than typical at this point",0.980333031677836,"High",78.8843766484955,"Above average - more cases than typical at this point","United Republic Of Tanzania"
"TZA",7,12,NA,NA,1.45588819145336,132.666666666667,19.6666666666667,132.666666666667,0.275717431528517,0.0132771140756735,2026,NA,2026-12-01,NA,NA,NA,NA,NA,NA,NA,NA,6,"2026/2027","Unobserved",200,267,11275,12233,NA,11275,"Sub-Saharan Africa","United Republic Of Tanzania",1.45588819145336,132.666666666667,78.8843766484955,"High","Above average - more cases than typical at this point",0.609063128610348,"High",78.8843766484955,"Above average - more cases than typical at this point","United Republic Of Tanzania"
"URY",9,1,0.360406360680655,30.1666666666667,1.14852429496627,64.8333333333334,30.1666666666667,64.8333333333333,0.339415148822884,0.0697659109211173,2025,"WHO",2025-01-01,0,0,NA,20,NA,FALSE,"no_lookup_match",NA,5,"2024/2025","Observed",0,0,2,33,NA,2,"South America","Uruguay",1.14852429496627,64.8333333333334,0.953716244521139,"Extremely Low","Rare good event - unusually low cases to date",-1.06232401544125,"Normal",28.3576404557839,"Average - typical case load at this point","Uruguay"
"URY",10,2,0.238618871275904,193.666666666667,0.607953964009711,258.5,193.666666666667,258.5,0.580901072428962,0.241485923606078,2025,"WHO",2025-02-01,0,0,NA,19,NA,FALSE,"no_lookup_match",NA,5,"2024/2025","Observed",0,0,2,33,NA,2,"South America","Uruguay",0.607953964009711,258.5,2.51952194868853,"Extremely Low","Rare good event - unusually low cases to date",-0.778798754861308,"Normal",28.3576404557839,"Average - typical case load at this point","Uruguay"
"URY",11,3,0.367436023148246,118.833333333333,0.574245316428336,377.333333333332,118.833333333333,377.333333333333,0.773596432922469,0.192695360493507,2025,"PAHO",2025-03-01,1,1,NA,77,NA,FALSE,"no_lookup_match","current_month_missing",5,"2024/2025","Observed",1,1,2,33,NA,2,"South America","Uruguay",0.574245316428336,377.333333333332,3.78828682483979,"Extremely Low","Rare good event - unusually low cases to date",-0.755207042629867,"Normal",28.3576404557839,"Average - typical case load at this point","Uruguay"
"URY",12,4,0.569494976568067,68.8333333333334,0.629123468578721,446.166666666667,68.8333333333333,446.166666666667,1,0.226403567077531,2025,"PAHO",2025-04-01,1,1,NA,73,NA,FALSE,"no_lookup_match","current_month_missing",5,"2024/2025","Observed",2,2,2,33,NA,2,"South America","Uruguay",0.629123468578721,446.166666666667,3.43872020860784,"Extremely Low","Rare good event - unusually low cases to date",-0.789061419623635,"Normal",28.3576404557839,"Average - typical case load at this point","Uruguay"
"URY",1,5,0.417613918764565,5.66666666666667,0.417613918764565,5.66666666666667,5.66666666666667,5.66666666666667,0.0440485455392788,0.0440485455392788,2025,"PAHO",2025-05-01,4,4,NA,69,NA,FALSE,"no_lookup_match","current_month_missing",5,"2025/2026","Observed",4,6,7,33,NA,7,"South America","Uruguay",0.417613918764565,5.66666666666667,65.069570164485,"Normal","Average - typical case load at this point",-0.183428908498386,"Normal",28.3576404557839,"Average - typical case load at this point","Uruguay"
"URY",2,6,0.505714210090396,2.66666666666667,0.374133776116865,8.33333333333334,2.66666666666667,8.33333333333333,0.0668511286964148,0.0228025831571359,2025,"WHO",2025-06-01,0,0,NA,15,NA,FALSE,"no_lookup_match",NA,5,"2025/2026","Observed",4,6,7,33,NA,7,"South America","Uruguay",0.374133776116865,8.33333333333334,59.0136306951246,"Normal","Average - typical case load at this point",-0.31115748884287,"Normal",28.3576404557839,"Average - typical case load at this point","Uruguay"
"URY",3,7,0.590214813596684,2.33333333333333,0.354080911203156,10.6666666666667,2.33333333333333,10.6666666666667,0.0843875332594108,0.017536404562996,2025,"WHO",2025-07-01,0,0,NA,14,NA,FALSE,"no_lookup_match",NA,5,"2025/2026","Observed",4,6,7,33,NA,7,"South America","Uruguay",0.354080911203156,10.6666666666667,55.5405576645125,"Normal","Average - typical case load at this point",-0.365881211627891,"Normal",28.3576404557839,"Average - typical case load at this point","Uruguay"
"URY",4,8,0.662943187090083,1.83333333333333,0.34199683188401,12.5,1.83333333333333,12.5,0.0993559325146755,0.0149683992552647,2025,"PAHO",2025-08-01,1,1,NA,56,NA,FALSE,"no_lookup_match","current_month_missing",5,"2025/2026","Observed",5,7,7,33,NA,7,"South America","Uruguay",0.34199683188401,12.5,56.8208366592631,"Normal","Average - typical case load at this point",-0.346179239203181,"Normal",28.3576404557839,"Average - typical case load at this point","Uruguay"
"URY",5,9,0.590214813596684,2.33333333333333,0.329656503197759,14.8333333333333,2.33333333333333,14.8333333333333,0.11987541064898,0.0205194781343049,2025,"WHO",2025-09-01,0,0,0,12,1.12455464889093,TRUE,"applied_mean",NA,5,"2025/2026","Observed",5,7,7,33,NA,7,"South America","Uruguay",0.329656503197759,14.8333333333333,54.6642606063305,"Normal","Average - typical case load at this point",-0.376460820956893,"Normal",28.3576404557839,"Average - typical case load at this point","Uruguay"
"URY",6,10,0.52695533435395,3,0.315859375317467,17.8333333333333,3,17.8333333333333,0.144104446602432,0.0242290359534517,2025,"WHO",2025-10-01,0,0,0,11,1.32800867397106,TRUE,"applied_mean",NA,5,"2025/2026","Observed",5,7,7,33,NA,7,"South America","Uruguay",0.315859375317467,17.8333333333333,52.6355674727656,"Normal","Average - typical case load at this point",-0.400904970902867,"Normal",28.3576404557839,"Average - typical case load at this point","Uruguay"
"URY",7,11,0.636639172304592,5.33333333333333,0.418358514278583,23.1666666666666,5.33333333333333,23.1666666666667,0.189751653500646,0.0456472068982142,2025,"WHO",2025-11-01,2,1,2,10,1.64659274476752,TRUE,"applied_mean",NA,5,"2025/2026","Observed",7,9,7,33,NA,7,"South America","Uruguay",0.418358514278583,23.1666666666666,47.3447386278545,"Normal","Average - typical case load at this point",-0.44734732302542,"Normal",28.3576404557839,"Average - typical case load at this point","Uruguay"
"URY",8,12,0.652988380551623,11.5,0.696962823814372,34.6666666666667,11.5,34.6666666666667,0.269649237901767,0.079897584401121,2025,"WHO",2025-12-01,0,0,0,9,1.47520719202135,TRUE,"applied_mean",NA,5,"2025/2026","Observed",7,9,7,33,NA,7,"South America","Uruguay",0.696962823814372,34.6666666666667,28.3576404557839,"Normal","Average - typical case load at this point",-0.659670686801677,"Normal",28.3576404557839,"Average - typical case load at this point","Uruguay"
"URY",9,1,0.360406360680655,30.1666666666667,1.14852429496627,64.8333333333334,30.1666666666667,64.8333333333333,0.339415148822884,0.0697659109211173,2026,"WHO",2026-01-01,0,0,0,8,1.39941705295688,TRUE,"applied_mean",NA,5,"2025/2026","Observed",7,0,7,0,NA,7,"South America","Uruguay",1.14852429496627,64.8333333333334,9.17658597339695,"Low","Below average - fewer cases than typical at this point",-0.94762579269438,"Low",6.47793203323097,"Below average - fewer cases than typical at this point","Uruguay"
"URY",10,2,0.238618871275904,193.666666666667,0.607953964009711,258.5,193.666666666667,258.5,0.580901072428962,0.241485923606078,2026,"WHO",2026-02-01,0,0,0,7,1.70238095238095,TRUE,"applied_median",NA,5,"2025/2026","Observed",7,0,7,0,NA,7,"South America","Uruguay",0.607953964009711,258.5,9.76508419617053,"Low","Below average - fewer cases than typical at this point",-0.757709426876669,"Low",6.47793203323097,"Below average - fewer cases than typical at this point","Uruguay"
"URY",11,3,0.367436023148246,118.833333333333,0.574245316428336,377.333333333332,118.833333333333,377.333333333333,0.773596432922469,0.192695360493507,2026,"WHO",2026-03-01,0,0,0,6,2.62552675937632,TRUE,"applied_median",NA,5,"2025/2026","Observed",7,0,7,0,NA,7,"South America","Uruguay",0.574245316428336,377.333333333332,8.75174296044984,"Low","Below average - fewer cases than typical at this point",-0.743166540621596,"Low",6.47793203323097,"Below average - fewer cases than typical at this point","Uruguay"
"URY",12,4,0.569494976568067,68.8333333333334,0.629123468578721,446.166666666667,68.8333333333333,446.166666666667,1,0.226403567077531,2026,"WHO",2026-04-01,0,0,0,5,1.51983552337535,TRUE,"applied_mean",NA,5,"2025/2026","Observed",7,0,7,0,NA,7,"South America","Uruguay",0.629123468578721,446.166666666667,6.5086183066497,"Low","Below average - fewer cases than typical at this point",-0.780178927095038,"Low",6.47793203323097,"Below average - fewer cases than typical at this point","Uruguay"
"URY",1,5,0.417613918764565,5.66666666666667,0.417613918764565,5.66666666666667,5.66666666666667,5.66666666666667,0.0440485455392788,0.0440485455392788,2026,"WHO",2026-05-01,0,0,0,4,0.816137566137566,TRUE,"applied_mean",NA,5,"2026/2027","Observed",0,0,0,0,NA,0,"South America","Uruguay",0.417613918764565,5.66666666666667,32.6688356222804,"Normal","Average - typical case load at this point",-0.623658288894512,"Low",6.47793203323097,"Below average - fewer cases than typical at this point","Uruguay"
"URY",2,6,0.505714210090396,2.66666666666667,0.374133776116865,8.33333333333334,2.66666666666667,8.33333333333333,0.0668511286964148,0.0228025831571359,2026,"WHO",2026-06-01,0,0,NA,3,NA,FALSE,"insufficient_n_rf",NA,5,"2026/2027","Observed",0,0,0,0,NA,0,"South America","Uruguay",0.374133776116865,8.33333333333334,30.8041808194317,"Normal","Average - typical case load at this point",-0.598379786236289,"Low",6.47793203323097,"Below average - fewer cases than typical at this point","Uruguay"
"URY",3,7,0.590214813596684,2.33333333333333,0.354080911203156,10.6666666666667,2.33333333333333,10.6666666666667,0.0843875332594108,0.017536404562996,2026,"WHO",2026-07-01,0,0,NA,2,NA,FALSE,"insufficient_n_rf",NA,5,"2026/2027","Observed",0,0,0,0,NA,0,"South America","Uruguay",0.354080911203156,10.6666666666667,29.6018441127901,"Normal","Average - typical case load at this point",-0.585409938604626,"Low",6.47793203323097,"Below average - fewer cases than typical at this point","Uruguay"
"URY",4,8,0.662943187090083,1.83333333333333,0.34199683188401,12.5,1.83333333333333,12.5,0.0993559325146755,0.0149683992552647,2026,"Estimates",2026-08-01,0,0,0,7,1.61117649105868,TRUE,"applied_mean","not_missing",5,"2026/2027","Unobserved",0,0,0,0,0.104778794786853,0,"South America","Uruguay",0.34199683188401,12.5,28.939312259531,"Normal","Average - typical case load at this point",-0.576965398671968,"Low",6.47793203323097,"Below average - fewer cases than typical at this point","Uruguay"
"URY",5,9,0.590214813596684,2.33333333333333,0.329656503197759,14.8333333333333,2.33333333333333,14.8333333333333,0.11987541064898,0.0205194781343049,2026,NA,2026-09-01,NA,NA,NA,NA,NA,NA,NA,NA,5,"2026/2027","Unobserved",0,0,0,0,NA,0,"South America","Uruguay",0.329656503197759,14.8333333333333,28.3056078321476,"Normal","Average - typical case load at this point",-0.567881577375653,"Low",6.47793203323097,"Below average - fewer cases than typical at this point","Uruguay"
"URY",6,10,0.52695533435395,3,0.315859375317467,17.8333333333333,3,17.8333333333333,0.144104446602432,0.0242290359534517,2026,NA,2026-10-01,NA,NA,NA,NA,NA,NA,NA,NA,5,"2026/2027","Unobserved",0,0,0,0,NA,0,"South America","Uruguay",0.315859375317467,17.8333333333333,27.8156063374632,"Normal","Average - typical case load at this point",-0.557101712813075,"Low",6.47793203323097,"Below average - fewer cases than typical at this point","Uruguay"
"URY",7,11,0.636639172304592,5.33333333333333,0.418358514278583,23.1666666666666,5.33333333333333,23.1666666666667,0.189751653500646,0.0456472068982142,2026,NA,2026-11-01,NA,NA,NA,NA,NA,NA,NA,NA,5,"2026/2027","Unobserved",0,0,0,0,NA,0,"South America","Uruguay",0.418358514278583,23.1666666666666,18.5104739163055,"Low","Below average - fewer cases than typical at this point",-0.641044102067354,"Low",6.47793203323097,"Below average - fewer cases than typical at this point","Uruguay"
"URY",8,12,0.652988380551623,11.5,0.696962823814372,34.6666666666667,11.5,34.6666666666667,0.269649237901767,0.079897584401121,2026,NA,2026-12-01,NA,NA,NA,NA,NA,NA,NA,NA,5,"2026/2027","Unobserved",0,0,0,0,NA,0,"South America","Uruguay",0.696962823814372,34.6666666666667,6.47793203323097,"Low","Below average - fewer cases than typical at this point",-0.826575318402101,"Low",6.47793203323097,"Below average - fewer cases than typical at this point","Uruguay"
"USA",11,1,0.549783538825656,31.4666666666667,1.27571391236623,723.666666666668,31.4666666666667,723.666666666667,0.938252192653073,0.0471899185443606,2025,"PAHO",2025-01-01,78,78,NA,86,NA,FALSE,"no_lookup_match","current_month_missing",3,"2024/2025","Observed",78,78,143,1294,NA,143,"North & Central America","United States Of America",1.27571391236623,723.666666666668,6.51541513482504,"Low","Below average - fewer cases than typical at this point",-1.00684816457709,"High",77.1160054757818,"Above average - more cases than typical at this point","United States Of America"
"USA",12,2,0.477106328604878,29.6666666666667,1.36301559241876,753.333333333332,29.6666666666667,753.333333333333,1,0.0617478073469274,2025,"PAHO",2025-02-01,65,65,NA,82,NA,FALSE,"no_lookup_match","current_month_missing",3,"2024/2025","Observed",143,143,143,1294,NA,143,"North & Central America","United States Of America",1.36301559241876,753.333333333332,11.3757014345094,"Low","Below average - fewer cases than typical at this point",-0.945013004386825,"High",77.1160054757818,"Above average - more cases than typical at this point","United States Of America"
"USA",1,3,0.679029065429287,38.9333333333334,0.679029065429287,38.9333333333334,38.9333333333333,38.9333333333333,0.0472445427358642,0.0472445427358642,2025,"PAHO",2025-03-01,71,71,NA,77,NA,FALSE,"no_lookup_match","current_month_missing",3,"2025/2026","Observed",71,214,1064,1294,NA,1064,"North & Central America","United States Of America",0.679029065429287,38.9333333333334,82.7369019923413,"High","Above average - more cases than typical at this point",0.67285554176028,"High",77.1160054757818,"Above average - more cases than typical at this point","United States Of America"
"USA",2,4,0.639581522043808,29.6666666666666,0.642220067891462,68.6,29.6666666666667,68.6,0.0815507930484164,0.0343062503125522,2025,"PAHO",2025-04-01,62,62,NA,73,NA,FALSE,"no_lookup_match","current_month_missing",3,"2025/2026","Observed",133,276,1064,1294,NA,1064,"North & Central America","United States Of America",0.642220067891462,68.6,84.0672693964471,"High","Above average - more cases than typical at this point",0.74882485937766,"High",77.1160054757818,"Above average - more cases than typical at this point","United States Of America"
"USA",3,5,0.861276254283164,30.1333333333334,0.695840513616742,98.7333333333331,30.1333333333333,98.7333333333333,0.12101702753176,0.0394662344833437,2025,"PAHO",2025-05-01,46,46,NA,69,NA,FALSE,"no_lookup_match","current_month_missing",3,"2025/2026","Observed",179,322,1064,1294,NA,1064,"North & Central America","United States Of America",0.695840513616742,98.7333333333331,82.5910393089788,"High","Above average - more cases than typical at this point",0.675773672593998,"High",77.1160054757818,"Above average - more cases than typical at this point","United States Of America"
"USA",4,6,0.570002781309229,35.6666666666667,0.669895017591729,134.4,35.6666666666667,134.4,0.16307614213917,0.0420591146074095,2025,"PAHO",2025-06-01,79,79,NA,64,NA,FALSE,"no_lookup_match","current_month_missing",3,"2025/2026","Observed",258,401,1064,1294,NA,1064,"North & Central America","United States Of America",0.669895017591729,134.4,83.9142652930482,"High","Above average - more cases than typical at this point",0.750832268626072,"High",77.1160054757818,"Above average - more cases than typical at this point","United States Of America"
"USA",5,7,0.926698637849321,70.2000000000001,0.725974764913547,204.6,70.2,204.6,0.261794248828387,0.0987181066892178,2025,"PAHO",2025-07-01,79,79,NA,60,NA,FALSE,"no_lookup_match","current_month_missing",3,"2025/2026","Observed",337,480,1064,1294,NA,1064,"North & Central America","United States Of America",0.725974764913547,204.6,80.1127722067075,"High","Above average - more cases than typical at this point",0.550394374209052,"High",77.1160054757818,"Above average - more cases than typical at this point","United States Of America"
"USA",6,8,0.75290554738928,89.2666666666667,0.710149544981066,293.866666666667,89.2666666666667,293.866666666667,0.371071684172821,0.109277435344434,2025,"PAHO",2025-08-01,120,120,NA,56,NA,FALSE,"no_lookup_match","current_month_missing",3,"2025/2026","Observed",457,600,1064,1294,NA,1064,"North & Central America","United States Of America",0.710149544981066,293.866666666667,78.5115479464103,"High","Above average - more cases than typical at this point",0.467243395640606,"High",77.1160054757818,"Above average - more cases than typical at this point","United States Of America"
"USA",7,9,0.611270206604583,115.866666666667,0.669790949881778,409.733333333333,115.866666666667,409.733333333333,0.49383044401804,0.122758759845219,2025,"PAHO",2025-09-01,213,213,NA,51,NA,FALSE,"no_lookup_match","current_month_missing",3,"2025/2026","Observed",670,813,1064,1294,NA,1064,"North & Central America","United States Of America",0.669790949881778,409.733333333333,79.8404951106432,"High","Above average - more cases than typical at this point",0.519436196634743,"High",77.1160054757818,"Above average - more cases than typical at this point","United States Of America"
"USA",8,10,0.734875247950486,109.266666666667,0.676013109369014,519,109.266666666667,519,0.630857827295009,0.137027383276969,2025,"PAHO",2025-10-01,133,133,NA,47,NA,FALSE,"no_lookup_match","current_month_missing",3,"2025/2026","Observed",803,946,1064,1294,NA,1064,"North & Central America","United States Of America",0.676013109369014,519,78.3634026452671,"High","Above average - more cases than typical at this point",0.449620272405559,"High",77.1160054757818,"Above average - more cases than typical at this point","United States Of America"
"USA",9,11,0.886899543439229,87.9333333333333,0.687312747295418,606.933333333333,87.9333333333333,606.933333333333,0.751462481304714,0.120604654009705,2025,"PAHO",2025-11-01,132,132,NA,43,NA,FALSE,"no_lookup_match","current_month_missing",3,"2025/2026","Observed",935,1078,1064,1294,NA,1064,"North & Central America","United States Of America",0.687312747295418,606.933333333333,78.2418412843368,"High","Above average - more cases than typical at this point",0.447870594498855,"High",77.1160054757818,"Above average - more cases than typical at this point","United States Of America"
"USA",10,12,1.37380877928574,85.2666666666666,1.23489230693345,692.2,85.2666666666667,692.2,0.891062274108712,0.139599792803998,2025,"PAHO",2025-12-01,75,75,NA,38,NA,FALSE,"no_lookup_match","current_month_missing",3,"2025/2026","Observed",1010,1153,1064,1294,NA,1064,"North & Central America","United States Of America",1.23489230693345,692.2,77.1160054757818,"High","Above average - more cases than typical at this point",0.509741265224198,"High",77.1160054757818,"Above average - more cases than typical at this point","United States Of America"
"USA",11,1,0.549783538825656,31.4666666666667,1.27571391236623,723.666666666668,31.4666666666667,723.666666666667,0.938252192653073,0.0471899185443606,2026,"PAHO",2026-01-01,27,27,NA,34,NA,FALSE,"no_lookup_match","current_month_missing",3,"2025/2026","Observed",1037,27,1064,946,NA,1064,"North & Central America","United States Of America",1.27571391236623,723.666666666668,76.5003060560938,"High","Above average - more cases than typical at this point",0.488609847549024,"Normal",30.7325193834702,"Average - typical case load at this point","United States Of America"
"USA",12,2,0.477106328604878,29.6666666666667,1.36301559241876,753.333333333332,29.6666666666667,753.333333333333,1,0.0617478073469274,2026,"PAHO",2026-02-01,27,27,NA,30,NA,FALSE,"no_lookup_match","current_month_missing",3,"2025/2026","Observed",1064,54,1064,946,NA,1064,"North & Central America","United States Of America",1.36301559241876,753.333333333332,76.0751811509968,"High","Above average - more cases than typical at this point",0.481022457721752,"Normal",30.7325193834702,"Average - typical case load at this point","United States Of America"
"USA",1,3,0.679029065429287,38.9333333333334,0.679029065429287,38.9333333333334,38.9333333333333,38.9333333333333,0.0472445427358642,0.0472445427358642,2026,"PAHO",2026-03-01,37,37,NA,25,NA,FALSE,"no_lookup_match","current_month_missing",3,"2026/2027","Observed",37,91,800,946,NA,800,"North & Central America","United States Of America",0.679029065429287,38.9333333333334,64.796815669905,"Normal","Average - typical case load at this point",-0.0405671740354434,"Normal",30.7325193834702,"Average - typical case load at this point","United States Of America"
"USA",2,4,0.639581522043808,29.6666666666666,0.642220067891462,68.6,29.6666666666667,68.6,0.0815507930484164,0.0343062503125522,2026,"PAHO",2026-04-01,16,16,NA,21,NA,FALSE,"no_lookup_match","current_month_missing",3,"2026/2027","Observed",53,107,800,946,NA,800,"North & Central America","United States Of America",0.642220067891462,68.6,59.3493669528569,"Normal","Average - typical case load at this point",-0.181392357240551,"Normal",30.7325193834702,"Average - typical case load at this point","United States Of America"
"USA",3,5,0.861276254283164,30.1333333333334,0.695840513616742,98.7333333333331,30.1333333333333,98.7333333333333,0.12101702753176,0.0394662344833437,2026,"PAHO",2026-05-01,22,22,NA,17,NA,FALSE,"no_lookup_match","current_month_missing",3,"2026/2027","Observed",75,129,800,946,NA,800,"North & Central America","United States Of America",0.695840513616742,98.7333333333331,57.8288522255075,"Normal","Average - typical case load at this point",-0.199813477943074,"Normal",30.7325193834702,"Average - typical case load at this point","United States Of America"
"USA",4,6,0.570002781309229,35.6666666666667,0.669895017591729,134.4,35.6666666666667,134.4,0.16307614213917,0.0420591146074095,2026,"PAHO",2026-06-01,44,44,NA,12,NA,FALSE,"no_lookup_match","current_month_missing",3,"2026/2027","Observed",119,173,800,946,NA,800,"North & Central America","United States Of America",0.669895017591729,134.4,62.5879710005064,"Normal","Average - typical case load at this point",-0.0935502988417596,"Normal",30.7325193834702,"Average - typical case load at this point","United States Of America"
"USA",5,7,0.926698637849321,70.2000000000001,0.725974764913547,204.6,70.2,204.6,0.261794248828387,0.0987181066892178,2026,"PAHO",2026-07-01,49,49,NA,8,NA,FALSE,"no_lookup_match","current_month_missing",3,"2026/2027","Observed",168,222,800,946,NA,800,"North & Central America","United States Of America",0.725974764913547,204.6,59.5165662075935,"Normal","Average - typical case load at this point",-0.152148293776824,"Normal",30.7325193834702,"Average - typical case load at this point","United States Of America"
"USA",6,8,0.75290554738928,89.2666666666667,0.710149544981066,293.866666666667,89.2666666666667,293.866666666667,0.371071684172821,0.109277435344434,2026,"PAHO",2026-08-01,129,129,NA,4,NA,FALSE,"no_lookup_match","current_month_missing",3,"2026/2027","Observed",297,351,800,946,NA,800,"North & Central America","United States Of America",0.710149544981066,293.866666666667,65.9226241858961,"Normal","Average - typical case load at this point",0.0089744338353527,"Normal",30.7325193834702,"Average - typical case load at this point","United States Of America"
"USA",7,9,0.611270206604583,115.866666666667,0.669790949881778,409.733333333333,115.866666666667,409.733333333333,0.49383044401804,0.122758759845219,2026,NA,2026-09-01,NA,NA,NA,NA,NA,NA,NA,NA,3,"2026/2027","Unobserved",297,351,800,946,NA,800,"North & Central America","United States Of America",0.669790949881778,409.733333333333,56.802759506423,"Normal","Average - typical case load at this point",-0.224991446851778,"Normal",30.7325193834702,"Average - typical case load at this point","United States Of America"
"USA",8,10,0.734875247950486,109.266666666667,0.676013109369014,519,109.266666666667,519,0.630857827295009,0.137027383276969,2026,NA,2026-10-01,NA,NA,NA,NA,NA,NA,NA,NA,3,"2026/2027","Unobserved",297,351,800,946,NA,800,"North & Central America","United States Of America",0.676013109369014,519,50.1732018270561,"Normal","Average - typical case load at this point",-0.351463734063501,"Normal",30.7325193834702,"Average - typical case load at this point","United States Of America"
"USA",9,11,0.886899543439229,87.9333333333333,0.687312747295418,606.933333333333,87.9333333333333,606.933333333333,0.751462481304714,0.120604654009705,2026,NA,2026-11-01,NA,NA,NA,NA,NA,NA,NA,NA,3,"2026/2027","Unobserved",297,351,800,946,NA,800,"North & Central America","United States Of America",0.687312747295418,606.933333333333,45.7831491071695,"Normal","Average - typical case load at this point",-0.423115300513142,"Normal",30.7325193834702,"Average - typical case load at this point","United States Of America"
"USA",10,12,1.37380877928574,85.2666666666666,1.23489230693345,692.2,85.2666666666667,692.2,0.891062274108712,0.139599792803998,2026,NA,2026-12-01,NA,NA,NA,NA,NA,NA,NA,NA,3,"2026/2027","Unobserved",297,351,800,946,NA,800,"North & Central America","United States Of America",1.23489230693345,692.2,30.7325193834702,"Normal","Average - typical case load at this point",-0.63388844561549,"Normal",30.7325193834702,"Average - typical case load at this point","United States Of America"
"VCT",10,1,0.416874700142663,49.2727272727273,1.09418641801006,273.545454545455,49.2727272727273,273.545454545455,0.88078067990127,0.187749106602791,2025,"WHO",2025-01-01,0,0,NA,20,NA,FALSE,"no_lookup_match",NA,4,"2024/2025","Observed",0,0,2,12,NA,2,"Caribbean","Saint Vincent And The Grenadines",1.09418641801006,273.545454545455,0.236761779804474,"Extremely Low","Rare good event - unusually low cases to date",-1.04394783936684,"Low",9.68704556898996,"Below average - fewer cases than typical at this point","Saint Vincent And The Grenadines"
"VCT",11,2,0.453049654197685,19.1818181818182,1.13966632088119,292.727272727273,19.1818181818182,292.727272727273,0.952540329965954,0.0717596500646838,2025,"PAHO",2025-02-01,2,2,NA,82,NA,FALSE,"no_lookup_match","current_month_missing",4,"2024/2025","Observed",2,2,2,12,NA,2,"Caribbean","Saint Vincent And The Grenadines",1.13966632088119,292.727272727273,0.59736997847785,"Extremely Low","Rare good event - unusually low cases to date",-1.05819979599852,"Low",9.68704556898996,"Below average - fewer cases than typical at this point","Saint Vincent And The Grenadines"
"VCT",12,3,0.39471982416233,12.9090909090909,1.15494026650882,305.636363636364,12.9090909090909,305.636363636364,1,0.0474596700340463,2025,"WHO",2025-03-01,0,0,NA,18,NA,FALSE,"no_lookup_match",NA,4,"2024/2025","Observed",2,2,2,12,NA,2,"Caribbean","Saint Vincent And The Grenadines",1.15494026650882,305.636363636364,0.536710328905094,"Extremely Low","Rare good event - unusually low cases to date",-1.0656375333936,"Low",9.68704556898996,"Below average - fewer cases than typical at this point","Saint Vincent And The Grenadines"
"VCT",1,4,0.650555491869715,15.2727272727273,0.650555491869715,15.2727272727273,15.2727272727273,15.2727272727273,0.0483720715594699,0.0483720715594699,2025,"PAHO",2025-04-01,1,1,NA,73,NA,FALSE,"no_lookup_match","current_month_missing",4,"2025/2026","Observed",1,3,8,12,NA,8,"Caribbean","Saint Vincent And The Grenadines",0.650555491869715,15.2727272727273,20.2825227922309,"Low","Below average - fewer cases than typical at this point",-0.738200846760502,"Low",9.68704556898996,"Below average - fewer cases than typical at this point","Saint Vincent And The Grenadines"
"VCT",2,5,0.72987120106909,23,0.696370531528407,38.2727272727273,23,38.2727272727273,0.120433343891471,0.0720612723320009,2025,"WHO",2025-05-01,0,0,NA,16,NA,FALSE,"no_lookup_match",NA,4,"2025/2026","Observed",1,3,8,12,NA,8,"Caribbean","Saint Vincent And The Grenadines",0.696370531528407,38.2727272727273,10.2129459890778,"Low","Below average - fewer cases than typical at this point",-0.805390463545947,"Low",9.68704556898996,"Below average - fewer cases than typical at this point","Saint Vincent And The Grenadines"
"VCT",3,6,0.682960695172276,20.3636363636363,0.696120386215874,58.6363636363636,20.3636363636364,58.6363636363636,0.185027134823634,0.064593790932163,2025,"PAHO",2025-06-01,2,2,NA,64,NA,FALSE,"no_lookup_match","current_month_missing",4,"2025/2026","Observed",3,5,8,12,NA,8,"Caribbean","Saint Vincent And The Grenadines",0.696120386215874,58.6363636363636,12.5771567783586,"Low","Below average - fewer cases than typical at this point",-0.786993477512897,"Low",9.68704556898996,"Below average - fewer cases than typical at this point","Saint Vincent And The Grenadines"
"VCT",4,7,0.476233741985392,14.6363636363636,0.66598837748095,73.2727272727273,14.6363636363636,73.2727272727273,0.229454034363833,0.0444268995401993,2025,"WHO",2025-07-01,0,0,NA,14,NA,FALSE,"no_lookup_match",NA,4,"2025/2026","Observed",3,5,8,12,NA,8,"Caribbean","Saint Vincent And The Grenadines",0.66598837748095,73.2727272727273,11.6590649313782,"Low","Below average - fewer cases than typical at this point",-0.779135520812825,"Low",9.68704556898996,"Below average - fewer cases than typical at this point","Saint Vincent And The Grenadines"
"VCT",5,8,0.461267981490152,20.7272727272727,0.638437504384732,94,20.7272727272727,94,0.293786623640943,0.0643325892771103,2025,"WHO",2025-08-01,0,0,NA,13,NA,FALSE,"no_lookup_match",NA,4,"2025/2026","Observed",3,5,8,12,NA,8,"Caribbean","Saint Vincent And The Grenadines",0.638437504384732,94,10.6930347146088,"Low","Below average - fewer cases than typical at this point",-0.770908582110312,"Low",9.68704556898996,"Below average - fewer cases than typical at this point","Saint Vincent And The Grenadines"
"VCT",6,9,0.529724792194185,22.2727272727273,0.618670118821148,116.272727272727,22.2727272727273,116.272727272727,0.361616547548438,0.0678299239074942,2025,"WHO",2025-09-01,0,0,0,12,1,TRUE,"applied_mean",NA,4,"2025/2026","Observed",3,5,8,12,NA,8,"Caribbean","Saint Vincent And The Grenadines",0.618670118821148,116.272727272727,9.92449973962247,"Low","Below average - fewer cases than typical at this point",-0.764231127119841,"Low",9.68704556898996,"Below average - fewer cases than typical at this point","Saint Vincent And The Grenadines"
"VCT",7,10,0.565107052660197,30.5454545454546,0.648514703344158,146.818181818182,30.5454545454545,146.818181818182,0.455575007075873,0.0939584595274355,2025,"PAHO",2025-10-01,1,1,1,47,1,TRUE,"applied_mean","not_missing",4,"2025/2026","Observed",4,6,8,12,NA,8,"Caribbean","Saint Vincent And The Grenadines",0.648514703344158,146.818181818182,9.0762865071974,"Low","Below average - fewer cases than typical at this point",-0.7816395335229,"Low",9.68704556898996,"Below average - fewer cases than typical at this point","Saint Vincent And The Grenadines"
"VCT",8,11,0.445174053656081,25.7272727272727,0.631553668696705,172.545454545455,25.7272727272727,172.545454545455,0.534583508729255,0.0790085016533823,2025,"WHO",2025-11-01,0,0,0,10,1,TRUE,"applied_mean",NA,4,"2025/2026","Observed",4,6,8,12,NA,8,"Caribbean","Saint Vincent And The Grenadines",0.631553668696705,172.545454545455,8.6336069581297,"Low","Below average - fewer cases than typical at this point",-0.774863667991327,"Low",9.68704556898996,"Below average - fewer cases than typical at this point","Saint Vincent And The Grenadines"
"VCT",9,12,0.495122389100471,51.7272727272727,0.611483728055591,224.272727272727,51.7272727272727,224.272727272727,0.693031573298479,0.158448064569223,2025,"PAHO",2025-12-01,2,2,2,39,1,TRUE,"applied_mean","not_missing",4,"2025/2026","Observed",6,8,8,12,NA,8,"Caribbean","Saint Vincent And The Grenadines",0.611483728055591,224.272727272727,9.68704556898996,"Low","Below average - fewer cases than typical at this point",-0.760018585440461,"Low",9.68704556898996,"Below average - fewer cases than typical at this point","Saint Vincent And The Grenadines"
"VCT",10,1,0.416874700142663,49.2727272727273,1.09418641801006,273.545454545455,49.2727272727273,273.545454545455,0.88078067990127,0.187749106602791,2026,"PAHO",2026-01-01,1,1,1,34,1,TRUE,"applied_mean","not_missing",4,"2025/2026","Observed",7,1,8,10,NA,8,"Caribbean","Saint Vincent And The Grenadines",1.09418641801006,273.545454545455,2.18954407025251,"Extremely Low","Rare good event - unusually low cases to date",-1.0172333217094,"Extremely Low",4.34481018852665,"Rare good event - unusually low cases to date","Saint Vincent And The Grenadines"
"VCT",11,2,0.453049654197685,19.1818181818182,1.13966632088119,292.727272727273,19.1818181818182,292.727272727273,0.952540329965954,0.0717596500646838,2026,"PAHO",2026-02-01,1,1,1,30,1,TRUE,"applied_mean","not_missing",4,"2025/2026","Observed",8,2,8,10,NA,8,"Caribbean","Saint Vincent And The Grenadines",1.13966632088119,292.727272727273,2.03066649376555,"Extremely Low","Rare good event - unusually low cases to date",-1.03636077581844,"Extremely Low",4.34481018852665,"Rare good event - unusually low cases to date","Saint Vincent And The Grenadines"
"VCT",12,3,0.39471982416233,12.9090909090909,1.15494026650882,305.636363636364,12.9090909090909,305.636363636364,1,0.0474596700340463,2026,"WHO",2026-03-01,0,0,0,6,1,TRUE,"applied_mean",NA,4,"2025/2026","Observed",8,2,8,10,NA,8,"Caribbean","Saint Vincent And The Grenadines",1.15494026650882,305.636363636364,1.85222773450754,"Extremely Low","Rare good event - unusually low cases to date",-1.0445800252487,"Extremely Low",4.34481018852665,"Rare good event - unusually low cases to date","Saint Vincent And The Grenadines"
"VCT",1,4,0.650555491869715,15.2727272727273,0.650555491869715,15.2727272727273,15.2727272727273,15.2727272727273,0.0483720715594699,0.0483720715594699,2026,"PAHO",2026-04-01,1,1,NA,21,1,TRUE,"applied_mean","previous_month_missing",4,"2026/2027","Observed",1,3,3,10,NA,3,"Caribbean","Saint Vincent And The Grenadines",0.650555491869715,15.2727272727273,20.2825227922309,"Low","Below average - fewer cases than typical at this point",-0.738200846760502,"Extremely Low",4.34481018852665,"Rare good event - unusually low cases to date","Saint Vincent And The Grenadines"
"VCT",2,5,0.72987120106909,23,0.696370531528407,38.2727272727273,23,38.2727272727273,0.120433343891471,0.0720612723320009,2026,"WHO",2026-05-01,0,0,0,4,1,TRUE,"applied_mean",NA,4,"2026/2027","Observed",1,3,3,10,NA,3,"Caribbean","Saint Vincent And The Grenadines",0.696370531528407,38.2727272727273,10.2129459890778,"Low","Below average - fewer cases than typical at this point",-0.805390463545947,"Extremely Low",4.34481018852665,"Rare good event - unusually low cases to date","Saint Vincent And The Grenadines"
"VCT",3,6,0.682960695172276,20.3636363636363,0.696120386215874,58.6363636363636,20.3636363636364,58.6363636363636,0.185027134823634,0.064593790932163,2026,"WHO",2026-06-01,0,0,0,3,1,TRUE,"applied_mean",NA,4,"2026/2027","Observed",1,3,3,10,NA,3,"Caribbean","Saint Vincent And The Grenadines",0.696120386215874,58.6363636363636,7.64583061436765,"Low","Below average - fewer cases than typical at this point",-0.815284092717609,"Extremely Low",4.34481018852665,"Rare good event - unusually low cases to date","Saint Vincent And The Grenadines"
"VCT",4,7,0.476233741985392,14.6363636363636,0.66598837748095,73.2727272727273,14.6363636363636,73.2727272727273,0.229454034363833,0.0444268995401993,2026,"WHO",2026-07-01,0,0,NA,2,NA,FALSE,"insufficient_n_rf",NA,4,"2026/2027","Observed",1,3,3,10,NA,3,"Caribbean","Saint Vincent And The Grenadines",0.66598837748095,73.2727272727273,7.20923606748284,"Low","Below average - fewer cases than typical at this point",-0.801310141068817,"Extremely Low",4.34481018852665,"Rare good event - unusually low cases to date","Saint Vincent And The Grenadines"
"VCT",5,8,0.461267981490152,20.7272727272727,0.638437504384732,94,20.7272727272727,94,0.293786623640943,0.0643325892771103,2026,"WHO",2026-08-01,0,0,NA,1,NA,FALSE,"no_lookup_match",NA,4,"2026/2027","Observed",1,3,3,10,NA,3,"Caribbean","Saint Vincent And The Grenadines",0.638437504384732,94,6.71848546048565,"Low","Below average - fewer cases than typical at this point",-0.787851627870978,"Extremely Low",4.34481018852665,"Rare good event - unusually low cases to date","Saint Vincent And The Grenadines"
"VCT",6,9,0.529724792194185,22.2727272727273,0.618670118821148,116.272727272727,22.2727272727273,116.272727272727,0.361616547548438,0.0678299239074942,2026,NA,2026-09-01,NA,NA,NA,NA,NA,NA,NA,NA,4,"2026/2027","Unobserved",1,3,3,10,NA,3,"Caribbean","Saint Vincent And The Grenadines",0.618670118821148,116.272727272727,6.309364893145,"Low","Below average - fewer cases than typical at this point",-0.77772477462918,"Extremely Low",4.34481018852665,"Rare good event - unusually low cases to date","Saint Vincent And The Grenadines"
"VCT",7,10,0.565107052660197,30.5454545454546,0.648514703344158,146.818181818182,30.5454545454545,146.818181818182,0.455575007075873,0.0939584595274355,2026,NA,2026-10-01,NA,NA,NA,NA,NA,NA,NA,NA,4,"2026/2027","Unobserved",1,3,3,10,NA,3,"Caribbean","Saint Vincent And The Grenadines",0.648514703344158,146.818181818182,4.87459076067718,"Extremely Low","Rare good event - unusually low cases to date",-0.798058441610905,"Extremely Low",4.34481018852665,"Rare good event - unusually low cases to date","Saint Vincent And The Grenadines"
"VCT",8,11,0.445174053656081,25.7272727272727,0.631553668696705,172.545454545455,25.7272727272727,172.545454545455,0.534583508729255,0.0790085016533823,2026,NA,2026-11-01,NA,NA,NA,NA,NA,NA,NA,NA,4,"2026/2027","Unobserved",1,3,3,10,NA,3,"Caribbean","Saint Vincent And The Grenadines",0.631553668696705,172.545454545455,4.70120843540449,"Extremely Low","Rare good event - unusually low cases to date",-0.788655739751691,"Extremely Low",4.34481018852665,"Rare good event - unusually low cases to date","Saint Vincent And The Grenadines"
"VCT",9,12,0.495122389100471,51.7272727272727,0.611483728055591,224.272727272727,51.7272727272727,224.272727272727,0.693031573298479,0.158448064569223,2026,NA,2026-12-01,NA,NA,NA,NA,NA,NA,NA,NA,4,"2026/2027","Unobserved",1,3,3,10,NA,3,"Caribbean","Saint Vincent And The Grenadines",0.611483728055591,224.272727272727,4.34481018852665,"Extremely Low","Rare good event - unusually low cases to date",-0.777428423924104,"Extremely Low",4.34481018852665,"Rare good event - unusually low cases to date","Saint Vincent And The Grenadines"
"VEN",10,1,1.15626095817977,3928,1.30387644746327,28557.4375,3928,28557.4375,0.838505101312922,0.121197363522777,2025,"PAHO",2025-01-01,6008,6008,NA,86,NA,FALSE,"no_lookup_match","current_month_missing",4,"2024/2025","Observed",6008,6008,15279,57855,NA,15279,"South America","Venezuela",1.30387644746327,28557.4375,13.5972395475613,"Low","Below average - fewer cases than typical at this point",-0.901622588827743,"Normal",64.4767235590843,"Average - typical case load at this point","Venezuela"
"VEN",11,2,1.33581612728012,2748.25,1.34635789643711,31305.6875,2748.25,31305.6875,0.929054665786103,0.0905495644731812,2025,"PAHO",2025-02-01,4840,4840,NA,82,NA,FALSE,"no_lookup_match","current_month_missing",4,"2024/2025","Observed",10848,10848,15279,57855,NA,15279,"South America","Venezuela",1.34635789643711,31305.6875,23.023579964056,"Low","Below average - fewer cases than typical at this point",-0.758235679810715,"Normal",64.4767235590843,"Average - typical case load at this point","Venezuela"
"VEN",12,3,1.47345386828195,2017.9375,1.38309725283338,33323.6250000001,2017.9375,33323.625,1,0.0709453342138968,2025,"PAHO",2025-03-01,4431,4431,NA,77,NA,FALSE,"no_lookup_match","current_month_missing",4,"2024/2025","Observed",15279,15279,15279,57855,NA,15279,"South America","Venezuela",1.38309725283338,33323.6250000001,30.4472918201718,"Normal","Average - typical case load at this point",-0.636814537790377,"Normal",64.4767235590843,"Average - typical case load at this point","Venezuela"
"VEN",1,4,1.2113813713912,1943.25,1.2113813713912,1943.25,1943.25,1943.25,0.0644798636954023,0.0644798636954023,2025,"PAHO",2025-04-01,2355,2355,NA,73,NA,FALSE,"no_lookup_match","current_month_missing",4,"2025/2026","Observed",2355,17634,31393,57855,NA,31393,"South America","Venezuela",1.2113813713912,1943.25,69.8691451244579,"Normal","Average - typical case load at this point",0.233136382828727,"Normal",64.4767235590843,"Average - typical case load at this point","Venezuela"
"VEN",2,5,1.27519514468662,2635.9375,1.26301149197157,4579.18750000001,2635.9375,4579.1875,0.149318231718049,0.0848383680226463,2025,"PAHO",2025-05-01,3201,3201,NA,69,NA,FALSE,"no_lookup_match","current_month_missing",4,"2025/2026","Observed",5556,20835,31393,57855,NA,31393,"South America","Venezuela",1.26301149197157,4579.18750000001,69.8542893385009,"Normal","Average - typical case load at this point",0.239699180193162,"Normal",64.4767235590843,"Average - typical case load at this point","Venezuela"
"VEN",3,6,0.706886189569062,2377,1.29074558265364,6956.1875,2377,6956.1875,0.219735377728701,0.0704171460106528,2025,"PAHO",2025-06-01,5379,5379,NA,64,NA,FALSE,"no_lookup_match","current_month_missing",4,"2025/2026","Observed",10935,26214,31393,57855,NA,31393,"South America","Venezuela",1.29074558265364,6956.1875,80.0002145893747,"High","Above average - more cases than typical at this point",0.649773849620707,"Normal",64.4767235590843,"Average - typical case load at this point","Venezuela"
"VEN",4,7,0.755658599546372,2499.875,1.33798525996702,9456.06249999998,2499.875,9456.0625,0.296340588526465,0.0766052107977639,2025,"PAHO",2025-07-01,3409,3409,NA,60,NA,FALSE,"no_lookup_match","current_month_missing",4,"2025/2026","Observed",14344,29623,31393,57855,NA,31393,"South America","Venezuela",1.33798525996702,9456.06249999998,78.8004434057585,"High","Above average - more cases than typical at this point",0.597874804053351,"Normal",64.4767235590843,"Average - typical case load at this point","Venezuela"
"VEN",5,8,0.742344878817681,2513.75,1.34880182401797,11969.8125,2513.75,11969.8125,0.370175709393334,0.0738351208668682,2025,"PAHO",2025-08-01,2914,2914,NA,56,NA,FALSE,"no_lookup_match","current_month_missing",4,"2025/2026","Observed",17258,32537,31393,57855,NA,31393,"South America","Venezuela",1.34880182401797,11969.8125,76.8604000228244,"High","Above average - more cases than typical at this point",0.51306111719909,"Normal",64.4767235590843,"Average - typical case load at this point","Venezuela"
"VEN",6,9,0.692431511595049,2864.125,1.34660051052448,14833.9375,2864.125,14833.9375,0.452783824565434,0.0826081151721,2025,"PAHO",2025-09-01,2793,2793,NA,51,NA,FALSE,"no_lookup_match","current_month_missing",4,"2025/2026","Observed",20051,35330,31393,57855,NA,31393,"South America","Venezuela",1.34660051052448,14833.9375,74.2727936884729,"Normal","Average - typical case load at this point",0.408102514555766,"Normal",64.4767235590843,"Average - typical case load at this point","Venezuela"
"VEN",7,10,0.673170784540323,3404.0625,1.31544157892787,18238,3404.0625,18238,0.547139981225133,0.0943561566596993,2025,"PAHO",2025-10-01,2154,2154,NA,47,NA,FALSE,"no_lookup_match","current_month_missing",4,"2025/2026","Observed",22205,37484,31393,57855,NA,31393,"South America","Venezuela",1.31544157892787,18238,69.9474501426133,"Normal","Average - typical case load at this point",0.249462407989438,"Normal",64.4767235590843,"Average - typical case load at this point","Venezuela"
"VEN",8,11,0.653514709604654,3439.875,1.28943248859042,21677.875,3439.875,21677.875,0.642068630713018,0.0949286494878855,2025,"PAHO",2025-11-01,2319,2319,NA,43,NA,FALSE,"no_lookup_match","current_month_missing",4,"2025/2026","Observed",24524,39803,31393,57855,NA,31393,"South America","Venezuela",1.28943248859042,21677.875,66.9015883745039,"Normal","Average - typical case load at this point",0.149081464638476,"Normal",64.4767235590843,"Average - typical case load at this point","Venezuela"
"VEN",9,12,0.612866857003209,2951.5625,1.24734433488594,24629.4375,2951.5625,24629.4375,0.717307737790145,0.0752391070771269,2025,"PAHO",2025-12-01,1697,1697,NA,38,NA,FALSE,"no_lookup_match","current_month_missing",4,"2025/2026","Observed",26221,41500,31393,57855,NA,31393,"South America","Venezuela",1.24734433488594,24629.4375,64.4767235590843,"Normal","Average - typical case load at this point",0.0721691162219009,"Normal",64.4767235590843,"Average - typical case load at this point","Venezuela"
"VEN",10,1,1.15626095817977,3928,1.30387644746327,28557.4375,3928,28557.4375,0.838505101312922,0.121197363522777,2026,"PAHO",2026-01-01,2036,2036,NA,34,NA,FALSE,"no_lookup_match","current_month_missing",4,"2025/2026","Observed",28257,2036,31393,27790,NA,31393,"South America","Venezuela",1.30387644746327,28557.4375,61.1587158611493,"Normal","Average - typical case load at this point",-0.012012771339902,"Low",14.2387584551015,"Below average - fewer cases than typical at this point","Venezuela"
"VEN",11,2,1.33581612728012,2748.25,1.34635789643711,31305.6875,2748.25,31305.6875,0.929054665786103,0.0905495644731812,2026,"PAHO",2026-02-01,1657,1657,NA,30,NA,FALSE,"no_lookup_match","current_month_missing",4,"2025/2026","Observed",29914,3693,31393,27790,NA,31393,"South America","Venezuela",1.34635789643711,31305.6875,59.4502553589205,"Normal","Average - typical case load at this point",-0.0515809578989092,"Low",14.2387584551015,"Below average - fewer cases than typical at this point","Venezuela"
"VEN",12,3,1.47345386828195,2017.9375,1.38309725283338,33323.6250000001,2017.9375,33323.625,1,0.0709453342138968,2026,"PAHO",2026-03-01,1479,1479,NA,25,NA,FALSE,"no_lookup_match","current_month_missing",4,"2025/2026","Observed",31393,5172,31393,27790,NA,31393,"South America","Venezuela",1.38309725283338,33323.6250000001,58.643088743931,"Normal","Average - typical case load at this point",-0.0681338662910193,"Low",14.2387584551015,"Below average - fewer cases than typical at this point","Venezuela"
"VEN",1,4,1.2113813713912,1943.25,1.2113813713912,1943.25,1943.25,1943.25,0.0644798636954023,0.0644798636954023,2026,"PAHO",2026-04-01,965,965,NA,21,NA,FALSE,"no_lookup_match","current_month_missing",4,"2026/2027","Observed",965,6137,13818,27790,NA,13818,"South America","Venezuela",1.2113813713912,1943.25,35.5737238828992,"Normal","Average - typical case load at this point",-0.553893543417617,"Low",14.2387584551015,"Below average - fewer cases than typical at this point","Venezuela"
"VEN",2,5,1.27519514468662,2635.9375,1.26301149197157,4579.18750000001,2635.9375,4579.1875,0.149318231718049,0.0848383680226463,2026,"PAHO",2026-05-01,1041,1041,NA,17,NA,FALSE,"no_lookup_match","current_month_missing",4,"2026/2027","Observed",2006,7178,13818,27790,NA,13818,"South America","Venezuela",1.26301149197157,4579.18750000001,30.8313485127427,"Normal","Average - typical case load at this point",-0.631432269993777,"Low",14.2387584551015,"Below average - fewer cases than typical at this point","Venezuela"
"VEN",3,6,0.706886189569062,2377,1.29074558265364,6956.1875,2377,6956.1875,0.219735377728701,0.0704171460106528,2026,"PAHO",2026-06-01,1386,1386,NA,12,NA,FALSE,"no_lookup_match","current_month_missing",4,"2026/2027","Observed",3392,8564,13818,27790,NA,13818,"South America","Venezuela",1.29074558265364,6956.1875,33.7658407952018,"Normal","Average - typical case load at this point",-0.582062068178636,"Low",14.2387584551015,"Below average - fewer cases than typical at this point","Venezuela"
"VEN",4,7,0.755658599546372,2499.875,1.33798525996702,9456.06249999998,2499.875,9456.0625,0.296340588526465,0.0766052107977639,2026,"PAHO",2026-07-01,1384,1384,NA,8,NA,FALSE,"no_lookup_match","current_month_missing",4,"2026/2027","Observed",4776,9948,13818,27790,NA,13818,"South America","Venezuela",1.33798525996702,9456.06249999998,34.2552209603299,"Normal","Average - typical case load at this point",-0.572448287267362,"Low",14.2387584551015,"Below average - fewer cases than typical at this point","Venezuela"
"VEN",5,8,0.742344878817681,2513.75,1.34880182401797,11969.8125,2513.75,11969.8125,0.370175709393334,0.0738351208668682,2026,"PAHO",2026-08-01,339,339,NA,7,NA,FALSE,"no_lookup_match","current_month_missing",4,"2026/2027","Observed",5115,10287,13818,27790,NA,13818,"South America","Venezuela",1.34880182401797,11969.8125,28.7699338248988,"Normal","Average - typical case load at this point",-0.665055420111383,"Low",14.2387584551015,"Below average - fewer cases than typical at this point","Venezuela"
"VEN",6,9,0.692431511595049,2864.125,1.34660051052448,14833.9375,2864.125,14833.9375,0.452783824565434,0.0826081151721,2026,NA,2026-09-01,NA,NA,NA,NA,NA,NA,NA,NA,4,"2026/2027","Unobserved",5115,10287,13818,27790,NA,13818,"South America","Venezuela",1.34660051052448,14833.9375,22.8985556599938,"Low","Below average - fewer cases than typical at this point",-0.760259788446152,"Low",14.2387584551015,"Below average - fewer cases than typical at this point","Venezuela"
"VEN",7,10,0.673170784540323,3404.0625,1.31544157892787,18238,3404.0625,18238,0.547139981225133,0.0943561566596993,2026,NA,2026-10-01,NA,NA,NA,NA,NA,NA,NA,NA,4,"2026/2027","Unobserved",5115,10287,13818,27790,NA,13818,"South America","Venezuela",1.31544157892787,18238,18.6461162831806,"Low","Below average - fewer cases than typical at this point",-0.825231958670376,"Low",14.2387584551015,"Below average - fewer cases than typical at this point","Venezuela"
"VEN",8,11,0.653514709604654,3439.875,1.28943248859042,21677.875,3439.875,21677.875,0.642068630713018,0.0949286494878855,2026,NA,2026-11-01,NA,NA,NA,NA,NA,NA,NA,NA,4,"2026/2027","Unobserved",5115,10287,13818,27790,NA,13818,"South America","Venezuela",1.28943248859042,21677.875,15.7261030192027,"Low","Below average - fewer cases than typical at this point",-0.867571755851894,"Low",14.2387584551015,"Below average - fewer cases than typical at this point","Venezuela"
"VEN",9,12,0.612866857003209,2951.5625,1.24734433488594,24629.4375,2951.5625,24629.4375,0.717307737790145,0.0752391070771269,2026,NA,2026-12-01,NA,NA,NA,NA,NA,NA,NA,NA,4,"2026/2027","Unobserved",5115,10287,13818,27790,NA,13818,"South America","Venezuela",1.24734433488594,24629.4375,14.2387584551015,"Low","Below average - fewer cases than typical at this point",-0.884878669824506,"Low",14.2387584551015,"Below average - fewer cases than typical at this point","Venezuela"
"VGB",10,1,1.06778394602052,18.9166666666667,1.26940189551408,148.666666666667,18.9166666666667,148.666666666667,0.828721637463227,0.166863693613994,2025,"PAHO",2025-01-01,11,11,NA,86,NA,FALSE,"no_lookup_match","current_month_missing",4,"2024/2025","Observed",11,11,21,89,NA,21,"Caribbean","Virgin Islands (Uk)",1.26940189551408,148.666666666667,4.61036514488786,"Extremely Low","Rare good event - unusually low cases to date",-1.03888746601353,"Normal",30.1520254439075,"Average - typical case load at this point","Virgin Islands (Uk)"
"VGB",11,2,0.884695436404562,8.91666666666666,1.41399710500845,157.583333333333,8.91666666666667,157.583333333333,0.905234948051483,0.0765133105882565,2025,"PAHO",2025-02-01,4,4,NA,82,NA,FALSE,"no_lookup_match","current_month_missing",4,"2024/2025","Observed",15,15,21,89,NA,21,"Caribbean","Virgin Islands (Uk)",1.41399710500845,157.583333333333,4.76933890301542,"Extremely Low","Rare good event - unusually low cases to date",-1.07113193075562,"Normal",30.1520254439075,"Average - typical case load at this point","Virgin Islands (Uk)"
"VGB",12,3,0.929160255830594,11.0833333333333,1.54791153323572,168.666666666667,11.0833333333333,168.666666666667,1,0.0947650519485168,2025,"PAHO",2025-03-01,6,6,NA,77,NA,FALSE,"no_lookup_match","current_month_missing",4,"2024/2025","Observed",21,21,21,89,NA,21,"Caribbean","Virgin Islands (Uk)",1.54791153323572,168.666666666667,5.47010877132962,"Low","Below average - fewer cases than typical at this point",-1.08428270868919,"Normal",30.1520254439075,"Average - typical case load at this point","Virgin Islands (Uk)"
"VGB",1,4,0.444523812796466,6.41666666666666,0.444523812796466,6.41666666666666,6.41666666666667,6.41666666666667,0.0307442749024471,0.0307442749024471,2025,"PAHO",2025-04-01,4,4,NA,73,NA,FALSE,"no_lookup_match","current_month_missing",4,"2025/2026","Observed",4,25,35,89,NA,36,"Caribbean","Virgin Islands (Uk)",0.444523812796466,6.41666666666666,61.7078977623525,"Normal","Average - typical case load at this point",-0.242834165407028,"Normal",30.1520254439075,"Average - typical case load at this point","Virgin Islands (Uk)"
"VGB",2,5,0.693667870585733,15.5833333333333,0.686854616786208,22,15.5833333333333,22,0.106677959246658,0.0759336843442105,2025,"PAHO",2025-05-01,1,1,NA,69,NA,FALSE,"no_lookup_match","current_month_missing",4,"2025/2026","Observed",5,26,35,89,NA,36,"Caribbean","Virgin Islands (Uk)",0.686854616786208,22,31.6016829479237,"Normal","Average - typical case load at this point",-0.630641937544919,"Normal",30.1520254439075,"Average - typical case load at this point","Virgin Islands (Uk)"
"VGB",3,6,0.38797989766845,7.33333333333334,0.650033775658061,29.3333333333334,7.33333333333333,29.3333333333333,0.138830653646806,0.0321526944001489,2025,"PAHO",2025-06-01,1,1,NA,64,NA,FALSE,"no_lookup_match","current_month_missing",4,"2025/2026","Observed",6,27,35,89,NA,36,"Caribbean","Virgin Islands (Uk)",0.650033775658061,29.3333333333334,30.503397398217,"Normal","Average - typical case load at this point",-0.634342540291798,"Normal",30.1520254439075,"Average - typical case load at this point","Virgin Islands (Uk)"
"VGB",4,7,0.494410662486927,8.5,0.638719542049442,37.8333333333333,8.5,37.8333333333333,0.179896707464396,0.0410660538175899,2025,"PAHO",2025-07-01,1,1,NA,60,NA,FALSE,"no_lookup_match","current_month_missing",4,"2025/2026","Observed",7,28,35,89,NA,36,"Caribbean","Virgin Islands (Uk)",0.638719542049442,37.8333333333333,28.8919284392062,"Normal","Average - typical case load at this point",-0.645900463334276,"Normal",30.1520254439075,"Average - typical case load at this point","Virgin Islands (Uk)"
"VGB",5,8,0.635441591445316,21.25,0.660738848018047,59.0833333333334,21.25,59.0833333333333,0.287553368762185,0.107656661297789,2025,"WHO",2025-08-01,0,0,NA,13,NA,FALSE,"no_lookup_match",NA,4,"2025/2026","Observed",7,28,35,89,NA,36,"Caribbean","Virgin Islands (Uk)",0.660738848018047,59.0833333333334,21.3637497102812,"Low","Below average - fewer cases than typical at this point",-0.712580259769163,"Normal",30.1520254439075,"Average - typical case load at this point","Virgin Islands (Uk)"
"VGB",6,9,0.601413987660592,16,0.696758454000823,75.0833333333332,16,75.0833333333333,0.373256860066506,0.0857034913043204,2025,"PAHO",2025-09-01,8,8,NA,51,NA,FALSE,"no_lookup_match","current_month_missing",4,"2025/2026","Observed",15,36,35,89,NA,36,"Caribbean","Virgin Islands (Uk)",0.696758454000823,75.0833333333332,27.2145298306721,"Normal","Average - typical case load at this point",-0.664883883777757,"Normal",30.1520254439075,"Average - typical case load at this point","Virgin Islands (Uk)"
"VGB",7,10,0.722475000695091,27.5,0.700026600433124,102.583333333333,27.5,102.583333333333,0.515701939372605,0.1424450793061,2025,"WHO",2025-10-01,7,7,7,11,1,TRUE,"applied_mean",NA,4,"2025/2026","Observed",22,43,35,89,NA,36,"Caribbean","Virgin Islands (Uk)",0.700026600433124,102.583333333333,28.072925406383,"Normal","Average - typical case load at this point",-0.655011488570774,"Normal",30.1520254439075,"Average - typical case load at this point","Virgin Islands (Uk)"
"VGB",8,11,0.614859713101277,15.0833333333333,0.715642591167467,117.666666666667,15.0833333333333,117.666666666667,0.597590677637905,0.0818887382652993,2025,"PAHO",2025-11-01,10,10,NA,43,NA,FALSE,"no_lookup_match","current_month_missing",4,"2025/2026","Observed",32,53,35,89,NA,36,"Caribbean","Virgin Islands (Uk)",0.715642591167467,117.666666666667,31.8731696881399,"Normal","Average - typical case load at this point",-0.614030338068017,"Normal",30.1520254439075,"Average - typical case load at this point","Virgin Islands (Uk)"
"VGB",9,12,0.662130312012079,12.0833333333333,0.727361450147816,129.75,12.0833333333333,129.75,0.661857943849233,0.0642672662113279,2025,"Estimates",2025-12-01,1,NA,NA,NA,NA,NA,NA,"current_month_missing",4,"2025/2026","Unobserved",33,54,35,89,1.34961259043789,36,"Caribbean","Virgin Islands (Uk)",0.727361450147816,129.75,30.1520254439075,"Normal","Average - typical case load at this point",-0.634168764734552,"Normal",30.1520254439075,"Average - typical case load at this point","Virgin Islands (Uk)"
"VGB",10,1,1.06778394602052,18.9166666666667,1.26940189551408,148.666666666667,18.9166666666667,148.666666666667,0.828721637463227,0.166863693613994,2026,"WHO",2026-01-01,0,0,0,8,1,TRUE,"applied_mean",NA,4,"2025/2026","Observed",33,0,35,108,NA,36,"Caribbean","Virgin Islands (Uk)",1.26940189551408,148.666666666667,15.4797374286385,"Low","Below average - fewer cases than typical at this point",-0.872866708732914,"Low",19.6405879712689,"Below average - fewer cases than typical at this point","Virgin Islands (Uk)"
"VGB",11,2,0.884695436404562,8.91666666666666,1.41399710500845,157.583333333333,8.91666666666667,157.583333333333,0.905234948051483,0.0765133105882565,2026,"WHO",2026-02-01,0,0,0,7,1,TRUE,"applied_mean",NA,4,"2025/2026","Observed",33,0,35,108,NA,36,"Caribbean","Virgin Islands (Uk)",1.41399710500845,157.583333333333,12.5162679453888,"Low","Below average - fewer cases than typical at this point",-0.935910132366838,"Low",19.6405879712689,"Below average - fewer cases than typical at this point","Virgin Islands (Uk)"
"VGB",12,3,0.929160255830594,11.0833333333333,1.54791153323572,168.666666666667,11.0833333333333,168.666666666667,1,0.0947650519485168,2026,"PAHO",2026-03-01,3,3,NA,25,NA,FALSE,"no_lookup_match","current_month_missing",4,"2025/2026","Observed",36,3,35,108,NA,36,"Caribbean","Virgin Islands (Uk)",1.54791153323572,168.666666666667,11.1974320571747,"Low","Below average - fewer cases than typical at this point",-0.974141124285098,"Low",19.6405879712689,"Below average - fewer cases than typical at this point","Virgin Islands (Uk)"
"VGB",1,4,0.444523812796466,6.41666666666666,0.444523812796466,6.41666666666666,6.41666666666667,6.41666666666667,0.0307442749024471,0.0307442749024471,2026,"PAHO",2026-04-01,8,8,NA,21,NA,FALSE,"no_lookup_match","current_month_missing",4,"2026/2027","Observed",8,11,86,108,NA,59,"Caribbean","Virgin Islands (Uk)",0.444523812796466,6.41666666666666,75.3545058193412,"High","Above average - more cases than typical at this point",0.159098246301157,"Low",19.6405879712689,"Below average - fewer cases than typical at this point","Virgin Islands (Uk)"
"VGB",2,5,0.693667870585733,15.5833333333333,0.686854616786208,22,15.5833333333333,22,0.106677959246658,0.0759336843442105,2026,"PAHO",2026-05-01,4,4,NA,17,NA,FALSE,"no_lookup_match","current_month_missing",4,"2026/2027","Observed",12,15,86,108,NA,59,"Caribbean","Virgin Islands (Uk)",0.686854616786208,22,49.9790471620913,"Normal","Average - typical case load at this point",-0.370965845614658,"Low",19.6405879712689,"Below average - fewer cases than typical at this point","Virgin Islands (Uk)"
"VGB",3,6,0.38797989766845,7.33333333333334,0.650033775658061,29.3333333333334,7.33333333333333,29.3333333333333,0.138830653646806,0.0321526944001489,2026,"WHO",2026-06-01,0,0,0,3,0.974603174603175,TRUE,"applied_mean",NA,4,"2026/2027","Observed",12,15,86,108,NA,59,"Caribbean","Virgin Islands (Uk)",0.650033775658061,29.3333333333334,43.7437885557813,"Normal","Average - typical case load at this point",-0.471225887073907,"Low",19.6405879712689,"Below average - fewer cases than typical at this point","Virgin Islands (Uk)"
"VGB",4,7,0.494410662486927,8.5,0.638719542049442,37.8333333333333,8.5,37.8333333333333,0.179896707464396,0.0410660538175899,2026,"Estimates",2026-07-01,1,NA,NA,2,NA,FALSE,"insufficient_n_rf",NA,4,"2026/2027","Unobserved",13,16,86,108,1.43731188361565,59,"Caribbean","Virgin Islands (Uk)",0.638719542049442,37.8333333333333,40.0282991050452,"Normal","Average - typical case load at this point",-0.520211724523281,"Low",19.6405879712689,"Below average - fewer cases than typical at this point","Virgin Islands (Uk)"
"VGB",5,8,0.635441591445316,21.25,0.660738848018047,59.0833333333334,21.25,59.0833333333333,0.287553368762185,0.107656661297789,2026,"Estimates",2026-08-01,4,NA,NA,1,NA,FALSE,"no_lookup_match",NA,4,"2026/2027","Unobserved",17,20,86,108,3.76798314542262,59,"Caribbean","Virgin Islands (Uk)",0.660738848018047,59.0833333333334,35.2469726310523,"Normal","Average - typical case load at this point",-0.575764849893483,"Low",19.6405879712689,"Below average - fewer cases than typical at this point","Virgin Islands (Uk)"
"VGB",6,9,0.601413987660592,16,0.696758454000823,75.0833333333332,16,75.0833333333333,0.373256860066506,0.0857034913043204,2026,NA,2026-09-01,NA,NA,NA,NA,NA,NA,NA,NA,4,"2026/2027","Unobserved",17,20,86,108,NA,59,"Caribbean","Virgin Islands (Uk)",0.696758454000823,75.0833333333332,29.3477186063424,"Normal","Average - typical case load at this point",-0.642751826620107,"Low",19.6405879712689,"Below average - fewer cases than typical at this point","Virgin Islands (Uk)"
"VGB",7,10,0.722475000695091,27.5,0.700026600433124,102.583333333333,27.5,102.583333333333,0.515701939372605,0.1424450793061,2026,NA,2026-10-01,NA,NA,NA,NA,NA,NA,NA,NA,4,"2026/2027","Unobserved",17,20,86,108,NA,59,"Caribbean","Virgin Islands (Uk)",0.700026600433124,102.583333333333,23.9396656591984,"Low","Below average - fewer cases than typical at this point",-0.695653359629974,"Low",19.6405879712689,"Below average - fewer cases than typical at this point","Virgin Islands (Uk)"
"VGB",8,11,0.614859713101277,15.0833333333333,0.715642591167467,117.666666666667,15.0833333333333,117.666666666667,0.597590677637905,0.0818887382652993,2026,NA,2026-11-01,NA,NA,NA,NA,NA,NA,NA,NA,4,"2026/2027","Unobserved",17,20,86,108,NA,59,"Caribbean","Virgin Islands (Uk)",0.715642591167467,117.666666666667,21.3730598263839,"Low","Below average - fewer cases than typical at this point",-0.721545377807553,"Low",19.6405879712689,"Below average - fewer cases than typical at this point","Virgin Islands (Uk)"
"VGB",9,12,0.662130312012079,12.0833333333333,0.727361450147816,129.75,12.0833333333333,129.75,0.661857943849233,0.0642672662113279,2026,NA,2026-12-01,NA,NA,NA,NA,NA,NA,NA,NA,4,"2026/2027","Unobserved",17,20,86,108,NA,59,"Caribbean","Virgin Islands (Uk)",0.727361450147816,129.75,19.6405879712689,"Low","Below average - fewer cases than typical at this point",-0.739044219367656,"Low",19.6405879712689,"Below average - fewer cases than typical at this point","Virgin Islands (Uk)"
"VNM",10,1,2.28423045049544,9440.62500000001,3.39114189058131,134019.687499999,9440.625,134019.6875,0.926203373504159,0.0723071395972992,2025,"WHO",2025-01-01,8655,8655,NA,20,NA,FALSE,"no_lookup_match",NA,4,"2024/2025","Observed",8655,8655,16481,215851,NA,16481,"East & Southeast Asia","Viet Nam",3.39114189058131,134019.687499999,0.0489727795781733,"Extremely Low","Rare good event - unusually low cases to date",-1.72255900737298,"High",76.9909448142387,"Above average - more cases than typical at this point","Viet Nam"
"VNM",11,2,2.07417746762029,5101.93749999999,3.50499729526337,139121.625,5101.9375,139121.625,0.965266903061258,0.0390635295570985,2025,"WHO",2025-02-01,4923,4923,NA,19,NA,FALSE,"no_lookup_match",NA,4,"2024/2025","Observed",13578,13578,16481,215851,NA,16481,"East & Southeast Asia","Viet Nam",3.50499729526337,139121.625,0.152723332428237,"Extremely Low","Rare good event - unusually low cases to date",-1.68942297356206,"High",76.9909448142387,"Above average - more cases than typical at this point","Viet Nam"
"VNM",12,3,1.9245635181311,4413.37500000001,3.60854756136705,143535,4413.375,143535,1,0.0347330969387424,2025,"WHO",2025-03-01,2903,2903,NA,18,NA,FALSE,"no_lookup_match",NA,4,"2024/2025","Observed",16481,16481,16481,215851,NA,16481,"East & Southeast Asia","Viet Nam",3.60854756136705,143535,0.22279644894174,"Extremely Low","Rare good event - unusually low cases to date",-1.68147837543581,"High",76.9909448142387,"Above average - more cases than typical at this point","Viet Nam"
"VNM",1,4,1.40304439102621,3893.37499999999,1.40304439102621,3893.37499999999,3893.375,3893.375,0.0271982624264649,0.0271982624264649,2025,"WHO",2025-04-01,2654,2654,NA,17,NA,FALSE,"no_lookup_match",NA,4,"2025/2026","Observed",2654,19135,201362,215851,NA,201362,"East & Southeast Asia","Viet Nam",1.40304439102621,3893.37499999999,44.6514648428739,"Normal","Average - typical case load at this point",-0.376993587411031,"High",76.9909448142387,"Above average - more cases than typical at this point","Viet Nam"
"VNM",2,5,2.34658327295036,5321.8125,2.18550342525302,9215.18749999999,5321.8125,9215.1875,0.0645084058931801,0.0373101434667153,2025,"WHO",2025-05-01,4792,4792,NA,16,NA,FALSE,"no_lookup_match",NA,4,"2025/2026","Observed",7446,23927,201362,215851,NA,201362,"East & Southeast Asia","Viet Nam",2.18550342525302,9215.18749999999,47.0815696779205,"Normal","Average - typical case load at this point",-0.283787942012876,"High",76.9909448142387,"Above average - more cases than typical at this point","Viet Nam"
"VNM",3,6,2.21062493984932,8846.06250000002,2.4413078366184,18061.25,8846.0625,18061.25,0.124344738252438,0.059836332359258,2025,"WHO",2025-06-01,7224,7224,NA,15,NA,FALSE,"no_lookup_match",NA,4,"2025/2026","Observed",14670,31151,201362,215851,NA,201362,"East & Southeast Asia","Viet Nam",2.4413078366184,18061.25,46.190987244432,"Normal","Average - typical case load at this point",-0.293355291164013,"High",76.9909448142387,"Above average - more cases than typical at this point","Viet Nam"
"VNM",4,7,2.29405859694996,15335.875,2.49422651672315,33397.125,15335.875,33397.125,0.22894484048058,0.104600102228142,2025,"WHO",2025-07-01,16356,16356,NA,14,NA,FALSE,"no_lookup_match",NA,4,"2025/2026","Observed",31026,47507,201362,215851,NA,201362,"East & Southeast Asia","Viet Nam",2.49422651672315,33397.125,53.9444443587771,"Normal","Average - typical case load at this point",-0.112123616340651,"High",76.9909448142387,"Above average - more cases than typical at this point","Viet Nam"
"VNM",5,8,2.58516702254518,18421.5,2.61905124954669,51818.6249999999,18421.5,51818.625,0.355163842637727,0.126219002157148,2025,"WHO",2025-08-01,27964,27964,NA,13,NA,FALSE,"no_lookup_match",NA,4,"2025/2026","Observed",58990,75471,201362,215851,NA,201362,"East & Southeast Asia","Viet Nam",2.61905124954669,51818.6249999999,66.2661810610551,"Normal","Average - typical case load at this point",0.22396366794123,"High",76.9909448142387,"Above average - more cases than typical at this point","Viet Nam"
"VNM",6,9,2.63447720283605,19423.7499999999,2.70824068422265,71242.375,19423.75,71242.375,0.485682609801226,0.130518767163498,2025,"WHO",2025-09-01,27046,27046,27046,12,1,TRUE,"applied_mean",NA,4,"2025/2026","Observed",86036,102517,201362,215851,NA,201362,"East & Southeast Asia","Viet Nam",2.70824068422265,71242.375,69.8973989855688,"Normal","Average - typical case load at this point",0.341720938948875,"High",76.9909448142387,"Above average - more cases than typical at this point","Viet Nam"
"VNM",7,10,2.66887711658502,21337.125,2.83953161324976,92579.5000000003,21337.125,92579.5,0.630127202080864,0.144444592279639,2025,"WHO",2025-10-01,37738,37738,37738,11,1,TRUE,"applied_mean",NA,4,"2025/2026","Observed",123774,140255,201362,215851,NA,201362,"East & Southeast Asia","Viet Nam",2.83953161324976,92579.5000000003,76.0699523065262,"High","Above average - more cases than typical at this point",0.567779740541782,"High",76.9909448142387,"Above average - more cases than typical at this point","Viet Nam"
"VNM",8,11,2.96929180893821,18051.8125,2.99248586523535,110631.3125,18051.8125,110631.3125,0.755595769289171,0.125468567208306,2025,"WHO",2025-11-01,24027,24027,24027,10,1,TRUE,"applied_mean",NA,4,"2025/2026","Observed",147801,164282,201362,215851,NA,201362,"East & Southeast Asia","Viet Nam",2.99248586523535,110631.3125,76.2927134646534,"High","Above average - more cases than typical at this point",0.581193870412899,"High",76.9909448142387,"Above average - more cases than typical at this point","Viet Nam"
"VNM",9,12,2.92794531146749,13947.7499999999,3.1108487976485,124579.0625,13947.75,124579.0625,0.85389623390686,0.0983004646176893,2025,"WHO",2025-12-01,20032,20032,20032,9,1,TRUE,"applied_mean",NA,4,"2025/2026","Observed",167833,184314,201362,215851,NA,201362,"East & Southeast Asia","Viet Nam",3.1108487976485,124579.0625,76.9909448142387,"High","Above average - more cases than typical at this point",0.612371004905714,"High",76.9909448142387,"Above average - more cases than typical at this point","Viet Nam"
"VNM",10,1,2.28423045049544,9440.62500000001,3.39114189058131,134019.687499999,9440.625,134019.6875,0.926203373504159,0.0723071395972992,2026,"WHO",2026-01-01,18077,17724,18077,8,1.01993668178318,TRUE,"applied_mean",NA,4,"2025/2026","Observed",185910,18077,201362,331976,NA,201362,"East & Southeast Asia","Viet Nam",3.39114189058131,134019.687499999,79.2309529939835,"High","Above average - more cases than typical at this point",0.712992844913168,"Normal",32.6458435508198,"Average - typical case load at this point","Viet Nam"
"VNM",11,2,2.07417746762029,5101.93749999999,3.50499729526337,139121.625,5101.9375,139121.625,0.965266903061258,0.0390635295570985,2026,"WHO",2026-02-01,8045,7698,8045,7,1.04508424331602,TRUE,"applied_mean",NA,4,"2025/2026","Observed",193955,26122,201362,331976,NA,201362,"East & Southeast Asia","Viet Nam",3.50499729526337,139121.625,79.7448150770314,"High","Above average - more cases than typical at this point",0.737885045480751,"Normal",32.6458435508198,"Average - typical case load at this point","Viet Nam"
"VNM",12,3,1.9245635181311,4413.37500000001,3.60854756136705,143535,4413.375,143535,1,0.0347330969387424,2026,"WHO",2026-03-01,7407,7195,7407,6,1.02950308657082,TRUE,"applied_mean",NA,4,"2025/2026","Observed",201362,33529,201362,331976,NA,201362,"East & Southeast Asia","Viet Nam",3.60854756136705,143535,80.3133114433373,"High","Above average - more cases than typical at this point",0.765303335718089,"Normal",32.6458435508198,"Average - typical case load at this point","Viet Nam"
"VNM",1,4,1.40304439102621,3893.37499999999,1.40304439102621,3893.37499999999,3893.375,3893.375,0.0271982624264649,0.0271982624264649,2026,"WHO",2026-04-01,9694,9649,9694,5,1.00461702051182,TRUE,"applied_mean",NA,4,"2026/2027","Observed",9694,43223,237572,331976,NA,237572,"East & Southeast Asia","Viet Nam",1.40304439102621,3893.37499999999,93.7520229402047,"High","Above average - more cases than typical at this point",1.76443645222481,"Normal",32.6458435508198,"Average - typical case load at this point","Viet Nam"
"VNM",2,5,2.34658327295036,5321.8125,2.18550342525302,9215.18749999999,5321.8125,9215.1875,0.0645084058931801,0.0373101434667153,2026,"WHO",2026-05-01,6530,6505,6530,4,1.00380247177721,TRUE,"applied_mean",NA,4,"2026/2027","Observed",16224,49753,237572,331976,NA,237572,"East & Southeast Asia","Viet Nam",2.18550342525302,9215.18749999999,87.2695019575466,"High","Above average - more cases than typical at this point",1.12425419879416,"Normal",32.6458435508198,"Average - typical case load at this point","Viet Nam"
"VNM",3,6,2.21062493984932,8846.06250000002,2.4413078366184,18061.25,8846.0625,18061.25,0.124344738252438,0.059836332359258,2026,"WHO",2026-06-01,9694,9733,9694,3,0.996043967016771,TRUE,"applied_mean",NA,4,"2026/2027","Observed",25918,59447,237572,331976,NA,237572,"East & Southeast Asia","Viet Nam",2.4413078366184,18061.25,79.07117849571,"High","Above average - more cases than typical at this point",0.679637061217206,"Normal",32.6458435508198,"Average - typical case load at this point","Viet Nam"
"VNM",4,7,2.29405859694996,15335.875,2.49422651672315,33397.125,15335.875,33397.125,0.22894484048058,0.104600102228142,2026,"WHO",2026-07-01,34390,24194,34390,2,1.42140670310775,TRUE,"applied_mean",NA,4,"2026/2027","Observed",60308,93837,237572,331976,NA,237572,"East & Southeast Asia","Viet Nam",2.49422651672315,33397.125,89.190264327375,"High","Above average - more cases than typical at this point",1.27253713907585,"Normal",32.6458435508198,"Average - typical case load at this point","Viet Nam"
"VNM",5,8,2.58516702254518,18421.5,2.61905124954669,51818.6249999999,18421.5,51818.625,0.355163842637727,0.126219002157148,2026,"WHO",2026-08-01,24069,24069,NA,1,NA,FALSE,"no_lookup_match",NA,4,"2026/2027","Observed",84377,117906,237572,331976,NA,237572,"East & Southeast Asia","Viet Nam",2.61905124954669,51818.6249999999,85.4840612919645,"High","Above average - more cases than typical at this point",1.0168054365036,"Normal",32.6458435508198,"Average - typical case load at this point","Viet Nam"
"VNM",6,9,2.63447720283605,19423.7499999999,2.70824068422265,71242.375,19423.75,71242.375,0.485682609801226,0.130518767163498,2026,NA,2026-09-01,NA,NA,NA,NA,NA,NA,NA,NA,4,"2026/2027","Unobserved",84377,117906,237572,331976,NA,237572,"East & Southeast Asia","Viet Nam",2.70824068422265,71242.375,68.7135404774894,"Normal","Average - typical case load at this point",0.303399362072606,"Normal",32.6458435508198,"Average - typical case load at this point","Viet Nam"
"VNM",7,10,2.66887711658502,21337.125,2.83953161324976,92579.5000000003,21337.125,92579.5,0.630127202080864,0.144444592279639,2026,NA,2026-10-01,NA,NA,NA,NA,NA,NA,NA,NA,4,"2026/2027","Unobserved",84377,117906,237572,331976,NA,237572,"East & Southeast Asia","Viet Nam",2.83953161324976,92579.5000000003,51.8620391365304,"Normal","Average - typical case load at this point",-0.149295975950703,"Normal",32.6458435508198,"Average - typical case load at this point","Viet Nam"
"VNM",8,11,2.96929180893821,18051.8125,2.99248586523535,110631.3125,18051.8125,110631.3125,0.755595769289171,0.125468567208306,2026,NA,2026-11-01,NA,NA,NA,NA,NA,NA,NA,NA,4,"2026/2027","Unobserved",84377,117906,237572,331976,NA,237572,"East & Southeast Asia","Viet Nam",2.99248586523535,110631.3125,40.1112556192828,"Normal","Average - typical case load at this point",-0.410518530641527,"Normal",32.6458435508198,"Average - typical case load at this point","Viet Nam"
"VNM",9,12,2.92794531146749,13947.7499999999,3.1108487976485,124579.0625,13947.75,124579.0625,0.85389623390686,0.0983004646176893,2026,NA,2026-12-01,NA,NA,NA,NA,NA,NA,NA,NA,4,"2026/2027","Unobserved",84377,117906,237572,331976,NA,237572,"East & Southeast Asia","Viet Nam",3.1108487976485,124579.0625,32.6458435508198,"Normal","Average - typical case load at this point",-0.569163845774904,"Normal",32.6458435508198,"Average - typical case load at this point","Viet Nam"
"VUT",2,1,0.691881668334548,13.1111111111111,0.670175650100264,23.6666666666667,13.1111111111111,23.6666666666667,0.216125868288963,0.126386519300577,2025,"WHO",2025-01-01,74,74,NA,20,NA,FALSE,"no_lookup_match",NA,12,"2024/2025","Observed",74,74,104,1493,NA,104,"Pacific Islands","Vanuatu",0.670175650100264,23.6666666666667,93.5593302541166,"High","Above average - more cases than typical at this point",1.71691720875394,"High",89.9882182834371,"Above average - more cases than typical at this point","Vanuatu"
"VUT",3,2,1.15505983827854,11.5555555555556,0.948843928610421,35.2222222222223,11.5555555555556,35.2222222222222,0.342907216158947,0.126781347869984,2025,"WHO",2025-02-01,10,10,NA,19,NA,FALSE,"no_lookup_match",NA,12,"2024/2025","Observed",84,84,104,1493,NA,104,"Pacific Islands","Vanuatu",0.948843928610421,35.2222222222223,90.4532707627392,"High","Above average - more cases than typical at this point",1.33116034310748,"High",89.9882182834371,"Above average - more cases than typical at this point","Vanuatu"
"VUT",4,3,1.34244530693515,10.3333333333333,1.38524399696751,45.5555555555556,10.3333333333333,45.5555555555556,0.461327215726825,0.118419999567878,2025,"WHO",2025-03-01,0,0,NA,18,NA,FALSE,"no_lookup_match",NA,12,"2024/2025","Observed",84,84,104,1493,NA,104,"Pacific Islands","Vanuatu",1.38524399696751,45.5555555555556,85.8130822687696,"High","Above average - more cases than typical at this point",0.978477430577072,"High",89.9882182834371,"Above average - more cases than typical at this point","Vanuatu"
"VUT",5,4,1.3536676950285,12.4444444444444,1.70042017062465,58,12.4444444444444,58,0.575427777791146,0.114100562064321,2025,"WHO",2025-04-01,1,1,NA,17,NA,FALSE,"no_lookup_match",NA,12,"2024/2025","Observed",85,85,104,1493,NA,104,"Pacific Islands","Vanuatu",1.70042017062465,58,78.3527969815391,"High","Above average - more cases than typical at this point",0.598327821579249,"High",89.9882182834371,"Above average - more cases than typical at this point","Vanuatu"
"VUT",6,5,1.25715206864066,9.66666666666667,3.10743053390867,67.6666666666666,9.66666666666667,67.6666666666667,0.668418254372116,0.0929904765809707,2025,"WHO",2025-05-01,0,0,NA,16,NA,FALSE,"no_lookup_match",NA,12,"2024/2025","Observed",85,85,104,1493,NA,104,"Pacific Islands","Vanuatu",3.10743053390867,67.6666666666666,72.8063659126376,"Normal","Average - typical case load at this point",0.441527992459878,"High",89.9882182834371,"Above average - more cases than typical at this point","Vanuatu"
"VUT",7,6,0.792592085531311,4.55555555555555,3.76539146028354,72.2222222222222,4.55555555555556,72.2222222222222,0.702659817384791,0.034241563012675,2025,"WHO",2025-06-01,0,0,NA,15,NA,FALSE,"no_lookup_match",NA,12,"2024/2025","Observed",85,85,104,1493,NA,104,"Pacific Islands","Vanuatu",3.76539146028354,72.2222222222222,69.1244534295583,"Normal","Average - typical case load at this point",0.334698349640198,"High",89.9882182834371,"Above average - more cases than typical at this point","Vanuatu"
"VUT",8,7,0.916646896129237,8.22222222222222,4.57997773330891,80.4444444444444,8.22222222222222,80.4444444444444,0.749418953363856,0.0467591359790646,2025,"WHO",2025-07-01,1,1,NA,14,NA,FALSE,"no_lookup_match",NA,12,"2024/2025","Observed",86,86,104,1493,NA,104,"Pacific Islands","Vanuatu",4.57997773330891,80.4444444444444,62.1217057617046,"Normal","Average - typical case load at this point",0.14376041083642,"High",89.9882182834371,"Above average - more cases than typical at this point","Vanuatu"
"VUT",9,8,0.20848407260144,62.111111111111,1.39029525245486,142.555555555555,62.1111111111111,142.555555555556,0.821524165273263,0.0721052119094067,2025,"WHO",2025-08-01,0,0,NA,13,NA,FALSE,"no_lookup_match",NA,12,"2024/2025","Observed",86,86,104,1493,NA,104,"Pacific Islands","Vanuatu",1.39029525245486,142.555555555555,40.3036658735125,"Normal","Average - typical case load at this point",-0.46551871331377,"High",89.9882182834371,"Above average - more cases than typical at this point","Vanuatu"
"VUT",10,9,0.19232020888565,110.333333333333,0.725697134990268,252.888888888889,110.333333333333,252.888888888889,0.893220787068249,0.0716966217949868,2025,"WHO",2025-09-01,2,2,2,12,1,TRUE,"applied_mean",NA,12,"2024/2025","Observed",88,88,104,1493,NA,104,"Pacific Islands","Vanuatu",0.725697134990268,252.888888888889,36.5421053225054,"Normal","Average - typical case load at this point",-0.554647561503111,"High",89.9882182834371,"Above average - more cases than typical at this point","Vanuatu"
"VUT",11,10,0.156579949712283,120.222222222222,0.553194705378376,373.111111111112,120.222222222222,373.111111111111,0.962045926966007,0.0688251398977573,2025,"WHO",2025-10-01,4,4,4,11,1,TRUE,"applied_mean",NA,12,"2024/2025","Observed",92,92,104,1493,NA,104,"Pacific Islands","Vanuatu",0.553194705378376,373.111111111112,35.7589114312934,"Normal","Average - typical case load at this point",-0.559960149723298,"High",89.9882182834371,"Above average - more cases than typical at this point","Vanuatu"
"VUT",12,11,0.199184657719008,25.3333333333334,0.54231652076039,398.444444444443,25.3333333333333,398.444444444444,1,0.0379540730339933,2025,"WHO",2025-11-01,12,12,12,10,1,TRUE,"applied_mean",NA,12,"2024/2025","Observed",104,104,104,1493,NA,104,"Pacific Islands","Vanuatu",0.54231652076039,398.444444444443,37.2533462827282,"Normal","Average - typical case load at this point",-0.543834370027052,"High",89.9882182834371,"Above average - more cases than typical at this point","Vanuatu"
"VUT",1,12,0.372286110521965,10.5555555555556,0.372286110521965,10.5555555555556,10.5555555555556,10.5555555555556,0.0897393489883862,0.0897393489883862,2025,"WHO",2025-12-01,30,30,30,9,1,TRUE,"applied_mean",NA,12,"2025/2026","Observed",30,134,316,1493,NA,316,"Pacific Islands","Vanuatu",0.372286110521965,10.5555555555556,89.9882182834371,"High","Above average - more cases than typical at this point",1.1046538516818,"High",89.9882182834371,"Above average - more cases than typical at this point","Vanuatu"
"VUT",2,1,0.691881668334548,13.1111111111111,0.670175650100264,23.6666666666667,13.1111111111111,23.6666666666667,0.216125868288963,0.126386519300577,2026,"WHO",2026-01-01,16,16,16,8,1,TRUE,"applied_mean",NA,12,"2025/2026","Observed",46,16,316,280,NA,316,"Pacific Islands","Vanuatu",0.670175650100264,23.6666666666667,84.2943429695267,"High","Above average - more cases than typical at this point",0.761810946930556,"Normal",28.4191755868745,"Average - typical case load at this point","Vanuatu"
"VUT",3,2,1.15505983827854,11.5555555555556,0.948843928610421,35.2222222222223,11.5555555555556,35.2222222222222,0.342907216158947,0.126781347869984,2026,"WHO",2026-02-01,0,0,0,7,1,TRUE,"applied_mean",NA,12,"2025/2026","Observed",46,16,316,280,NA,316,"Pacific Islands","Vanuatu",0.948843928610421,35.2222222222223,73.2268607134045,"Normal","Average - typical case load at this point",0.294128822964521,"Normal",28.4191755868745,"Average - typical case load at this point","Vanuatu"
"VUT",4,3,1.34244530693515,10.3333333333333,1.38524399696751,45.5555555555556,10.3333333333333,45.5555555555556,0.461327215726825,0.118419999567878,2026,"WHO",2026-03-01,1,1,1,6,1,TRUE,"applied_mean",NA,12,"2025/2026","Observed",47,17,316,280,NA,316,"Pacific Islands","Vanuatu",1.38524399696751,45.5555555555556,63.0944092300373,"Normal","Average - typical case load at this point",0.0367636028829529,"Normal",28.4191755868745,"Average - typical case load at this point","Vanuatu"
"VUT",5,4,1.3536676950285,12.4444444444444,1.70042017062465,58,12.4444444444444,58,0.575427777791146,0.114100562064321,2026,"WHO",2026-04-01,6,6,6,5,1,TRUE,"applied_mean",NA,12,"2025/2026","Observed",53,23,316,280,NA,316,"Pacific Islands","Vanuatu",1.70042017062465,58,56.2525904644942,"Normal","Average - typical case load at this point",-0.110801448440601,"Normal",28.4191755868745,"Average - typical case load at this point","Vanuatu"
"VUT",6,5,1.25715206864066,9.66666666666667,3.10743053390867,67.6666666666666,9.66666666666667,67.6666666666667,0.668418254372116,0.0929904765809707,2026,"WHO",2026-05-01,6,6,6,4,1,TRUE,"applied_mean",NA,12,"2025/2026","Observed",59,29,316,280,NA,316,"Pacific Islands","Vanuatu",3.10743053390867,67.6666666666666,49.0194048912044,"Normal","Average - typical case load at this point",-0.220763996229938,"Normal",28.4191755868745,"Average - typical case load at this point","Vanuatu"
"VUT",7,6,0.792592085531311,4.55555555555555,3.76539146028354,72.2222222222222,4.55555555555556,72.2222222222222,0.702659817384791,0.034241563012675,2026,"WHO",2026-06-01,42,42,42,3,1,TRUE,"applied_mean",NA,12,"2025/2026","Observed",101,71,316,280,NA,316,"Pacific Islands","Vanuatu",3.76539146028354,72.2222222222222,80.2911267969056,"High","Above average - more cases than typical at this point",0.753798891798359,"Normal",28.4191755868745,"Average - typical case load at this point","Vanuatu"
"VUT",8,7,0.916646896129237,8.22222222222222,4.57997773330891,80.4444444444444,8.22222222222222,80.4444444444444,0.749418953363856,0.0467591359790646,2026,"WHO",2026-07-01,120,120,120,2,1,TRUE,"applied_mean",NA,12,"2025/2026","Observed",221,191,316,280,NA,316,"Pacific Islands","Vanuatu",4.57997773330891,80.4444444444444,99.6449060769301,"Extremely High","Rare bad event - unusually high cases to date",3.63713839416138,"Normal",28.4191755868745,"Average - typical case load at this point","Vanuatu"
"VUT",9,8,0.20848407260144,62.111111111111,1.39029525245486,142.555555555555,62.1111111111111,142.555555555556,0.821524165273263,0.0721052119094067,2026,"WHO",2026-08-01,39,39,NA,1,NA,FALSE,"no_lookup_match",NA,12,"2025/2026","Observed",260,230,316,280,NA,316,"Pacific Islands","Vanuatu",1.39029525245486,142.555555555555,85.5020324460811,"High","Above average - more cases than typical at this point",0.966705854563175,"Normal",28.4191755868745,"Average - typical case load at this point","Vanuatu"
"VUT",10,9,0.19232020888565,110.333333333333,0.725697134990268,252.888888888889,110.333333333333,252.888888888889,0.893220787068249,0.0716966217949868,2026,NA,2026-09-01,NA,NA,NA,NA,NA,NA,NA,NA,12,"2025/2026","Unobserved",260,230,316,280,NA,316,"Pacific Islands","Vanuatu",0.725697134990268,252.888888888889,66.2980869098734,"Normal","Average - typical case load at this point",0.0239201104691374,"Normal",28.4191755868745,"Average - typical case load at this point","Vanuatu"
"VUT",11,10,0.156579949712283,120.222222222222,0.553194705378376,373.111111111112,120.222222222222,373.111111111111,0.962045926966007,0.0688251398977573,2026,NA,2026-10-01,NA,NA,NA,NA,NA,NA,NA,NA,12,"2025/2026","Unobserved",260,230,316,280,NA,316,"Pacific Islands","Vanuatu",0.553194705378376,373.111111111112,58.2982651313057,"Normal","Average - typical case load at this point",-0.225312028623842,"Normal",28.4191755868745,"Average - typical case load at this point","Vanuatu"
"VUT",12,11,0.199184657719008,25.3333333333334,0.54231652076039,398.444444444443,25.3333333333333,398.444444444444,1,0.0379540730339933,2026,NA,2026-11-01,NA,NA,NA,NA,NA,NA,NA,NA,12,"2025/2026","Unobserved",260,230,316,280,NA,316,"Pacific Islands","Vanuatu",0.54231652076039,398.444444444443,56.9555796466883,"Normal","Average - typical case load at this point",-0.255704764171208,"Normal",28.4191755868745,"Average - typical case load at this point","Vanuatu"
"VUT",1,12,0.372286110521965,10.5555555555556,0.372286110521965,10.5555555555556,10.5555555555556,10.5555555555556,0.0897393489883862,0.0897393489883862,2026,NA,2026-12-01,NA,NA,NA,NA,NA,NA,NA,NA,12,"2026/2027","Unobserved",0,230,NA,280,NA,NA,"Pacific Islands","Vanuatu",0.372286110521965,10.5555555555556,28.4191755868745,"Normal","Average - typical case load at this point",-0.599669233770121,"Normal",28.4191755868745,"Average - typical case load at this point","Vanuatu"
"WLF",8,1,3.39062026632986,12.5555555555555,0.59819205513044,281.888888888889,12.5555555555556,281.888888888889,0.694180987393269,0.0941744329329834,2025,"WHO",2025-01-01,7,7,NA,20,NA,FALSE,"no_lookup_match",NA,6,"2024/2025","Observed",7,7,15,53,NA,15,"Pacific Islands","Wallis And Futuna",0.59819205513044,281.888888888889,9.56439019325141,"Low","Below average - fewer cases than typical at this point",-0.753423620922231,"Low",18.0277538313858,"Below average - fewer cases than typical at this point","Wallis And Futuna"
"WLF",9,2,4.53210161027499,8.33333333333333,0.630940911653414,290.222222222222,8.33333333333333,290.222222222222,0.756927128395844,0.0627461410025749,2025,"WHO",2025-02-01,4,4,NA,19,NA,FALSE,"no_lookup_match",NA,6,"2024/2025","Observed",11,11,15,53,NA,15,"Pacific Islands","Wallis And Futuna",0.630940911653414,290.222222222222,10.9421119346181,"Low","Below average - fewer cases than typical at this point",-0.763382318220985,"Low",18.0277538313858,"Below average - fewer cases than typical at this point","Wallis And Futuna"
"WLF",10,3,7.46647488591248,8.22222222222222,0.665839747848659,298.444444444444,8.22222222222222,298.444444444444,0.816578729466764,0.0596516010709202,2025,"WHO",2025-03-01,2,2,NA,18,NA,FALSE,"no_lookup_match",NA,6,"2024/2025","Observed",13,13,15,53,NA,15,"Pacific Islands","Wallis And Futuna",0.665839747848659,298.444444444444,10.7913504147601,"Low","Below average - fewer cases than typical at this point",-0.779577024520765,"Low",18.0277538313858,"Below average - fewer cases than typical at this point","Wallis And Futuna"
"WLF",11,4,3.64165597628724,10.6666666666667,0.728298649362938,309.111111111111,10.6666666666667,309.111111111111,0.898734495079142,0.0821557656123777,2025,"WHO",2025-04-01,1,1,NA,17,NA,FALSE,"no_lookup_match",NA,6,"2024/2025","Observed",14,14,15,53,NA,15,"Pacific Islands","Wallis And Futuna",0.728298649362938,309.111111111111,9.37621526704226,"Low","Below average - fewer cases than typical at this point",-0.813794362710017,"Low",18.0277538313858,"Below average - fewer cases than typical at this point","Wallis And Futuna"
"WLF",12,5,0.882615814258397,11.4444444444445,0.801429174533349,320.555555555555,11.4444444444444,320.555555555556,1,0.101265504920858,2025,"WHO",2025-05-01,1,1,NA,16,NA,FALSE,"no_lookup_match",NA,6,"2024/2025","Observed",15,15,15,53,NA,15,"Pacific Islands","Wallis And Futuna",0.801429174533349,320.555555555555,7.94584146936039,"Low","Below average - fewer cases than typical at this point",-0.852270060846711,"Low",18.0277538313858,"Below average - fewer cases than typical at this point","Wallis And Futuna"
"WLF",1,6,2.4379650017335,8.11111111111111,2.4379650017335,8.11111111111111,8.11111111111111,8.11111111111111,0.0645286122033872,0.0645286122033872,2025,"WHO",2025-06-01,1,1,NA,15,NA,FALSE,"no_lookup_match",NA,6,"2025/2026","Observed",1,16,81,53,NA,81,"Pacific Islands","Wallis And Futuna",2.4379650017335,8.11111111111111,8.08287671301276,"Low","Below average - fewer cases than typical at this point",-1.20033870365459,"Low",18.0277538313858,"Below average - fewer cases than typical at this point","Wallis And Futuna"
"WLF",2,7,2.45553229938456,7.11111111111111,3.02566766838484,15.2222222222222,7.11111111111111,15.2222222222222,0.101828635773842,0.0373000235704543,2025,"WHO",2025-07-01,3,3,NA,14,NA,FALSE,"no_lookup_match",NA,6,"2025/2026","Observed",4,19,81,53,NA,81,"Pacific Islands","Wallis And Futuna",3.02566766838484,15.2222222222222,9.19658370241382,"Low","Below average - fewer cases than typical at this point",-1.17123521564808,"Low",18.0277538313858,"Below average - fewer cases than typical at this point","Wallis And Futuna"
"WLF",3,8,0.393629312781166,72.5555555555556,0.574514786650716,87.7777777777778,72.5555555555556,87.7777777777778,0.21357362061102,0.111744984837178,2025,"WHO",2025-08-01,2,2,NA,13,NA,FALSE,"no_lookup_match",NA,6,"2025/2026","Observed",6,21,81,53,NA,81,"Pacific Islands","Wallis And Futuna",0.574514786650716,87.7777777777778,18.4315356006627,"Low","Below average - fewer cases than typical at this point",-0.703857443694783,"Low",18.0277538313858,"Below average - fewer cases than typical at this point","Wallis And Futuna"
"WLF",4,9,0.395091260112282,43.6666666666667,0.557948558431931,131.444444444445,43.6666666666667,131.444444444444,0.301418112098345,0.0878444914873246,2025,"WHO",2025-09-01,2,2,2,12,1,TRUE,"applied_mean",NA,6,"2025/2026","Observed",8,23,81,53,NA,81,"Pacific Islands","Wallis And Futuna",0.557948558431931,131.444444444445,17.6824689051834,"Low","Below average - fewer cases than typical at this point",-0.70001381273571,"Low",18.0277538313858,"Below average - fewer cases than typical at this point","Wallis And Futuna"
"WLF",5,10,0.516291009655878,50.5555555555556,0.548638251355437,182,50.5555555555556,182,0.408563084331404,0.10714497223306,2025,"WHO",2025-10-01,3,3,3,11,1,TRUE,"applied_mean",NA,6,"2025/2026","Observed",11,26,81,53,NA,81,"Pacific Islands","Wallis And Futuna",0.548638251355437,182,17.7840592308457,"Low","Below average - fewer cases than typical at this point",-0.694886955898658,"Low",18.0277538313858,"Below average - fewer cases than typical at this point","Wallis And Futuna"
"WLF",6,11,0.475444369846156,57.5555555555556,0.532234442150597,239.555555555556,57.5555555555556,239.555555555556,0.51796859633695,0.109405512005546,2025,"WHO",2025-11-01,3,3,3,10,1,TRUE,"applied_mean",NA,6,"2025/2026","Observed",14,29,81,53,NA,81,"Pacific Islands","Wallis And Futuna",0.532234442150597,239.555555555556,18.0605943048081,"Low","Below average - fewer cases than typical at this point",-0.686146505154781,"Low",18.0277538313858,"Below average - fewer cases than typical at this point","Wallis And Futuna"
"WLF",7,12,0.627641781865005,29.7777777777778,0.547504221622376,269.333333333333,29.7777777777778,269.333333333333,0.600006554460286,0.0820379581233356,2025,"WHO",2025-12-01,3,3,3,9,1,TRUE,"applied_mean",NA,6,"2025/2026","Observed",17,32,81,53,NA,81,"Pacific Islands","Wallis And Futuna",0.547504221622376,269.333333333333,18.0277538313858,"Low","Below average - fewer cases than typical at this point",-0.692527913763397,"Low",18.0277538313858,"Below average - fewer cases than typical at this point","Wallis And Futuna"
"WLF",8,1,3.39062026632986,12.5555555555555,0.59819205513044,281.888888888889,12.5555555555556,281.888888888889,0.694180987393269,0.0941744329329834,2026,"WHO",2026-01-01,3,3,3,8,1,TRUE,"applied_mean",NA,6,"2025/2026","Observed",20,3,81,787,NA,81,"Pacific Islands","Wallis And Futuna",0.59819205513044,281.888888888889,17.0193228040755,"Low","Below average - fewer cases than typical at this point",-0.717792835292521,"Normal",44.8185109172907,"Average - typical case load at this point","Wallis And Futuna"
"WLF",9,2,4.53210161027499,8.33333333333333,0.630940911653414,290.222222222222,8.33333333333333,290.222222222222,0.756927128395844,0.0627461410025749,2026,"WHO",2026-02-01,2,2,2,7,1,TRUE,"applied_mean",NA,6,"2025/2026","Observed",22,5,81,787,NA,81,"Pacific Islands","Wallis And Futuna",0.630940911653414,290.222222222222,16.4208690985983,"Low","Below average - fewer cases than typical at this point",-0.733308760917413,"Normal",44.8185109172907,"Average - typical case load at this point","Wallis And Futuna"
"WLF",10,3,7.46647488591248,8.22222222222222,0.665839747848659,298.444444444444,8.22222222222222,298.444444444444,0.816578729466764,0.0596516010709202,2026,"WHO",2026-03-01,4,4,4,6,1,TRUE,"applied_mean",NA,6,"2025/2026","Observed",26,9,81,787,NA,81,"Pacific Islands","Wallis And Futuna",0.665839747848659,298.444444444444,16.5832752277373,"Low","Below average - fewer cases than typical at this point",-0.744072738078987,"Normal",44.8185109172907,"Average - typical case load at this point","Wallis And Futuna"
"WLF",11,4,3.64165597628724,10.6666666666667,0.728298649362938,309.111111111111,10.6666666666667,309.111111111111,0.898734495079142,0.0821557656123777,2026,"WHO",2026-04-01,18,18,18,5,1,TRUE,"applied_mean",NA,6,"2025/2026","Observed",44,27,81,787,NA,81,"Pacific Islands","Wallis And Futuna",0.728298649362938,309.111111111111,20.3555187118534,"Low","Below average - fewer cases than typical at this point",-0.731066773127297,"Normal",44.8185109172907,"Average - typical case load at this point","Wallis And Futuna"
"WLF",12,5,0.882615814258397,11.4444444444445,0.801429174533349,320.555555555555,11.4444444444444,320.555555555556,1,0.101265504920858,2026,"WHO",2026-05-01,37,37,37,4,1,TRUE,"applied_mean",NA,6,"2025/2026","Observed",81,64,81,787,NA,81,"Pacific Islands","Wallis And Futuna",0.801429174533349,320.555555555555,27.514379588551,"Normal","Average - typical case load at this point",-0.668179727703821,"Normal",44.8185109172907,"Average - typical case load at this point","Wallis And Futuna"
"WLF",1,6,2.4379650017335,8.11111111111111,2.4379650017335,8.11111111111111,8.11111111111111,8.11111111111111,0.0645286122033872,0.0645286122033872,2026,"WHO",2026-06-01,25,25,25,3,1,TRUE,"applied_mean",NA,6,"2026/2027","Observed",25,89,487,787,NA,487,"Pacific Islands","Wallis And Futuna",2.4379650017335,8.11111111111111,98.5877920525386,"Extremely High","Rare bad event - unusually high cases to date",2.85080442117964,"Normal",44.8185109172907,"Average - typical case load at this point","Wallis And Futuna"
"WLF",2,7,2.45553229938456,7.11111111111111,3.02566766838484,15.2222222222222,7.11111111111111,15.2222222222222,0.101828635773842,0.0373000235704543,2026,"WHO",2026-07-01,67,61,67,2,1.1,TRUE,"applied_mean",NA,6,"2026/2027","Observed",92,156,487,787,NA,487,"Pacific Islands","Wallis And Futuna",3.02566766838484,15.2222222222222,99.9993173805836,"Extremely High","Rare bad event - unusually high cases to date",8.01310429715666,"Normal",44.8185109172907,"Average - typical case load at this point","Wallis And Futuna"
"WLF",3,8,0.393629312781166,72.5555555555556,0.574514786650716,87.7777777777778,72.5555555555556,87.7777777777778,0.21357362061102,0.111744984837178,2026,"WHO",2026-08-01,12,12,NA,1,NA,FALSE,"insufficient_n_rf",NA,6,"2026/2027","Observed",104,168,487,787,NA,487,"Pacific Islands","Wallis And Futuna",0.574514786650716,87.7777777777778,71.7344807594634,"Normal","Average - typical case load at this point",0.139623895080758,"Normal",44.8185109172907,"Average - typical case load at this point","Wallis And Futuna"
"WLF",4,9,0.395091260112282,43.6666666666667,0.557948558431931,131.444444444445,43.6666666666667,131.444444444444,0.301418112098345,0.0878444914873246,2026,NA,2026-09-01,NA,NA,NA,NA,NA,NA,NA,NA,6,"2026/2027","Unobserved",104,168,487,787,NA,487,"Pacific Islands","Wallis And Futuna",0.557948558431931,131.444444444445,61.4816028149033,"Normal","Average - typical case load at this point",-0.155628633434493,"Normal",44.8185109172907,"Average - typical case load at this point","Wallis And Futuna"
"WLF",5,10,0.516291009655878,50.5555555555556,0.548638251355437,182,50.5555555555556,182,0.408563084331404,0.10714497223306,2026,NA,2026-10-01,NA,NA,NA,NA,NA,NA,NA,NA,6,"2026/2027","Unobserved",104,168,487,787,NA,487,"Pacific Islands","Wallis And Futuna",0.548638251355437,182,53.6567781392164,"Normal","Average - typical case load at this point",-0.316965979883598,"Normal",44.8185109172907,"Average - typical case load at this point","Wallis And Futuna"
"WLF",6,11,0.475444369846156,57.5555555555556,0.532234442150597,239.555555555556,57.5555555555556,239.555555555556,0.51796859633695,0.109405512005546,2026,NA,2026-11-01,NA,NA,NA,NA,NA,NA,NA,NA,6,"2026/2027","Unobserved",104,168,487,787,NA,487,"Pacific Islands","Wallis And Futuna",0.532234442150597,239.555555555556,47.9173267751532,"Normal","Average - typical case load at this point",-0.412363909501888,"Normal",44.8185109172907,"Average - typical case load at this point","Wallis And Futuna"
"WLF",7,12,0.627641781865005,29.7777777777778,0.547504221622376,269.333333333333,29.7777777777778,269.333333333333,0.600006554460286,0.0820379581233356,2026,NA,2026-12-01,NA,NA,NA,NA,NA,NA,NA,NA,6,"2026/2027","Unobserved",104,168,487,787,NA,487,"Pacific Islands","Wallis And Futuna",0.547504221622376,269.333333333333,44.8185109172907,"Normal","Average - typical case load at this point",-0.453756730814591,"Normal",44.8185109172907,"Average - typical case load at this point","Wallis And Futuna"
"WSM",5,1,0.402220743408019,121.444444444444,0.357323776840264,2255.00000000001,121.444444444444,2255,0.412102177347894,0.0403061542283904,2025,"WHO",2025-01-01,4,4,NA,20,NA,FALSE,"no_lookup_match",NA,9,"2024/2025","Observed",4,4,11927,44368,NA,11927,"Pacific Islands","Samoa",0.357323776840264,2255.00000000001,8.55355944618425,"Low","Below average - fewer cases than typical at this point",-0.596658044714269,"High",85.3591892470489,"Above average - more cases than typical at this point","Samoa"
"WSM",6,2,0.258058943223354,210.444444444445,0.385048799180338,2465.44444444444,210.444444444444,2465.44444444444,0.463296445808604,0.0511942684607099,2025,"WHO",2025-02-01,1,1,NA,19,NA,FALSE,"no_lookup_match",NA,9,"2024/2025","Observed",5,5,11927,44368,NA,11927,"Pacific Islands","Samoa",0.385048799180338,2465.44444444444,7.52918375138171,"Low","Below average - fewer cases than typical at this point",-0.619216211936584,"High",85.3591892470489,"Above average - more cases than typical at this point","Samoa"
"WSM",7,3,0.271999879070844,265.333333333333,0.409753883813237,2730.77777777777,265.333333333333,2730.77777777778,0.528849489372404,0.0655530435637999,2025,"WHO",2025-03-01,0,0,NA,18,NA,FALSE,"no_lookup_match",NA,9,"2024/2025","Observed",5,5,11927,44368,NA,11927,"Pacific Islands","Samoa",0.409753883813237,2730.77777777777,6.24203780583166,"Low","Below average - fewer cases than typical at this point",-0.638900231247225,"High",85.3591892470489,"Above average - more cases than typical at this point","Samoa"
"WSM",8,4,0.397199503583091,480.888888888889,0.439336755300182,3211.66666666667,480.888888888889,3211.66666666667,0.642836955812634,0.11398746644023,2025,"WHO",2025-04-01,40,40,NA,17,NA,FALSE,"no_lookup_match",NA,9,"2024/2025","Observed",45,45,11927,44368,NA,11927,"Pacific Islands","Samoa",0.439336755300182,3211.66666666667,12.1225489637232,"Low","Below average - fewer cases than typical at this point",-0.653493019691535,"High",85.3591892470489,"Above average - more cases than typical at this point","Samoa"
"WSM",9,5,0.397569687593457,352.666666666666,0.471843098701198,3564.33333333334,352.666666666667,3564.33333333333,0.726139661595939,0.0833027057833043,2025,"WHO",2025-05-01,227,227,NA,16,NA,FALSE,"no_lookup_match",NA,9,"2024/2025","Observed",272,272,11927,44368,NA,11927,"Pacific Islands","Samoa",0.471843098701198,3564.33333333334,23.2873164281443,"Low","Below average - fewer cases than typical at this point",-0.63444729014814,"High",85.3591892470489,"Above average - more cases than typical at this point","Samoa"
"WSM",10,6,0.365400553265203,324.222222222222,0.500934948469134,3888.55555555556,324.222222222222,3888.55555555556,0.787247831950897,0.0611081703549587,2025,"WHO",2025-06-01,599,599,NA,15,NA,FALSE,"no_lookup_match",NA,9,"2024/2025","Observed",871,871,11927,44368,NA,11927,"Pacific Islands","Samoa",0.500934948469134,3888.55555555556,36.366041996517,"Normal","Average - typical case load at this point",-0.549198902528771,"High",85.3591892470489,"Above average - more cases than typical at this point","Samoa"
"WSM",11,7,0.272911649267844,903,0.525140733166174,4791.55555555556,903,4791.55555555556,0.895526413898188,0.10827858194729,2025,"WHO",2025-07-01,5131,5131,NA,14,NA,FALSE,"no_lookup_match",NA,9,"2024/2025","Observed",6002,6002,11927,44368,NA,11927,"Pacific Islands","Samoa",0.525140733166174,4791.55555555556,73.4686446409047,"Normal","Average - typical case load at this point",0.183055334441914,"High",85.3591892470489,"Above average - more cases than typical at this point","Samoa"
"WSM",12,8,0.237028661798605,972.777777777777,0.504618495632274,5764.33333333333,972.777777777778,5764.33333333333,1,0.104473586101812,2025,"WHO",2025-08-01,5925,5925,NA,13,NA,FALSE,"no_lookup_match",NA,9,"2024/2025","Observed",11927,11927,11927,44368,NA,11927,"Pacific Islands","Samoa",0.504618495632274,5764.33333333333,84.9842972066545,"High","Above average - more cases than typical at this point",0.75942023468703,"High",85.3591892470489,"Above average - more cases than typical at this point","Samoa"
"WSM",1,9,0.264690776642668,858.111111111112,0.264690776642668,858.111111111112,858.111111111111,858.111111111111,0.116498180612905,0.116498180612905,2025,"WHO",2025-09-01,2410,2410,2410,12,1,TRUE,"applied_mean",NA,9,"2025/2026","Observed",2410,14337,9323,44368,NA,9323,"Pacific Islands","Samoa",0.264690776642668,858.111111111112,89.2154264270281,"High","Above average - more cases than typical at this point",0.930292526494382,"High",85.3591892470489,"Above average - more cases than typical at this point","Samoa"
"WSM",2,10,0.262962976859696,667.111111111111,0.265286108647447,1525.22222222222,667.111111111111,1525.22222222222,0.206019147251069,0.0895209666381647,2025,"WHO",2025-10-01,1528,1528,1528,11,1,TRUE,"applied_mean",NA,9,"2025/2026","Observed",3938,15865,9323,44368,NA,9323,"Pacific Islands","Samoa",0.265286108647447,1525.22222222222,88.1108837439118,"High","Above average - more cases than typical at this point",0.814711204238954,"High",85.3591892470489,"Above average - more cases than typical at this point","Samoa"
"WSM",3,11,0.367676219906232,372.666666666667,0.292236435022632,1897.88888888889,372.666666666667,1897.88888888889,0.295397791652674,0.0893786444016049,2025,"WHO",2025-11-01,485,485,485,10,1,TRUE,"applied_mean",NA,9,"2025/2026","Observed",4423,16350,9323,44368,NA,9323,"Pacific Islands","Samoa",0.292236435022632,1897.88888888889,86.6718722950045,"High","Above average - more cases than typical at this point",0.719189696122236,"High",85.3591892470489,"Above average - more cases than typical at this point","Samoa"
"WSM",4,12,0.413083387247158,235.666666666666,0.312695893685451,2133.55555555555,235.666666666667,2133.55555555556,0.371796023119504,0.0763982314668296,2025,"WHO",2025-12-01,146,146,146,9,1,TRUE,"applied_mean",NA,9,"2025/2026","Observed",4569,16496,9323,44368,NA,9323,"Pacific Islands","Samoa",0.312695893685451,2133.55555555555,85.3591892470489,"High","Above average - more cases than typical at this point",0.638268684969326,"High",85.3591892470489,"Above average - more cases than typical at this point","Samoa"
"WSM",5,1,0.402220743408019,121.444444444444,0.357323776840264,2255.00000000001,121.444444444444,2255,0.412102177347894,0.0403061542283904,2026,"WHO",2026-01-01,348,348,348,8,1,TRUE,"applied_mean",NA,9,"2025/2026","Observed",4917,348,9323,4754,NA,9323,"Pacific Islands","Samoa",0.357323776840264,2255.00000000001,85.6335154480905,"High","Above average - more cases than typical at this point",0.705599162607454,"Low",6.32571672698577,"Below average - fewer cases than typical at this point","Samoa"
"WSM",6,2,0.258058943223354,210.444444444445,0.385048799180338,2465.44444444444,210.444444444444,2465.44444444444,0.463296445808604,0.0511942684607099,2026,"WHO",2026-02-01,958,958,958,7,1,TRUE,"applied_mean",NA,9,"2025/2026","Observed",5875,1306,9323,4754,NA,9323,"Pacific Islands","Samoa",0.385048799180338,2465.44444444444,87.1894861996063,"High","Above average - more cases than typical at this point",0.858077523459449,"Low",6.32571672698577,"Below average - fewer cases than typical at this point","Samoa"
"WSM",7,3,0.271999879070844,265.333333333333,0.409753883813237,2730.77777777777,265.333333333333,2730.77777777778,0.528849489372404,0.0655530435637999,2026,"WHO",2026-03-01,1030,1030,1030,6,1,TRUE,"applied_mean",NA,9,"2025/2026","Observed",6905,2336,9323,4754,NA,9323,"Pacific Islands","Samoa",0.409753883813237,2730.77777777777,88.2914293906036,"High","Above average - more cases than typical at this point",0.978403876059671,"Low",6.32571672698577,"Below average - fewer cases than typical at this point","Samoa"
"WSM",8,4,0.397199503583091,480.888888888889,0.439336755300182,3211.66666666667,480.888888888889,3211.66666666667,0.642836955812634,0.11398746644023,2026,"WHO",2026-04-01,915,915,915,5,1,TRUE,"applied_mean",NA,9,"2025/2026","Observed",7820,3251,9323,4754,NA,9323,"Pacific Islands","Samoa",0.439336755300182,3211.66666666667,87.8000428347426,"High","Above average - more cases than typical at this point",0.95100431549847,"Low",6.32571672698577,"Below average - fewer cases than typical at this point","Samoa"
"WSM",9,5,0.397569687593457,352.666666666666,0.471843098701198,3564.33333333334,352.666666666667,3564.33333333333,0.726139661595939,0.0833027057833043,2026,"WHO",2026-05-01,736,736,736,4,1,TRUE,"applied_mean",NA,9,"2025/2026","Observed",8556,3987,9323,4754,NA,9323,"Pacific Islands","Samoa",0.471843098701198,3564.33333333334,87.7157388359186,"High","Above average - more cases than typical at this point",0.961916388576324,"Low",6.32571672698577,"Below average - fewer cases than typical at this point","Samoa"
"WSM",10,6,0.365400553265203,324.222222222222,0.500934948469134,3888.55555555556,324.222222222222,3888.55555555556,0.787247831950897,0.0611081703549587,2026,"WHO",2026-06-01,526,526,526,3,1,TRUE,"applied_mean",NA,9,"2025/2026","Observed",9082,4513,9323,4754,NA,9323,"Pacific Islands","Samoa",0.500934948469134,3888.55555555556,87.3603916963283,"High","Above average - more cases than typical at this point",0.945213414209341,"Low",6.32571672698577,"Below average - fewer cases than typical at this point","Samoa"
"WSM",11,7,0.272911649267844,903,0.525140733166174,4791.55555555556,903,4791.55555555556,0.895526413898188,0.10827858194729,2026,"WHO",2026-07-01,200,167,200,2,1.2,TRUE,"applied_mean",NA,9,"2025/2026","Observed",9282,4713,9323,4754,NA,9323,"Pacific Islands","Samoa",0.525140733166174,4791.55555555556,83.6554853388195,"High","Above average - more cases than typical at this point",0.67908924969116,"Low",6.32571672698577,"Below average - fewer cases than typical at this point","Samoa"
"WSM",12,8,0.237028661798605,972.777777777777,0.504618495632274,5764.33333333333,972.777777777778,5764.33333333333,1,0.104473586101812,2026,"WHO",2026-08-01,41,41,NA,1,NA,FALSE,"insufficient_n_rf",NA,9,"2025/2026","Observed",9323,4754,9323,4754,NA,9323,"Pacific Islands","Samoa",0.504618495632274,5764.33333333333,79.6442187372404,"High","Above average - more cases than typical at this point",0.438531502894782,"Low",6.32571672698577,"Below average - fewer cases than typical at this point","Samoa"
"WSM",1,9,0.264690776642668,858.111111111112,0.264690776642668,858.111111111112,858.111111111111,858.111111111111,0.116498180612905,0.116498180612905,2026,NA,2026-09-01,NA,NA,NA,NA,NA,NA,NA,NA,9,"2026/2027","Unobserved",0,4754,NA,4754,NA,NA,"Pacific Islands","Samoa",0.264690776642668,858.111111111112,11.7675735086563,"Low","Below average - fewer cases than typical at this point",-0.514401745694575,"Low",6.32571672698577,"Below average - fewer cases than typical at this point","Samoa"
"WSM",2,10,0.262962976859696,667.111111111111,0.265286108647447,1525.22222222222,667.111111111111,1525.22222222222,0.206019147251069,0.0895209666381647,2026,NA,2026-10-01,NA,NA,NA,NA,NA,NA,NA,NA,9,"2026/2027","Unobserved",0,4754,NA,4754,NA,NA,"Pacific Islands","Samoa",0.265286108647447,1525.22222222222,10.0601711714459,"Low","Below average - fewer cases than typical at this point",-0.515014538364638,"Low",6.32571672698577,"Below average - fewer cases than typical at this point","Samoa"
"WSM",3,11,0.367676219906232,372.666666666667,0.292236435022632,1897.88888888889,372.666666666667,1897.88888888889,0.295397791652674,0.0893786444016049,2026,NA,2026-11-01,NA,NA,NA,NA,NA,NA,NA,NA,9,"2026/2027","Unobserved",0,4754,NA,4754,NA,NA,"Pacific Islands","Samoa",0.292236435022632,1897.88888888889,7.68808907666776,"Low","Below average - fewer cases than typical at this point",-0.540547355428314,"Low",6.32571672698577,"Below average - fewer cases than typical at this point","Samoa"
"WSM",4,12,0.413083387247158,235.666666666666,0.312695893685451,2133.55555555555,235.666666666667,2133.55555555556,0.371796023119504,0.0763982314668296,2026,NA,2026-12-01,NA,NA,NA,NA,NA,NA,NA,NA,9,"2026/2027","Unobserved",0,4754,NA,4754,NA,NA,"Pacific Islands","Samoa",0.312695893685451,2133.55555555555,6.32571672698577,"Low","Below average - fewer cases than typical at this point",-0.559151206203795,"Low",6.32571672698577,"Below average - fewer cases than typical at this point","Samoa"
